{
  "gesture_id": 6,
  "gesture_name": "press_twice",
  "timestamp": "2025-12-23T16:06:50.727806",
  "sample_rate": 50,
  "duration": 3.0,
  "distances": [
    49.78618621826172,
    50.346362590789795,
    49.97836351394653,
    49.982452392578125,
    49.97836351394653,
    50.3422737121582,
    49.61036443710327,
    52.88146734237671,
    49.78209733963013,
    49.81480836868286,
    46.6050386428833,
    44.34388875961304,
    42.73695945739746,
    43.78780126571655,
    40.173232555389404,
    37.883460521698,
    36.75084114074707,
    52.0391583442688,
    53.08182239532471,
    31.324899196624756,
    30.249524116516113,
    29.730236530303955,
    28.953349590301514,
    27.75939702987671,
    25.408291816711426,
    24.565982818603516,
    23.71140718460083,
    22.55425453186035,
    22.198522090911865,
    20.55070400238037,
    20.264482498168945,
    19.602084159851074,
    18.694353103637695,
    18.95604133605957,
    17.04244613647461,
    16.42911434173584,
    17.058801651000977,
    16.38004779815674,
    15.754449367523193,
    13.99623155593872,
    13.673210144042969,
    12.642812728881836,
    12.67552375793457,
    13.69774341583252,
    13.648676872253418,
    12.687790393829346,
    13.701832294464111,
    14.049386978149414,
    15.014362335205078,
    16.416847705841064,
    17.70484447479248,
    18.628931045532227,
    21.532034873962402,
    22.173988819122314,
    23.36794137954712,
    29.42357063293457,
    27.186954021453857,
    29.71796989440918,
    32.33485221862793,
    33.68418216705322,
    34.92720127105713,
    36.22337579727173,
    38.537681102752686,
    54.02635335922241,
    44.568777084350586,
    43.38709115982056,
    43.951356410980225,
    44.75686550140381,
    46.81357145309448,
    47.21428155899048,
    48.01161289215088,
    49.63080883026123,
    56.00537061691284,
    50.17462968826294,
    50.141918659210205,
    50.66120624542236,
    50.50173997879028,
    49.81071949005127,
    49.6471643447876,
    49.43045377731323,
    46.60912752151489,
    44.15171146392822,
    42.48753786087036,
    39.976966381073,
    37.40506172180176,
    36.72221899032593,
    44.78957653045654,
    33.43476057052612,
    31.852364540100098,
    30.282235145568848,
    28.340017795562744,
    26.87619924545288,
    26.02980136871338,
    23.809540271759033,
    23.71140718460083,
    21.895945072174072,
    19.602084159851074,
    18.620753288269043,
    18.97648572921753,
    18.334531784057617,
    16.731691360473633,
    16.40866994857788,
    16.057026386260986,
    16.416847705841064,
    15.778982639312744,
    16.412758827209473,
    16.486358642578125,
    14.037120342254639,
    16.081559658050537,
    14.376497268676758,
    15.398716926574707,
    15.402805805206299,
    16.097915172576904,
    16.40458106994629,
    16.11427068710327,
    16.392314434051514,
    17.70484447479248,
    19.67977285385132,
    22.840476036071777,
    24.516916275024414,
    23.695051670074463,
    30.008280277252197,
    27.747130393981934,
    28.92063856124878,
    30.03690242767334,
    31.055033206939697,
    33.438849449157715,
    37.64221668243408,
    36.25608682632446,
    36.72221899032593,
    37.62177228927612,
    38.57448101043701,
    39.05287981033325,
    39.93198871612549,
    42.02958345413208,
    43.763267993927,
    42.77784824371338,
    43.55064630508423,
    44.814109802246094,
    45.00628709793091,
    47.01392650604248,
    49.802541732788086,
    48.436856269836426,
    47.82761335372925,
    49.81889724731445,
    51.3890266418457,
    50.505828857421875,
    49.822986125946045,
    50.824761390686035,
    51.372671127319336
  ],
  "timestamps": [
    0.010365724563598633,
    0.04095888137817383,
    0.07148027420043945,
    0.10197687149047852,
    0.13247060775756836,
    0.16297221183776855,
    0.19341516494750977,
    0.2240457534790039,
    0.25450658798217773,
    0.28496694564819336,
    0.3152353763580322,
    0.34537816047668457,
    0.37542223930358887,
    0.4055213928222656,
    0.4354240894317627,
    0.46529221534729004,
    0.4950242042541504,
    0.5256261825561523,
    0.5562498569488525,
    0.585627555847168,
    0.614922285079956,
    0.6442039012908936,
    0.6734497547149658,
    0.7026114463806152,
    0.7316405773162842,
    0.7606306076049805,
    0.789588451385498,
    0.8184719085693359,
    0.8473341464996338,
    0.8760623931884766,
    0.9048106670379639,
    0.9335231781005859,
    0.9621782302856445,
    0.9908459186553955,
    1.019406795501709,
    1.0479257106781006,
    1.0764820575714111,
    1.1050004959106445,
    1.1334843635559082,
    1.1618626117706299,
    1.1902129650115967,
    1.2184927463531494,
    1.2467763423919678,
    1.2751827239990234,
    1.303553581237793,
    1.3318748474121094,
    1.3602430820465088,
    1.3886306285858154,
    1.4170737266540527,
    1.4456660747528076,
    1.4744200706481934,
    1.5030996799468994,
    1.5319149494171143,
    1.5607593059539795,
    1.5896852016448975,
    1.6189773082733154,
    1.6481304168701172,
    1.6774256229400635,
    1.7068641185760498,
    1.7363734245300293,
    1.7659571170806885,
    1.795623540878296,
    1.8254177570343018,
    1.8561103343963623,
    1.8862764835357666,
    1.9163498878479004,
    1.946458339691162,
    1.976609706878662,
    2.006882905960083,
    2.037179708480835,
    2.0675203800201416,
    2.097975015640259,
    2.1287825107574463,
    2.1592512130737305,
    2.18971848487854,
    2.22021222114563,
    2.2507197856903076,
    2.281179428100586,
    2.311624050140381,
    2.342057943344116,
    2.372328042984009,
    2.402451276779175,
    2.432471752166748,
    2.4623754024505615,
    2.492178440093994,
    2.521897315979004,
    2.5520708560943604,
    2.5815770626068115,
    2.6109683513641357,
    2.640284776687622,
    2.6694881916046143,
    2.6985833644866943,
    2.7276556491851807,
    2.7566123008728027,
    2.785529136657715,
    2.81434965133667,
    2.84310245513916,
    2.8717563152313232,
    2.9004321098327637,
    2.929104804992676,
    2.9576258659362793,
    2.986137866973877,
    3.0146281719207764,
    3.043135166168213,
    3.071605682373047,
    3.1001107692718506,
    3.1286227703094482,
    3.157014846801758,
    3.1855297088623047,
    3.2139430046081543,
    3.2424137592315674,
    3.2708733081817627,
    3.2993648052215576,
    3.327881097793579,
    3.3564083576202393,
    3.384981632232666,
    3.413571357727051,
    3.4423372745513916,
    3.471432685852051,
    3.5004844665527344,
    3.529475688934326,
    3.558825731277466,
    3.588007926940918,
    3.6172726154327393,
    3.646596908569336,
    3.6759681701660156,
    3.705472230911255,
    3.7352354526519775,
    3.764914035797119,
    3.7946226596832275,
    3.8243696689605713,
    3.8541829586029053,
    3.884040355682373,
    3.913940906524658,
    3.943962335586548,
    3.9740920066833496,
    4.004156112670898,
    4.034264087677002,
    4.064443349838257,
    4.094653129577637,
    4.124964952468872,
    4.15543270111084,
    4.185842275619507,
    4.216195106506348,
    4.2466607093811035,
    4.2772252559661865,
    4.307738304138184,
    4.338209867477417,
    4.368762731552124,
    4.399340867996216
  ]
}