{
  "gesture_id": 6,
  "gesture_name": "press_twice",
  "timestamp": "2025-12-23T16:11:17.490574",
  "sample_rate": 50,
  "duration": 3.0,
  "distances": [
    54.95043992996216,
    54.52519655227661,
    53.552043437957764,
    52.88964509963989,
    52.03506946563721,
    51.67524814605713,
    50.460851192474365,
    49.594008922576904,
    48.58814477920532,
    48.391878604888916,
    49.63489770889282,
    45.37019729614258,
    43.98815631866455,
    42.69607067108154,
    41.109585762023926,
    39.00381326675415,
    38.81981372833252,
    36.010754108428955,
    34.97626781463623,
    33.892714977264404,
    31.807386875152588,
    31.01414442062378,
    29.51352596282959,
    30.282235145568848,
    29.705703258514404,
    26.880288124084473,
    22.488832473754883,
    21.217191219329834,
    19.974172115325928,
    19.61843967437744,
    18.011510372161865,
    16.106092929840088,
    15.742182731628418,
    17.026090621948242,
    16.06520414352417,
    13.69774341583252,
    13.321566581726074,
    13.350188732147217,
    14.024853706359863,
    15.386450290679932,
    14.392852783203125,
    17.054712772369385,
    16.371870040893555,
    17.733466625213623,
    19.671595096588135,
    22.198522090911865,
    26.271045207977295,
    24.537360668182373,
    25.698602199554443,
    28.622150421142578,
    50.10102987289429,
    40.41038751602173,
    33.6473822593689,
    34.440624713897705,
    36.00666522979736,
    36.239731311798096,
    38.56630325317383,
    40.89696407318115,
    41.34674072265625,
    42.73287057876587,
    44.53606605529785,
    45.80361843109131,
    45.96717357635498,
    46.98939323425293,
    49.21783208847046,
    49.19329881668091,
    49.982452392578125,
    49.95383024215698,
    51.18458271026611,
    50.98013877868652,
    50.440406799316406,
    50.31365156173706,
    51.02102756500244,
    48.62085580825806,
    47.39828109741211,
    49.802541732788086,
    44.75277662277222,
    40.85198640823364,
    38.787102699279785,
    37.879371643066406,
    34.440624713897705,
    32.8991174697876,
    30.53574562072754,
    30.253612995147705,
    27.44046449661255,
    29.746592044830322,
    24.516916275024414,
    22.836387157440186,
    23.969006538391113,
    19.585728645324707,
    49.434542655944824,
    38.09199333190918,
    53.711509704589844,
    43.1662917137146,
    16.093826293945312,
    36.00666522979736,
    17.651689052581787,
    17.06289052963257,
    37.34372854232788,
    17.696666717529297,
    17.33684539794922,
    16.764402389526367,
    17.038357257843018,
    16.674447059631348,
    49.94156360626221,
    23.388385772705078,
    51.68342590332031,
    22.77505397796631,
    21.25399112701416,
    23.359763622283936,
    50.48947334289551,
    24.00580644607544,
    30.274057388305664,
    29.497170448303223,
    29.186415672302246,
    30.257701873779297,
    33.13627243041992,
    36.42781972885132,
    36.26426458358765,
    36.97572946548462,
    37.15972900390625,
    39.47403430938721,
    40.901052951812744,
    41.36718511581421,
    42.98229217529297,
    43.75917911529541,
    44.74459886550903,
    46.35970592498779,
    46.98530435562134,
    48.37961196899414,
    49.78209733963013,
    49.7943639755249,
    50.15418529510498,
    56.07079267501831,
    52.349913120269775,
    52.370357513427734,
    54.37799692153931,
    53.899598121643066,
    53.71968746185303,
    53.02457809448242,
    53.56431007385254,
    53.1840443611145,
    53.20857763290405,
    53.24128866195679,
    53.20448875427246,
    53.19631099700928,
    53.56022119522095,
    53.56022119522095,
    53.01640033721924,
    53.07364463806152
  ],
  "timestamps": [
    0.01062464714050293,
    0.04150247573852539,
    0.0721890926361084,
    0.10284972190856934,
    0.13346147537231445,
    0.16404414176940918,
    0.19453883171081543,
    0.22497963905334473,
    0.25536441802978516,
    0.2857382297515869,
    0.31618595123291016,
    0.34638047218322754,
    0.3764958381652832,
    0.40653157234191895,
    0.4364817142486572,
    0.4663069248199463,
    0.49611711502075195,
    0.5257613658905029,
    0.5553438663482666,
    0.5848748683929443,
    0.6142747402191162,
    0.6436300277709961,
    0.6729023456573486,
    0.7022359371185303,
    0.7316081523895264,
    0.7609274387359619,
    0.7898340225219727,
    0.8186442852020264,
    0.8473622798919678,
    0.8761100769042969,
    0.904735803604126,
    0.9332456588745117,
    0.9617364406585693,
    0.990288257598877,
    1.0187740325927734,
    1.047121286392212,
    1.0754437446594238,
    1.1037795543670654,
    1.13216233253479,
    1.1606254577636719,
    1.189180612564087,
    1.2177562713623047,
    1.2462654113769531,
    1.274843692779541,
    1.3036017417907715,
    1.3324716091156006,
    1.3615715503692627,
    1.3905696868896484,
    1.4196422100067139,
    1.4488661289215088,
    1.4793407917022705,
    1.5092453956604004,
    1.5387747287750244,
    1.5683305263519287,
    1.5979745388031006,
    1.6276445388793945,
    1.6574609279632568,
    1.6874115467071533,
    1.7174758911132812,
    1.7476248741149902,
    1.7778429985046387,
    1.8081910610198975,
    1.8385090827941895,
    1.8688247203826904,
    1.8992581367492676,
    1.9296996593475342,
    1.9601619243621826,
    1.990624189376831,
    2.021160125732422,
    2.0516812801361084,
    2.082148790359497,
    2.1126270294189453,
    2.1431455612182617,
    2.173506021499634,
    2.203817844390869,
    2.2342453002929688,
    2.264402151107788,
    2.2943344116210938,
    2.3241310119628906,
    2.3538849353790283,
    2.3834381103515625,
    2.4128830432891846,
    2.4422075748443604,
    2.4714999198913574,
    2.50064754486084,
    2.5299272537231445,
    2.5589113235473633,
    2.5878000259399414,
    2.6167638301849365,
    2.6454899311065674,
    2.6759307384490967,
    2.7056832313537598,
    2.73641300201416,
    2.766558885574341,
    2.7950518131256104,
    2.8247103691101074,
    2.853302478790283,
    2.881861448287964,
    2.9116106033325195,
    2.9401912689208984,
    2.9687681198120117,
    2.9973855018615723,
    3.0259456634521484,
    3.054485321044922,
    3.0849416255950928,
    3.113867998123169,
    3.1444435119628906,
    3.173340082168579,
    3.2021398544311523,
    3.231032609939575,
    3.26151967048645,
    3.2904622554779053,
    3.31984543800354,
    3.3491098880767822,
    3.3783960342407227,
    3.4077188968658447,
    3.4372174739837646,
    3.4669153690338135,
    3.4965872764587402,
    3.5262904167175293,
    3.5559985637664795,
    3.585845947265625,
    3.615769863128662,
    3.6457228660583496,
    3.675771474838257,
    3.7058465480804443,
    3.7360780239105225,
    3.7664127349853516,
    3.7967748641967773,
    3.8271737098693848,
    3.857632637023926,
    3.8880832195281982,
    3.9185540676116943,
    3.949378252029419,
    3.9799790382385254,
    4.010594129562378,
    4.0413124561309814,
    4.071999788284302,
    4.102677822113037,
    4.133301019668579,
    4.163954257965088,
    4.194579124450684,
    4.225219249725342,
    4.255864381790161,
    4.286512851715088,
    4.317180395126343,
    4.3478474617004395,
    4.378509521484375,
    4.409146547317505,
    4.439780950546265
  ]
}