{
  "gesture_id": 6,
  "gesture_name": "press_twice",
  "timestamp": "2025-12-24T14:59:53.771853",
  "sample_rate": 50,
  "duration": 3.0,
  "distances": [
    56.84359073638916,
    56.720924377441406,
    56.52056932449341,
    56.9744348526001,
    56.65550231933594,
    55.70279359817505,
    55.86225986480713,
    55.670082569122314,
    56.82723522186279,
    55.55150508880615,
    53.93639802932739,
    49.82707500457764,
    49.45498704910278,
    47.44734764099121,
    45.83632946014404,
    43.795979022979736,
    42.070472240448,
    41.63705110549927,
    39.54763412475586,
    38.6317253112793,
    54.79506254196167,
    52.06369161605835,
    36.74266338348389,
    37.674927711486816,
    30.278146266937256,
    28.07832956314087,
    26.037979125976562,
    24.545538425445557,
    22.815942764282227,
    20.59159278869629,
    19.602084159851074,
    18.72706413269043,
    16.420936584472656,
    16.416847705841064,
    15.079784393310547,
    11.984503269195557,
    11.661481857299805,
    9.935975074768066,
    9.208154678344727,
    7.2373151779174805,
    7.241404056549072,
    9.960508346557617,
    6.906116008758545,
    6.276428699493408,
    5.9493184089660645,
    5.969762802124023,
    7.5194478034973145,
    7.253670692443848,
    9.220421314239502,
    9.596598148345947,
    10.94592809677124,
    13.362455368041992,
    15.439605712890625,
    16.690802574157715,
    18.350887298583984,
    21.564745903015137,
    21.22945785522461,
    23.956739902496338,
    26.904821395874023,
    28.936994075775146,
    30.821967124938965,
    31.9014310836792,
    34.22800302505493,
    37.25377321243286,
    38.877058029174805,
    39.98923301696777,
    41.62478446960449,
    45.19846439361572,
    47.17339277267456,
    47.6517915725708,
    47.83579111099243,
    50.50991773605347,
    56.68412446975708,
    51.577115058898926,
    52.61569023132324,
    52.74244546890259,
    54.1326642036438,
    54.48430776596069,
    54.831862449645996,
    56.68821334838867,
    55.81319332122803,
    56.52874708175659,
    55.85817098617554,
    54.12039756774902,
    53.31488847732544,
    51.72431468963623,
    51.372671127319336,
    49.4958758354187,
    47.635436058044434,
    47.430992126464844,
    46.82992696762085,
    44.03722286224365,
    40.93785285949707,
    37.466394901275635,
    36.01484298706055,
    32.122230529785156,
    28.687572479248047,
    27.23602056503296,
    25.747668743133545,
    30.01236915588379,
    22.20669984817505,
    20.27266025543213,
    19.31995153427124,
    56.70047998428345,
    17.071068286895752,
    17.099690437316895,
    13.701832294464111,
    10.94592809677124,
    11.346638202667236,
    8.901488780975342,
    9.94415283203125,
    7.556247711181641,
    56.606435775756836,
    8.210468292236328,
    7.21278190612793,
    17.06289052963257,
    12.3116135597229,
    17.075157165527344,
    16.731691360473633,
    18.00333261489868,
    16.776669025421143,
    19.287240505218506,
    20.939147472381592,
    23.96082878112793,
    28.384995460510254,
    29.501259326934814,
    31.361699104309082,
    34.714579582214355,
    36.77128553390503,
    41.16274118423462,
    42.57340431213379,
    42.062294483184814,
    42.78602600097656,
    43.80006790161133,
    45.64006328582764,
    46.44148349761963,
    47.659969329833984,
    49.82707500457764,
    50.17462968826294,
    51.916491985321045,
    52.76288986206055,
    55.032217502593994,
    55.33888339996338,
    56.54510259628296,
    58.0702543258667,
    59.18651819229126,
    60.34775972366333,
    59.93478298187256,
    60.49904823303223,
    58.37283134460449
  ],
  "timestamps": [
    0.010771989822387695,
    0.041727304458618164,
    0.07262015342712402,
    0.10352253913879395,
    0.13441228866577148,
    0.16522765159606934,
    0.19603323936462402,
    0.22683000564575195,
    0.2577383518218994,
    0.2885932922363281,
    0.31929755210876465,
    0.3497626781463623,
    0.3801894187927246,
    0.4104893207550049,
    0.4406919479370117,
    0.4707784652709961,
    0.5007829666137695,
    0.5307602882385254,
    0.5606110095977783,
    0.5904138088226318,
    0.6211535930633545,
    0.6517345905303955,
    0.6814217567443848,
    0.7111620903015137,
    0.7404708862304688,
    0.7698156833648682,
    0.7989263534545898,
    0.8279087543487549,
    0.8567872047424316,
    0.8855435848236084,
    0.9142580032348633,
    0.9429121017456055,
    0.9714410305023193,
    0.9999511241912842,
    1.0283832550048828,
    1.0566298961639404,
    1.0849225521087646,
    1.1130828857421875,
    1.1412153244018555,
    1.169205904006958,
    1.1971960067749023,
    1.2253408432006836,
    1.2533302307128906,
    1.2813448905944824,
    1.3093209266662598,
    1.33732271194458,
    1.365356683731079,
    1.3933610916137695,
    1.4214680194854736,
    1.449594497680664,
    1.4778215885162354,
    1.5062193870544434,
    1.5346934795379639,
    1.5632500648498535,
    1.5918920040130615,
    1.620720386505127,
    1.6495251655578613,
    1.6784977912902832,
    1.7076363563537598,
    1.7368791103363037,
    1.7662217617034912,
    1.7956278324127197,
    1.8251752853393555,
    1.8549139499664307,
    1.88474702835083,
    1.914649486541748,
    1.9446401596069336,
    1.9748239517211914,
    2.005110025405884,
    2.035400629043579,
    2.0657451152801514,
    2.096245288848877,
    2.127105712890625,
    2.1576626300811768,
    2.188288688659668,
    2.2189252376556396,
    2.249687433242798,
    2.280494451522827,
    2.3112587928771973,
    2.342153549194336,
    2.372969388961792,
    2.4038262367248535,
    2.4346699714660645,
    2.4653799533843994,
    2.496035099029541,
    2.526599645614624,
    2.5571208000183105,
    2.5875515937805176,
    2.6178483963012695,
    2.6481571197509766,
    2.678417205810547,
    2.7085366249084473,
    2.7384965419769287,
    2.768214464187622,
    2.797863245010376,
    2.827281951904297,
    2.8564820289611816,
    2.8856165409088135,
    2.9146647453308105,
    2.9439966678619385,
    2.9728662967681885,
    3.001622438430786,
    3.030322790145874,
    3.06119441986084,
    3.0897514820098877,
    3.1182990074157715,
    3.1466853618621826,
    3.174879550933838,
    3.2031192779541016,
    3.2311859130859375,
    3.2593867778778076,
    3.2874763011932373,
    3.3183810710906982,
    3.3464202880859375,
    3.374467134475708,
    3.4030137062072754,
    3.431264638900757,
    3.459821939468384,
    3.488372802734375,
    3.51699161529541,
    3.545539379119873,
    3.574230194091797,
    3.6030032634735107,
    3.631930112838745,
    3.661147356033325,
    3.6904385089874268,
    3.719820261001587,
    3.749418020248413,
    3.7791731357574463,
    3.8091249465942383,
    3.839172124862671,
    3.869171619415283,
    3.8992111682891846,
    3.9293100833892822,
    3.9595165252685547,
    3.989781379699707,
    4.020108938217163,
    4.050566911697388,
    4.0810465812683105,
    4.111616611480713,
    4.142378091812134,
    4.17317271232605,
    4.20395565032959,
    4.234809637069702,
    4.265852451324463,
    4.2968926429748535,
    4.327971696853638,
    4.3590052127838135,
    4.390095233917236,
    4.421054363250732
  ]
}