{
  "gesture_id": 6,
  "gesture_name": "press_twice",
  "timestamp": "2025-12-24T15:03:15.776793",
  "sample_rate": 50,
  "duration": 3.0,
  "distances": [
    65.13174772262573,
    65.56516885757446,
    65.39343595504761,
    64.84143733978271,
    65.98223447799683,
    63.451218605041504,
    63.884639739990234,
    63.82739543914795,
    61.61940097808838,
    59.472739696502686,
    59.3173623085022,
    56.48376941680908,
    56.61052465438843,
    55.24483919143677,
    52.713823318481445,
    50.46902894973755,
    49.43045377731323,
    47.41872549057007,
    44.96948719024658,
    41.62478446960449,
    39.03243541717529,
    36.95119619369507,
    35.48328876495361,
    33.70053768157959,
    31.30854368209839,
    30.045080184936523,
    26.912999153137207,
    25.743579864501953,
    23.695051670074463,
    21.87141180038452,
    18.52262020111084,
    17.058801651000977,
    15.754449367523193,
    15.390539169311523,
    13.018989562988281,
    10.9663724899292,
    9.915530681610107,
    10.655617713928223,
    8.570289611816406,
    9.596598148345947,
    9.253132343292236,
    10.610640048980713,
    13.734543323516846,
    17.0465350151062,
    16.371870040893555,
    17.369556427001953,
    19.303596019744873,
    22.218966484069824,
    26.610422134399414,
    29.746592044830322,
    31.29218816757202,
    34.191203117370605,
    36.52186393737793,
    38.353681564331055,
    40.66798686981201,
    44.180333614349365,
    46.8053936958313,
    48.60450029373169,
    50.824761390686035,
    54.28804159164429,
    54.79097366333008,
    56.332480907440186,
    57.36287832260132,
    58.29514265060425,
    59.60358381271362,
    61.132824420928955,
    62.3063325881958,
    61.87700033187866,
    61.427223682403564,
    61.57851219177246,
    59.04749631881714,
    59.02705192565918,
    56.30385875701904,
    53.944575786590576,
    52.54617929458618,
    49.798452854156494,
    48.22014570236206,
    44.39704418182373,
    42.77784824371338,
    40.18141031265259,
    36.714041233062744,
    34.71866846084595,
    32.62925148010254,
    29.730236530303955,
    29.231393337249756,
    25.432825088500977,
    23.09807538986206,
    20.57114839553833,
    19.925105571746826,
    16.735780239105225,
    16.420936584472656,
    16.40458106994629,
    14.711785316467285,
    12.659168243408203,
    10.622906684875488,
    10.594284534454346,
    10.230374336242676,
    10.958194732666016,
    9.94415283203125,
    10.258996486663818,
    10.590195655822754,
    10.647439956665039,
    12.986278533935547,
    15.783071517944336,
    16.72351360321045,
    19.02146339416504,
    49.9456524848938,
    23.96082878112793,
    27.5140643119812,
    30.028724670410156,
    32.10996389389038,
    38.11243772506714,
    37.854838371276855,
    57.03167915344238,
    42.49980449676514,
    42.53251552581787,
    44.00860071182251,
    45.80361843109131,
    48.800766468048096,
    49.92929697036743,
    50.65711736679077,
    52.190446853637695,
    54.27168607711792,
    56.626880168914795,
    57.21158981323242,
    58.1683874130249,
    60.56855916976929,
    62.42082118988037,
    63.545262813568115,
    64.01139497756958,
    70.09155750274658,
    65.5488133430481,
    65.52836894989014,
    69.686758518219,
    66.51787757873535,
    67.10258722305298,
    66.6896104812622,
    68.41920614242554,
    69.085693359375,
    66.73049926757812,
    67.10258722305298,
    67.67094135284424,
    66.93494319915771,
    66.55467748641968,
    66.96765422821045,
    65.5488133430481,
    66.6405439376831,
    65.81050157546997,
    66.10081195831299,
    65.65103530883789
  ],
  "timestamps": [
    0.011264324188232422,
    0.04279375076293945,
    0.0742332935333252,
    0.10560083389282227,
    0.1370086669921875,
    0.16826343536376953,
    0.1995553970336914,
    0.23082995414733887,
    0.26196956634521484,
    0.2930264472961426,
    0.32420969009399414,
    0.3550710678100586,
    0.385911226272583,
    0.4166867733001709,
    0.44733166694641113,
    0.47782278060913086,
    0.508272647857666,
    0.5385899543762207,
    0.5687556266784668,
    0.5987272262573242,
    0.6285555362701416,
    0.6582808494567871,
    0.6878950595855713,
    0.7173998355865479,
    0.746779203414917,
    0.776076078414917,
    0.805192232131958,
    0.8342533111572266,
    0.8631782531738281,
    0.8920009136199951,
    0.9206409454345703,
    0.9492053985595703,
    0.9776945114135742,
    1.0061578750610352,
    1.034480333328247,
    1.062683343887329,
    1.0908243656158447,
    1.1190078258514404,
    1.1470692157745361,
    1.1752314567565918,
    1.2033843994140625,
    1.2315924167633057,
    1.259960651397705,
    1.2885346412658691,
    1.3172099590301514,
    1.3458442687988281,
    1.3745484352111816,
    1.4034113883972168,
    1.4325237274169922,
    1.4618101119995117,
    1.4911830425262451,
    1.520723581314087,
    1.5504040718078613,
    1.5801887512207031,
    1.6101055145263672,
    1.6402268409729004,
    1.6705012321472168,
    1.7008819580078125,
    1.731388807296753,
    1.7621164321899414,
    1.7928569316864014,
    1.8236846923828125,
    1.8545787334442139,
    1.8855223655700684,
    1.916543960571289,
    1.9476885795593262,
    1.9788649082183838,
    2.0100185871124268,
    2.041144609451294,
    2.072270393371582,
    2.1032440662384033,
    2.1342132091522217,
    2.1650378704071045,
    2.1957318782806396,
    2.2263455390930176,
    2.256791591644287,
    2.2871649265289307,
    2.317411184310913,
    2.3475193977355957,
    2.3775711059570312,
    2.4072961807250977,
    2.4368932247161865,
    2.4663407802581787,
    2.4956212043762207,
    2.524869441986084,
    2.553901195526123,
    2.582803249359131,
    2.6115458011627197,
    2.6402530670166016,
    2.668794631958008,
    2.6973206996917725,
    2.7258410453796387,
    2.7542643547058105,
    2.782565116882324,
    2.810749053955078,
    2.8389341831207275,
    2.8670995235443115,
    2.895303249359131,
    2.9234631061553955,
    2.9516193866729736,
    2.9797985553741455,
    3.0079803466796875,
    3.0363001823425293,
    3.064798593521118,
    3.0933401584625244,
    3.12201189994812,
    3.152486801147461,
    3.1814370155334473,
    3.2105889320373535,
    3.2398834228515625,
    3.269343137741089,
    3.2991857528686523,
    3.3290393352508545,
    3.3601789474487305,
    3.3903391361236572,
    3.420393943786621,
    3.4505183696746826,
    3.480734348297119,
    3.5111312866210938,
    3.5415866374969482,
    3.572082996368408,
    3.6026804447174072,
    3.6334009170532227,
    3.6642470359802246,
    3.6951277256011963,
    3.7260613441467285,
    3.757138252258301,
    3.788318157196045,
    3.819579601287842,
    3.850862979888916,
    3.882493495941162,
    3.913857936859131,
    3.945222854614258,
    3.9768271446228027,
    4.008245944976807,
    4.039684295654297,
    4.0710999965667725,
    4.102619647979736,
    4.134193181991577,
    4.165623426437378,
    4.197081804275513,
    4.228561878204346,
    4.2600250244140625,
    4.291476249694824,
    4.323028326034546,
    4.354440450668335,
    4.385883331298828,
    4.417272090911865,
    4.448702573776245,
    4.480082750320435
  ]
}