{
  "gesture_id": 6,
  "gesture_name": "press_twice",
  "timestamp": "2025-12-23T16:06:27.565484",
  "sample_rate": 50,
  "duration": 3.0,
  "distances": [
    49.72485303878784,
    49.77391958236694,
    49.73711967468262,
    49.76165294647217,
    49.76165294647217,
    50.12965202331543,
    49.56947565078735,
    49.7943639755249,
    49.92520809173584,
    48.58814477920532,
    48.4000563621521,
    47.2020149230957,
    46.37197256088257,
    44.96539831161499,
    44.73233222961426,
    43.17446947097778,
    44.17215585708618,
    41.13820791244507,
    40.173232555389404,
    38.059282302856445,
    36.45644187927246,
    37.39279508590698,
    35.99439859390259,
    35.92897653579712,
    49.757564067840576,
    36.23155355453491,
    32.326674461364746,
    31.06321096420288,
    30.257701873779297,
    29.73841428756714,
    50.28502941131592,
    29.48899269104004,
    26.84757709503174,
    26.046156883239746,
    25.158870220184326,
    24.263405799865723,
    49.438631534576416,
    23.0776309967041,
    21.564745903015137,
    19.597995281219482,
    18.06466579437256,
    17.676222324371338,
    17.06697940826416,
    16.38004779815674,
    16.743957996368408,
    17.04244613647461,
    15.787160396575928,
    17.0465350151062,
    16.6989803314209,
    15.758538246154785,
    16.08973741531372,
    17.054712772369385,
    18.698441982269287,
    19.949638843536377,
    22.214877605438232,
    23.089897632598877,
    24.565982818603516,
    28.63032817840576,
    28.041529655456543,
    29.476726055145264,
    30.543923377990723,
    32.506585121154785,
    36.01484298706055,
    36.47279739379883,
    38.3823037147522,
    38.562214374542236,
    41.16683006286621,
    40.64754247665405,
    41.11367464065552,
    43.57517957687378,
    44.20895576477051,
    44.20895576477051,
    44.61784362792969,
    45.795440673828125,
    46.40059471130371,
    47.41463661193848,
    48.23650121688843,
    48.841655254364014,
    48.228323459625244,
    47.21019268035889,
    46.8053936958313,
    45.76681852340698,
    44.19260025024414,
    43.268513679504395,
    42.52842664718628,
    40.925586223602295,
    38.84025812149048,
    41.105496883392334,
    36.2887978553772,
    35.4914665222168,
    36.68133020401001,
    31.28809928894043,
    29.480814933776855,
    50.3422737121582,
    26.614511013031006,
    25.162959098815918,
    50.13374090194702,
    24.308383464813232,
    25.432825088500977,
    21.86732292175293,
    20.93505859375,
    20.30128240585327,
    18.01968812942505,
    16.72351360321045,
    16.057026386260986,
    16.715335845947266,
    16.72760248184204,
    18.060576915740967,
    16.371870040893555,
    16.093826293945312,
    15.435516834259033,
    15.104317665100098,
    15.410983562469482,
    17.04244613647461,
    17.034268379211426,
    17.97879934310913,
    18.97648572921753,
    20.62021493911743,
    22.79958724975586,
    25.404202938079834,
    25.731313228607178,
    27.751219272613525,
    29.19459342956543,
    31.067299842834473,
    32.40845203399658,
    33.12809467315674,
    35.22160053253174,
    38.61536979675293,
    39.32274580001831,
    38.61536979675293,
    39.494478702545166,
    39.98923301696777,
    39.96469974517822,
    42.495715618133545,
    41.5716290473938,
    43.39118003845215,
    43.37891340255737,
    44.60557699203491,
    44.78957653045654,
    45.81179618835449,
    45.411086082458496,
    46.821749210357666,
    46.79312705993652,
    47.206103801727295,
    48.03205728530884,
    48.8498330116272,
    49.42227602005005,
    48.42867851257324,
    48.66992235183716,
    48.83756637573242
  ],
  "timestamps": [
    0.01035928726196289,
    0.040943145751953125,
    0.0714569091796875,
    0.10193896293640137,
    0.13239431381225586,
    0.16286468505859375,
    0.19332480430603027,
    0.22377634048461914,
    0.25423240661621094,
    0.28461170196533203,
    0.31497812271118164,
    0.34526920318603516,
    0.37551355361938477,
    0.40570545196533203,
    0.4358830451965332,
    0.4659459590911865,
    0.49606776237487793,
    0.5260095596313477,
    0.555898904800415,
    0.5856609344482422,
    0.6153297424316406,
    0.6451482772827148,
    0.674884557723999,
    0.7045397758483887,
    0.7349939346313477,
    0.7646653652191162,
    0.7941021919250488,
    0.8234574794769287,
    0.8527717590332031,
    0.8820517063140869,
    0.9125854969024658,
    0.9419374465942383,
    0.9710779190063477,
    1.0001699924468994,
    1.029191493988037,
    1.0581269264221191,
    1.0885567665100098,
    1.1174495220184326,
    1.1462490558624268,
    1.1749327182769775,
    1.2035274505615234,
    1.2321035861968994,
    1.2606375217437744,
    1.2891342639923096,
    1.3176519870758057,
    1.3461887836456299,
    1.3746490478515625,
    1.4031932353973389,
    1.431778907775879,
    1.4602711200714111,
    1.4887750148773193,
    1.5173366069793701,
    1.5459980964660645,
    1.574730634689331,
    1.6035652160644531,
    1.6325743198394775,
    1.661736011505127,
    1.6910321712493896,
    1.7202470302581787,
    1.7495293617248535,
    1.7788865566253662,
    1.8083412647247314,
    1.8380067348480225,
    1.867743730545044,
    1.8975307941436768,
    1.9273264408111572,
    1.9572746753692627,
    1.9871675968170166,
    2.0171120166778564,
    2.047194480895996,
    2.0773191452026367,
    2.1074395179748535,
    2.137585401535034,
    2.1677956581115723,
    2.1980443000793457,
    2.2283480167388916,
    2.2587242126464844,
    2.2891170978546143,
    2.319474458694458,
    2.3497707843780518,
    2.380040168762207,
    2.4102532863616943,
    2.4403765201568604,
    2.4704623222351074,
    2.500488519668579,
    2.5304222106933594,
    2.56024169921875,
    2.5901854038238525,
    2.6198720932006836,
    2.64957857131958,
    2.679352283477783,
    2.7087693214416504,
    2.738053321838379,
    2.7685606479644775,
    2.7976677417755127,
    2.8266799449920654,
    2.8571486473083496,
    2.886108875274658,
    2.915135622024536,
    2.9439616203308105,
    2.972727060317993,
    3.001450777053833,
    3.0300440788269043,
    3.0585665702819824,
    3.087061882019043,
    3.1156017780303955,
    3.144146203994751,
    3.1727631092071533,
    3.2012784481048584,
    3.2297630310058594,
    3.2582037448883057,
    3.286637783050537,
    3.315105438232422,
    3.3436636924743652,
    3.3722212314605713,
    3.4008240699768066,
    3.42948317527771,
    3.4582295417785645,
    3.4871623516082764,
    3.5162150859832764,
    3.545283794403076,
    3.5744717121124268,
    3.6037087440490723,
    3.6331043243408203,
    3.6626193523406982,
    3.692176342010498,
    3.7218997478485107,
    3.7517309188842773,
    3.781585931777954,
    3.811457633972168,
    3.841312885284424,
    3.871187210083008,
    3.9010632038116455,
    3.9310905933380127,
    3.9610588550567627,
    3.991133213043213,
    4.021209001541138,
    4.051310777664185,
    4.081470489501953,
    4.111683368682861,
    4.141876220703125,
    4.172150135040283,
    4.20242166519165,
    4.23274302482605,
    4.263087749481201,
    4.293476581573486,
    4.323900938034058,
    4.3542656898498535,
    4.384645462036133,
    4.4150402545928955
  ]
}