{
  "gesture_id": 6,
  "gesture_name": "press_twice",
  "timestamp": "2025-12-24T15:01:33.259707",
  "sample_rate": 50,
  "duration": 3.0,
  "distances": [
    65.63059091567993,
    65.43432474136353,
    64.47343826293945,
    63.74561786651611,
    63.89281749725342,
    63.205885887145996,
    61.62757873535156,
    60.74029207229614,
    60.20873785018921,
    59.382784366607666,
    57.968032360076904,
    56.925368309020996,
    56.68412446975708,
    56.96216821670532,
    55.87043762207031,
    56.013548374176025,
    51.213204860687256,
    49.65125322341919,
    48.08930158615112,
    45.99170684814453,
    43.432068824768066,
    42.10318326950073,
    40.72932004928589,
    39.26959037780762,
    37.89572715759277,
    35.789954662323,
    35.053956508636475,
    32.91956186294556,
    31.055033206939697,
    29.26410436630249,
    27.5140643119812,
    26.639044284820557,
    26.017534732818604,
    23.400652408599854,
    22.546076774597168,
    22.194433212280273,
    49.7943639755249,
    22.537899017333984,
    18.371331691741943,
    17.70484447479248,
    17.373645305633545,
    16.416847705841064,
    15.79124927520752,
    12.704145908355713,
    11.326193809509277,
    10.925483703613281,
    9.9196195602417,
    9.890997409820557,
    10.287618637084961,
    50.01516342163086,
    16.106092929840088,
    12.35659122467041,
    14.049386978149414,
    19.00101900100708,
    18.36315393447876,
    20.603859424591064,
    23.41291904449463,
    24.287939071655273,
    27.501797676086426,
    29.746592044830322,
    33.19351673126221,
    34.24026966094971,
    37.719905376434326,
    38.603103160858154,
    39.764344692230225,
    41.379451751708984,
    44.10673379898071,
    47.44325876235962,
    49.2464542388916,
    49.99880790710449,
    52.08413600921631,
    56.65959119796753,
    54.308485984802246,
    55.122172832489014,
    56.83541297912598,
    58.04980993270874,
    58.834874629974365,
    58.94118547439575,
    58.64269733428955,
    58.376920223236084,
    58.39736461639404,
    58.34420919418335,
    59.243762493133545,
    59.75487232208252,
    57.23612308502197,
    57.11754560470581,
    56.21390342712402,
    54.30030822753906,
    53.781020641326904,
    51.691603660583496,
    50.01516342163086,
    46.83810472488403,
    44.41748857498169,
    42.08273887634277,
    39.79705572128296,
    37.241506576538086,
    37.42550611495972,
    34.2443585395813,
    31.328988075256348,
    28.928816318511963,
    26.888465881347656,
    30.004191398620605,
    21.544301509857178,
    18.812930583953857,
    17.058801651000977,
    15.431427955627441,
    14.752674102783203,
    16.093826293945312,
    50.17054080963135,
    17.030179500579834,
    12.69596815109253,
    11.62877082824707,
    12.69596815109253,
    50.36271810531616,
    16.72351360321045,
    14.372408390045166,
    15.38236141204834,
    17.071068286895752,
    17.06697940826416,
    19.687950611114502,
    20.918703079223633,
    24.582338333129883,
    26.311933994293213,
    29.53397035598755,
    29.49308156967163,
    30.323123931884766,
    33.18125009536743,
    33.9949369430542,
    36.763107776641846,
    36.95937395095825,
    39.330923557281494,
    41.60025119781494,
    43.59971284866333,
    43.20718050003052,
    45.022642612457275,
    46.43739461898804,
    47.23881483078003,
    49.50814247131348,
    50.685739517211914,
    54.48430776596069,
    56.831324100494385,
    56.84359073638916,
    58.266520500183105,
    56.1771035194397,
    56.23434782028198,
    56.54510259628296,
    56.54919147491455,
    57.36696720123291,
    59.9634051322937,
    58.560919761657715
  ],
  "timestamps": [
    0.011282682418823242,
    0.042738914489746094,
    0.07408547401428223,
    0.10537600517272949,
    0.13672494888305664,
    0.1680161952972412,
    0.19916367530822754,
    0.23026061058044434,
    0.26131510734558105,
    0.2923107147216797,
    0.32321858406066895,
    0.35407280921936035,
    0.38492441177368164,
    0.4157907962799072,
    0.446591854095459,
    0.4774043560028076,
    0.5079376697540283,
    0.5383808612823486,
    0.5687305927276611,
    0.5989596843719482,
    0.6290369033813477,
    0.659055233001709,
    0.6889808177947998,
    0.718825101852417,
    0.7485878467559814,
    0.7782189846038818,
    0.8078303337097168,
    0.837376594543457,
    0.8667557239532471,
    0.8960263729095459,
    0.9251847267150879,
    0.9542908668518066,
    0.9835131168365479,
    1.0124766826629639,
    1.041360855102539,
    1.0702698230743408,
    1.100754976272583,
    1.1296441555023193,
    1.15828537940979,
    1.1868832111358643,
    1.2154572010040283,
    1.243962287902832,
    1.272432565689087,
    1.3007197380065918,
    1.328925609588623,
    1.3571083545684814,
    1.3852450847625732,
    1.4133899211883545,
    1.4415524005889893,
    1.4720301628112793,
    1.5005223751068115,
    1.52878999710083,
    1.5571558475494385,
    1.5858876705169678,
    1.614527940750122,
    1.6432971954345703,
    1.6722803115844727,
    1.701261043548584,
    1.7304160594940186,
    1.7596983909606934,
    1.7892537117004395,
    1.8189191818237305,
    1.8486766815185547,
    1.8784902095794678,
    1.9083607196807861,
    1.938328504562378,
    1.968430995941162,
    1.9987449645996094,
    2.0291619300842285,
    2.059623956680298,
    2.090205430984497,
    2.1210570335388184,
    2.151768445968628,
    2.182529926300049,
    2.2133922576904297,
    2.2443227767944336,
    2.275299072265625,
    2.3063037395477295,
    2.3372702598571777,
    2.368217706680298,
    2.399164915084839,
    2.430103302001953,
    2.4610838890075684,
    2.492093801498413,
    2.5229625701904297,
    2.5538437366485596,
    2.5846893787384033,
    2.6154212951660156,
    2.646106243133545,
    2.676668167114258,
    2.707129716873169,
    2.7374050617218018,
    2.767526388168335,
    2.7975542545318604,
    2.827484607696533,
    2.857221841812134,
    2.8869574069976807,
    2.916503667831421,
    2.945875883102417,
    2.9751124382019043,
    3.0042238235473633,
    3.0335192680358887,
    3.0623221397399902,
    3.090955972671509,
    3.119544744491577,
    3.148087978363037,
    3.1765124797821045,
    3.2050187587738037,
    3.2355151176452637,
    3.264078140258789,
    3.292381763458252,
    3.320627212524414,
    3.3489344120025635,
    3.37941575050354,
    3.4079322814941406,
    3.4363269805908203,
    3.4647903442382812,
    3.4933457374572754,
    3.521902561187744,
    3.55061936378479,
    3.5794148445129395,
    3.6084182262420654,
    3.6375272274017334,
    3.666835308074951,
    3.6961429119110107,
    3.725506067276001,
    3.7550153732299805,
    3.7853829860687256,
    3.8153247833251953,
    3.8450958728790283,
    3.875025510787964,
    3.9050967693328857,
    3.93519926071167,
    3.9652554988861084,
    3.9954276084899902,
    4.0256640911102295,
    4.0559656620025635,
    4.086402654647827,
    4.116884469985962,
    4.147625923156738,
    4.178465127944946,
    4.209326505661011,
    4.2402708530426025,
    4.271093130111694,
    4.301897048950195,
    4.332739591598511,
    4.36360239982605,
    4.39447546005249,
    4.425521612167358,
    4.4564807415008545
  ]
}