{
  "gesture_id": 6,
  "gesture_name": "press_twice",
  "timestamp": "2025-12-23T16:13:05.493590",
  "sample_rate": 50,
  "duration": 3.0,
  "distances": [
    49.60627555847168,
    49.60627555847168,
    49.982452392578125,
    49.21783208847046,
    49.1973876953125,
    49.414098262786865,
    47.590458393096924,
    46.588683128356934,
    45.37837505340576,
    43.57926845550537,
    42.749226093292236,
    42.70833730697632,
    39.698922634124756,
    39.694833755493164,
    38.34959268569946,
    36.50141954421997,
    34.98035669326782,
    37.879371643066406,
    31.55796527862549,
    30.24543523788452,
    29.51352596282959,
    29.19868230819702,
    27.158331871032715,
    25.1220703125,
    23.956739902496338,
    22.828209400177002,
    22.509276866912842,
    22.198522090911865,
    20.554792881011963,
    20.918703079223633,
    47.774457931518555,
    19.61843967437744,
    53.54386568069458,
    48.42050075531006,
    48.387789726257324,
    47.61090278625488,
    46.7563271522522,
    19.965994358062744,
    20.922791957855225,
    22.488832473754883,
    22.488832473754883,
    22.770965099334717,
    23.956739902496338,
    26.00935697555542,
    28.05788516998291,
    29.750680923461914,
    31.799209117889404,
    33.1485390663147,
    34.4447135925293,
    36.01484298706055,
    37.20470666885376,
    39.056968688964844,
    41.30585193634033,
    43.587446212768555,
    43.362557888031006,
    50.60396194458008,
    47.36148118972778,
    47.001659870147705,
    47.39828109741211,
    47.81125783920288,
    32.74374008178711,
    50.11329650878906,
    49.95383024215698,
    51.50351524353027,
    52.19862461090088,
    51.9900918006897,
    53.04093360900879,
    53.556132316589355,
    53.3843994140625,
    53.38848829269409,
    52.67293453216553,
    52.70973443984985,
    52.170002460479736,
    50.9924054145813,
    49.757564067840576,
    49.753475189208984,
    47.819435596466064,
    45.96717357635498,
    44.98175382614136,
    43.338024616241455,
    42.94140338897705,
    40.905141830444336,
    39.27367925643921,
    36.444175243377686,
    36.02302074432373,
    33.663737773895264,
    32.33894109725952,
    29.472637176513672,
    29.709792137145996,
    27.44046449661255,
    47.978901863098145,
    25.4205584526062,
    22.79958724975586,
    22.194433212280273,
    21.24990224838257,
    21.20492458343506,
    20.43212652206421,
    17.991065979003906,
    16.707158088684082,
    16.43320322036743,
    17.038357257843018,
    17.06697940826416,
    17.696666717529297,
    17.721199989318848,
    16.731691360473633,
    17.721199989318848,
    17.986977100372314,
    17.676222324371338,
    19.324040412902832,
    47.14885950088501,
    25.46144723892212,
    23.376119136810303,
    30.03690242767334,
    26.549088954925537,
    28.62623929977417,
    49.005210399627686,
    32.367563247680664,
    33.13627243041992,
    34.68186855316162,
    36.27244234085083,
    36.44826412200928,
    37.86710500717163,
    40.901052951812744,
    41.338562965393066,
    41.80469512939453,
    43.96771192550659,
    46.38015031814575,
    46.56414985656738,
    47.97072410583496,
    48.78849983215332,
    49.61036443710327,
    49.97836351394653,
    49.798452854156494,
    49.96609687805176,
    50.620317459106445,
    51.47898197174072,
    53.376221656799316,
    51.83471441268921,
    51.49533748626709,
    51.483070850372314,
    51.826536655426025,
    51.81835889816284,
    53.02048921585083,
    53.212666511535645,
    52.36626863479614,
    51.822447776794434,
    51.667070388793945,
    52.02280282974243,
    53.008222579956055,
    52.86102294921875
  ],
  "timestamps": [
    0.010349035263061523,
    0.040899038314819336,
    0.0714266300201416,
    0.10196495056152344,
    0.1324479579925537,
    0.16288232803344727,
    0.19320321083068848,
    0.22346997261047363,
    0.2536611557006836,
    0.2837505340576172,
    0.313809871673584,
    0.3438594341278076,
    0.37373781204223633,
    0.4036228656768799,
    0.43341064453125,
    0.4630861282348633,
    0.4926750659942627,
    0.5224401950836182,
    0.55184006690979,
    0.5811495780944824,
    0.6104123592376709,
    0.6396627426147461,
    0.6687893867492676,
    0.6978018283843994,
    0.726909875869751,
    0.7559356689453125,
    0.7849979400634766,
    0.8138899803161621,
    0.8426461219787598,
    0.871422290802002,
    0.9017724990844727,
    0.930473804473877,
    0.9611458778381348,
    0.9915256500244141,
    1.021895408630371,
    1.0522212982177734,
    1.0825157165527344,
    1.1112279891967773,
    1.1400089263916016,
    1.1688666343688965,
    1.1977241039276123,
    1.2265958786010742,
    1.255537509918213,
    1.2845978736877441,
    1.3137741088867188,
    1.3430523872375488,
    1.372450828552246,
    1.401932716369629,
    1.431488037109375,
    1.461136817932129,
    1.4908475875854492,
    1.5206687450408936,
    1.5506277084350586,
    1.580716848373413,
    1.6107921600341797,
    1.6412880420684814,
    1.6715927124023438,
    1.7018725872039795,
    1.7322170734405518,
    1.7627789974212646,
    1.7941467761993408,
    1.8247654438018799,
    1.8552830219268799,
    1.8858704566955566,
    1.9164950847625732,
    1.947110652923584,
    1.9777748584747314,
    2.0084686279296875,
    2.039149522781372,
    2.069852590560913,
    2.100491523742676,
    2.1311323642730713,
    2.1617395877838135,
    2.1922850608825684,
    2.22274112701416,
    2.2531957626342773,
    2.28355073928833,
    2.3137807846069336,
    2.3439483642578125,
    2.3740177154541016,
    2.4040701389312744,
    2.434001922607422,
    2.4638354778289795,
    2.4935245513916016,
    2.5231683254241943,
    2.5526697635650635,
    2.5820980072021484,
    2.611360788345337,
    2.6406376361846924,
    2.6697847843170166,
    2.7001254558563232,
    2.7292134761810303,
    2.7582712173461914,
    2.787149429321289,
    2.8159403800964355,
    2.8447265625,
    2.8734583854675293,
    2.9020636081695557,
    2.9305992126464844,
    2.9591283798217773,
    2.9876902103424072,
    3.016249895095825,
    3.044874429702759,
    3.0734598636627197,
    3.1019771099090576,
    3.130568742752075,
    3.159184217453003,
    3.1877799034118652,
    3.216475248336792,
    3.246828556060791,
    3.2758615016937256,
    3.304767608642578,
    3.3340723514556885,
    3.3631904125213623,
    3.3924307823181152,
    3.422855854034424,
    3.4522953033447266,
    3.4817874431610107,
    3.5113539695739746,
    3.541011333465576,
    3.5706803798675537,
    3.6004347801208496,
    3.630380630493164,
    3.660337209701538,
    3.690298318862915,
    3.7204082012176514,
    3.750666856765747,
    3.7810118198394775,
    3.811370849609375,
    3.8418078422546387,
    3.8722288608551025,
    3.9027211666107178,
    3.9331750869750977,
    3.9636757373809814,
    3.9941585063934326,
    4.0246922969818115,
    4.055339813232422,
    4.0859081745147705,
    4.116454601287842,
    4.147000074386597,
    4.1775963306427,
    4.208147048950195,
    4.2387659549713135,
    4.26940655708313,
    4.300004482269287,
    4.33056902885437,
    4.3611390590667725,
    4.391716480255127,
    4.422356367111206,
    4.452988147735596
  ]
}