{
  "gesture_id": 6,
  "gesture_name": "press_twice",
  "timestamp": "2025-12-23T16:08:32.293077",
  "sample_rate": 50,
  "duration": 3.0,
  "distances": [
    51.50351524353027,
    50.82885026931763,
    51.372671127319336,
    50.485384464263916,
    50.321829319000244,
    49.45498704910278,
    48.8498330116272,
    46.17570638656616,
    45.8077073097229,
    44.409310817718506,
    42.97820329666138,
    41.60025119781494,
    41.150474548339844,
    40.00558853149414,
    37.883460521698,
    37.1842622756958,
    37.00844049453735,
    34.48151350021362,
    32.596540451049805,
    32.08134174346924,
    30.797433853149414,
    30.756545066833496,
    30.224990844726562,
    29.521703720092773,
    27.751219272613525,
    26.888465881347656,
    27.882063388824463,
    26.87211036682129,
    26.01344585418701,
    22.182166576385498,
    21.900033950805664,
    21.536123752593994,
    19.97826099395752,
    20.599770545959473,
    18.992841243743896,
    18.36724281311035,
    18.98057460784912,
    17.349112033843994,
    17.708933353424072,
    17.70484447479248,
    17.050623893737793,
    17.058801651000977,
    16.077470779418945,
    16.690802574157715,
    17.692577838897705,
    19.307684898376465,
    20.56705951690674,
    22.5297212600708,
    23.134875297546387,
    24.287939071655273,
    29.456281661987305,
    28.066062927246094,
    29.726147651672363,
    32.35529661178589,
    36.24790906906128,
    36.07208728790283,
    36.95528507232666,
    38.33732604980469,
    39.26959037780762,
    40.43083190917969,
    42.98638105392456,
    44.03313398361206,
    44.60557699203491,
    44.773221015930176,
    45.40290832519531,
    46.412861347198486,
    48.22014570236206,
    49.76574182510376,
    48.616766929626465,
    49.98654127120972,
    50.117385387420654,
    50.30956268310547,
    48.82529973983765,
    49.62671995162964,
    48.44503402709961,
    46.62139415740967,
    43.41162443161011,
    41.35082960128784,
    42.05820560455322,
    38.61945867538452,
    37.88754940032959,
    36.04346513748169,
    34.76364612579346,
    33.94995927810669,
    32.34302997589111,
    32.10996389389038,
    31.304454803466797,
    29.71796989440918,
    28.613972663879395,
    30.024635791778564,
    29.71796989440918,
    27.154242992401123,
    23.977184295654297,
    23.421096801757812,
    23.09807538986206,
    21.54839038848877,
    20.947325229644775,
    19.602084159851074,
    19.66341733932495,
    18.673908710479736,
    18.359065055847168,
    16.743957996368408,
    17.390000820159912,
    17.075157165527344,
    21.86732292175293,
    15.423250198364258,
    16.11018180847168,
    15.386450290679932,
    16.43320322036743,
    15.774893760681152,
    45.80361843109131,
    16.392314434051514,
    17.083334922790527,
    18.330442905426025,
    20.289015769958496,
    22.202610969543457,
    23.41291904449463,
    25.158870220184326,
    26.89664363861084,
    29.227304458618164,
    29.472637176513672,
    31.079566478729248,
    32.62925148010254,
    34.1952919960022,
    36.04755401611328,
    37.850749492645264,
    38.34141492843628,
    39.95652198791504,
    44.22940015792847,
    44.842731952667236,
    43.13766956329346,
    44.429755210876465,
    44.163978099823,
    44.78957653045654,
    44.8100209236145,
    45.41926383972168,
    46.01215124130249,
    47.21019268035889,
    48.841655254364014,
    53.20039987564087,
    49.97836351394653,
    50.15418529510498,
    50.2932071685791,
    49.94974136352539,
    50.804316997528076,
    51.72840356826782,
    51.67524814605713,
    52.86102294921875,
    53.576576709747314,
    54.7787070274353
  ],
  "timestamps": [
    0.010461807250976562,
    0.04104900360107422,
    0.0716245174407959,
    0.1021888256072998,
    0.13268065452575684,
    0.16311979293823242,
    0.19352126121520996,
    0.22376322746276855,
    0.25398945808410645,
    0.2841506004333496,
    0.3142204284667969,
    0.34421658515930176,
    0.37416529655456543,
    0.40404629707336426,
    0.43379974365234375,
    0.4635155200958252,
    0.49321913719177246,
    0.52278733253479,
    0.5522334575653076,
    0.5816471576690674,
    0.6109964847564697,
    0.6403601169586182,
    0.6696906089782715,
    0.6989774703979492,
    0.7281603813171387,
    0.7572863101959229,
    0.786461353302002,
    0.8156099319458008,
    0.8447082042694092,
    0.8735723495483398,
    0.9025142192840576,
    0.9316830635070801,
    0.9604506492614746,
    0.9892282485961914,
    1.0178983211517334,
    1.04655122756958,
    1.0752291679382324,
    1.1038105487823486,
    1.1324117183685303,
    1.1610116958618164,
    1.1895809173583984,
    1.218144416809082,
    1.2466373443603516,
    1.2751643657684326,
    1.3037614822387695,
    1.3325130939483643,
    1.3612840175628662,
    1.390165090560913,
    1.4190740585327148,
    1.448042869567871,
    1.4773075580596924,
    1.5064871311187744,
    1.5357789993286133,
    1.56522536277771,
    1.594883680343628,
    1.62453031539917,
    1.6542243957519531,
    1.6840012073516846,
    1.7138307094573975,
    1.7437491416931152,
    1.7738006114959717,
    1.8039255142211914,
    1.83408784866333,
    1.8642449378967285,
    1.8951702117919922,
    1.925624132156372,
    1.9560229778289795,
    1.9864952564239502,
    2.0169105529785156,
    2.0474085807800293,
    2.0779380798339844,
    2.108426094055176,
    2.138821840286255,
    2.1692793369293213,
    2.199673652648926,
    2.2299649715423584,
    2.2600693702697754,
    2.290050983428955,
    2.320075511932373,
    2.3499090671539307,
    2.3796863555908203,
    2.40936017036438,
    2.4389488697052,
    2.4684951305389404,
    2.4979448318481445,
    2.5273776054382324,
    2.5567619800567627,
    2.5860595703125,
    2.6152899265289307,
    2.644604444503784,
    2.673895835876465,
    2.7030441761016846,
    2.73201322555542,
    2.7609472274780273,
    2.789863348007202,
    2.818692207336426,
    2.847485065460205,
    2.8762001991271973,
    2.904987335205078,
    2.9337360858917236,
    2.962379217147827,
    2.9909322261810303,
    3.019497871398926,
    3.0480475425720215,
    3.0768654346466064,
    3.105323553085327,
    3.133831262588501,
    3.1622915267944336,
    3.1908202171325684,
    3.219310998916626,
    3.249532461166382,
    3.2780330181121826,
    3.3066000938415527,
    3.335266590118408,
    3.364020586013794,
    3.39288330078125,
    3.421802282333374,
    3.450814723968506,
    3.479923725128174,
    3.509185552597046,
    3.538472890853882,
    3.56784987449646,
    3.5973141193389893,
    3.6269168853759766,
    3.656571865081787,
    3.6863327026367188,
    3.716113567352295,
    3.7459876537323,
    3.7761197090148926,
    3.806298017501831,
    3.8363864421844482,
    3.866523504257202,
    3.8967485427856445,
    3.927083730697632,
    3.9572815895080566,
    3.9874820709228516,
    4.017719030380249,
    4.048017978668213,
    4.07840895652771,
    4.109077453613281,
    4.139535903930664,
    4.170003414154053,
    4.200479984283447,
    4.23093581199646,
    4.261445999145508,
    4.292004823684692,
    4.322576999664307,
    4.353220701217651,
    4.383896589279175,
    4.414634943008423
  ]
}