{
  "gesture_id": 6,
  "gesture_name": "press_twice",
  "timestamp": "2025-12-23T16:08:51.194573",
  "sample_rate": 50,
  "duration": 3.0,
  "distances": [
    53.04502248764038,
    52.73017883300781,
    52.42760181427002,
    52.170002460479736,
    51.5403151512146,
    51.00058317184448,
    49.98654127120972,
    49.25054311752319,
    49.962007999420166,
    46.78903818130493,
    44.99402046203613,
    45.83224058151245,
    42.50798225402832,
    54.946351051330566,
    40.43083190917969,
    37.91617155075073,
    38.82390260696411,
    37.68310546875,
    36.94710731506348,
    37.15564012527466,
    33.896803855895996,
    32.326674461364746,
    30.756545066833496,
    29.746592044830322,
    29.427659511566162,
    35.73271036148071,
    51.13142728805542,
    29.996013641357422,
    24.835848808288574,
    23.110342025756836,
    22.795498371124268,
    21.581101417541504,
    20.268571376800537,
    19.929194450378418,
    18.322265148162842,
    17.009735107421875,
    17.962443828582764,
    17.688488960266113,
    16.11018180847168,
    16.08973741531372,
    16.048848628997803,
    16.367781162261963,
    16.375958919525146,
    17.034268379211426,
    16.073381900787354,
    16.719424724578857,
    16.06520414352417,
    17.324578762054443,
    19.311773777008057,
    19.974172115325928,
    21.495234966278076,
    21.900033950805664,
    22.9794979095459,
    24.271583557128906,
    25.445091724395752,
    27.154242992401123,
    28.348195552825928,
    30.53574562072754,
    32.576096057891846,
    34.440624713897705,
    35.22160053253174,
    37.59315013885498,
    36.922574043273926,
    37.1351957321167,
    37.83848285675049,
    38.991546630859375,
    40.381765365600586,
    40.14869928359985,
    42.953670024871826,
    43.3666467666626,
    43.95953416824341,
    44.953131675720215,
    44.96948719024658,
    47.17339277267456,
    47.56592512130737,
    49.393653869628906,
    49.205565452575684,
    49.90067481994629,
    49.7943639755249,
    49.344587326049805,
    49.90476369857788,
    47.950279712677,
    47.36965894699097,
    44.75686550140381,
    44.7609543800354,
    44.19260025024414,
    41.334474086761475,
    38.79119157791138,
    39.66621160507202,
    34.46924686431885,
    33.67600440979004,
    53.36395502090454,
    30.756545066833496,
    29.758858680725098,
    29.476726055145264,
    29.480814933776855,
    27.178776264190674,
    27.473175525665283,
    26.332378387451172,
    24.54962730407715,
    21.20901346206665,
    21.22945785522461,
    19.904661178588867,
    18.665730953216553,
    18.015599250793457,
    17.353200912475586,
    16.073381900787354,
    17.34093427658081,
    36.918485164642334,
    17.38591194152832,
    50.28911828994751,
    38.77483606338501,
    50.280940532684326,
    17.030179500579834,
    19.61435079574585,
    19.622528553009033,
    19.59390640258789,
    50.0928521156311,
    22.198522090911865,
    24.54962730407715,
    26.02980136871338,
    29.76294755935669,
    29.959213733673096,
    30.24134635925293,
    31.81556463241577,
    32.87867307662964,
    34.20755863189697,
    34.67777967453003,
    35.990309715270996,
    37.192440032958984,
    39.490389823913574,
    39.71527814865112,
    40.426743030548096,
    42.266738414764404,
    43.32984685897827,
    43.35029125213623,
    44.364333152770996,
    45.16575336456299,
    46.408772468566895,
    48.1997013092041,
    48.96841049194336,
    49.733030796051025,
    49.58992004394531,
    50.440406799316406,
    51.15596055984497,
    52.35809087753296,
    52.170002460479736,
    53.38031053543091,
    54.230797290802,
    55.11399507522583
  ],
  "timestamps": [
    0.01058340072631836,
    0.04140877723693848,
    0.07221412658691406,
    0.10287976264953613,
    0.13344240188598633,
    0.16397309303283691,
    0.19443798065185547,
    0.22486019134521484,
    0.2553231716156006,
    0.28560781478881836,
    0.3157823085784912,
    0.3460042476654053,
    0.37603068351745605,
    0.4067800045013428,
    0.43668556213378906,
    0.4664466381072998,
    0.4962761402130127,
    0.5260219573974609,
    0.5557215213775635,
    0.5854306221008301,
    0.6149501800537109,
    0.644378662109375,
    0.6737155914306641,
    0.7029931545257568,
    0.7322559356689453,
    0.7618856430053711,
    0.7924120426177979,
    0.8217074871063232,
    0.8506977558135986,
    0.8795883655548096,
    0.9084653854370117,
    0.9373095035552979,
    0.9661009311676025,
    0.9948608875274658,
    1.0236139297485352,
    1.0522689819335938,
    1.080897569656372,
    1.1095356941223145,
    1.138084888458252,
    1.1666016578674316,
    1.195112705230713,
    1.2236268520355225,
    1.2521333694458008,
    1.2806897163391113,
    1.3091704845428467,
    1.3376944065093994,
    1.366178274154663,
    1.3947322368621826,
    1.4234085083007812,
    1.452146291732788,
    1.4809703826904297,
    1.5098166465759277,
    1.5387194156646729,
    1.5676815509796143,
    1.5967068672180176,
    1.625845193862915,
    1.655061960220337,
    1.6844062805175781,
    1.7138714790344238,
    1.7434816360473633,
    1.7730867862701416,
    1.8028457164764404,
    1.832545518875122,
    1.8622550964355469,
    1.8920097351074219,
    1.9218308925628662,
    1.9517357349395752,
    1.9816179275512695,
    2.0117275714874268,
    2.0419087409973145,
    2.072042942047119,
    2.102229118347168,
    2.13240122795105,
    2.162696361541748,
    2.1930322647094727,
    2.2235164642333984,
    2.253959894180298,
    2.2844481468200684,
    2.314924716949463,
    2.345370292663574,
    2.3758480548858643,
    2.4062111377716064,
    2.4365437030792236,
    2.4667232036590576,
    2.4968996047973633,
    2.5270354747772217,
    2.5570082664489746,
    2.58682918548584,
    2.6167068481445312,
    2.646296501159668,
    2.6758246421813965,
    2.706495761871338,
    2.7358555793762207,
    2.765155076980591,
    2.794438123703003,
    2.823720932006836,
    2.8529293537139893,
    2.8821191787719727,
    2.9112422466278076,
    2.9402711391448975,
    2.9690887928009033,
    2.9979310035705566,
    3.0268521308898926,
    3.0555450916290283,
    3.084177255630493,
    3.112760066986084,
    3.1412599086761475,
    3.1698482036590576,
    3.1995980739593506,
    3.2281875610351562,
    3.258685350418091,
    3.2885079383850098,
    3.3189826011657715,
    3.347519874572754,
    3.3762054443359375,
    3.404888391494751,
    3.433570623397827,
    3.464038610458374,
    3.4928743839263916,
    3.5218467712402344,
    3.5509023666381836,
    3.5801777839660645,
    3.609466314315796,
    3.638770341873169,
    3.668165445327759,
    3.697618246078491,
    3.7271509170532227,
    3.7567131519317627,
    3.7863593101501465,
    3.8160762786865234,
    3.845919370651245,
    3.8757922649383545,
    3.905691385269165,
    3.9357049465179443,
    3.9657797813415527,
    3.9958724975585938,
    4.026143312454224,
    4.056644678115845,
    4.087043285369873,
    4.1174635887146,
    4.147878885269165,
    4.1783270835876465,
    4.208762168884277,
    4.239246368408203,
    4.2697694301605225,
    4.300366401672363,
    4.330952405929565,
    4.361608266830444,
    4.392332553863525,
    4.423088312149048
  ]
}