{
  "gesture_id": 6,
  "gesture_name": "press_twice",
  "timestamp": "2025-12-23T16:11:32.924787",
  "sample_rate": 50,
  "duration": 3.0,
  "distances": [
    47.64361381530762,
    47.03028202056885,
    46.21250629425049,
    46.21250629425049,
    44.78548765182495,
    44.21713352203369,
    44.409310817718506,
    45.022642612457275,
    49.81071949005127,
    43.60380172729492,
    42.50389337539673,
    40.197765827178955,
    39.036524295806885,
    39.30230140686035,
    38.603103160858154,
    37.90390491485596,
    35.79813241958618,
    33.4470272064209,
    31.87689781188965,
    31.341254711151123,
    30.793344974517822,
    29.472637176513672,
    29.78748083114624,
    29.480814933776855,
    26.60224437713623,
    27.24010944366455,
    22.566521167755127,
    22.223055362701416,
    20.599770545959473,
    20.268571376800537,
    18.326354026794434,
    18.694353103637695,
    17.713022232055664,
    17.41044521331787,
    16.06929302215576,
    16.126537322998047,
    16.106092929840088,
    36.73039674758911,
    16.13471508026123,
    37.88754940032959,
    50.19098520278931,
    25.776290893554688,
    16.106092929840088,
    10.606551170349121,
    11.636948585510254,
    11.322104930877686,
    10.58201789855957,
    22.541987895965576,
    17.034268379211426,
    16.11427068710327,
    17.095601558685303,
    16.097915172576904,
    13.023078441619873,
    14.417386054992676,
    16.731691360473633,
    18.690264225006104,
    16.425025463104248,
    17.398178577423096,
    18.31817626953125,
    19.311773777008057,
    21.585190296173096,
    22.517454624176025,
    24.013984203338623,
    26.291489601135254,
    29.46854829788208,
    29.456281661987305,
    29.501259326934814,
    30.801522731781006,
    32.10996389389038,
    33.692359924316406,
    35.27884483337402,
    37.20879554748535,
    36.46053075790405,
    36.967551708221436,
    37.90799379348755,
    39.50265645980835,
    39.52310085296631,
    39.993321895599365,
    42.070472240448,
    42.05002784729004,
    43.17038059234619,
    43.57517957687378,
    43.791890144348145,
    45.77908515930176,
    44.977664947509766,
    46.78903818130493,
    48.432767391204834,
    46.57641649246216,
    45.78317403793335,
    46.35970592498779,
    45.37837505340576,
    43.791890144348145,
    41.55118465423584,
    40.40629863739014,
    38.59083652496338,
    37.625861167907715,
    36.055731773376465,
    34.68595743179321,
    34.75546836853027,
    32.1017861366272,
    30.74018955230713,
    50.45676231384277,
    30.274057388305664,
    29.21912670135498,
    26.888465881347656,
    26.320111751556396,
    22.80367612838745,
    20.906436443328857,
    22.52563238143921,
    23.34340810775757,
    17.70075559616089,
    16.756224632263184,
    37.66266107559204,
    16.06929302215576,
    17.353200912475586,
    13.006722927093506,
    12.691879272460938,
    54.81959581375122,
    53.07364463806152,
    53.96093130111694,
    47.85623550415039,
    43.2153582572937,
    49.09107685089111,
    12.646901607513428,
    16.425025463104248,
    17.034268379211426,
    16.748046875,
    17.0465350151062,
    20.93505859375,
    21.225368976593018,
    26.316022872924805,
    24.565982818603516,
    26.34873390197754,
    28.35228443145752,
    36.26426458358765,
    50.15418529510498,
    35.511910915374756,
    35.507822036743164,
    35.789954662323,
    36.05982065200806,
    36.95937395095825,
    37.91617155075073,
    37.875282764434814,
    39.94016647338867,
    39.993321895599365,
    40.65980911254883,
    41.36718511581421,
    41.14229679107666,
    42.54887104034424,
    42.32807159423828
  ],
  "timestamps": [
    0.010239124298095703,
    0.04064488410949707,
    0.0709538459777832,
    0.10123014450073242,
    0.13142013549804688,
    0.1615583896636963,
    0.19172048568725586,
    0.22189688682556152,
    0.2524247169494629,
    0.2826056480407715,
    0.31267881393432617,
    0.34261584281921387,
    0.37245702743530273,
    0.4022800922393799,
    0.43208861351013184,
    0.4618661403656006,
    0.4915049076080322,
    0.5210041999816895,
    0.5504076480865479,
    0.5797817707061768,
    0.6091938018798828,
    0.6384880542755127,
    0.6677980422973633,
    0.697094202041626,
    0.7262089252471924,
    0.7553479671478271,
    0.7842154502868652,
    0.8130745887756348,
    0.8418540954589844,
    0.8705899715423584,
    0.8992066383361816,
    0.9278559684753418,
    0.956463098526001,
    0.9850480556488037,
    1.013551950454712,
    1.0420455932617188,
    1.0705304145812988,
    1.1002180576324463,
    1.1287150382995605,
    1.1584947109222412,
    1.1889910697937012,
    1.2180609703063965,
    1.2466702461242676,
    1.2750542163848877,
    1.303349494934082,
    1.331627607345581,
    1.3598127365112305,
    1.3886849880218506,
    1.4172322750091553,
    1.4457323551177979,
    1.4742980003356934,
    1.5028033256530762,
    1.5311315059661865,
    1.5595309734344482,
    1.5880532264709473,
    1.616694688796997,
    1.6452093124389648,
    1.6737937927246094,
    1.7024338245391846,
    1.7311499118804932,
    1.7600040435791016,
    1.7889049053192139,
    1.8178596496582031,
    1.8469562530517578,
    1.8762922286987305,
    1.9055910110473633,
    1.9348840713500977,
    1.9642112255096436,
    1.9936535358428955,
    2.023186683654785,
    2.052812099456787,
    2.0825276374816895,
    2.1122000217437744,
    2.141902446746826,
    2.171653985977173,
    2.201500177383423,
    2.23136305809021,
    2.261364459991455,
    2.2914559841156006,
    2.321495294570923,
    2.3515841960906982,
    2.3816895484924316,
    2.4118003845214844,
    2.442018747329712,
    2.472186326980591,
    2.5024585723876953,
    2.532825469970703,
    2.5630900859832764,
    2.593305826187134,
    2.6235556602478027,
    2.6537444591522217,
    2.6838464736938477,
    2.713817834854126,
    2.743720769882202,
    2.7735629081726074,
    2.803335666656494,
    2.8330185413360596,
    2.8625893592834473,
    2.8921635150909424,
    2.921592950820923,
    2.9509339332580566,
    2.9814865589141846,
    3.0108373165130615,
    3.040116310119629,
    3.0692801475524902,
    3.098372220993042,
    3.1272470951080322,
    3.156010150909424,
    3.1848700046539307,
    3.213778018951416,
    3.2424511909484863,
    3.2711617946624756,
    3.3009390830993652,
    3.3294544219970703,
    3.3580403327941895,
    3.386354446411133,
    3.4146556854248047,
    3.445425510406494,
    3.476095676422119,
    3.5068671703338623,
    3.5372154712677,
    3.5672607421875,
    3.597665786743164,
    3.6259288787841797,
    3.6544289588928223,
    3.6829655170440674,
    3.711538314819336,
    3.7401010990142822,
    3.76890230178833,
    3.797711133956909,
    3.8268179893493652,
    3.855830669403076,
    3.8849143981933594,
    3.914094924926758,
    3.9437789916992188,
    3.9742493629455566,
    4.003863573074341,
    4.033476114273071,
    4.063086748123169,
    4.092731237411499,
    4.12241005897522,
    4.1521735191345215,
    4.181929111480713,
    4.211804628372192,
    4.24177098274231,
    4.271873474121094,
    4.301883935928345,
    4.3319501876831055,
    4.362008810043335,
    4.392035484313965
  ]
}