{
  "gesture_id": 6,
  "gesture_name": "press_twice",
  "timestamp": "2025-12-23T16:07:37.571728",
  "sample_rate": 50,
  "duration": 3.0,
  "distances": [
    55.42474985122681,
    55.08537292480469,
    55.486083030700684,
    56.487858295440674,
    54.59470748901367,
    54.623329639434814,
    54.65195178985596,
    54.104042053222656,
    52.71791219711304,
    51.348137855529785,
    50.63667297363281,
    49.40592050552368,
    48.661744594573975,
    48.22423458099365,
    46.020328998565674,
    46.020328998565674,
    44.204866886138916,
    42.745137214660645,
    41.3712739944458,
    42.05002784729004,
    39.96061086654663,
    37.171995639801025,
    36.27653121948242,
    36.47688627243042,
    36.02302074432373,
    34.1952919960022,
    32.347118854522705,
    31.30854368209839,
    29.456281661987305,
    29.24365997314453,
    28.070151805877686,
    29.21912670135498,
    28.658950328826904,
    23.715496063232422,
    22.202610969543457,
    22.541987895965576,
    21.536123752593994,
    19.916927814483643,
    20.248126983642578,
    19.303596019744873,
    19.279062747955322,
    19.929194450378418,
    19.29541826248169,
    18.02377700805664,
    18.36315393447876,
    19.949638843536377,
    22.19034433364868,
    26.299667358398438,
    23.41700792312622,
    24.856293201446533,
    29.713881015777588,
    29.73841428756714,
    29.480814933776855,
    31.067299842834473,
    31.324899196624756,
    33.68418216705322,
    34.710490703582764,
    35.736799240112305,
    37.15972900390625,
    38.55403661727905,
    41.10140800476074,
    52.852845191955566,
    44.40113306045532,
    45.98761796951294,
    46.17161750793457,
    47.78672456741333,
    49.00929927825928,
    49.23827648162842,
    50.141918659210205,
    49.962007999420166,
    50.65302848815918,
    51.83471441268921,
    51.8388032913208,
    52.39080190658569,
    53.02457809448242,
    51.6384482383728,
    51.03329420089722,
    50.485384464263916,
    50.26867389678955,
    49.98654127120972,
    46.99348211288452,
    46.39650583267212,
    43.57926845550537,
    47.40645885467529,
    41.16683006286621,
    38.84025812149048,
    38.083815574645996,
    36.70177459716797,
    36.24790906906128,
    35.258400440216064,
    36.95937395095825,
    30.80970048904419,
    28.928816318511963,
    28.37681770324707,
    36.50550842285156,
    29.758858680725098,
    26.30784511566162,
    23.363852500915527,
    21.89185619354248,
    21.22945785522461,
    19.965994358062744,
    18.322265148162842,
    18.992841243743896,
    18.060576915740967,
    16.711246967315674,
    18.669819831848145,
    18.00333261489868,
    16.081559658050537,
    17.72528886795044,
    16.396403312683105,
    16.392314434051514,
    16.743957996368408,
    19.02555227279663,
    48.60450029373169,
    47.63134717941284,
    20.579326152801514,
    22.828209400177002,
    22.182166576385498,
    25.412380695343018,
    49.99880790710449,
    29.231393337249756,
    26.888465881347656,
    29.480814933776855,
    30.269968509674072,
    31.349432468414307,
    32.63742923736572,
    33.144450187683105,
    35.01306772232056,
    36.70177459716797,
    36.91439628601074,
    40.23456573486328,
    42.24220514297485,
    42.97820329666138,
    43.13766956329346,
    43.358469009399414,
    45.23117542266846,
    45.19028663635254,
    46.37606143951416,
    46.80130481719971,
    47.98707962036133,
    50.505828857421875,
    49.95383024215698,
    50.15009641647339,
    50.644850730895996,
    52.17818021774292,
    50.984227657318115,
    51.008760929107666,
    51.00058317184448,
    51.36040449142456,
    52.20271348953247
  ],
  "timestamps": [
    0.0106964111328125,
    0.04156756401062012,
    0.07241535186767578,
    0.10329127311706543,
    0.13405871391296387,
    0.16481423377990723,
    0.19553732872009277,
    0.22623515129089355,
    0.25684428215026855,
    0.2873728275299072,
    0.3178677558898926,
    0.34830307960510254,
    0.37866854667663574,
    0.40904760360717773,
    0.4392585754394531,
    0.46948933601379395,
    0.499622106552124,
    0.529651403427124,
    0.5596303939819336,
    0.5896308422088623,
    0.6195027828216553,
    0.6492552757263184,
    0.6789929866790771,
    0.7087180614471436,
    0.7384054660797119,
    0.7679638862609863,
    0.7974746227264404,
    0.8268778324127197,
    0.8561511039733887,
    0.8853869438171387,
    0.9145734310150146,
    0.9439108371734619,
    0.973142147064209,
    1.0021007061004639,
    1.0309929847717285,
    1.059866189956665,
    1.0886540412902832,
    1.117368221282959,
    1.1460959911346436,
    1.1747691631317139,
    1.2034432888031006,
    1.23213791847229,
    1.2608165740966797,
    1.289435625076294,
    1.3180732727050781,
    1.346804141998291,
    1.3756508827209473,
    1.4047133922576904,
    1.4336216449737549,
    1.4626672267913818,
    1.491974115371704,
    1.5212674140930176,
    1.550553798675537,
    1.5799617767333984,
    1.6093430519104004,
    1.6389412879943848,
    1.6686394214630127,
    1.6983153820037842,
    1.728031873703003,
    1.7578318119049072,
    1.787781000137329,
    1.8184177875518799,
    1.8485603332519531,
    1.8788092136383057,
    1.9090559482574463,
    1.939394235610962,
    1.9697973728179932,
    2.0002143383026123,
    2.030693769454956,
    2.061156749725342,
    2.091658353805542,
    2.1222307682037354,
    2.1527979373931885,
    2.183399200439453,
    2.214035987854004,
    2.2445952892303467,
    2.275113105773926,
    2.3055925369262695,
    2.336055278778076,
    2.36649751663208,
    2.396775007247925,
    2.4270286560058594,
    2.4571120738983154,
    2.487419605255127,
    2.5173680782318115,
    2.54719877243042,
    2.576963424682617,
    2.6066510677337646,
    2.636343479156494,
    2.6661317348480225,
    2.6958980560302734,
    2.725248336791992,
    2.754481077194214,
    2.783734083175659,
    2.8134098052978516,
    2.84269380569458,
    2.8717703819274902,
    2.900679588317871,
    2.9294979572296143,
    2.958282232284546,
    2.9869863986968994,
    3.01566743850708,
    3.0443451404571533,
    3.072965621948242,
    3.1015067100524902,
    3.130150079727173,
    3.158745765686035,
    3.1872289180755615,
    3.215808629989624,
    3.24434232711792,
    3.2728445529937744,
    3.3013651371002197,
    3.3300299644470215,
    3.360459804534912,
    3.3907992839813232,
    3.419614791870117,
    3.448542356491089,
    3.477384567260742,
    3.5064163208007812,
    3.5368807315826416,
    3.5661349296569824,
    3.5952682495117188,
    3.624551773071289,
    3.6539077758789062,
    3.6833548545837402,
    3.712857961654663,
    3.742356061935425,
    3.7719509601593018,
    3.801649808883667,
    3.8314049243927,
    3.861294984817505,
    3.8913068771362305,
    3.921379566192627,
    3.9514451026916504,
    3.9815175533294678,
    4.011703252792358,
    4.0419042110443115,
    4.072157621383667,
    4.102429389953613,
    4.13277006149292,
    4.163256645202637,
    4.193718433380127,
    4.224227428436279,
    4.2547526359558105,
    4.285374402999878,
    4.315897226333618,
    4.346496343612671,
    4.377068996429443,
    4.407614707946777,
    4.438207626342773
  ]
}