{
  "gesture_id": 6,
  "gesture_name": "press_twice",
  "timestamp": "2025-12-24T14:58:49.987529",
  "sample_rate": 50,
  "duration": 3.0,
  "distances": [
    54.17764186859131,
    54.45159673690796,
    53.80146503448486,
    53.49479913711548,
    53.4334659576416,
    52.758800983428955,
    51.04556083679199,
    50.505828857421875,
    50.1950740814209,
    48.05659055709839,
    47.47188091278076,
    45.018553733825684,
    43.2153582572937,
    43.043625354766846,
    42.98229217529297,
    38.36185932159424,
    39.784789085388184,
    34.75137948989868,
    53.80146503448486,
    30.302679538726807,
    28.074240684509277,
    30.04099130630493,
    25.731313228607178,
    24.586427211761475,
    49.81480836868286,
    50.35454034805298,
    49.37729835510254,
    18.031954765319824,
    16.416847705841064,
    15.754449367523193,
    14.065742492675781,
    12.671434879302979,
    12.700057029724121,
    11.301660537719727,
    9.940063953399658,
    9.257221221923828,
    9.592509269714355,
    8.218646049499512,
    7.858824729919434,
    7.928335666656494,
    8.247268199920654,
    9.212243556976318,
    9.584331512451172,
    10.254907608032227,
    13.023078441619873,
    15.464138984680176,
    16.420936584472656,
    19.990527629852295,
    20.59568166732788,
    22.182166576385498,
    23.429274559020996,
    26.042068004608154,
    28.69166135787964,
    29.71796989440918,
    37.00026273727417,
    36.9839072227478,
    36.77537441253662,
    53.4334659576416,
    42.994558811187744,
    43.41162443161011,
    46.257483959198,
    56.66776895523071,
    49.65534210205078,
    48.41641187667847,
    49.483609199523926,
    50.36271810531616,
    52.075958251953125,
    53.07364463806152,
    53.94866466522217,
    54.81141805648804,
    55.54741621017456,
    55.68234920501709,
    56.831324100494385,
    55.21212816238403,
    53.76875400543213,
    52.24360227584839,
    49.67987537384033,
    49.69214200973511,
    46.82992696762085,
    45.65232992172241,
    45.6073522567749,
    41.64522886276245,
    38.15332651138306,
    36.05164289474487,
    33.209872245788574,
    31.578409671783447,
    29.521703720092773,
    27.48953104019165,
    27.497708797454834,
    22.82412052154541,
    45.43561935424805,
    19.34448480606079,
    17.692577838897705,
    17.414534091949463,
    15.750360488891602,
    14.372408390045166,
    13.023078441619873,
    10.962283611297607,
    9.923708438873291,
    9.890997409820557,
    8.926022052764893,
    8.917844295501709,
    8.226823806762695,
    9.253132343292236,
    8.917844295501709,
    10.643351078033447,
    12.655079364776611,
    13.689565658569336,
    14.073920249938965,
    16.38413667678833,
    20.898258686065674,
    25.449180603027344,
    43.05180311203003,
    24.590516090393066,
    25.723135471343994,
    28.663039207458496,
    29.730236530303955,
    31.30854368209839,
    33.72915983200073,
    36.06799840927124,
    37.4336838722229,
    38.84843587875366,
    43.00273656845093,
    44.200778007507324,
    45.2107310295105,
    45.26797533035278,
    46.0080623626709,
    47.639524936676025,
    48.228323459625244,
    49.2955207824707,
    50.3422737121582,
    51.42991542816162,
    52.41124629974365,
    55.15897274017334,
    54.467952251434326,
    56.04217052459717,
    56.512391567230225,
    56.81905746459961,
    56.68412446975708,
    58.376920223236084,
    59.00660753250122,
    58.491408824920654,
    56.81496858596802,
    58.086609840393066,
    59.493184089660645,
    58.66314172744751,
    59.4645619392395,
    60.23327112197876,
    58.80625247955322,
    60.09424924850464
  ],
  "timestamps": [
    0.010614633560180664,
    0.04153561592102051,
    0.07240819931030273,
    0.10319018363952637,
    0.13390183448791504,
    0.1645200252532959,
    0.19502997398376465,
    0.22551798820495605,
    0.2559988498687744,
    0.28636932373046875,
    0.316727876663208,
    0.3469080924987793,
    0.3769516944885254,
    0.40700864791870117,
    0.4370419979095459,
    0.46682262420654297,
    0.49666547775268555,
    0.5262343883514404,
    0.5568997859954834,
    0.5862107276916504,
    0.6153700351715088,
    0.6446707248687744,
    0.6737346649169922,
    0.7027368545532227,
    0.7331883907318115,
    0.7636837959289551,
    0.7941234111785889,
    0.8227391242980957,
    0.8512263298034668,
    0.8796939849853516,
    0.9080595970153809,
    0.9363424777984619,
    0.9646437168121338,
    0.9928772449493408,
    1.0210211277008057,
    1.0491828918457031,
    1.0773839950561523,
    1.1054246425628662,
    1.1334497928619385,
    1.1614749431610107,
    1.1895263195037842,
    1.2176332473754883,
    1.2457590103149414,
    1.27394700050354,
    1.3022990226745605,
    1.3307499885559082,
    1.359299898147583,
    1.388033390045166,
    1.4168031215667725,
    1.445669412612915,
    1.4745957851409912,
    1.5036473274230957,
    1.5328683853149414,
    1.5621495246887207,
    1.5918333530426025,
    1.6215341091156006,
    1.6512186527252197,
    1.6818606853485107,
    1.7119100093841553,
    1.741969108581543,
    1.772348165512085,
    1.8032128810882568,
    1.8336372375488281,
    1.8640062808990479,
    1.8944156169891357,
    1.9248921871185303,
    1.9554743766784668,
    1.9861183166503906,
    2.016817569732666,
    2.047571897506714,
    2.078489303588867,
    2.109276294708252,
    2.1401429176330566,
    2.1708977222442627,
    2.201570987701416,
    2.232149600982666,
    2.262556791305542,
    2.29302716255188,
    2.3233346939086914,
    2.3535258769989014,
    2.3837311267852783,
    2.413686752319336,
    2.443455934524536,
    2.47308611869812,
    2.502567768096924,
    2.531938076019287,
    2.561204195022583,
    2.590405225753784,
    2.619556188583374,
    2.6484508514404297,
    2.678662061691284,
    2.707317590713501,
    2.7358996868133545,
    2.764467239379883,
    2.792947292327881,
    2.8213443756103516,
    2.84964919090271,
    2.8778343200683594,
    2.9060182571411133,
    2.9342575073242188,
    2.962324619293213,
    2.9904136657714844,
    3.0184359550476074,
    3.0465893745422363,
    3.0747532844543457,
    3.1029579639434814,
    3.131256580352783,
    3.1596086025238037,
    3.187976837158203,
    3.2164876461029053,
    3.245278835296631,
    3.274351119995117,
    3.3044259548187256,
    3.333418607711792,
    3.3624658584594727,
    3.391662359237671,
    3.4209511280059814,
    3.450340509414673,
    3.479853868484497,
    3.5095224380493164,
    3.539316177368164,
    3.569126844406128,
    3.5991742610931396,
    3.6292941570281982,
    3.6594719886779785,
    3.6896519660949707,
    3.719874858856201,
    3.7502076625823975,
    3.780590534210205,
    3.8110220432281494,
    3.841506242752075,
    3.872044801712036,
    3.9026412963867188,
    3.933419942855835,
    3.964143753051758,
    3.994957208633423,
    4.025808811187744,
    4.056801080703735,
    4.0876758098602295,
    4.118627548217773,
    4.149609565734863,
    4.180571794509888,
    4.211430549621582,
    4.242364168167114,
    4.273383855819702,
    4.304377317428589,
    4.3353965282440186,
    4.366496324539185,
    4.397463321685791,
    4.428495168685913
  ]
}