{
  "gesture_id": 6,
  "gesture_name": "press_twice",
  "timestamp": "2025-12-24T14:58:03.825025",
  "sample_rate": 50,
  "duration": 3.0,
  "distances": [
    56.63914680480957,
    58.34012031555176,
    56.63096904754639,
    56.6227912902832,
    54.786884784698486,
    56.765902042388916,
    55.9767484664917,
    56.328392028808594,
    55.29799461364746,
    54.263508319854736,
    53.5847544670105,
    53.33942174911499,
    52.394890785217285,
    49.96609687805176,
    49.97427463531494,
    49.778008460998535,
    46.797215938568115,
    46.2084174156189,
    42.94140338897705,
    41.1218523979187,
    40.8724308013916,
    39.05287981033325,
    53.09408903121948,
    36.95937395095825,
    33.189427852630615,
    31.06321096420288,
    30.772900581359863,
    29.76294755935669,
    26.90073251724243,
    27.78801918029785,
    27.493619918823242,
    49.93338584899902,
    19.31995153427124,
    17.34093427658081,
    16.40866994857788,
    16.122448444366455,
    14.401030540466309,
    13.362455368041992,
    17.095601558685303,
    11.591970920562744,
    11.612415313720703,
    12.683701515197754,
    36.26835346221924,
    35.51599979400635,
    20.612037181854248,
    16.13062620162964,
    49.78618621826172,
    17.058801651000977,
    16.4495587348938,
    16.061115264892578,
    15.431427955627441,
    20.264482498168945,
    17.394089698791504,
    18.68208646774292,
    22.227144241333008,
    25.46553611755371,
    26.929354667663574,
    29.202771186828613,
    32.36347436904907,
    33.90089273452759,
    36.260175704956055,
    38.398659229278564,
    43.82869005203247,
    43.01091432571411,
    46.20023965835571,
    48.22423458099365,
    49.07881021499634,
    51.02102756500244,
    51.008760929107666,
    51.51169300079346,
    52.70564556121826,
    53.77284288406372,
    54.623329639434814,
    55.126261711120605,
    55.09355068206787,
    55.27346134185791,
    55.150794982910156,
    54.14084196090698,
    53.58884334564209,
    51.50351524353027,
    49.81480836868286,
    47.619080543518066,
    47.19792604446411,
    44.364333152770996,
    43.816423416137695,
    39.514923095703125,
    36.93075180053711,
    36.01893186569214,
    35.22977828979492,
    32.33894109725952,
    29.501259326934814,
    49.618542194366455,
    30.020546913146973,
    22.227144241333008,
    19.61435079574585,
    19.31995153427124,
    18.65755319595337,
    16.776669025421143,
    16.06929302215576,
    14.04120922088623,
    12.655079364776611,
    10.647439956665039,
    11.322104930877686,
    10.250818729400635,
    9.224510192871094,
    10.291707515716553,
    11.313927173614502,
    12.655079364776611,
    16.43320322036743,
    16.073381900787354,
    17.071068286895752,
    17.08742380142212,
    19.336307048797607,
    22.25167751312256,
    23.388385772705078,
    26.9170880317688,
    30.26179075241089,
    33.41022729873657,
    35.49555540084839,
    37.445950508117676,
    39.2777681350708,
    41.84149503707886,
    45.38246393203735,
    46.60912752151489,
    46.79312705993652,
    49.43045377731323,
    50.325918197631836,
    54.73372936248779,
    55.281639099121094,
    56.602346897125244,
    54.45977449417114,
    55.45337200164795,
    56.76999092102051,
    56.61870241165161,
    57.77994394302368,
    56.76999092102051,
    56.89674615859985,
    56.80270195007324,
    59.08020734786987,
    57.514166831970215,
    58.450520038604736,
    58.29514265060425,
    58.04572105407715,
    57.75541067123413,
    59.652650356292725,
    59.35007333755493,
    57.78403282165527,
    57.89034366607666,
    58.450520038604736,
    59.92251634597778
  ],
  "timestamps": [
    0.01080179214477539,
    0.041875362396240234,
    0.07282829284667969,
    0.10379505157470703,
    0.13460040092468262,
    0.16548657417297363,
    0.19634175300598145,
    0.22725296020507812,
    0.25812435150146484,
    0.288923978805542,
    0.31961727142333984,
    0.35027337074279785,
    0.380875825881958,
    0.4113330841064453,
    0.4418008327484131,
    0.4722447395324707,
    0.5025551319122314,
    0.5328154563903809,
    0.5628855228424072,
    0.5928351879119873,
    0.622765064239502,
    0.652599573135376,
    0.6832449436187744,
    0.7129452228546143,
    0.7424235343933105,
    0.7717857360839844,
    0.8011264801025391,
    0.8304088115692139,
    0.8595261573791504,
    0.8886947631835938,
    0.917844295501709,
    0.9483242034912109,
    0.976999044418335,
    1.0055546760559082,
    1.0340588092803955,
    1.0625615119934082,
    1.0909502506256104,
    1.1192753314971924,
    1.147824764251709,
    1.1760690212249756,
    1.204313039779663,
    1.2326414585113525,
    1.2624049186706543,
    1.292060375213623,
    1.3208370208740234,
    1.3493475914001465,
    1.3798279762268066,
    1.4083943367004395,
    1.4369196891784668,
    1.4654452800750732,
    1.493906021118164,
    1.522637128829956,
    1.5512661933898926,
    1.579913854598999,
    1.6087818145751953,
    1.6378355026245117,
    1.6669631004333496,
    1.696221113204956,
    1.725635290145874,
    1.755190134048462,
    1.7849252223968506,
    1.8147411346435547,
    1.8448755741119385,
    1.8749229907989502,
    1.9051790237426758,
    1.9355299472808838,
    1.9659459590911865,
    1.996471643447876,
    2.026972770690918,
    2.0575530529022217,
    2.0882270336151123,
    2.1189491748809814,
    2.1497130393981934,
    2.180504083633423,
    2.211300849914551,
    2.2422897815704346,
    2.2731573581695557,
    2.303903341293335,
    2.334577798843384,
    2.365135431289673,
    2.3955752849578857,
    2.4258999824523926,
    2.456211566925049,
    2.4863452911376953,
    2.5164475440979004,
    2.5462801456451416,
    2.5759828090667725,
    2.605609893798828,
    2.6352124214172363,
    2.664623498916626,
    2.693876028060913,
    2.724315643310547,
    2.7535951137542725,
    2.782435655593872,
    2.8111233711242676,
    2.839815378189087,
    2.8684611320495605,
    2.897012948989868,
    2.9255361557006836,
    2.9539313316345215,
    2.982238292694092,
    3.0104289054870605,
    3.0386781692504883,
    3.0668609142303467,
    3.094985008239746,
    3.123189926147461,
    3.151425361633301,
    3.179732322692871,
    3.2082736492156982,
    3.236868381500244,
    3.265532970428467,
    3.294168710708618,
    3.322964668273926,
    3.3518483638763428,
    3.3808016777038574,
    3.4099416732788086,
    3.439289093017578,
    3.468810558319092,
    3.4984548091888428,
    3.5282087326049805,
    3.558072328567505,
    3.5880837440490723,
    3.6183252334594727,
    3.648613691329956,
    3.6789119243621826,
    3.709357738494873,
    3.7398579120635986,
    3.7706146240234375,
    3.801410675048828,
    3.8322982788085938,
    3.8630435466766357,
    3.8938512802124023,
    3.924729108810425,
    3.9555916786193848,
    3.9865164756774902,
    4.017376899719238,
    4.048263311386108,
    4.07914662361145,
    4.1101765632629395,
    4.141111373901367,
    4.172091007232666,
    4.203056812286377,
    4.234037399291992,
    4.265051603317261,
    4.296097755432129,
    4.327108860015869,
    4.3580546379089355,
    4.388987064361572,
    4.419958114624023,
    4.45102858543396
  ]
}