{
  "gesture_id": 6,
  "gesture_name": "press_twice",
  "timestamp": "2025-12-23T16:06:10.686534",
  "sample_rate": 50,
  "duration": 3.0,
  "distances": [
    44.76504325866699,
    44.7609543800354,
    44.40113306045532,
    47.0057487487793,
    45.37019729614258,
    46.78494930267334,
    44.75686550140381,
    50.78387260437012,
    45.34975290298462,
    43.726468086242676,
    43.158113956451416,
    42.23402738571167,
    41.5716290473938,
    41.7719841003418,
    38.558125495910645,
    36.90212965011597,
    34.92720127105713,
    33.1485390663147,
    31.30854368209839,
    29.476726055145264,
    28.634417057037354,
    27.460908889770508,
    25.43691396713257,
    23.98536205291748,
    21.20492458343506,
    20.25630474090576,
    18.98057460784912,
    17.328667640686035,
    16.707158088684082,
    17.083334922790527,
    17.06697940826416,
    15.758538246154785,
    15.038895606994629,
    12.282991409301758,
    13.685476779937744,
    12.986278533935547,
    14.687252044677734,
    14.024853706359863,
    14.049386978149414,
    14.711785316467285,
    14.38058614730835,
    15.357828140258789,
    18.040132522583008,
    19.27497386932373,
    20.873725414276123,
    22.52563238143921,
    26.05842351913452,
    25.134336948394775,
    29.48899269104004,
    29.71796989440918,
    29.975569248199463,
    31.598854064941406,
    33.91315937042236,
    35.7408881187439,
    38.77483606338501,
    38.78301382064819,
    40.16505479812622,
    42.28309392929077,
    41.788339614868164,
    43.522024154663086,
    42.95775890350342,
    43.96771192550659,
    45.954906940460205,
    46.58050537109375,
    47.56592512130737,
    49.74938631057739,
    48.7476110458374,
    49.24236536026001,
    49.90885257720947,
    49.90067481994629,
    49.598097801208496,
    49.76983070373535,
    48.387789726257324,
    46.80130481719971,
    45.77908515930176,
    43.722379207611084,
    42.520248889923096,
    42.270827293395996,
    42.7165150642395,
    45.362019538879395,
    35.99439859390259,
    35.761332511901855,
    36.010754108428955,
    31.31263256072998,
    29.210948944091797,
    28.086507320404053,
    29.99192476272583,
    25.428736209869385,
    22.202610969543457,
    21.20492458343506,
    19.965994358062744,
    19.59390640258789,
    21.581101417541504,
    18.031954765319824,
    17.676222324371338,
    19.626617431640625,
    16.093826293945312,
    15.758538246154785,
    18.334531784057617,
    14.368319511413574,
    16.118359565734863,
    50.141918659210205,
    48.03614616394043,
    49.78618621826172,
    16.122448444366455,
    49.63489770889282,
    16.40458106994629,
    48.62494468688965,
    16.08973741531372,
    17.02200174331665,
    16.073381900787354,
    16.097915172576904,
    18.988752365112305,
    18.350887298583984,
    20.922791957855225,
    23.089897632598877,
    24.251139163970947,
    26.332378387451172,
    29.21503782272339,
    30.826056003570557,
    31.296277046203613,
    32.37574100494385,
    33.688271045684814,
    34.97217893600464,
    36.260175704956055,
    36.46053075790405,
    38.77483606338501,
    38.558125495910645,
    39.98105525970459,
    40.856075286865234,
    41.36718511581421,
    42.29536056518555,
    43.55882406234741,
    45.227086544036865,
    44.59739923477173,
    45.15348672866821,
    46.17161750793457,
    46.776771545410156,
    47.77036905288696,
    48.78032207489014,
    48.38370084762573,
    49.76574182510376,
    49.393653869628906,
    49.38138723373413,
    49.73711967468262,
    50.411784648895264,
    51.9900918006897,
    52.17409133911133,
    52.33355760574341,
    54.57017421722412
  ],
  "timestamps": [
    0.010070562362670898,
    0.04033970832824707,
    0.07053661346435547,
    0.10088777542114258,
    0.13109731674194336,
    0.16138362884521484,
    0.19152450561523438,
    0.22199320793151855,
    0.25217199325561523,
    0.2822763919830322,
    0.31232595443725586,
    0.3423445224761963,
    0.3723125457763672,
    0.4022951126098633,
    0.4320943355560303,
    0.46179819107055664,
    0.4914112091064453,
    0.5210599899291992,
    0.5505015850067139,
    0.5797851085662842,
    0.609001636505127,
    0.638153076171875,
    0.6671791076660156,
    0.6961195468902588,
    0.7249035835266113,
    0.7536296844482422,
    0.7822837829589844,
    0.8108398914337158,
    0.8393712043762207,
    0.8679444789886475,
    0.8965060710906982,
    0.9249930381774902,
    0.953441858291626,
    0.981727123260498,
    1.0100886821746826,
    1.0384116172790527,
    1.0668318271636963,
    1.095224142074585,
    1.1236095428466797,
    1.152033805847168,
    1.1804308891296387,
    1.2088892459869385,
    1.237504005432129,
    1.266188383102417,
    1.294956922531128,
    1.3238120079040527,
    1.3529276847839355,
    1.3819890022277832,
    1.4112763404846191,
    1.4405744075775146,
    1.4698801040649414,
    1.4993486404418945,
    1.5290393829345703,
    1.558717966079712,
    1.5885488986968994,
    1.6183626651763916,
    1.648240089416504,
    1.6782548427581787,
    1.7082242965698242,
    1.738309621810913,
    1.7683436870574951,
    1.7984580993652344,
    1.8286733627319336,
    1.8589661121368408,
    1.8892943859100342,
    1.9197299480438232,
    1.9501216411590576,
    1.980520486831665,
    2.0109827518463135,
    2.041445255279541,
    2.071868419647217,
    2.102320909500122,
    2.1326706409454346,
    2.1629488468170166,
    2.193209409713745,
    2.2232954502105713,
    2.2533063888549805,
    2.2833170890808105,
    2.3133704662323,
    2.34356427192688,
    2.373230457305908,
    2.4028751850128174,
    2.432522773742676,
    2.4618988037109375,
    2.4911751747131348,
    2.520474672317505,
    2.5501224994659424,
    2.5795273780822754,
    2.6084237098693848,
    2.6372225284576416,
    2.6659369468688965,
    2.694631338119507,
    2.723435401916504,
    2.7520339488983154,
    2.780611991882324,
    2.809324264526367,
    2.8378055095672607,
    2.8662688732147217,
    2.8948938846588135,
    2.9233028888702393,
    2.9518089294433594,
    2.982297420501709,
    3.0127062797546387,
    3.043179512023926,
    3.0716664791107178,
    3.102102518081665,
    3.130601167678833,
    3.160977840423584,
    3.189483404159546,
    3.2180211544036865,
    3.2465014457702637,
    3.2749826908111572,
    3.303640127182007,
    3.3322551250457764,
    3.361017942428589,
    3.389906644821167,
    3.418879747390747,
    3.4479598999023438,
    3.477208137512207,
    3.506577491760254,
    3.536050796508789,
    3.565551519393921,
    3.595120668411255,
    3.624737501144409,
    3.6544275283813477,
    3.6841022968292236,
    3.7139077186584473,
    3.743704319000244,
    3.773590326309204,
    3.803553581237793,
    3.833510160446167,
    3.8635194301605225,
    3.8936045169830322,
    3.9237823486328125,
    3.953923463821411,
    3.9840970039367676,
    4.014328956604004,
    4.044599771499634,
    4.074923753738403,
    4.1053147315979,
    4.135681629180908,
    4.166125297546387,
    4.196548223495483,
    4.226988077163696,
    4.2574334144592285,
    4.287916898727417,
    4.318496465682983,
    4.3490822315216064,
    4.37967848777771,
    4.410425901412964
  ]
}