{
  "gesture_id": 6,
  "gesture_name": "press_twice",
  "timestamp": "2025-12-24T15:04:06.163859",
  "sample_rate": 50,
  "duration": 3.0,
  "distances": [
    63.47984075546265,
    64.44481611251831,
    63.47166299819946,
    63.3530855178833,
    63.365352153778076,
    62.35131025314331,
    62.06099987030029,
    60.654425621032715,
    59.403228759765625,
    57.54278898239136,
    56.81905746459961,
    55.16306161880493,
    53.76466512680054,
    51.94920301437378,
    49.83934164047241,
    48.637211322784424,
    50.207340717315674,
    44.60557699203491,
    42.09909439086914,
    39.2777681350708,
    38.14105987548828,
    36.29697561264038,
    36.09253168106079,
    33.667826652526855,
    31.08365535736084,
    29.78748083114624,
    29.28863763809204,
    52.44395732879639,
    22.50518798828125,
    21.270346641540527,
    19.929194450378418,
    19.63479518890381,
    18.68208646774292,
    16.756224632263184,
    14.707696437835693,
    12.0131254196167,
    10.610640048980713,
    8.733844757080078,
    8.881044387817383,
    16.11018180847168,
    5.8879852294921875,
    4.30150032043457,
    4.951632022857666,
    3.9743900299072266,
    4.2769670486450195,
    4.289233684539795,
    4.313766956329346,
    4.923009872436523,
    5.91660737991333,
    7.564425468444824,
    8.53348970413208,
    10.639262199401855,
    12.291169166564941,
    16.445469856262207,
    16.445469856262207,
    18.371331691741943,
    22.25576639175415,
    24.00580644607544,
    27.779841423034668,
    29.525792598724365,
    32.935917377471924,
    36.30106449127197,
    36.74675226211548,
    39.290034770965576,
    42.29536056518555,
    44.000422954559326,
    46.44966125488281,
    49.683964252471924,
    50.83702802658081,
    53.29035520553589,
    55.486083030700684,
    62.318599224090576,
    57.81674385070801,
    58.785808086395264,
    61.51309013366699,
    61.7584228515625,
    62.17139959335327,
    61.74206733703613,
    62.23273277282715,
    61.66846752166748,
    62.07735538482666,
    61.881089210510254,
    60.93655824661255,
    60.93246936798096,
    59.38687324523926,
    57.534611225128174,
    56.82723522186279,
    56.81905746459961,
    54.2798638343811,
    50.530362129211426,
    48.65356683731079,
    47.341036796569824,
    44.83046531677246,
    41.882383823394775,
    39.784789085388184,
    36.5382194519043,
    34.23209190368652,
    57.35061168670654,
    58.07843208312988,
    54.32075262069702,
    28.953349590301514,
    26.017534732818604,
    22.178077697753906,
    21.581101417541504,
    35.29520034790039,
    15.77080488204956,
    15.067517757415771,
    12.03765869140625,
    9.584331512451172,
    8.917844295501709,
    8.21455717086792,
    7.89562463760376,
    6.251895427703857,
    5.593585968017578,
    6.6117167472839355,
    5.900251865386963,
    18.027865886688232,
    7.188248634338379,
    8.19002389907837,
    7.543981075286865,
    8.222734928131104,
    10.610640048980713,
    13.710010051727295,
    16.11427068710327,
    18.379509449005127,
    21.564745903015137,
    25.449180603027344,
    29.26410436630249,
    30.3067684173584,
    37.45003938674927,
    36.07208728790283,
    38.15332651138306,
    41.379451751708984,
    44.409310817718506,
    46.26157283782959,
    49.074721336364746,
    50.03151893615723,
    52.942800521850586,
    52.75062322616577,
    53.825998306274414,
    55.16715049743652,
    56.671857833862305,
    57.93941020965576,
    60.813891887664795,
    61.48855686187744,
    61.79931163787842,
    62.23273277282715,
    62.882864475250244,
    64.17495012283325,
    64.04001712799072
  ],
  "timestamps": [
    0.011145591735839844,
    0.04255533218383789,
    0.07384514808654785,
    0.1051177978515625,
    0.13639044761657715,
    0.16765117645263672,
    0.19881272315979004,
    0.22986793518066406,
    0.26087498664855957,
    0.29178905487060547,
    0.32263612747192383,
    0.3534355163574219,
    0.38414692878723145,
    0.41471052169799805,
    0.44518017768859863,
    0.47561120986938477,
    0.5060610771179199,
    0.5361974239349365,
    0.5661764144897461,
    0.596019983291626,
    0.6257703304290771,
    0.6554536819458008,
    0.6850879192352295,
    0.7146005630493164,
    0.7439801692962646,
    0.7733006477355957,
    0.8025598526000977,
    0.8331751823425293,
    0.8621165752410889,
    0.8910837173461914,
    0.9201502799987793,
    0.9489376544952393,
    0.9776067733764648,
    1.0061781406402588,
    1.034613847732544,
    1.0629191398620605,
    1.0911126136779785,
    1.119178056716919,
    1.147268295288086,
    1.1757781505584717,
    1.2036948204040527,
    1.2315194606781006,
    1.2593762874603271,
    1.2871966361999512,
    1.315016269683838,
    1.3428363800048828,
    1.3706550598144531,
    1.3985347747802734,
    1.4264554977416992,
    1.454465389251709,
    1.482529878616333,
    1.5107207298278809,
    1.5390090942382812,
    1.5675327777862549,
    1.5960817337036133,
    1.6247210502624512,
    1.653587818145752,
    1.6825618743896484,
    1.7117443084716797,
    1.7410187721252441,
    1.7705028057098389,
    1.8001658916473389,
    1.8298606872558594,
    1.8597385883331299,
    1.889930009841919,
    1.9200670719146729,
    1.950336217880249,
    1.980783462524414,
    2.0113000869750977,
    2.041959762573242,
    2.0727431774139404,
    2.1039233207702637,
    2.1348328590393066,
    2.1657893657684326,
    2.196899175643921,
    2.2280373573303223,
    2.2592151165008545,
    2.2903623580932617,
    2.32155179977417,
    2.352694272994995,
    2.3838579654693604,
    2.4150123596191406,
    2.44610857963562,
    2.477191686630249,
    2.5081799030303955,
    2.5390706062316895,
    2.569934844970703,
    2.6007943153381348,
    2.6315066814422607,
    2.661994457244873,
    2.692373037338257,
    2.722681760787964,
    2.752842664718628,
    2.7828292846679688,
    2.812692165374756,
    2.84236478805542,
    2.871954917907715,
    2.902918577194214,
    2.933905601501465,
    2.964621067047119,
    2.993865728378296,
    3.0229337215423584,
    3.0517737865448,
    3.0805742740631104,
    3.110177516937256,
    3.1386382579803467,
    3.1671061515808105,
    3.1953513622283936,
    3.2234580516815186,
    3.2515363693237305,
    3.2795839309692383,
    3.307612657546997,
    3.3355422019958496,
    3.3634321689605713,
    3.3913838863372803,
    3.419295072555542,
    3.4479382038116455,
    3.475929021835327,
    3.5039749145507812,
    3.531982183456421,
    3.5600292682647705,
    3.5882110595703125,
    3.616577625274658,
    3.645080327987671,
    3.6737194061279297,
    3.7025437355041504,
    3.7315938472747803,
    3.7608680725097656,
    3.790210723876953,
    3.8199658393859863,
    3.849639654159546,
    3.879448890686035,
    3.909465789794922,
    3.9396164417266846,
    3.9698569774627686,
    4.000274658203125,
    4.0307230949401855,
    4.061375379562378,
    4.092000246047974,
    4.122679710388184,
    4.153445243835449,
    4.184299945831299,
    4.215196847915649,
    4.246270656585693,
    4.27742862701416,
    4.30854058265686,
    4.339694976806641,
    4.370906114578247,
    4.402176380157471,
    4.433446168899536
  ]
}