{
  "gesture_id": 6,
  "gesture_name": "press_twice",
  "timestamp": "2025-12-23T16:12:49.314764",
  "sample_rate": 50,
  "duration": 3.0,
  "distances": [
    57.0725679397583,
    56.647324562072754,
    56.65550231933594,
    56.61870241165161,
    56.516480445861816,
    56.80270195007324,
    56.63505792617798,
    56.50830268859863,
    56.34474754333496,
    56.01763725280762,
    55.126261711120605,
    55.469727516174316,
    54.81959581375122,
    53.899598121643066,
    52.87737846374512,
    52.69746780395508,
    50.88200569152832,
    49.82707500457764,
    49.459075927734375,
    47.226548194885254,
    46.82992696762085,
    45.8077073097229,
    44.19260025024414,
    43.75509023666382,
    41.6206955909729,
    41.16274118423462,
    39.95652198791504,
    39.310479164123535,
    36.95119619369507,
    35.785865783691406,
    35.26657819747925,
    33.667826652526855,
    33.4470272064209,
    32.645606994628906,
    31.33307695388794,
    29.51761484146118,
    30.548012256622314,
    28.03744077682495,
    25.175225734710693,
    23.948562145233154,
    24.25522804260254,
    22.223055362701416,
    24.30429458618164,
    21.24990224838257,
    21.20492458343506,
    20.587503910064697,
    20.264482498168945,
    22.509276866912842,
    21.89185619354248,
    22.832298278808594,
    27.78393030166626,
    27.767574787139893,
    50.65302848815918,
    29.795658588409424,
    49.85569715499878,
    33.140361309051514,
    33.88044834136963,
    35.25022268295288,
    36.77128553390503,
    39.99741077423096,
    40.4758095741272,
    41.837406158447266,
    44.409310817718506,
    47.66814708709717,
    48.61267805099487,
    48.665833473205566,
    49.85160827636719,
    50.845205783843994,
    52.2395133972168,
    53.11862230300903,
    53.392577171325684,
    53.76875400543213,
    54.304397106170654,
    54.06724214553833,
    54.61924076080322,
    54.2798638343811,
    53.257644176483154,
    52.76288986206055,
    52.051424980163574,
    52.02280282974243,
    49.843430519104004,
    47.64361381530762,
    47.635436058044434,
    45.860862731933594,
    42.994558811187744,
    41.11776351928711,
    38.37003707885742,
    36.95528507232666,
    35.00080108642578,
    33.1485390663147,
    31.361699104309082,
    30.826056003570557,
    28.949260711669922,
    27.46908664703369,
    24.27976131439209,
    49.683964252471924,
    22.501099109649658,
    23.114430904388428,
    19.986438751220703,
    19.31995153427124,
    19.642972946166992,
    49.81480836868286,
    50.01107454299927,
    50.33000707626343,
    23.126697540283203,
    49.638986587524414,
    21.904122829437256,
    28.360462188720703,
    24.018073081970215,
    25.723135471343994,
    29.227304458618164,
    29.775214195251465,
    30.793344974517822,
    32.63334035873413,
    34.4937801361084,
    37.920260429382324,
    39.48221206665039,
    40.651631355285645,
    42.062294483184814,
    42.53251552581787,
    43.37891340255737,
    45.39881944656372,
    46.2084174156189,
    47.001659870147705,
    49.06245470046997,
    49.65534210205078,
    51.02102756500244,
    50.235962867736816,
    50.3422737121582,
    51.50351524353027,
    52.21906900405884,
    52.91008949279785,
    53.27399969100952,
    53.92413139343262,
    54.65195178985596,
    55.649638175964355,
    56.626880168914795,
    57.05212354660034,
    56.765902042388916,
    56.79043531417847,
    56.7740797996521,
    60.20464897155762,
    57.36696720123291,
    57.2238564491272,
    56.86812400817871,
    57.21158981323242,
    58.09478759765625,
    58.06616544723511,
    57.6204776763916,
    57.244300842285156
  ],
  "timestamps": [
    0.011441230773925781,
    0.04243946075439453,
    0.07334208488464355,
    0.10423564910888672,
    0.13509821891784668,
    0.1659679412841797,
    0.19684076309204102,
    0.2276906967163086,
    0.25853443145751953,
    0.2893550395965576,
    0.3201277256011963,
    0.35088467597961426,
    0.3816192150115967,
    0.41233086585998535,
    0.44295287132263184,
    0.47357702255249023,
    0.504115104675293,
    0.5345532894134521,
    0.5649869441986084,
    0.5952956676483154,
    0.6255593299865723,
    0.6557793617248535,
    0.685884952545166,
    0.7159864902496338,
    0.7459449768066406,
    0.7758924961090088,
    0.8057551383972168,
    0.8355991840362549,
    0.8652899265289307,
    0.894920825958252,
    0.9245023727416992,
    0.9540894031524658,
    0.9837651252746582,
    1.0132615566253662,
    1.0426812171936035,
    1.0719623565673828,
    1.1013035774230957,
    1.1304962635040283,
    1.159545660018921,
    1.1884939670562744,
    1.217458724975586,
    1.2463107109069824,
    1.2753019332885742,
    1.3041102886199951,
    1.3329112529754639,
    1.3616728782653809,
    1.390404224395752,
    1.4192659854888916,
    1.4480981826782227,
    1.476996898651123,
    1.5061852931976318,
    1.5353732109069824,
    1.565887212753296,
    1.5951826572418213,
    1.6256351470947266,
    1.6551141738891602,
    1.6846592426300049,
    1.7142596244812012,
    1.7439513206481934,
    1.7738518714904785,
    1.8037583827972412,
    1.8337464332580566,
    1.8638935089111328,
    1.8942227363586426,
    1.924616813659668,
    1.9550983905792236,
    1.98563814163208,
    2.016185998916626,
    2.046787977218628,
    2.0774381160736084,
    2.1081135272979736,
    2.138803005218506,
    2.169512987136841,
    2.200221061706543,
    2.2309558391571045,
    2.2616653442382812,
    2.2923316955566406,
    2.3229548931121826,
    2.3535382747650146,
    2.384119749069214,
    2.4145736694335938,
    2.4449007511138916,
    2.4752261638641357,
    2.505444049835205,
    2.535496234893799,
    2.5654451847076416,
    2.5952348709106445,
    2.6249353885650635,
    2.6545228958129883,
    2.684000015258789,
    2.713374614715576,
    2.7427165508270264,
    2.7719509601593018,
    2.8011012077331543,
    2.8300623893737793,
    2.860503673553467,
    2.8893637657165527,
    2.9182567596435547,
    2.9470279216766357,
    2.9759159088134766,
    3.004654884338379,
    3.0351176261901855,
    3.0655791759490967,
    3.096076011657715,
    3.1249802112579346,
    3.1554203033447266,
    3.18424916267395,
    3.213447093963623,
    3.2423975467681885,
    3.2714428901672363,
    3.3006932735443115,
    3.3299789428710938,
    3.359320640563965,
    3.388827323913574,
    3.4184181690216064,
    3.4481961727142334,
    3.4780709743499756,
    3.507997989654541,
    3.5379984378814697,
    3.5680246353149414,
    3.5981059074401855,
    3.6282999515533447,
    3.658545732498169,
    3.688833475112915,
    3.719243049621582,
    3.7496821880340576,
    3.780200719833374,
    3.8106796741485596,
    3.841174602508545,
    3.871725082397461,
    3.90232515335083,
    3.9329473972320557,
    3.963632822036743,
    3.994385004043579,
    4.0251381397247314,
    4.055947780609131,
    4.086807012557983,
    4.117688894271851,
    4.148550987243652,
    4.1794092655181885,
    4.210270881652832,
    4.241365909576416,
    4.272258520126343,
    4.303122282028198,
    4.33399772644043,
    4.364880561828613,
    4.395815849304199,
    4.42674446105957,
    4.4576592445373535,
    4.488542795181274
  ]
}