{
  "gesture_id": 6,
  "gesture_name": "press_twice",
  "timestamp": "2025-12-24T14:59:06.001405",
  "sample_rate": 50,
  "duration": 3.0,
  "distances": [
    57.011234760284424,
    56.81905746459961,
    56.78225755691528,
    56.65550231933594,
    56.98261260986328,
    56.80270195007324,
    57.65727758407593,
    56.66776895523071,
    56.013548374176025,
    54.63559627532959,
    53.95275354385376,
    52.73017883300781,
    51.029205322265625,
    49.67987537384033,
    47.275614738464355,
    45.635974407196045,
    43.82051229476929,
    43.19491386413574,
    43.21126937866211,
    53.47435474395752,
    36.97981834411621,
    35.262489318847656,
    37.441861629486084,
    31.9014310836792,
    30.33130168914795,
    49.62671995162964,
    53.0859112739563,
    27.792108058929443,
    50.87382793426514,
    24.880826473236084,
    21.290791034698486,
    19.328129291534424,
    18.036043643951416,
    16.756224632263184,
    16.43320322036743,
    14.38058614730835,
    12.663257122039795,
    13.374722003936768,
    16.4495587348938,
    10.647439956665039,
    10.94592809677124,
    10.586106777191162,
    8.889222145080566,
    10.667884349822998,
    10.631084442138672,
    10.9663724899292,
    15.42733907699585,
    16.097915172576904,
    19.487595558166504,
    18.68617534637451,
    22.214877605438232,
    28.429973125457764,
    28.094685077667236,
    29.210948944091797,
    31.58658742904663,
    35.79813241958618,
    36.27244234085083,
    38.6317253112793,
    39.29412364959717,
    42.79829263687134,
    43.22762489318848,
    45.83632946014404,
    50.01516342163086,
    50.006985664367676,
    51.732492446899414,
    53.62973213195801,
    54.29621934890747,
    54.82368469238281,
    56.013548374176025,
    56.52874708175659,
    56.696391105651855,
    56.23025894165039,
    56.647324562072754,
    56.65959119796753,
    56.96216821670532,
    56.806790828704834,
    56.54919147491455,
    56.02172613143921,
    56.20981454849243,
    55.899059772491455,
    54.631507396698,
    54.304397106170654,
    53.825998306274414,
    51.02511644363403,
    48.63312244415283,
    46.40059471130371,
    44.000422954559326,
    41.84967279434204,
    38.38639259338379,
    37.43777275085449,
    34.461069107055664,
    31.58658742904663,
    29.505348205566406,
    27.203309535980225,
    25.743579864501953,
    23.70731830596924,
    22.541987895965576,
    21.93683385848999,
    19.970083236694336,
    49.82707500457764,
    43.83277893066406,
    42.78602600097656,
    16.42911434173584,
    49.99063014984131,
    10.618817806243896,
    9.895086288452148,
    7.556247711181641,
    7.568514347076416,
    8.173668384552002,
    7.507181167602539,
    9.584331512451172,
    8.218646049499512,
    9.600687026977539,
    9.621131420135498,
    9.948241710662842,
    10.598373413085938,
    54.31257486343384,
    17.083334922790527,
    16.13471508026123,
    17.708933353424072,
    19.9373722076416,
    22.25576639175415,
    25.449180603027344,
    28.67121696472168,
    29.48899269104004,
    50.38316249847412,
    34.75137948989868,
    36.94710731506348,
    39.310479164123535,
    41.628873348236084,
    43.42389106750488,
    45.67686319351196,
    47.05072641372681,
    50.01107454299927,
    49.70031976699829,
    50.66938400268555,
    56.34474754333496,
    53.96910905838013,
    54.68466281890869,
    55.66190481185913,
    56.2261700630188,
    57.1216344833374,
    56.93354606628418,
    58.38918685913086,
    60.355937480926514,
    58.49958658218384,
    58.107054233551025,
    56.810879707336426,
    57.240211963653564,
    57.67772197723389
  ],
  "timestamps": [
    0.010782480239868164,
    0.041831254959106445,
    0.07285881042480469,
    0.10376906394958496,
    0.13468480110168457,
    0.16553449630737305,
    0.19648957252502441,
    0.22733211517333984,
    0.2581155300140381,
    0.28884124755859375,
    0.3195488452911377,
    0.3501596450805664,
    0.3807032108306885,
    0.4111480712890625,
    0.44142913818359375,
    0.471635103225708,
    0.5017151832580566,
    0.5317788124084473,
    0.5618190765380859,
    0.5924789905548096,
    0.6221864223480225,
    0.6517887115478516,
    0.6815190315246582,
    0.7109336853027344,
    0.7402687072753906,
    0.7707340717315674,
    0.8014168739318848,
    0.8306210041046143,
    0.8611361980438232,
    0.8901293277740479,
    0.9189112186431885,
    0.9476015567779541,
    0.9762041568756104,
    1.004728078842163,
    1.0332894325256348,
    1.0621519088745117,
    1.0904991626739502,
    1.1188807487487793,
    1.1474566459655762,
    1.1756401062011719,
    1.203836441040039,
    1.2320177555084229,
    1.2601075172424316,
    1.2882938385009766,
    1.316518783569336,
    1.3447303771972656,
    1.3731944561004639,
    1.4016962051391602,
    1.4304237365722656,
    1.4590821266174316,
    1.4879481792449951,
    1.5171666145324707,
    1.5463786125183105,
    1.575650930404663,
    1.6050355434417725,
    1.6346733570098877,
    1.664358139038086,
    1.6941769123077393,
    1.7240324020385742,
    1.7540857791900635,
    1.784156322479248,
    1.814378261566162,
    1.8448786735534668,
    1.8753409385681152,
    1.9059269428253174,
    1.936629295349121,
    1.967409610748291,
    1.9981544017791748,
    2.0289571285247803,
    2.0599095821380615,
    2.090857982635498,
    2.12172269821167,
    2.152601957321167,
    2.183476686477661,
    2.2143747806549072,
    2.245295286178589,
    2.2761781215667725,
    2.3070201873779297,
    2.3378713130950928,
    2.3686890602111816,
    2.3994250297546387,
    2.430137872695923,
    2.4608612060546875,
    2.4914488792419434,
    2.5218493938446045,
    2.5521183013916016,
    2.582240343093872,
    2.6122429370880127,
    2.6420254707336426,
    2.6717989444732666,
    2.7013728618621826,
    2.7307751178741455,
    2.7600603103637695,
    2.7892138957977295,
    2.818279504776001,
    2.8472096920013428,
    2.876100540161133,
    2.9049904346466064,
    2.9337451457977295,
    2.9642410278320312,
    2.9943735599517822,
    3.024458885192871,
    3.0530216693878174,
    3.0835864543914795,
    3.1117923259735107,
    3.1399433612823486,
    3.1680150032043457,
    3.1960461139678955,
    3.224125862121582,
    3.2521610260009766,
    3.2803049087524414,
    3.308373212814331,
    3.3365275859832764,
    3.364675283432007,
    3.392841100692749,
    3.4210479259490967,
    3.4518256187438965,
    3.480419635772705,
    3.508949041366577,
    3.5375664234161377,
    3.5663139820098877,
    3.595201015472412,
    3.624236583709717,
    3.653454542160034,
    3.682720899581909,
    3.7132043838500977,
    3.742771863937378,
    3.772474527359009,
    3.8023242950439453,
    3.83231782913208,
    3.862417697906494,
    3.892627477645874,
    3.922919511795044,
    3.953381061553955,
    3.983823299407959,
    4.014323711395264,
    4.045210838317871,
    4.07597279548645,
    4.106743335723877,
    4.137555360794067,
    4.168382883071899,
    4.199263095855713,
    4.2301154136657715,
    4.261048078536987,
    4.292093515396118,
    4.323049068450928,
    4.35398006439209,
    4.384839057922363,
    4.415752649307251,
    4.446661472320557
  ]
}