{
  "gesture_id": 6,
  "gesture_name": "press_twice",
  "timestamp": "2025-12-24T14:58:31.850273",
  "sample_rate": 50,
  "duration": 3.0,
  "distances": [
    56.876301765441895,
    56.626880168914795,
    56.63914680480957,
    56.48376941680908,
    59.063851833343506,
    56.64323568344116,
    55.10990619659424,
    53.57248783111572,
    53.59293222427368,
    52.88964509963989,
    52.85693407058716,
    51.83471441268921,
    49.78209733963013,
    50.12556314468384,
    48.20379018783569,
    46.59686088562012,
    43.53837966918945,
    42.77784824371338,
    41.130030155181885,
    39.00381326675415,
    39.972877502441406,
    35.74906587600708,
    33.92951488494873,
    32.097697257995605,
    31.590676307678223,
    31.578409671783447,
    27.199220657348633,
    25.445091724395752,
    24.267494678497314,
    23.658251762390137,
    19.597995281219482,
    19.66341733932495,
    16.748046875,
    16.081559658050537,
    15.795338153839111,
    13.685476779937744,
    14.728140830993652,
    15.415072441101074,
    11.28530502319336,
    11.260771751403809,
    9.596598148345947,
    8.492600917816162,
    7.568514347076416,
    7.5766921043396,
    6.91838264465332,
    6.9142937660217285,
    5.9084296226501465,
    7.879269123077393,
    8.529400825500488,
    9.253132343292236,
    10.316240787506104,
    12.33205795288086,
    14.004409313201904,
    17.692577838897705,
    18.305909633636475,
    46.62957191467285,
    23.69096279144287,
    36.91030740737915,
    29.227304458618164,
    33.40613842010498,
    34.4447135925293,
    36.02302074432373,
    37.41323947906494,
    40.422654151916504,
    43.58335733413696,
    44.38068866729736,
    45.00628709793091,
    47.181570529937744,
    49.21783208847046,
    51.00058317184448,
    54.92590665817261,
    53.90368700027466,
    53.56022119522095,
    56.168925762176514,
    56.79043531417847,
    55.98083734512329,
    55.94812631607056,
    56.925368309020996,
    56.47968053817749,
    56.47150278091431,
    56.76999092102051,
    56.34474754333496,
    57.59185552597046,
    56.63914680480957,
    56.7740797996521,
    55.6291937828064,
    55.80092668533325,
    57.6204776763916,
    57.174789905548096,
    53.20039987564087,
    52.03506946563721,
    52.329468727111816,
    50.81658363342285,
    50.28911828994751,
    49.97836351394653,
    47.01801538467407,
    45.57464122772217,
    42.246294021606445,
    41.14638566970825,
    38.79528045654297,
    37.20879554748535,
    36.9348406791687,
    36.95937395095825,
    33.643293380737305,
    32.11405277252197,
    47.78263568878174,
    29.21503782272339,
    26.02980136871338,
    23.674607276916504,
    22.16172218322754,
    20.603859424591064,
    18.690264225006104,
    19.29541826248169,
    17.38182306289673,
    17.70075559616089,
    15.79124927520752,
    13.681387901306152,
    11.289393901824951,
    9.55570936203003,
    9.269487857818604,
    8.210468292236328,
    7.867002487182617,
    7.192337512969971,
    6.897938251495361,
    7.53171443939209,
    9.588420391082764,
    7.916069030761719,
    10.242640972137451,
    9.240865707397461,
    10.647439956665039,
    16.093826293945312,
    16.073381900787354,
    16.08973741531372,
    17.06697940826416,
    17.70075559616089,
    20.57114839553833,
    24.8726487159729,
    25.39193630218506,
    29.484903812408447,
    32.118141651153564,
    34.988534450531006,
    36.01484298706055,
    39.50265645980835,
    39.51083421707153,
    42.929136753082275,
    44.55651044845581,
    44.37251091003418,
    45.979440212249756,
    47.81125783920288,
    49.9947190284729
  ],
  "timestamps": [
    0.010856389999389648,
    0.04180407524108887,
    0.07269120216369629,
    0.10355949401855469,
    0.13463473320007324,
    0.16553163528442383,
    0.1963825225830078,
    0.2270660400390625,
    0.2577328681945801,
    0.2883586883544922,
    0.3189687728881836,
    0.34952425956726074,
    0.3799779415130615,
    0.41046833992004395,
    0.4408247470855713,
    0.47107481956481934,
    0.5011425018310547,
    0.5311744213104248,
    0.5611093044281006,
    0.5909278392791748,
    0.6207971572875977,
    0.6504273414611816,
    0.6799490451812744,
    0.7093665599822998,
    0.7387540340423584,
    0.7681357860565186,
    0.7972574234008789,
    0.8262813091278076,
    0.8552417755126953,
    0.8841640949249268,
    0.9128520488739014,
    0.9415419101715088,
    0.9700765609741211,
    0.9985837936401367,
    1.0271131992340088,
    1.0554773807525635,
    1.083885669708252,
    1.11232590675354,
    1.140533685684204,
    1.1688427925109863,
    1.1970207691192627,
    1.2250862121582031,
    1.2530958652496338,
    1.2811269760131836,
    1.3091256618499756,
    1.337113857269287,
    1.365020990371704,
    1.3930459022521973,
    1.4211339950561523,
    1.4492580890655518,
    1.4774446487426758,
    1.505730152130127,
    1.5341112613677979,
    1.5627076625823975,
    1.5913386344909668,
    1.6216239929199219,
    1.6505744457244873,
    1.680290699005127,
    1.7095491886138916,
    1.7390351295471191,
    1.7685863971710205,
    1.7982275485992432,
    1.827948808670044,
    1.8578550815582275,
    1.8879384994506836,
    1.918079137802124,
    1.9482409954071045,
    1.9785361289978027,
    2.008948802947998,
    2.0394644737243652,
    2.070208787918091,
    2.100909471511841,
    2.131573438644409,
    2.162410259246826,
    2.1933400630950928,
    2.2241458892822266,
    2.2549495697021484,
    2.285799980163574,
    2.3166310787200928,
    2.3474795818328857,
    2.3783257007598877,
    2.4091598987579346,
    2.440077066421509,
    2.470917224884033,
    2.501762866973877,
    2.532548189163208,
    2.563337802886963,
    2.594235420227051,
    2.6251258850097656,
    2.655766487121582,
    2.686338186264038,
    2.7169127464294434,
    2.747413158416748,
    2.7778875827789307,
    2.8083183765411377,
    2.8386147022247314,
    2.8687922954559326,
    2.8987979888916016,
    2.928713798522949,
    2.958517074584961,
    2.9882078170776367,
    3.017900228500366,
    3.047574043273926,
    3.077073812484741,
    3.1064870357513428,
    3.136791229248047,
    3.1660563945770264,
    3.1951663494110107,
    3.2241015434265137,
    3.252952814102173,
    3.281700611114502,
    3.310357093811035,
    3.3390471935272217,
    3.3676090240478516,
    3.3961832523345947,
    3.4246459007263184,
    3.452984094619751,
    3.481177568435669,
    3.509298086166382,
    3.5373775959014893,
    3.565408229827881,
    3.59342622756958,
    3.621405601501465,
    3.6493656635284424,
    3.677361488342285,
    3.705476999282837,
    3.7334766387939453,
    3.7616560459136963,
    3.7897446155548096,
    3.8179240226745605,
    3.846407413482666,
    3.874908924102783,
    3.9034130573272705,
    3.9319703578948975,
    3.960587978363037,
    3.989346504211426,
    4.01833701133728,
    4.047382116317749,
    4.0766520500183105,
    4.106062889099121,
    4.135621070861816,
    4.165283918380737,
    4.1951799392700195,
    4.22503399848938,
    4.255082607269287,
    4.28522515296936,
    4.315357685089111,
    4.345576763153076,
    4.375918626785278,
    4.406380891799927
  ]
}