{
  "gesture_id": 6,
  "gesture_name": "press_twice",
  "timestamp": "2025-12-24T15:03:30.719750",
  "sample_rate": 50,
  "duration": 3.0,
  "distances": [
    64.19539451599121,
    65.2012586593628,
    63.888728618621826,
    65.73690176010132,
    64.9477481842041,
    65.0458812713623,
    66.05583429336548,
    68.01031827926636,
    66.33796691894531,
    65.31574726104736,
    65.45068025588989,
    65.5937910079956,
    63.61886262893677,
    62.498509883880615,
    60.07380485534668,
    58.94118547439575,
    56.85994625091553,
    56.397902965545654,
    55.4779052734375,
    52.74244546890259,
    51.56075954437256,
    49.81480836868286,
    45.66868543624878,
    43.6651349067688,
    42.107272148132324,
    40.970563888549805,
    38.84843587875366,
    36.05982065200806,
    34.4937801361084,
    32.9481840133667,
    32.4002742767334,
    29.227304458618164,
    29.476726055145264,
    30.053257942199707,
    22.509276866912842,
    21.61790132522583,
    19.31995153427124,
    18.371331691741943,
    18.694353103637695,
    15.415072441101074,
    15.435516834259033,
    12.336146831512451,
    25.46553611755371,
    10.553395748138428,
    9.608864784240723,
    6.603538990020752,
    7.883358001708984,
    9.60477590560913,
    5.573141574859619,
    7.21278190612793,
    8.94237756729126,
    11.313927173614502,
    15.051162242889404,
    16.739869117736816,
    16.073381900787354,
    17.402267456054688,
    21.626079082489014,
    27.53450870513916,
    29.268193244934082,
    28.08241844177246,
    31.10818862915039,
    37.47048377990723,
    37.21288442611694,
    37.899816036224365,
    39.55172300338745,
    42.79829263687134,
    46.03259563446045,
    48.90707731246948,
    49.85569715499878,
    51.573026180267334,
    53.1349778175354,
    55.84590435028076,
    57.10119009017944,
    59.05567407608032,
    59.50953960418701,
    61.926066875457764,
    62.06099987030029,
    62.46988773345947,
    63.07095289230347,
    63.48801851272583,
    63.99503946304321,
    64.62881565093994,
    64.73921537399292,
    63.73335123062134,
    61.496734619140625,
    60.1146936416626,
    57.79629945755005,
    56.422436237335205,
    54.31257486343384,
    51.72840356826782,
    50.17871856689453,
    47.26743698120117,
    45.202553272247314,
    44.82228755950928,
    42.34851598739624,
    38.37003707885742,
    35.5405330657959,
    33.45111608505249,
    56.18119239807129,
    29.255926609039307,
    26.05433464050293,
    23.719584941864014,
    20.30128240585327,
    18.350887298583984,
    17.708933353424072,
    16.748046875,
    16.760313510894775,
    37.25377321243286,
    11.313927173614502,
    8.885133266448975,
    9.903264045715332,
    9.199976921081543,
    6.574916839599609,
    9.343087673187256,
    5.8266520500183105,
    7.2577595710754395,
    6.264162063598633,
    56.96216821670532,
    8.57846736907959,
    8.549845218658447,
    10.639262199401855,
    16.412758827209473,
    14.053475856781006,
    15.799427032470703,
    18.072843551635742,
    21.241724491119385,
    22.247588634490967,
    25.49006938934326,
    28.67530584335327,
    29.280459880828857,
    32.92773962020874,
    42.066383361816406,
    37.22923994064331,
    40.94194173812866,
    44.20895576477051,
    45.635974407196045,
    46.020328998565674,
    49.06654357910156,
    49.65534210205078,
    51.577115058898926,
    53.27808856964111,
    54.4802188873291,
    56.81496858596802,
    58.20518732070923,
    59.059762954711914,
    59.64856147766113,
    60.52358150482178,
    61.361801624298096,
    63.46348524093628,
    63.475751876831055
  ],
  "timestamps": [
    0.011203527450561523,
    0.0426630973815918,
    0.07406377792358398,
    0.10548615455627441,
    0.13685393333435059,
    0.16821622848510742,
    0.19961929321289062,
    0.2311413288116455,
    0.26256656646728516,
    0.2939324378967285,
    0.3270225524902344,
    0.35861992835998535,
    0.3902008533477783,
    0.42147374153137207,
    0.45252537727355957,
    0.48351526260375977,
    0.5144026279449463,
    0.5452499389648438,
    0.5760390758514404,
    0.6066663265228271,
    0.6372294425964355,
    0.667687177658081,
    0.6979005336761475,
    0.7279932498931885,
    0.7579991817474365,
    0.787961483001709,
    0.8177838325500488,
    0.8474631309509277,
    0.8770115375518799,
    0.9064855575561523,
    0.9359054565429688,
    0.9651627540588379,
    0.9944896697998047,
    1.0237996578216553,
    1.0526833534240723,
    1.0815143585205078,
    1.1102566719055176,
    1.1388883590698242,
    1.1675286293029785,
    1.1959781646728516,
    1.2244243621826172,
    1.2527074813842773,
    1.281743049621582,
    1.3099150657653809,
    1.338052749633789,
    1.366056203842163,
    1.3940739631652832,
    1.422234296798706,
    1.450160026550293,
    1.478163242340088,
    1.5062601566314697,
    1.5344839096069336,
    1.5629353523254395,
    1.5914814472198486,
    1.6200153827667236,
    1.6486034393310547,
    1.677405834197998,
    1.7065844535827637,
    1.7358472347259521,
    1.7650330066680908,
    1.7943933010101318,
    1.8241260051727295,
    1.853846549987793,
    1.883631944656372,
    1.9134845733642578,
    1.94352388381958,
    1.9737536907196045,
    2.0041496753692627,
    2.034621000289917,
    2.065171480178833,
    2.0958139896392822,
    2.126613140106201,
    2.157482147216797,
    2.1884639263153076,
    2.21946382522583,
    2.250608205795288,
    2.2817790508270264,
    2.3129687309265137,
    2.3442256450653076,
    2.3755533695220947,
    2.4068517684936523,
    2.438164234161377,
    2.469534158706665,
    2.500783920288086,
    2.5319008827209473,
    2.5629401206970215,
    2.5938587188720703,
    2.624716281890869,
    2.655442714691162,
    2.686004638671875,
    2.716475248336792,
    2.746776580810547,
    2.776963472366333,
    2.8071234226226807,
    2.8371329307556152,
    2.866942882537842,
    2.896564483642578,
    2.926076889038086,
    2.9568963050842285,
    2.986144542694092,
    3.0152089595794678,
    3.0441341400146484,
    3.072861433029175,
    3.1014857292175293,
    3.1300621032714844,
    3.158574342727661,
    3.187114715576172,
    3.2168569564819336,
    3.2450809478759766,
    3.273163318634033,
    3.301302194595337,
    3.3294951915740967,
    3.357710123062134,
    3.3859338760375977,
    3.413893938064575,
    3.4418935775756836,
    3.4698312282562256,
    3.5007545948028564,
    3.5288243293762207,
    3.556887626647949,
    3.585071563720703,
    3.61358380317688,
    3.641948699951172,
    3.6704132556915283,
    3.699023485183716,
    3.727830410003662,
    3.7566940784454346,
    3.7857444286346436,
    3.814981460571289,
    3.8442564010620117,
    3.8737504482269287,
    3.9037680625915527,
    3.9335124492645264,
    3.963465690612793,
    3.993610382080078,
    4.023822069168091,
    4.054052352905273,
    4.084456443786621,
    4.114896535873413,
    4.145444393157959,
    4.176096200942993,
    4.206835508346558,
    4.23769736289978,
    4.268638372421265,
    4.299646854400635,
    4.331624507904053,
    4.3627848625183105,
    4.393924713134766,
    4.425198793411255,
    4.456461429595947
  ]
}