{
  "gesture_id": 6,
  "gesture_name": "press_twice",
  "timestamp": "2025-12-24T15:00:09.558098",
  "sample_rate": 50,
  "duration": 3.0,
  "distances": [
    54.84821796417236,
    56.3733696937561,
    54.99950647354126,
    53.625643253326416,
    54.31257486343384,
    56.81496858596802,
    54.48430776596069,
    53.79737615585327,
    52.42760181427002,
    51.72431468963623,
    50.48947334289551,
    49.663519859313965,
    47.44734764099121,
    46.821749210357666,
    45.2597975730896,
    44.42157745361328,
    43.03135871887207,
    53.0859112739563,
    39.968788623809814,
    36.4850640296936,
    35.27066707611084,
    33.17307233810425,
    31.893253326416016,
    29.280459880828857,
    27.203309535980225,
    26.89664363861084,
    25.134336948394775,
    22.84865379333496,
    21.900033950805664,
    21.601545810699463,
    19.99870538711548,
    17.995154857635498,
    17.079246044158936,
    16.752135753631592,
    16.457736492156982,
    13.705921173095703,
    11.64921522140503,
    10.929572582244873,
    9.539353847503662,
    9.281754493713379,
    8.235001564025879,
    7.593047618865967,
    7.932424545288086,
    6.906116008758545,
    6.959271430969238,
    6.260073184967041,
    6.219184398651123,
    7.899713516235352,
    8.549845218658447,
    9.935975074768066,
    10.23855209350586,
    11.277127265930176,
    12.978100776672363,
    15.811693668365479,
    17.402267456054688,
    19.04599666595459,
    22.57061004638672,
    23.39656352996826,
    30.073702335357666,
    28.35637331008911,
    31.08365535736084,
    35.49964427947998,
    36.49324178695679,
    37.445950508117676,
    38.374125957489014,
    41.3712739944458,
    43.64060163497925,
    45.23526430130005,
    49.03792142868042,
    50.17054080963135,
    52.42351293563843,
    53.2862663269043,
    56.79043531417847,
    55.645549297332764,
    54.81550693511963,
    56.1771035194397,
    57.653188705444336,
    56.84767961502075,
    54.49248552322388,
    54.32484149932861,
    56.524658203125,
    57.947587966918945,
    53.63790988922119,
    56.70865774154663,
    52.32129096984863,
    51.01284980773926,
    50.689828395843506,
    48.890721797943115,
    49.83525276184082,
    43.60380172729492,
    41.379451751708984,
    39.29821252822876,
    38.59901428222656,
    36.284708976745605,
    33.18533897399902,
    32.163119316101074,
    48.46956729888916,
    29.23957109451294,
    30.01236915588379,
    24.876737594604492,
    23.71140718460083,
    22.860920429229736,
    18.68208646774292,
    16.72760248184204,
    16.13471508026123,
    15.40689468383789,
    13.69774341583252,
    12.830901145935059,
    11.653304100036621,
    9.940063953399658,
    10.279440879821777,
    9.212243556976318,
    8.504867553710938,
    8.574378490447998,
    10.970461368560791,
    17.06697940826416,
    12.352502346038818,
    13.705921173095703,
    14.401030540466309,
    15.758538246154785,
    17.369556427001953,
    18.98057460784912,
    22.562432289123535,
    26.042068004608154,
    25.179314613342285,
    28.08241844177246,
    30.572545528411865,
    49.99880790710449,
    51.393115520477295,
    38.10834884643555,
    39.081501960754395,
    40.70887565612793,
    43.01091432571411,
    44.41748857498169,
    45.65232992172241,
    47.24290370941162,
    50.162363052368164,
    50.87382793426514,
    55.02403974533081,
    54.63968515396118,
    56.20572566986084,
    56.54101371765137,
    56.18119239807129,
    54.99950647354126,
    56.8231463432312,
    56.970345973968506,
    56.18937015533447,
    56.6759467124939,
    56.671857833862305,
    56.65550231933594
  ],
  "timestamps": [
    0.010671377182006836,
    0.041622161865234375,
    0.07252192497253418,
    0.1032862663269043,
    0.13401532173156738,
    0.16488409042358398,
    0.19561076164245605,
    0.22628021240234375,
    0.2568950653076172,
    0.28746771812438965,
    0.3179590702056885,
    0.3484046459197998,
    0.3787212371826172,
    0.4089834690093994,
    0.43917274475097656,
    0.4693629741668701,
    0.49949145317077637,
    0.5301370620727539,
    0.5600321292877197,
    0.589712381362915,
    0.6193175315856934,
    0.6487994194030762,
    0.6782081127166748,
    0.707465410232544,
    0.7366046905517578,
    0.7657477855682373,
    0.7948122024536133,
    0.8237137794494629,
    0.8525457382202148,
    0.8813505172729492,
    0.9100570678710938,
    0.9386551380157471,
    0.9672026634216309,
    0.9957265853881836,
    1.024228572845459,
    1.0525803565979004,
    1.0807881355285645,
    1.1089894771575928,
    1.1371080875396729,
    1.1652090549468994,
    1.193248987197876,
    1.2212557792663574,
    1.24930739402771,
    1.2772786617279053,
    1.3052504062652588,
    1.3331835269927979,
    1.361114740371704,
    1.3891353607177734,
    1.4171955585479736,
    1.4453816413879395,
    1.4737379550933838,
    1.5021424293518066,
    1.530508279800415,
    1.5590183734893799,
    1.58760404586792,
    1.6162841320037842,
    1.6451680660247803,
    1.674088716506958,
    1.703392744064331,
    1.7325961589813232,
    1.7619247436523438,
    1.7915723323822021,
    1.8212733268737793,
    1.8510229587554932,
    1.8808677196502686,
    1.9108357429504395,
    1.9409279823303223,
    1.9711072444915771,
    2.0015172958374023,
    2.031987190246582,
    2.062605857849121,
    2.09326171875,
    2.124119281768799,
    2.154909133911133,
    2.185652017593384,
    2.2164714336395264,
    2.247403144836426,
    2.278326988220215,
    2.3090736865997314,
    2.339792251586914,
    2.370662212371826,
    2.4016101360321045,
    2.4323041439056396,
    2.4631855487823486,
    2.49385929107666,
    2.5243961811065674,
    2.5549111366271973,
    2.585350751876831,
    2.6158130168914795,
    2.6459009647369385,
    2.675865888595581,
    2.705704927444458,
    2.735509157180786,
    2.765176296234131,
    2.794687271118164,
    2.8241066932678223,
    2.8544793128967285,
    2.883727788925171,
    2.9130237102508545,
    2.9420175552368164,
    2.970947027206421,
    2.999821901321411,
    3.0284571647644043,
    3.0569753646850586,
    3.0854573249816895,
    3.1139161586761475,
    3.142284631729126,
    3.17060923576355,
    3.198856830596924,
    3.2270045280456543,
    3.25517201423645,
    3.28328275680542,
    3.311352014541626,
    3.3394157886505127,
    3.3676187992095947,
    3.396174430847168,
    3.42445969581604,
    3.4528541564941406,
    3.4813389778137207,
    3.509899139404297,
    3.5385825634002686,
    3.5672788619995117,
    3.5961716175079346,
    3.6252448558807373,
    3.654261589050293,
    3.6834452152252197,
    3.712775945663452,
    3.7432503700256348,
    3.773799419403076,
    3.8035902976989746,
    3.833413600921631,
    3.8633251190185547,
    3.893378734588623,
    3.923525333404541,
    3.9537291526794434,
    3.9840245246887207,
    4.014494895935059,
    4.044998407363892,
    4.075747013092041,
    4.106476545333862,
    4.137296676635742,
    4.168132066726685,
    4.198953628540039,
    4.229722499847412,
    4.260586977005005,
    4.291456460952759,
    4.322281360626221,
    4.353121042251587,
    4.383966684341431,
    4.414797306060791
  ]
}