{
  "gesture_id": 6,
  "gesture_name": "press_twice",
  "timestamp": "2025-12-24T15:02:22.479627",
  "sample_rate": 50,
  "duration": 3.0,
  "distances": [
    64.28943872451782,
    63.974595069885254,
    63.03415298461914,
    63.70881795883179,
    61.98740005493164,
    61.27593517303467,
    61.1614465713501,
    60.43771505355835,
    57.77994394302368,
    55.42474985122681,
    54.27168607711792,
    52.55026817321777,
    51.17640495300293,
    50.845205783843994,
    48.64538908004761,
    45.21890878677368,
    43.18264722824097,
    42.50798225402832,
    45.4601526260376,
    37.88754940032959,
    36.305153369903564,
    35.41377782821655,
    34.45698022842407,
    33.164894580841064,
    30.053257942199707,
    29.542148113250732,
    28.086507320404053,
    27.207398414611816,
    36.04346513748169,
    24.30020570755005,
    22.497010231018066,
    19.332218170166016,
    17.414534091949463,
    16.093826293945312,
    17.06697940826416,
    13.750898838043213,
    13.031256198883057,
    13.03943395614624,
    56.52056932449341,
    52.39080190658569,
    17.06697940826416,
    17.08742380142212,
    15.778982639312744,
    16.412758827209473,
    19.6388840675354,
    21.556568145751953,
    24.590516090393066,
    26.912999153137207,
    28.061974048614502,
    30.58481216430664,
    33.45520496368408,
    35.01306772232056,
    37.42959499359131,
    38.61945867538452,
    41.84967279434204,
    43.795979022979736,
    59.24785137176514,
    50.18280744552612,
    47.42281436920166,
    48.6494779586792,
    49.843430519104004,
    54.12039756774902,
    54.144930839538574,
    56.377458572387695,
    56.831324100494385,
    58.36056470870972,
    57.947587966918945,
    59.64856147766113,
    59.34598445892334,
    58.75718593597412,
    58.9657187461853,
    57.27701187133789,
    56.79861307144165,
    60.49087047576904,
    51.37676000595093,
    49.6962308883667,
    47.46370315551758,
    43.03135871887207,
    41.85376167297363,
    44.38886642456055,
    35.81448793411255,
    32.92773962020874,
    30.049169063568115,
    27.779841423034668,
    24.312472343444824,
    22.852742671966553,
    21.221280097961426,
    18.694353103637695,
    16.241025924682617,
    14.4051194190979,
    14.72405195236206,
    12.700057029724121,
    14.028942584991455,
    23.695051670074463,
    17.06289052963257,
    13.710010051727295,
    13.759076595306396,
    36.992084980010986,
    16.36369228363037,
    17.696666717529297,
    19.332218170166016,
    21.86732292175293,
    29.190504550933838,
    36.02710962295532,
    31.35761022567749,
    33.9458703994751,
    37.192440032958984,
    38.10017108917236,
    41.812872886657715,
    43.3666467666626,
    44.60148811340332,
    47.03437089920044,
    48.8498330116272,
    50.06014108657837,
    52.18226909637451,
    53.077733516693115,
    54.92590665817261,
    56.66776895523071,
    56.626880168914795,
    57.379233837127686,
    58.32785367965698,
    60.03291606903076,
    60.75664758682251,
    61.34544610977173,
    61.69708967208862,
    61.881089210510254,
    62.00375556945801,
    62.14277744293213,
    62.16731071472168,
    62.12642192840576,
    62.18775510787964,
    61.999666690826416,
    61.999666690826416,
    62.01602220535278,
    61.85246706008911,
    61.70526742935181,
    61.60304546356201,
    61.472201347351074,
    61.7584228515625,
    61.5580677986145,
    61.85246706008911,
    61.451756954193115,
    61.43540143966675,
    60.89566946029663,
    60.84660291671753,
    60.84660291671753,
    61.16962432861328,
    61.16553544998169,
    60.73620319366455,
    60.32731533050537
  ],
  "timestamps": [
    0.011217594146728516,
    0.042632341384887695,
    0.07394742965698242,
    0.10532689094543457,
    0.13650107383728027,
    0.16762590408325195,
    0.19874000549316406,
    0.2297956943511963,
    0.2607133388519287,
    0.29151296615600586,
    0.32220458984375,
    0.3528106212615967,
    0.38333797454833984,
    0.41382718086242676,
    0.44421958923339844,
    0.47442007064819336,
    0.504518985748291,
    0.5345685482025146,
    0.5647621154785156,
    0.5945324897766113,
    0.6242082118988037,
    0.6539096832275391,
    0.683478832244873,
    0.7130074501037598,
    0.7423720359802246,
    0.7716467380523682,
    0.8008337020874023,
    0.8299679756164551,
    0.8596155643463135,
    0.8885786533355713,
    0.9174373149871826,
    0.9461183547973633,
    0.9746837615966797,
    1.003169298171997,
    1.0317189693450928,
    1.0600876808166504,
    1.0884225368499756,
    1.1167473793029785,
    1.1476092338562012,
    1.178229808807373,
    1.2067902088165283,
    1.235351324081421,
    1.2638351917266846,
    1.2923381328582764,
    1.3210272789001465,
    1.3498847484588623,
    1.3789124488830566,
    1.408048152923584,
    1.4372477531433105,
    1.4665849208831787,
    1.496124505996704,
    1.52571702003479,
    1.5554566383361816,
    1.5852653980255127,
    1.6152682304382324,
    1.6454205513000488,
    1.6764447689056396,
    1.7069244384765625,
    1.7372229099273682,
    1.767608880996704,
    1.7980432510375977,
    1.8287475109100342,
    1.8594508171081543,
    1.8903224468231201,
    1.9211711883544922,
    1.9521055221557617,
    1.9830212593078613,
    2.014047384262085,
    2.0450563430786133,
    2.0760414600372314,
    2.107027530670166,
    2.137910842895508,
    2.1687734127044678,
    2.1998531818389893,
    2.2303969860076904,
    2.2608394622802734,
    2.2911479473114014,
    2.321190357208252,
    2.3511598110198975,
    2.38128662109375,
    2.4109256267547607,
    2.440387487411499,
    2.4697062969207764,
    2.4988908767700195,
    2.5278642177581787,
    2.556748867034912,
    2.585548162460327,
    2.6142618656158447,
    2.642871141433716,
    2.671360969543457,
    2.6998836994171143,
    2.7281875610351562,
    2.7565650939941406,
    2.785491704940796,
    2.8140320777893066,
    2.842372417449951,
    2.870696783065796,
    2.9004623889923096,
    2.9289944171905518,
    2.9575893878936768,
    2.9862818717956543,
    3.015111207962036,
    3.044365406036377,
    3.074009656906128,
    3.103442430496216,
    3.1329941749572754,
    3.1627278327941895,
    3.192514181137085,
    3.222508192062378,
    3.2525832653045654,
    3.282743453979492,
    3.3130462169647217,
    3.343435287475586,
    3.3739092350006104,
    3.404496431350708,
    3.4351351261138916,
    3.4658827781677246,
    3.496779441833496,
    3.5276453495025635,
    3.5585403442382812,
    3.5894927978515625,
    3.6205623149871826,
    3.651732921600342,
    3.682858943939209,
    3.714017391204834,
    3.745171546936035,
    3.776332378387451,
    3.8075003623962402,
    3.8386783599853516,
    3.8698506355285645,
    3.9010329246520996,
    3.932211399078369,
    3.963374614715576,
    3.99453067779541,
    4.025680303573608,
    4.056814432144165,
    4.087941646575928,
    4.119053602218628,
    4.150192022323608,
    4.1813249588012695,
    4.212474822998047,
    4.2436158657073975,
    4.2747416496276855,
    4.305832386016846,
    4.3369364738464355,
    4.368017673492432,
    4.399111986160278,
    4.430205345153809,
    4.461287975311279,
    4.492356300354004
  ]
}