{
  "gesture_id": 6,
  "gesture_name": "press_twice",
  "timestamp": "2025-12-24T14:59:36.111609",
  "sample_rate": 50,
  "duration": 3.0,
  "distances": [
    58.785808086395264,
    61.16962432861328,
    57.50190019607544,
    57.1216344833374,
    58.25425386428833,
    56.71274662017822,
    56.79043531417847,
    56.786346435546875,
    55.85817098617554,
    55.69052696228027,
    54.852306842803955,
    53.81782054901123,
    52.259957790374756,
    51.36040449142456,
    49.97836351394653,
    48.432767391204834,
    47.83987998962402,
    46.257483959198,
    46.637749671936035,
    43.607890605926514,
    42.291271686553955,
    41.628873348236084,
    52.051424980163574,
    38.15332651138306,
    35.82266569137573,
    33.712804317474365,
    31.602942943572998,
    29.480814933776855,
    31.144988536834717,
    27.227842807769775,
    26.634955406188965,
    23.997628688812256,
    22.541987895965576,
    20.25221586227417,
    19.02146339416504,
    17.402267456054688,
    17.083334922790527,
    16.45364761352539,
    15.431427955627441,
    13.346099853515625,
    12.671434879302979,
    11.612415313720703,
    10.635173320770264,
    9.608864784240723,
    8.19002389907837,
    7.858824729919434,
    7.225048542022705,
    7.249581813812256,
    6.906116008758545,
    6.296873092651367,
    5.892074108123779,
    6.243717670440674,
    6.9142937660217285,
    9.257221221923828,
    9.551620483398438,
    10.586106777191162,
    12.667346000671387,
    14.392852783203125,
    15.795338153839111,
    17.668044567108154,
    19.61843967437744,
    22.82003164291382,
    23.997628688812256,
    26.332378387451172,
    28.389084339141846,
    31.33716583251953,
    32.895028591156006,
    35.28702259063721,
    36.284708976745605,
    38.18603754043579,
    39.80114459991455,
    41.837406158447266,
    43.83277893066406,
    45.85268497467041,
    46.433305740356445,
    55.00359535217285,
    49.822986125946045,
    49.85978603363037,
    52.938711643218994,
    53.61337661743164,
    53.61746549606323,
    55.150794982910156,
    56.8231463432312,
    56.8231463432312,
    57.63683319091797,
    58.07434320449829,
    57.105278968811035,
    56.148481369018555,
    56.95399045944214,
    56.82723522186279,
    56.76999092102051,
    56.516480445861816,
    56.671857833862305,
    52.738356590270996,
    50.4935622215271,
    49.09107685089111,
    46.862637996673584,
    43.82051229476929,
    42.76149272918701,
    41.13820791244507,
    37.68719434738159,
    36.94710731506348,
    34.77591276168823,
    32.4002742767334,
    30.556190013885498,
    28.99014949798584,
    25.788557529449463,
    23.421096801757812,
    21.59336805343628,
    20.27266025543213,
    18.694353103637695,
    16.106092929840088,
    15.795338153839111,
    14.376497268676758,
    14.073920249938965,
    13.33383321762085,
    16.79302453994751,
    13.67729902267456,
    10.316240787506104,
    9.923708438873291,
    8.263623714447021,
    8.893311023712158,
    10.267174243927002,
    10.62699556350708,
    10.60246229171753,
    10.222196578979492,
    8.89739990234375,
    8.521223068237305,
    8.89739990234375,
    23.425185680389404,
    11.297571659088135,
    13.33383321762085,
    14.76902961730957,
    15.774893760681152,
    18.968307971954346,
    19.626617431640625,
    22.832298278808594,
    27.89841890335083,
    27.215576171875,
    28.07832956314087,
    29.51352596282959,
    32.63334035873413,
    35.781776905059814,
    36.305153369903564,
    38.59492540359497,
    41.383540630340576,
    43.199002742767334,
    45.83224058151245,
    44.42566633224487,
    45.856773853302
  ],
  "timestamps": [
    0.010887384414672852,
    0.04211235046386719,
    0.0730597972869873,
    0.10396313667297363,
    0.13498163223266602,
    0.1658494472503662,
    0.19672012329101562,
    0.227583646774292,
    0.2583959102630615,
    0.28917741775512695,
    0.31990718841552734,
    0.350588321685791,
    0.38118457794189453,
    0.4117262363433838,
    0.4422011375427246,
    0.47257304191589355,
    0.5029072761535645,
    0.5331518650054932,
    0.5634195804595947,
    0.5935056209564209,
    0.6235194206237793,
    0.6534953117370605,
    0.6840827465057373,
    0.7138512134552002,
    0.7434837818145752,
    0.7729966640472412,
    0.8023788928985596,
    0.8316407203674316,
    0.861032247543335,
    0.8902204036712646,
    0.9194259643554688,
    0.9484384059906006,
    0.9773919582366943,
    1.0061421394348145,
    1.0347990989685059,
    1.0633583068847656,
    1.0919010639190674,
    1.12040114402771,
    1.1488425731658936,
    1.1771786212921143,
    1.205491065979004,
    1.2337331771850586,
    1.261911392211914,
    1.290034294128418,
    1.318052053451538,
    1.3460705280303955,
    1.3740530014038086,
    1.402038335800171,
    1.4299981594085693,
    1.4579193592071533,
    1.4858222007751465,
    1.5137462615966797,
    1.5417120456695557,
    1.569817066192627,
    1.5979342460632324,
    1.6261155605316162,
    1.6544194221496582,
    1.6828267574310303,
    1.7113139629364014,
    1.7399053573608398,
    1.7686328887939453,
    1.7975754737854004,
    1.8265416622161865,
    1.8556456565856934,
    1.884920597076416,
    1.914384365081787,
    1.9438738822937012,
    1.9734938144683838,
    2.003157377243042,
    2.032945394515991,
    2.0628092288970947,
    2.0927927494049072,
    2.12290096282959,
    2.1531174182891846,
    2.1833808422088623,
    2.214139699935913,
    2.244590997695923,
    2.275043487548828,
    2.305692195892334,
    2.3363664150238037,
    2.367039918899536,
    2.3978018760681152,
    2.4286491870880127,
    2.4594926834106445,
    2.4903790950775146,
    2.5213048458099365,
    2.552180767059326,
    2.583000659942627,
    2.6138646602630615,
    2.6447272300720215,
    2.675586223602295,
    2.7064332962036133,
    2.737332344055176,
    2.767951011657715,
    2.7984304428100586,
    2.8288331031799316,
    2.8591153621673584,
    2.8892390727996826,
    2.9193475246429443,
    2.9493064880371094,
    2.97906756401062,
    3.0087831020355225,
    3.038363456726074,
    3.067795753479004,
    3.097121238708496,
    3.1263558864593506,
    3.155410051345825,
    3.1843278408050537,
    3.21313214302063,
    3.2418763637542725,
    3.2705302238464355,
    3.299032688140869,
    3.327514886856079,
    3.355910062789917,
    3.3842742443084717,
    3.4125959873199463,
    3.4411282539367676,
    3.4694931507110596,
    3.497654676437378,
    3.525794267654419,
    3.5538394451141357,
    3.581923246383667,
    3.610078811645508,
    3.6382856369018555,
    3.666469097137451,
    3.6946349143981934,
    3.7227163314819336,
    3.7507755756378174,
    3.7788658142089844,
    3.8077940940856934,
    3.8360562324523926,
    3.864403247833252,
    3.892881155014038,
    3.9214422702789307,
    3.9501266479492188,
    3.978842258453369,
    4.007739067077637,
    4.036928653717041,
    4.066070556640625,
    4.09525465965271,
    4.124516725540161,
    4.153964519500732,
    4.183600187301636,
    4.213262319564819,
    4.243053674697876,
    4.273040533065796,
    4.303102970123291,
    4.333318710327148,
    4.363459825515747,
    4.393677711486816
  ]
}