{
  "gesture_id": 6,
  "gesture_name": "press_twice",
  "timestamp": "2025-12-24T15:02:43.215940",
  "sample_rate": 50,
  "duration": 3.0,
  "distances": [
    64.76374864578247,
    63.749706745147705,
    64.28126096725464,
    63.205885887145996,
    62.78473138809204,
    62.16322183609009,
    61.087846755981445,
    60.34775972366333,
    59.48091745376587,
    58.241987228393555,
    57.195234298706055,
    56.82723522186279,
    56.20163679122925,
    55.18350601196289,
    56.15257024765015,
    53.96093130111694,
    51.1927604675293,
    50.027430057525635,
    52.93053388595581,
    46.817660331726074,
    44.85499858856201,
    43.18673610687256,
    42.10318326950073,
    40.9214973449707,
    40.25909900665283,
    37.45821714401245,
    36.076176166534424,
    34.46924686431885,
    33.97858142852783,
    31.594765186309814,
    30.568456649780273,
    29.53397035598755,
    29.730236530303955,
    29.497170448303223,
    25.73949098587036,
    25.150692462921143,
    22.243499755859375,
    20.607948303222656,
    21.258080005645752,
    56.81905746459961,
    17.050623893737793,
    16.437292098999023,
    15.468227863311768,
    13.718187808990479,
    12.35659122467041,
    11.003172397613525,
    9.232687950134277,
    8.860599994659424,
    8.517134189605713,
    7.822024822235107,
    7.511270046234131,
    7.69118070602417,
    6.987893581390381,
    9.21633243560791,
    10.933661460876465,
    11.980414390563965,
    14.764940738677979,
    17.107868194580078,
    21.237635612487793,
    21.601545810699463,
    23.719584941864014,
    26.050245761871338,
    28.389084339141846,
    30.163657665252686,
    32.142674922943115,
    35.785865783691406,
    39.33910131454468,
    41.15865230560303,
    42.08273887634277,
    43.39935779571533,
    45.840418338775635,
    47.23881483078003,
    49.88431930541992,
    50.18280744552612,
    52.58297920227051,
    53.95684242248535,
    55.306172370910645,
    56.23025894165039,
    57.96394348144531,
    58.23380947113037,
    60.49904823303223,
    59.37460660934448,
    60.35184860229492,
    60.05336046218872,
    60.03291606903076,
    59.174251556396484,
    57.444655895233154,
    56.626880168914795,
    54.26759719848633,
    52.00235843658447,
    49.67169761657715,
    47.2551703453064,
    45.59917449951172,
    43.57926845550537,
    42.266738414764404,
    39.310479164123535,
    36.25199794769287,
    32.86231756210327,
    29.46854829788208,
    26.912999153137207,
    51.68342590332031,
    23.404741287231445,
    21.859145164489746,
    21.57292366027832,
    17.708933353424072,
    17.038357257843018,
    14.72405195236206,
    14.409208297729492,
    13.366544246673584,
    16.400492191314697,
    10.941839218139648,
    11.293482780456543,
    9.277665615081787,
    9.53526496887207,
    10.258996486663818,
    11.596059799194336,
    11.665570735931396,
    13.99623155593872,
    16.102004051208496,
    16.057026386260986,
    16.081559658050537,
    17.99924373626709,
    21.875500679016113,
    38.1328821182251,
    29.23957109451294,
    29.521703720092773,
    33.119916915893555,
    33.937692642211914,
    35.99848747253418,
    36.95528507232666,
    39.51901197433472,
    41.08096361160278,
    43.16220283508301,
    46.41695022583008,
    49.025654792785645,
    50.31774044036865,
    51.846981048583984,
    56.78225755691528,
    53.91186475753784,
    55.26937246322632,
    55.80092668533325,
    56.61870241165161,
    58.18883180618286,
    59.70989465713501,
    60.33958196640015,
    60.89566946029663,
    61.72980070114136,
    62.17139959335327,
    64.11361694335938,
    63.84783983230591
  ],
  "timestamps": [
    0.011284351348876953,
    0.04268193244934082,
    0.0740513801574707,
    0.1053471565246582,
    0.1365969181060791,
    0.16778993606567383,
    0.19890975952148438,
    0.2299942970275879,
    0.26104235649108887,
    0.29201579093933105,
    0.3229660987854004,
    0.35384440422058105,
    0.3846778869628906,
    0.4154508113861084,
    0.4462721347808838,
    0.4769601821899414,
    0.5074889659881592,
    0.5379931926727295,
    0.5686349868774414,
    0.5989019870758057,
    0.6290674209594727,
    0.65911865234375,
    0.6891143321990967,
    0.719022274017334,
    0.7489187717437744,
    0.7786505222320557,
    0.8083112239837646,
    0.8378827571868896,
    0.8674876689910889,
    0.8968946933746338,
    0.9262068271636963,
    0.9554898738861084,
    0.9848041534423828,
    1.0140738487243652,
    1.0431430339813232,
    1.0721652507781982,
    1.1009929180145264,
    1.1297457218170166,
    1.1585357189178467,
    1.189418077468872,
    1.2179627418518066,
    1.246488094329834,
    1.2749435901641846,
    1.3032915592193604,
    1.3315620422363281,
    1.3598039150238037,
    1.3879210948944092,
    1.416010856628418,
    1.4440772533416748,
    1.4721312522888184,
    1.5001351833343506,
    1.5281322002410889,
    1.556138038635254,
    1.584226369857788,
    1.6124382019042969,
    1.640683889389038,
    1.6691160202026367,
    1.6977002620697021,
    1.7265105247497559,
    1.7553386688232422,
    1.7843191623687744,
    1.8134360313415527,
    1.8427629470825195,
    1.872136116027832,
    1.901580810546875,
    1.931222915649414,
    1.9610645771026611,
    1.9910144805908203,
    2.0210113525390625,
    2.0510873794555664,
    2.081303119659424,
    2.111602544784546,
    2.1420552730560303,
    2.1725246906280518,
    2.2031383514404297,
    2.233830690383911,
    2.2646055221557617,
    2.295452833175659,
    2.3263847827911377,
    2.3573267459869385,
    2.3884027004241943,
    2.4193973541259766,
    2.450442314147949,
    2.481466770172119,
    2.5125045776367188,
    2.543497323989868,
    2.574392080307007,
    2.6052396297454834,
    2.6359305381774902,
    2.666506290435791,
    2.696946144104004,
    2.727222442626953,
    2.757413148880005,
    2.7874672412872314,
    2.8175101280212402,
    2.847404956817627,
    2.877119302749634,
    2.9066174030303955,
    2.9358885288238525,
    2.9650042057037354,
    2.995514154434204,
    3.0244181156158447,
    3.053236246109009,
    3.0820369720458984,
    3.1106133460998535,
    3.1391491889953613,
    3.1675477027893066,
    3.195927381515503,
    3.2242624759674072,
    3.2527945041656494,
    3.2809975147247314,
    3.309222936630249,
    3.337333917617798,
    3.3654580116271973,
    3.3936235904693604,
    3.4218637943267822,
    3.450108289718628,
    3.4784889221191406,
    3.506991386413574,
    3.5354912281036377,
    3.5639898777008057,
    3.5926053524017334,
    3.621443271636963,
    3.65122127532959,
    3.6804697513580322,
    3.7097339630126953,
    3.739224672317505,
    3.768770456314087,
    3.798452377319336,
    3.8282217979431152,
    3.858150005340576,
    3.8881003856658936,
    3.918212413787842,
    3.9484753608703613,
    3.978886127471924,
    4.009380578994751,
    4.039950370788574,
    4.070805311203003,
    4.101506471633911,
    4.1322877407073975,
    4.163086175918579,
    4.193926572799683,
    4.224860668182373,
    4.25587797164917,
    4.28692889213562,
    4.3180131912231445,
    4.349152088165283,
    4.3803229331970215,
    4.411612510681152,
    4.442897081375122
  ]
}