{
  "gesture_id": 6,
  "gesture_name": "press_twice",
  "timestamp": "2025-12-24T15:00:58.648052",
  "sample_rate": 50,
  "duration": 3.0,
  "distances": [
    57.00714588165283,
    56.6227912902832,
    56.63096904754639,
    56.8231463432312,
    56.76999092102051,
    57.448744773864746,
    57.448744773864746,
    57.20341205596924,
    57.78403282165527,
    56.77816867828369,
    56.606435775756836,
    55.98492622375488,
    56.491947174072266,
    54.39026355743408,
    53.531599044799805,
    52.734267711639404,
    51.87560319900513,
    51.327693462371826,
    49.99063014984131,
    49.438631534576416,
    47.59863615036011,
    47.19792604446411,
    45.43561935424805,
    43.93908977508545,
    42.96184778213501,
    42.066383361816406,
    42.769670486450195,
    41.38762950897217,
    42.49980449676514,
    39.95243310928345,
    38.56630325317383,
    37.42550611495972,
    36.260175704956055,
    34.6941351890564,
    33.94995927810669,
    32.61289596557617,
    31.304454803466797,
    30.249524116516113,
    28.061974048614502,
    28.936994075775146,
    25.98482370376587,
    27.779841423034668,
    24.00580644607544,
    22.791409492492676,
    26.28331184387207,
    41.469407081604004,
    20.939147472381592,
    51.168227195739746,
    50.845205783843994,
    16.097915172576904,
    16.420936584472656,
    16.715335845947266,
    14.037120342254639,
    13.705921173095703,
    13.3583664894104,
    10.92139482498169,
    10.303974151611328,
    11.281216144561768,
    9.265398979187012,
    8.230912685394287,
    6.227362155914307,
    5.27874231338501,
    5.299186706542969,
    4.963898658752441,
    4.281055927276611,
    5.601763725280762,
    6.215095520019531,
    6.223273277282715,
    6.579005718231201,
    7.241404056549072,
    8.562111854553223,
    9.895086288452148,
    13.693654537200928,
    50.28502941131592,
    16.731691360473633,
    18.99693012237549,
    22.770965099334717,
    22.770965099334717,
    26.30784511566162,
    26.332378387451172,
    30.020546913146973,
    33.12400579452515,
    33.38569402694702,
    36.26426458358765,
    38.56630325317383,
    43.14584732055664,
    42.78602600097656,
    44.38886642456055,
    46.588683128356934,
    49.80663061141968,
    49.65125322341919,
    51.18049383163452,
    54.76644039154053,
    54.598796367645264,
    56.4755916595459,
    57.04394578933716,
    57.51007795333862,
    59.3173623085022,
    59.198784828186035,
    61.157357692718506,
    61.725711822509766,
    59.742605686187744,
    60.200560092926025,
    60.44589281082153,
    60.03291606903076,
    60.02473831176758,
    58.77354145050049,
    57.354700565338135,
    56.48376941680908,
    59.61176156997681,
    54.946351051330566,
    48.1997013092041,
    45.37837505340576,
    42.73287057876587,
    38.1328821182251,
    36.2887978553772,
    34.20755863189697,
    36.51777505874634,
    29.51352596282959,
    28.37272882461548,
    26.59815549850464,
    50.28911828994751,
    21.536123752593994,
    17.713022232055664,
    16.081559658050537,
    15.758538246154785,
    13.342010974884033,
    13.023078441619873,
    52.190446853637695,
    17.04244613647461,
    12.348413467407227,
    16.077470779418945,
    12.307524681091309,
    12.307524681091309,
    13.002634048461914,
    15.423250198364258,
    17.034268379211426,
    21.22945785522461,
    24.267494678497314,
    36.2887978553772,
    30.81378936767578,
    33.17307233810425,
    37.396883964538574,
    40.23047685623169,
    42.94549226760864,
    46.56414985656738,
    49.7943639755249,
    48.60450029373169,
    50.44858455657959,
    53.057289123535156
  ],
  "timestamps": [
    0.010785102844238281,
    0.041753292083740234,
    0.07262206077575684,
    0.10351777076721191,
    0.13440322875976562,
    0.16532373428344727,
    0.19620513916015625,
    0.227097749710083,
    0.2580242156982422,
    0.2888963222503662,
    0.3197295665740967,
    0.3505539894104004,
    0.3814737796783447,
    0.4122638702392578,
    0.44296979904174805,
    0.4736297130584717,
    0.5041959285736084,
    0.5347020626068115,
    0.5651631355285645,
    0.5956015586853027,
    0.6259162425994873,
    0.6562018394470215,
    0.6863734722137451,
    0.7164857387542725,
    0.7465314865112305,
    0.7765774726867676,
    0.8066089153289795,
    0.8365664482116699,
    0.8665704727172852,
    0.896449089050293,
    0.9262261390686035,
    0.9559521675109863,
    0.9856119155883789,
    1.015181541442871,
    1.0447039604187012,
    1.0741310119628906,
    1.1035003662109375,
    1.1328091621398926,
    1.1619699001312256,
    1.1912000179290771,
    1.2202715873718262,
    1.2494521141052246,
    1.278430700302124,
    1.307311773300171,
    1.3363893032073975,
    1.3663747310638428,
    1.3952605724334717,
    1.4258878231048584,
    1.4564106464385986,
    1.484900951385498,
    1.5134062767028809,
    1.5419273376464844,
    1.5702917575836182,
    1.5986347198486328,
    1.6269559860229492,
    1.6551356315612793,
    1.6832730770111084,
    1.7115378379821777,
    1.7396693229675293,
    1.7677631378173828,
    1.795719861984253,
    1.8236145973205566,
    1.8515067100524902,
    1.8793580532073975,
    1.907172441482544,
    1.9350602626800537,
    1.9629878997802734,
    1.9909119606018066,
    2.0188612937927246,
    2.0468459129333496,
    2.0749051570892334,
    2.1030454635620117,
    2.1314046382904053,
    2.1618967056274414,
    2.190434694290161,
    2.219106912612915,
    2.2480106353759766,
    2.276926040649414,
    2.3060052394866943,
    2.33510160446167,
    2.3644306659698486,
    2.396061658859253,
    2.425748825073242,
    2.455483913421631,
    2.485374927520752,
    2.515462636947632,
    2.5455055236816406,
    2.575644016265869,
    2.6059045791625977,
    2.6363508701324463,
    2.666792869567871,
    2.6973190307617188,
    2.7280564308166504,
    2.75879168510437,
    2.789628028869629,
    2.820484161376953,
    2.851372718811035,
    2.8823812007904053,
    2.9133756160736084,
    2.9444897174835205,
    2.975633144378662,
    3.006664276123047,
    3.037714719772339,
    3.068775177001953,
    3.099801778793335,
    3.130830764770508,
    3.1617910861968994,
    3.192678928375244,
    3.2235209941864014,
    3.2545788288116455,
    3.285346031188965,
    3.315706491470337,
    3.34592342376709,
    3.3763229846954346,
    3.4061708450317383,
    3.4358537197113037,
    3.4654390811920166,
    3.495124340057373,
    3.5243918895721436,
    3.5535924434661865,
    3.5826854705810547,
    3.613161325454712,
    3.6419577598571777,
    3.670535087585449,
    3.699049711227417,
    3.727510690689087,
    3.7558481693267822,
    3.7841873168945312,
    3.814812183380127,
    3.8433806896209717,
    3.8716630935668945,
    3.9001593589782715,
    3.9284281730651855,
    3.956690788269043,
    3.985004425048828,
    4.01347017288208,
    4.042027235031128,
    4.0708324909210205,
    4.099798202514648,
    4.129459857940674,
    4.15880012512207,
    4.188288450241089,
    4.218033313751221,
    4.247968435287476,
    4.278103828430176,
    4.3084189891815186,
    4.338869094848633,
    4.369256973266602,
    4.3998658657073975,
    4.4306933879852295
  ]
}