{
  "gesture_id": 6,
  "gesture_name": "press_twice",
  "timestamp": "2025-12-24T15:00:28.624159",
  "sample_rate": 50,
  "duration": 3.0,
  "distances": [
    57.19114542007446,
    56.925368309020996,
    56.58599138259888,
    55.83772659301758,
    56.61052465438843,
    57.22794532775879,
    61.02651357650757,
    54.61924076080322,
    51.69569253921509,
    50.30956268310547,
    49.97018575668335,
    49.21374320983887,
    48.44094514846802,
    47.026193141937256,
    43.77962350845337,
    41.80878400802612,
    40.25092124938965,
    42.74104833602905,
    52.85693407058716,
    36.010754108428955,
    34.7432017326355,
    34.75137948989868,
    32.61289596557617,
    30.548012256622314,
    50.17054080963135,
    26.311933994293213,
    23.695051670074463,
    22.194433212280273,
    21.200835704803467,
    49.822986125946045,
    16.40866994857788,
    16.073381900787354,
    15.112495422363281,
    11.67374849319458,
    12.299346923828125,
    12.315702438354492,
    9.956419467926025,
    22.562432289123535,
    7.903802394866943,
    6.272339820861816,
    5.965673923492432,
    6.231451034545898,
    5.96158504486084,
    5.55269718170166,
    6.215095520019531,
    7.21278190612793,
    8.53348970413208,
    10.94592809677124,
    13.252055644989014,
    14.090275764465332,
    16.400492191314697,
    18.326354026794434,
    20.293104648590088,
    23.45789670944214,
    30.069613456726074,
    29.21912670135498,
    33.93360376358032,
    37.2333288192749,
    38.36185932159424,
    41.383540630340576,
    43.62015724182129,
    46.04077339172363,
    48.2487678527832,
    49.88023042678833,
    50.50173997879028,
    54.34119701385498,
    55.29390573501587,
    55.854082107543945,
    56.81905746459961,
    56.536924839019775,
    56.68003559112549,
    56.68412446975708,
    56.81496858596802,
    56.68821334838867,
    56.55328035354614,
    56.98670148849487,
    56.68003559112549,
    56.83541297912598,
    56.68821334838867,
    54.81959581375122,
    52.599334716796875,
    50.37907361984253,
    50.15827417373657,
    46.26566171646118,
    44.00860071182251,
    42.086827754974365,
    39.764344692230225,
    38.81981372833252,
    37.421417236328125,
    33.92542600631714,
    32.13449716567993,
    28.64668369293213,
    26.03389024734497,
    26.933443546295166,
    22.2312331199646,
    20.264482498168945,
    17.030179500579834,
    16.11018180847168,
    14.764940738677979,
    17.071068286895752,
    16.756224632263184,
    10.23855209350586,
    9.911441802978516,
    8.492600917816162,
    7.903802394866943,
    7.225048542022705,
    7.188248634338379,
    7.899713516235352,
    8.181846141815186,
    9.257221221923828,
    11.297571659088135,
    10.594284534454346,
    50.33818483352661,
    14.06165361404419,
    15.758538246154785,
    17.99924373626709,
    20.313549041748047,
    56.810879707336426,
    23.727762699127197,
    51.209115982055664,
    28.957438468933105,
    30.83014488220215,
    32.92365074157715,
    35.25022268295288,
    37.22106218338013,
    40.00967741012573,
    43.83277893066406,
    43.403446674346924,
    46.47010564804077,
    51.233649253845215,
    52.91417837142944,
    52.100491523742676,
    54.32075262069702,
    56.84767961502075,
    56.65959119796753,
    59.11291837692261,
    57.95985460281372,
    58.94118547439575,
    56.671857833862305,
    60.22918224334717,
    60.50313711166382,
    56.671857833862305,
    56.6759467124939,
    56.671857833862305,
    62.73975372314453,
    59.926605224609375,
    58.96162986755371,
    58.5200309753418,
    59.09656286239624,
    62.46988773345947
  ],
  "timestamps": [
    0.010815858840942383,
    0.041811227798461914,
    0.07273483276367188,
    0.10360336303710938,
    0.13450932502746582,
    0.165510892868042,
    0.19665169715881348,
    0.22741937637329102,
    0.2580130100250244,
    0.28849267959594727,
    0.31894874572753906,
    0.3493630886077881,
    0.3797414302825928,
    0.4100773334503174,
    0.4402809143066406,
    0.4702789783477783,
    0.5001797676086426,
    0.5302262306213379,
    0.5608425140380859,
    0.590491533279419,
    0.6200695037841797,
    0.6496627330780029,
    0.6790933609008789,
    0.7084329128265381,
    0.738884449005127,
    0.7679703235626221,
    0.7968988418579102,
    0.8257160186767578,
    0.8544971942901611,
    0.8849701881408691,
    0.9134702682495117,
    0.941972017288208,
    0.9704058170318604,
    0.9986321926116943,
    1.026893138885498,
    1.0551528930664062,
    1.083292007446289,
    1.1121699810028076,
    1.1401996612548828,
    1.168135643005371,
    1.196054220199585,
    1.2239837646484375,
    1.2518939971923828,
    1.2797856330871582,
    1.3077149391174316,
    1.3356995582580566,
    1.3637607097625732,
    1.3919627666473389,
    1.4203543663024902,
    1.4487934112548828,
    1.4773290157318115,
    1.5059587955474854,
    1.5347192287445068,
    1.5636608600616455,
    1.5929791927337646,
    1.6222131252288818,
    1.6517393589019775,
    1.681513786315918,
    1.7113027572631836,
    1.7412810325622559,
    1.7713768482208252,
    1.8016209602355957,
    1.8319671154022217,
    1.8624217510223389,
    1.8929147720336914,
    1.9236094951629639,
    1.9543817043304443,
    1.9852063655853271,
    2.016047954559326,
    2.046884298324585,
    2.0777316093444824,
    2.108553647994995,
    2.1393988132476807,
    2.1702330112457275,
    2.2010514736175537,
    2.2319202423095703,
    2.2627742290496826,
    2.2936694622039795,
    2.3245229721069336,
    2.355262517929077,
    2.3858754634857178,
    2.416369676589966,
    2.4468977451324463,
    2.477175712585449,
    2.50736927986145,
    2.537391185760498,
    2.5672640800476074,
    2.597097158432007,
    2.626828193664551,
    2.6563522815704346,
    2.685774087905884,
    2.7149901390075684,
    2.744062900543213,
    2.773179292678833,
    2.8020212650299072,
    2.8307571411132812,
    2.859295606613159,
    2.8877758979797363,
    2.916189193725586,
    2.944749116897583,
    2.973294973373413,
    3.001462459564209,
    3.029608726501465,
    3.0576705932617188,
    3.0856947898864746,
    3.1136767864227295,
    3.1416640281677246,
    3.1696901321411133,
    3.1977322101593018,
    3.2258431911468506,
    3.2540714740753174,
    3.282256603240967,
    3.312762975692749,
    3.3411898612976074,
    3.369680643081665,
    3.3992109298706055,
    3.4281439781188965,
    3.459071159362793,
    3.488011598587036,
    3.5185530185699463,
    3.547809362411499,
    3.5771524906158447,
    3.6066360473632812,
    3.636239528656006,
    3.665980100631714,
    3.695861577987671,
    3.725961923599243,
    3.756037473678589,
    3.7863004207611084,
    3.8168528079986572,
    3.8474836349487305,
    3.878063440322876,
    3.9087724685668945,
    3.939620018005371,
    3.9704527854919434,
    4.001427888870239,
    4.03234076499939,
    4.063324928283691,
    4.094171762466431,
    4.125227212905884,
    4.156301259994507,
    4.187170743942261,
    4.218019723892212,
    4.248864650726318,
    4.28005838394165,
    4.311081409454346,
    4.342051267623901,
    4.3730103969573975,
    4.404040813446045,
    4.4353086948394775
  ]
}