{
  "gesture_id": 6,
  "gesture_name": "press_twice",
  "timestamp": "2025-12-23T16:09:07.010310",
  "sample_rate": 50,
  "duration": 3.0,
  "distances": [
    56.602346897125244,
    56.15665912628174,
    55.490171909332275,
    55.42474985122681,
    54.93408441543579,
    54.36981916427612,
    54.06724214553833,
    53.74830961227417,
    55.66599369049072,
    52.54209041595459,
    51.71613693237305,
    50.65302848815918,
    49.2464542388916,
    47.83579111099243,
    46.80130481719971,
    46.183884143829346,
    44.200778007507324,
    43.18673610687256,
    42.51207113265991,
    40.676164627075195,
    40.45945405960083,
    39.07332420349121,
    39.30230140686035,
    37.16381788253784,
    36.47688627243042,
    35.52008867263794,
    33.97858142852783,
    33.43067169189453,
    32.3512077331543,
    31.83192014694214,
    29.979658126831055,
    29.484903812408447,
    27.473175525665283,
    26.89664363861084,
    26.336467266082764,
    24.263405799865723,
    23.73594045639038,
    26.050245761871338,
    25.14660358428955,
    49.2464542388916,
    21.52385711669922,
    19.970083236694336,
    18.2936429977417,
    18.015599250793457,
    17.696666717529297,
    17.026090621948242,
    16.06520414352417,
    16.081559658050537,
    15.774893760681152,
    14.748585224151611,
    14.719963073730469,
    13.346099853515625,
    13.395166397094727,
    13.031256198883057,
    12.3116135597229,
    13.31338882446289,
    12.691879272460938,
    14.01667594909668,
    13.718187808990479,
    14.356052875518799,
    17.013823986053467,
    16.715335845947266,
    17.038357257843018,
    18.309998512268066,
    21.50750160217285,
    22.178077697753906,
    24.21025037765503,
    26.295578479766846,
    29.771125316619873,
    30.004191398620605,
    30.637967586517334,
    34.90675687789917,
    36.42373085021973,
    37.400972843170166,
    38.31279277801514,
    38.787102699279785,
    44.973576068878174,
    41.833317279815674,
    42.225849628448486,
    43.951356410980225,
    45.94672918319702,
    46.60094976425171,
    47.206103801727295,
    47.35739231109619,
    48.571789264678955,
    49.573564529418945,
    50.46902894973755,
    51.164138317108154,
    52.50120162963867,
    52.00235843658447,
    52.81604528427124,
    52.49711275100708,
    52.329468727111816,
    49.78209733963013,
    48.17925691604614,
    47.83579111099243,
    47.455525398254395,
    44.77730989456177,
    41.84558391571045,
    40.655720233917236,
    36.47279739379883,
    35.50373315811157,
    33.68009328842163,
    30.548012256622314,
    29.98783588409424,
    28.663039207458496,
    30.049169063568115,
    24.860382080078125,
    24.85220432281494,
    22.783231735229492,
    22.562432289123535,
    22.55425453186035,
    19.949638843536377,
    18.653464317321777,
    17.357289791107178,
    16.061115264892578,
    16.06520414352417,
    16.097915172576904,
    14.392852783203125,
    16.711246967315674,
    15.271961688995361,
    16.097915172576904,
    14.037120342254639,
    14.392852783203125,
    16.392314434051514,
    16.061115264892578,
    16.11018180847168,
    16.061115264892578,
    16.67853593826294,
    17.0465350151062,
    19.626617431640625,
    23.069453239440918,
    36.20702028274536,
    26.03389024734497,
    29.983747005462646,
    30.49485683441162,
    31.840097904205322,
    35.20115613937378,
    36.22746467590332,
    39.195990562438965,
    38.787102699279785,
    42.475271224975586,
    42.9168701171875,
    43.77962350845337,
    51.826536655426025,
    53.77284288406372,
    55.809104442596436,
    47.62316942214966,
    48.821210861206055,
    49.025654792785645
  ],
  "timestamps": [
    0.010756492614746094,
    0.0416872501373291,
    0.07253623008728027,
    0.10335397720336914,
    0.13415741920471191,
    0.16498637199401855,
    0.19592022895812988,
    0.22695136070251465,
    0.25785374641418457,
    0.2884819507598877,
    0.31905698776245117,
    0.34955310821533203,
    0.37996387481689453,
    0.4102938175201416,
    0.4405694007873535,
    0.4708127975463867,
    0.50093674659729,
    0.5309991836547852,
    0.5610249042510986,
    0.5909411907196045,
    0.6208455562591553,
    0.6506755352020264,
    0.6805112361907959,
    0.710228681564331,
    0.7398984432220459,
    0.7695188522338867,
    0.7990472316741943,
    0.8285579681396484,
    0.8580050468444824,
    0.8874104022979736,
    0.9167068004608154,
    0.9459724426269531,
    0.975121259689331,
    1.004289150238037,
    1.0334587097167969,
    1.0624430179595947,
    1.091392993927002,
    1.120474100112915,
    1.1494944095611572,
    1.179959774017334,
    1.2088725566864014,
    1.2376110553741455,
    1.266232967376709,
    1.2948386669158936,
    1.3234217166900635,
    1.3519623279571533,
    1.3804495334625244,
    1.4089300632476807,
    1.4373979568481445,
    1.4658117294311523,
    1.4942173957824707,
    1.5225608348846436,
    1.550929069519043,
    1.5792620182037354,
    1.6075644493103027,
    1.6359148025512695,
    1.6642231941223145,
    1.6926069259643555,
    1.7209699153900146,
    1.7493717670440674,
    1.7779285907745361,
    1.806469440460205,
    1.8350250720977783,
    1.8636548519134521,
    1.8924758434295654,
    1.9213340282440186,
    1.9502990245819092,
    1.9793798923492432,
    2.008655309677124,
    2.0379600524902344,
    2.067357063293457,
    2.0969598293304443,
    2.126650810241699,
    2.156395435333252,
    2.1862311363220215,
    2.2161107063293457,
    2.2462940216064453,
    2.2762937545776367,
    2.3063061237335205,
    2.3364338874816895,
    2.3666558265686035,
    2.3969154357910156,
    2.4272117614746094,
    2.457536458969116,
    2.487912893295288,
    2.518345594406128,
    2.548828125,
    2.579357385635376,
    2.6099607944488525,
    2.6405632495880127,
    2.671186685562134,
    2.701808214187622,
    2.7324042320251465,
    2.762843370437622,
    2.7931830883026123,
    2.8235037326812744,
    2.853799819946289,
    2.883958578109741,
    2.9139389991760254,
    2.9438552856445312,
    2.9735264778137207,
    3.003140926361084,
    3.0326457023620605,
    3.0619699954986572,
    3.0912652015686035,
    3.12050199508667,
    3.149799346923828,
    3.178842544555664,
    3.2079215049743652,
    3.236816644668579,
    3.265688896179199,
    3.2945544719696045,
    3.32326602935791,
    3.3519206047058105,
    3.3804771900177,
    3.4089603424072266,
    3.437439203262329,
    3.465938091278076,
    3.4943413734436035,
    3.522881031036377,
    3.55141282081604,
    3.5799105167388916,
    3.60827374458313,
    3.636665105819702,
    3.665177345275879,
    3.6936821937561035,
    3.7221806049346924,
    3.7506802082061768,
    3.779212236404419,
    3.8077480792999268,
    3.836437225341797,
    3.8653364181518555,
    3.8950085639953613,
    3.9240882396698,
    3.953397035598755,
    3.982776165008545,
    4.012175559997559,
    4.041774272918701,
    4.0714545249938965,
    4.101311445236206,
    4.131138324737549,
    4.161194086074829,
    4.191355466842651,
    4.221522331237793,
    4.25210428237915,
    4.282817840576172,
    4.313627243041992,
    4.343954086303711,
    4.374349355697632,
    4.404752492904663
  ]
}