{
  "gesture_id": 6,
  "gesture_name": "press_twice",
  "timestamp": "2025-12-24T15:02:58.991883",
  "sample_rate": 50,
  "duration": 3.0,
  "distances": [
    71.40817642211914,
    71.83750867843628,
    72.72070646286011,
    71.2282657623291,
    68.95484924316406,
    69.29422616958618,
    69.69493627548218,
    69.40462589263916,
    67.85902976989746,
    67.42969751358032,
    65.02134799957275,
    63.520729541778564,
    61.76251173019409,
    59.926605224609375,
    60.952913761138916,
    57.96394348144531,
    55.36750555038452,
    51.90422534942627,
    50.006985664367676,
    48.08521270751953,
    46.67454957962036,
    43.05589199066162,
    41.38762950897217,
    38.15741539001465,
    36.031198501586914,
    34.51422452926636,
    31.61112070083618,
    29.8079252243042,
    26.675844192504883,
    24.013984203338623,
    22.247588634490967,
    20.329904556274414,
    18.33862066268921,
    17.70075559616089,
    15.774893760681152,
    15.787160396575928,
    15.484583377838135,
    16.42911434173584,
    14.078009128570557,
    53.47026586532593,
    52.06778049468994,
    16.11427068710327,
    12.336146831512451,
    12.35659122467041,
    14.073920249938965,
    16.06929302215576,
    18.31817626953125,
    21.24990224838257,
    30.053257942199707,
    30.294501781463623,
    29.521703720092773,
    33.438849449157715,
    36.260175704956055,
    56.70047998428345,
    40.00967741012573,
    42.994558811187744,
    45.611441135406494,
    49.095165729522705,
    49.663519859313965,
    52.35400199890137,
    53.90777587890625,
    55.85817098617554,
    57.11754560470581,
    60.49904823303223,
    61.37815713882446,
    62.94419765472412,
    62.62526512145996,
    64.1994833946228,
    64.297616481781,
    64.32623863220215,
    64.44072723388672,
    64.47343826293945,
    66.4442777633667,
    65.45068025588989,
    64.91503715515137,
    66.16214513778687,
    66.28481149673462,
    64.03592824935913,
    62.249088287353516,
    59.517717361450195,
    56.83541297912598,
    54.14084196090698,
    51.72431468963623,
    49.847519397735596,
    45.81179618835449,
    42.953670024871826,
    40.676164627075195,
    38.832080364227295,
    38.37003707885742,
    37.883460521698,
    29.23957109451294,
    26.025712490081787,
    24.267494678497314,
    23.11851978302002,
    22.2312331199646,
    20.603859424591064,
    17.394089698791504,
    18.68617534637451,
    14.020764827728271,
    13.69774341583252,
    14.364230632781982,
    52.370357513427734,
    10.925483703613281,
    10.242640972137451,
    8.913755416870117,
    9.935975074768066,
    8.504867553710938,
    8.913755416870117,
    22.20669984817505,
    10.978639125823975,
    12.687790393829346,
    13.730454444885254,
    16.707158088684082,
    16.715335845947266,
    17.72528886795044,
    20.239949226379395,
    23.408830165863037,
    27.48953104019165,
    29.73841428756714,
    32.10587501525879,
    34.47333574295044,
    38.378214836120605,
    42.77784824371338,
    45.202553272247314,
    46.20023965835571,
    48.57996702194214,
    50.87382793426514,
    56.77816867828369,
    54.079508781433105,
    54.991328716278076,
    56.89674615859985,
    57.36696720123291,
    58.57318639755249,
    59.86936092376709,
    61.48037910461426,
    62.588465213775635,
    62.7561092376709,
    64.13406133651733,
    64.42846059799194,
    64.47343826293945,
    63.68837356567383,
    64.12179470062256,
    64.26899433135986,
    64.3017053604126,
    64.26081657409668,
    64.26081657409668,
    64.3017053604126,
    64.2485499382019,
    63.86828422546387,
    63.83557319641113
  ],
  "timestamps": [
    0.011618614196777344,
    0.043442487716674805,
    0.07529950141906738,
    0.10710501670837402,
    0.13878250122070312,
    0.17038273811340332,
    0.20200419425964355,
    0.23360490798950195,
    0.2651197910308838,
    0.29660820960998535,
    0.32794880867004395,
    0.359205961227417,
    0.3903517723083496,
    0.42139458656311035,
    0.452484130859375,
    0.48339080810546875,
    0.5141522884368896,
    0.5447194576263428,
    0.5751869678497314,
    0.6055493354797363,
    0.6358184814453125,
    0.66587233543396,
    0.6958334445953369,
    0.7255983352661133,
    0.7552614212036133,
    0.7848267555236816,
    0.8142125606536865,
    0.8435122966766357,
    0.8726329803466797,
    0.9016003608703613,
    0.9304633140563965,
    0.9592070579528809,
    0.987830400466919,
    1.016411542892456,
    1.0449280738830566,
    1.0734295845031738,
    1.1019675731658936,
    1.1305842399597168,
    1.1589925289154053,
    1.1896686553955078,
    1.2202610969543457,
    1.248748540878296,
    1.277014970779419,
    1.30527925491333,
    1.3336472511291504,
    1.3621470928192139,
    1.3907833099365234,
    1.419590711593628,
    1.4489116668701172,
    1.4782814979553223,
    1.5075592994689941,
    1.5370709896087646,
    1.5667505264282227,
    1.5976288318634033,
    1.6275553703308105,
    1.657679557800293,
    1.6878879070281982,
    1.7182939052581787,
    1.7487318515777588,
    1.7793247699737549,
    1.8100104331970215,
    1.8408098220825195,
    1.8716869354248047,
    1.9027559757232666,
    1.9338784217834473,
    1.9651148319244385,
    1.9963126182556152,
    2.0275967121124268,
    2.0588903427124023,
    2.090217351913452,
    2.1216626167297363,
    2.153006076812744,
    2.184526205062866,
    2.2159502506256104,
    2.2472963333129883,
    2.27870512008667,
    2.310122489929199,
    2.3414058685302734,
    2.372584581375122,
    2.4035956859588623,
    2.4344379901885986,
    2.465123176574707,
    2.4956769943237305,
    2.5261311531066895,
    2.556347608566284,
    2.5864148139953613,
    2.616333246231079,
    2.646139144897461,
    2.6759183406829834,
    2.705667734146118,
    2.734914779663086,
    2.7639925479888916,
    2.7929527759552,
    2.821843385696411,
    2.850679397583008,
    2.8794219493865967,
    2.9079999923706055,
    2.93664288520813,
    2.9650025367736816,
    2.993344306945801,
    3.021740674972534,
    3.0523605346679688,
    3.08056640625,
    3.1087536811828613,
    3.136911153793335,
    3.165048837661743,
    3.193112850189209,
    3.2211971282958984,
    3.2500691413879395,
    3.2782745361328125,
    3.3065755367279053,
    3.3349220752716064,
    3.3635263442993164,
    3.3920462131500244,
    3.420638084411621,
    3.4493846893310547,
    3.4783124923706055,
    3.5074799060821533,
    3.536811113357544,
    3.5662307739257812,
    3.5957837104797363,
    3.62557315826416,
    3.655635356903076,
    3.6858339309692383,
    3.7160940170288086,
    3.7465240955352783,
    3.7770330905914307,
    3.8078856468200684,
    3.838589668273926,
    3.869340181350708,
    3.900200605392456,
    3.931110143661499,
    3.9620707035064697,
    3.993121385574341,
    4.024252414703369,
    4.055437326431274,
    4.086643218994141,
    4.118003845214844,
    4.149346590042114,
    4.180673837661743,
    4.211941719055176,
    4.2432262897491455,
    4.2745201587677,
    4.305810213088989,
    4.337118148803711,
    4.368399620056152,
    4.399693965911865,
    4.430982351303101,
    4.462268352508545,
    4.493555784225464
  ]
}