{
  "gesture_id": 6,
  "gesture_name": "press_twice",
  "timestamp": "2025-12-23T16:11:00.196200",
  "sample_rate": 50,
  "duration": 3.0,
  "distances": [
    52.59524583816528,
    52.19453573226929,
    52.26813554763794,
    52.04733610153198,
    51.86742544174194,
    51.51169300079346,
    50.97604990005493,
    50.81249475479126,
    50.117385387420654,
    49.79027509689331,
    49.45498704910278,
    47.23881483078003,
    46.79312705993652,
    45.8077073097229,
    44.8100209236145,
    43.78780126571655,
    42.30762720108032,
    42.111361026763916,
    44.180333614349365,
    43.203091621398926,
    41.60434007644653,
    52.370357513427734,
    52.56662368774414,
    38.79936933517456,
    36.52595281600952,
    35.50373315811157,
    34.47333574295044,
    32.915472984313965,
    32.1508526802063,
    29.996013641357422,
    29.525792598724365,
    29.51761484146118,
    26.001179218292236,
    27.771663665771484,
    26.634955406188965,
    22.497010231018066,
    21.875500679016113,
    21.556568145751953,
    19.31586265563965,
    18.984663486480713,
    17.034268379211426,
    17.390000820159912,
    16.752135753631592,
    15.464138984680176,
    16.097915172576904,
    14.401030540466309,
    13.714098930358887,
    15.439605712890625,
    14.752674102783203,
    14.72405195236206,
    15.435516834259033,
    16.42911434173584,
    18.027865886688232,
    18.988752365112305,
    20.922791957855225,
    22.488832473754883,
    29.182326793670654,
    26.618599891662598,
    28.364551067352295,
    29.959213733673096,
    30.80970048904419,
    33.35298299789429,
    34.97626781463623,
    37.40915060043335,
    38.09608221054077,
    52.554357051849365,
    42.75740385055542,
    42.94549226760864,
    43.58335733413696,
    44.77730989456177,
    46.776771545410156,
    46.57641649246216,
    49.80663061141968,
    49.778008460998535,
    49.20147657394409,
    49.92111921310425,
    49.94974136352539,
    50.61213970184326,
    50.98831653594971,
    51.507604122161865,
    50.26458501815796,
    48.83756637573242,
    48.845744132995605,
    46.35970592498779,
    45.98352909088135,
    42.974114418029785,
    42.03367233276367,
    44.16806697845459,
    40.88878631591797,
    36.91030740737915,
    38.32097053527832,
    32.845962047576904,
    30.781078338623047,
    30.03690242767334,
    28.335928916931152,
    29.227304458618164,
    24.271583557128906,
    22.52563238143921,
    21.241724491119385,
    20.235860347747803,
    18.36315393447876,
    17.34093427658081,
    17.373645305633545,
    16.097915172576904,
    15.750360488891602,
    15.398716926574707,
    16.073381900787354,
    15.386450290679932,
    15.758538246154785,
    16.102004051208496,
    16.052937507629395,
    12.622368335723877,
    11.980414390563965,
    12.671434879302979,
    10.970461368560791,
    12.618279457092285,
    14.078009128570557,
    17.02200174331665,
    16.08564853668213,
    15.415072441101074,
    16.739869117736816,
    18.97648572921753,
    19.921016693115234,
    21.87141180038452,
    28.061974048614502,
    26.634955406188965,
    27.755308151245117,
    28.912460803985596,
    29.210948944091797,
    31.279921531677246,
    31.660187244415283,
    33.696448802948,
    35.213422775268555,
    36.24790906906128,
    37.8343939781189,
    39.02425765991211,
    40.43492078781128,
    41.78016185760498,
    43.955445289611816,
    42.94140338897705,
    43.38709115982056,
    44.51562166213989,
    44.78548765182495,
    46.37606143951416,
    46.96077108383179,
    47.982990741729736,
    47.96663522720337,
    48.35507869720459,
    48.42050075531006,
    48.80485534667969
  ],
  "timestamps": [
    0.010601043701171875,
    0.0413510799407959,
    0.07202410697937012,
    0.1026144027709961,
    0.1331803798675537,
    0.16372394561767578,
    0.19426631927490234,
    0.22478461265563965,
    0.25523805618286133,
    0.28569507598876953,
    0.31610798835754395,
    0.3464090824127197,
    0.3766751289367676,
    0.4068613052368164,
    0.4370124340057373,
    0.4670896530151367,
    0.4971046447753906,
    0.5271058082580566,
    0.5572538375854492,
    0.5873029232025146,
    0.6172738075256348,
    0.6478571891784668,
    0.6784918308258057,
    0.7082996368408203,
    0.7379748821258545,
    0.7675943374633789,
    0.7971513271331787,
    0.8266010284423828,
    0.8560240268707275,
    0.8853015899658203,
    0.9145693778991699,
    0.9438328742980957,
    0.9729280471801758,
    1.0021350383758545,
    1.0313594341278076,
    1.0603079795837402,
    1.089198112487793,
    1.1180226802825928,
    1.1467080116271973,
    1.1753673553466797,
    1.2039172649383545,
    1.2324638366699219,
    1.2610530853271484,
    1.2895474433898926,
    1.318061351776123,
    1.3464703559875488,
    1.3748400211334229,
    1.403310775756836,
    1.4317409992218018,
    1.4601621627807617,
    1.4886150360107422,
    1.5171184539794922,
    1.5457351207733154,
    1.5744898319244385,
    1.6032860279083252,
    1.6321685314178467,
    1.6614396572113037,
    1.6905508041381836,
    1.7197513580322266,
    1.7490465641021729,
    1.7783923149108887,
    1.8078820705413818,
    1.8374779224395752,
    1.8672049045562744,
    1.8969743251800537,
    1.927605152130127,
    1.957643985748291,
    1.9877984523773193,
    2.0181360244750977,
    2.0483644008636475,
    2.078677177429199,
    2.108952045440674,
    2.1394124031066895,
    2.1698668003082275,
    2.200305700302124,
    2.2307631969451904,
    2.2612247467041016,
    2.2917232513427734,
    2.3222358226776123,
    2.3527708053588867,
    2.3832314014434814,
    2.413616180419922,
    2.444011688232422,
    2.4742610454559326,
    2.5044872760772705,
    2.534557819366455,
    2.564589262008667,
    2.5947225093841553,
    2.6246559619903564,
    2.654352903366089,
    2.6841306686401367,
    2.713590145111084,
    2.7429323196411133,
    2.7722277641296387,
    2.8014087677001953,
    2.8306524753570557,
    2.8596112728118896,
    2.8884692192077637,
    2.9172303676605225,
    2.9459547996520996,
    2.9745676517486572,
    3.004577875137329,
    3.0331778526306152,
    3.061738967895508,
    3.0902369022369385,
    3.1187124252319336,
    3.147264003753662,
    3.175715684890747,
    3.2041850090026855,
    3.2326691150665283,
    3.2611770629882812,
    3.289486885070801,
    3.3177554607391357,
    3.346052646636963,
    3.374238967895508,
    3.402523994445801,
    3.4308934211730957,
    3.4594526290893555,
    3.4879515171051025,
    3.5163965225219727,
    3.544926643371582,
    3.57356333732605,
    3.6022679805755615,
    3.631136417388916,
    3.660341739654541,
    3.6894407272338867,
    3.718625068664551,
    3.747868537902832,
    3.7771291732788086,
    3.8065035343170166,
    3.8359262943267822,
    3.8654160499572754,
    3.8950133323669434,
    3.9246699810028076,
    3.954403877258301,
    3.9843106269836426,
    4.014396667480469,
    4.044447422027588,
    4.074561357498169,
    4.1046226024627686,
    4.134681224822998,
    4.164823770523071,
    4.194955825805664,
    4.225206136703491,
    4.255485773086548,
    4.285827398300171,
    4.3161492347717285,
    4.34651517868042,
    4.3768837451934814,
    4.407259941101074
  ]
}