{
  "gesture_id": 6,
  "gesture_name": "press_twice",
  "timestamp": "2025-12-23T16:12:33.928936",
  "sample_rate": 50,
  "duration": 3.0,
  "distances": [
    43.448424339294434,
    43.18673610687256,
    44.38886642456055,
    43.35029125213623,
    44.17215585708618,
    45.42335271835327,
    45.39881944656372,
    45.366108417510986,
    45.819973945617676,
    47.430992126464844,
    50.207340717315674,
    50.006985664367676,
    48.39596748352051,
    47.56592512130737,
    46.752238273620605,
    45.79135179519653,
    50.29729604721069,
    44.155800342559814,
    42.94140338897705,
    43.14584732055664,
    41.583895683288574,
    38.308703899383545,
    37.62177228927612,
    37.899816036224365,
    36.01893186569214,
    33.63511562347412,
    32.62516260147095,
    31.549787521362305,
    30.552101135253906,
    37.15972900390625,
    30.269968509674072,
    28.928816318511963,
    29.758858680725098,
    50.027430057525635,
    24.909448623657227,
    23.969006538391113,
    21.27852439880371,
    21.241724491119385,
    18.943774700164795,
    19.949638843536377,
    18.653464317321777,
    16.43320322036743,
    16.45364761352539,
    16.42911434173584,
    14.773118495941162,
    14.773118495941162,
    14.732229709625244,
    14.368319511413574,
    14.057564735412598,
    26.316022872924805,
    10.573840141296387,
    13.01490068435669,
    37.47048377990723,
    37.22106218338013,
    17.04244613647461,
    45.01446485519409,
    13.685476779937744,
    13.693654537200928,
    16.13471508026123,
    17.099690437316895,
    18.690264225006104,
    19.974172115325928,
    22.21078872680664,
    26.03389024734497,
    25.719046592712402,
    26.606333255767822,
    28.368639945983887,
    29.51761484146118,
    31.590676307678223,
    34.506046772003174,
    36.05164289474487,
    36.260175704956055,
    37.196528911590576,
    38.61945867538452,
    41.14638566970825,
    40.676164627075195,
    41.80469512939453,
    43.791890144348145,
    45.80361843109131,
    45.41926383972168,
    48.00752401351929,
    46.37606143951416,
    46.80948257446289,
    46.80948257446289,
    48.04023504257202,
    46.83810472488403,
    45.82815170288086,
    45.42744159698486,
    45.23526430130005,
    43.771445751190186,
    41.608428955078125,
    39.99741077423096,
    39.976966381073,
    36.280620098114014,
    36.26426458358765,
    33.44293832778931,
    31.071388721466064,
    29.268193244934082,
    27.203309535980225,
    28.67121696472168,
    26.046156883239746,
    23.429274559020996,
    22.832298278808594,
    21.601545810699463,
    20.264482498168945,
    18.849730491638184,
    17.696666717529297,
    16.735780239105225,
    17.050623893737793,
    14.764940738677979,
    14.74449634552002,
    16.42911434173584,
    15.116584300994873,
    13.685476779937744,
    11.30983829498291,
    11.252593994140625,
    10.598373413085938,
    10.279440879821777,
    10.267174243927002,
    10.929572582244873,
    14.020764827728271,
    16.08564853668213,
    17.04244613647461,
    16.38413667678833,
    18.015599250793457,
    19.332218170166016,
    20.628392696380615,
    23.678696155548096,
    36.97981834411621,
    30.000102519989014,
    28.94517183303833,
    29.480814933776855,
    30.793344974517822,
    32.82960653305054,
    35.213422775268555,
    38.059282302856445,
    37.65448331832886,
    38.36185932159424,
    39.73163366317749,
    40.63936471939087,
    41.08096361160278,
    41.583895683288574,
    43.34620237350464,
    44.17624473571777,
    47.56592512130737,
    46.776771545410156,
    46.18797302246094,
    46.76859378814697,
    47.78672456741333,
    48.187434673309326
  ],
  "timestamps": [
    0.009992837905883789,
    0.04017210006713867,
    0.07038331031799316,
    0.10052371025085449,
    0.13075876235961914,
    0.1609807014465332,
    0.19118547439575195,
    0.2213902473449707,
    0.25166821479797363,
    0.2820560932159424,
    0.3125770092010498,
    0.34308815002441406,
    0.37348365783691406,
    0.4037971496582031,
    0.4340837001800537,
    0.46428918838500977,
    0.49474263191223145,
    0.5248591899871826,
    0.554901123046875,
    0.5849604606628418,
    0.614912748336792,
    0.6447129249572754,
    0.6744341850280762,
    0.7041935920715332,
    0.7338266372680664,
    0.7633411884307861,
    0.7927885055541992,
    0.8221762180328369,
    0.8515043258666992,
    0.8812177181243896,
    0.9105050563812256,
    0.939732551574707,
    0.969017744064331,
    0.9994609355926514,
    1.0284583568572998,
    1.0574150085449219,
    1.0862042903900146,
    1.1149861812591553,
    1.1436491012573242,
    1.1723861694335938,
    1.2010512351989746,
    1.229609489440918,
    1.2582402229309082,
    1.28682279586792,
    1.315253734588623,
    1.343682050704956,
    1.3721513748168945,
    1.400566577911377,
    1.4289665222167969,
    1.4580814838409424,
    1.4862699508666992,
    1.5145981311798096,
    1.544316053390503,
    1.5740256309509277,
    1.602569341659546,
    1.6327424049377441,
    1.661083459854126,
    1.689455509185791,
    1.7179691791534424,
    1.7465276718139648,
    1.7751946449279785,
    1.8039050102233887,
    1.8327271938323975,
    1.8618369102478027,
    1.8909168243408203,
    1.9200396537780762,
    1.9492392539978027,
    1.978517770767212,
    2.0079104900360107,
    2.0374953746795654,
    2.067147970199585,
    2.0968220233917236,
    2.1265370845794678,
    2.1563355922698975,
    2.1862823963165283,
    2.2161977291107178,
    2.246229410171509,
    2.2764053344726562,
    2.3066561222076416,
    2.336859703063965,
    2.3672146797180176,
    2.3974764347076416,
    2.4277563095092773,
    2.4580345153808594,
    2.4884033203125,
    2.5186798572540283,
    2.5488998889923096,
    2.5790915489196777,
    2.6092753410339355,
    2.6393702030181885,
    2.6693410873413086,
    2.6992342472076416,
    2.7291131019592285,
    2.7587742805480957,
    2.7884340286254883,
    2.8179283142089844,
    2.8472843170166016,
    2.876537799835205,
    2.9056694507598877,
    2.93489408493042,
    2.963956356048584,
    2.9928627014160156,
    3.021751642227173,
    3.0505757331848145,
    3.079328775405884,
    3.107994318008423,
    3.13659405708313,
    3.165121078491211,
    3.1936659812927246,
    3.2220842838287354,
    3.2505667209625244,
    3.2791686058044434,
    3.3076932430267334,
    3.3362083435058594,
    3.3644440174102783,
    3.3926613330841064,
    3.4208457469940186,
    3.449014663696289,
    3.477181911468506,
    3.505385160446167,
    3.533771276473999,
    3.5622735023498535,
    3.5908350944519043,
    3.619356393814087,
    3.64797306060791,
    3.6766655445098877,
    3.705434560775757,
    3.734376907348633,
    3.7641570568084717,
    3.7934505939483643,
    3.8226871490478516,
    3.8519608974456787,
    3.881326198577881,
    3.9108073711395264,
    3.9404456615448,
    3.970227003097534,
    3.9999876022338867,
    4.029785394668579,
    4.059657335281372,
    4.0895726680755615,
    4.119510650634766,
    4.149507761001587,
    4.179582357406616,
    4.209699630737305,
    4.240106821060181,
    4.27057671546936,
    4.300863027572632,
    4.331162214279175,
    4.361522436141968,
    4.3919031620025635
  ]
}