{
  "gesture_id": 6,
  "gesture_name": "press_twice",
  "timestamp": "2025-12-24T14:57:21.102353",
  "sample_rate": 50,
  "duration": 3.0,
  "distances": [
    54.13675308227539,
    54.0835976600647,
    54.099953174591064,
    54.099953174591064,
    54.418885707855225,
    54.45568561553955,
    53.92413139343262,
    54.987239837646484,
    53.75648736953735,
    53.60519886016846,
    53.27399969100952,
    52.529823780059814,
    55.78866004943848,
    50.66120624542236,
    49.94974136352539,
    49.22600984573364,
    49.234187602996826,
    45.76272964477539,
    45.795440673828125,
    43.18264722824097,
    41.79651737213135,
    40.91331958770752,
    39.27367925643921,
    51.327693462371826,
    51.51987075805664,
    36.24382019042969,
    34.45289134979248,
    35.442399978637695,
    30.53983449935913,
    29.476726055145264,
    29.48899269104004,
    29.21912670135498,
    29.251837730407715,
    23.682785034179688,
    23.400652408599854,
    27.477264404296875,
    21.241724491119385,
    20.583415031433105,
    19.945549964904785,
    17.02200174331665,
    16.06520414352417,
    16.11018180847168,
    14.437830448150635,
    15.754449367523193,
    16.388225555419922,
    13.346099853515625,
    11.313927173614502,
    10.414373874664307,
    12.655079364776611,
    10.60246229171753,
    9.592509269714355,
    8.566200733184814,
    17.36546754837036,
    7.543981075286865,
    6.288695335388184,
    5.912518501281738,
    5.9084296226501465,
    5.6262969970703125,
    6.619894504547119,
    8.21455717086792,
    9.55570936203003,
    13.03943395614624,
    13.374722003936768,
    14.732229709625244,
    17.02200174331665,
    19.610261917114258,
    22.52563238143921,
    22.533810138702393,
    24.84811544418335,
    26.589977741241455,
    29.726147651672363,
    51.17640495300293,
    34.77182388305664,
    36.48097515106201,
    39.47403430938721,
    44.19260025024414,
    42.953670024871826,
    45.366108417510986,
    55.964481830596924,
    49.93338584899902,
    49.63489770889282,
    50.33000707626343,
    54.079508781433105,
    52.34173536300659,
    52.00235843658447,
    52.85693407058716,
    52.689290046691895,
    52.533912658691406,
    50.485384464263916,
    49.97018575668335,
    49.81071949005127,
    48.83756637573242,
    46.408772468566895,
    45.2107310295105,
    43.767356872558594,
    43.18264722824097,
    45.16575336456299,
    39.71118927001953,
    37.64221668243408,
    36.27244234085083,
    36.01484298706055,
    34.95173454284668,
    30.576634407043457,
    28.981971740722656,
    26.025712490081787,
    23.388385772705078,
    22.198522090911865,
    20.305371284484863,
    19.283151626586914,
    18.06875467300415,
    17.099690437316895,
    15.096139907836914,
    12.340235710144043,
    11.293482780456543,
    9.882819652557373,
    9.559798240661621,
    9.612953662872314,
    8.247268199920654,
    8.566200733184814,
    8.21455717086792,
    9.232687950134277,
    9.249043464660645,
    9.960508346557617,
    10.970461368560791,
    14.72405195236206,
    15.799427032470703,
    19.5898175239563,
    20.293104648590088,
    22.795498371124268,
    23.39247465133667,
    29.775214195251465,
    29.231393337249756,
    30.531656742095947,
    33.663737773895264,
    36.031198501586914,
    37.66266107559204,
    40.013766288757324,
    47.01392650604248,
    46.64183855056763,
    47.62316942214966,
    55.50652742385864,
    49.99880790710449,
    51.18049383163452,
    52.21906900405884,
    53.60519886016846,
    55.11808395385742,
    55.330705642700195,
    55.98492622375488,
    57.59594440460205,
    59.20696258544922
  ],
  "timestamps": [
    0.010615825653076172,
    0.04142642021179199,
    0.07219791412353516,
    0.1029503345489502,
    0.13368701934814453,
    0.1644148826599121,
    0.19513320922851562,
    0.22591447830200195,
    0.2566046714782715,
    0.2873046398162842,
    0.3179640769958496,
    0.3485753536224365,
    0.3793818950653076,
    0.40988612174987793,
    0.44034886360168457,
    0.4707489013671875,
    0.5011699199676514,
    0.531365156173706,
    0.5615720748901367,
    0.5916309356689453,
    0.6215908527374268,
    0.6515293121337891,
    0.6813497543334961,
    0.7118909358978271,
    0.7424306869506836,
    0.7720966339111328,
    0.8016688823699951,
    0.8313024044036865,
    0.860640287399292,
    0.8902523517608643,
    0.9197421073913574,
    0.9490299224853516,
    0.978302001953125,
    1.0072438716888428,
    1.0361838340759277,
    1.0653471946716309,
    1.0941441059112549,
    1.1228933334350586,
    1.1516027450561523,
    1.1801433563232422,
    1.208627700805664,
    1.237185001373291,
    1.2655978202819824,
    1.2940881252288818,
    1.322610855102539,
    1.3509461879730225,
    1.3791534900665283,
    1.4073121547698975,
    1.4356434345245361,
    1.463834524154663,
    1.4919459819793701,
    1.520017385482788,
    1.5486037731170654,
    1.5766379833221436,
    1.604581356048584,
    1.6324944496154785,
    1.660405158996582,
    1.688302755355835,
    1.7162506580352783,
    1.7442982196807861,
    1.772446870803833,
    1.800771713256836,
    1.8291194438934326,
    1.8575479984283447,
    1.886155366897583,
    1.9149723052978516,
    1.9439072608947754,
    1.9728095531463623,
    2.0018186569213867,
    2.03092622756958,
    2.0602269172668457,
    2.090796709060669,
    2.120399236679077,
    2.1500988006591797,
    2.179961919784546,
    2.2100837230682373,
    2.240138053894043,
    2.2703330516815186,
    2.301138401031494,
    2.331596851348877,
    2.3620376586914062,
    2.392549991607666,
    2.423248529434204,
    2.4538614749908447,
    2.4844412803649902,
    2.5150747299194336,
    2.5456912517547607,
    2.5763161182403564,
    2.606811761856079,
    2.637272357940674,
    2.667724132537842,
    2.698089361190796,
    2.728327512741089,
    2.7584774494171143,
    2.7885706424713135,
    2.8186159133911133,
    2.848792314529419,
    2.878652334213257,
    2.9084155559539795,
    2.93812894821167,
    2.9677884578704834,
    2.997352123260498,
    3.0266871452331543,
    3.055924892425537,
    3.0849790573120117,
    3.1139068603515625,
    3.1427481174468994,
    3.1714794635772705,
    3.200167179107666,
    3.228792428970337,
    3.257354736328125,
    3.2858052253723145,
    3.314079523086548,
    3.342283248901367,
    3.3704018592834473,
    3.3985517024993896,
    3.426680564880371,
    3.454724073410034,
    3.482783794403076,
    3.5108256340026855,
    3.538928270339966,
    3.5670299530029297,
    3.5951766967773438,
    3.623382806777954,
    3.6518094539642334,
    3.680295467376709,
    3.7090253829956055,
    3.737776517868042,
    3.766695737838745,
    3.79563045501709,
    3.824920415878296,
    3.8541719913482666,
    3.883502721786499,
    3.913111448287964,
    3.9428040981292725,
    3.9725780487060547,
    4.002464294433594,
    4.032758951187134,
    4.063005447387695,
    4.093332529067993,
    4.1241185665130615,
    4.154582262039185,
    4.185111045837402,
    4.215682744979858,
    4.246340274810791,
    4.277085542678833,
    4.307821035385132,
    4.338624000549316,
    4.369536876678467,
    4.400537967681885
  ]
}