{
  "gesture_id": 6,
  "gesture_name": "press_twice",
  "timestamp": "2025-12-24T15:01:51.462650",
  "sample_rate": 50,
  "duration": 3.0,
  "distances": [
    62.21637725830078,
    61.20642423629761,
    60.07380485534668,
    59.64038372039795,
    58.77354145050049,
    58.536386489868164,
    58.102965354919434,
    56.65550231933594,
    56.36519193649292,
    55.715060234069824,
    56.561458110809326,
    54.32075262069702,
    51.691603660583496,
    50.03560781478882,
    49.025654792785645,
    48.40823411941528,
    49.798452854156494,
    44.75686550140381,
    42.74104833602905,
    40.905141830444336,
    40.651631355285645,
    37.4336838722229,
    36.73039674758911,
    36.25199794769287,
    32.88685083389282,
    32.412540912628174,
    31.296277046203613,
    29.76294755935669,
    28.05379629135132,
    25.98891258239746,
    25.41646957397461,
    22.84456491470337,
    21.556568145751953,
    20.59159278869629,
    18.301820755004883,
    17.390000820159912,
    16.097915172576904,
    16.416847705841064,
    16.416847705841064,
    14.4051194190979,
    12.291169166564941,
    11.632859706878662,
    10.606551170349121,
    10.234463214874268,
    10.598373413085938,
    10.982728004455566,
    11.318016052246094,
    13.362455368041992,
    16.425025463104248,
    17.97471046447754,
    20.607948303222656,
    19.332218170166016,
    22.2312331199646,
    24.570071697235107,
    25.412380695343018,
    29.779303073883057,
    28.67121696472168,
    30.53983449935913,
    54.124486446380615,
    36.49733066558838,
    36.95937395095825,
    38.84843587875366,
    40.21412134170532,
    43.37891340255737,
    43.21126937866211,
    45.58690786361694,
    46.613216400146484,
    47.98707962036133,
    49.78209733963013,
    49.81480836868286,
    51.049649715423584,
    52.713823318481445,
    53.965020179748535,
    55.649638175964355,
    56.75363540649414,
    56.88447952270508,
    57.46510028839111,
    59.17016267776489,
    58.994340896606445,
    60.33140420913696,
    60.32731533050537,
    59.88980531692505,
    58.470964431762695,
    57.011234760284424,
    56.31203651428223,
    53.42528820037842,
    50.63667297363281,
    49.029743671417236,
    45.58690786361694,
    43.58335733413696,
    42.30762720108032,
    43.358469009399414,
    37.421417236328125,
    32.645606994628906,
    31.026411056518555,
    28.634417057037354,
    26.30375623703003,
    27.211487293243408,
    22.218966484069824,
    24.251139163970947,
    18.3427095413208,
    17.09151268005371,
    16.375958919525146,
    14.711785316467285,
    15.754449367523193,
    14.364230632781982,
    16.748046875,
    16.04475975036621,
    13.665032386779785,
    53.59293222427368,
    14.364230632781982,
    15.100228786468506,
    16.40458106994629,
    18.943774700164795,
    18.665730953216553,
    22.48474359512329,
    24.247050285339355,
    24.275672435760498,
    28.05379629135132,
    30.028724670410156,
    41.38762950897217,
    34.97217893600464,
    36.47688627243042,
    37.854838371276855,
    40.197765827178955,
    41.32629632949829,
    44.204866886138916,
    45.999884605407715,
    47.21428155899048,
    48.800766468048096,
    50.33000707626343,
    51.3399600982666,
    52.170002460479736,
    53.899598121643066,
    54.76644039154053,
    56.324303150177,
    56.66776895523071,
    57.788121700286865,
    58.87167453765869,
    60.310959815979004,
    61.42313480377197,
    62.75202035903931,
    63.320374488830566,
    64.53477144241333,
    64.85779285430908,
    65.5488133430481,
    66.27254486083984,
    65.97405672073364,
    66.12125635147095,
    65.70010185241699
  ],
  "timestamps": [
    0.011089086532592773,
    0.04230070114135742,
    0.07339763641357422,
    0.10445237159729004,
    0.13544797897338867,
    0.16641592979431152,
    0.1973564624786377,
    0.2282116413116455,
    0.2590506076812744,
    0.28984689712524414,
    0.3206908702850342,
    0.3513951301574707,
    0.3819396495819092,
    0.4123866558074951,
    0.4428253173828125,
    0.4732024669647217,
    0.5036656856536865,
    0.5338373184204102,
    0.5638949871063232,
    0.5938720703125,
    0.6238632202148438,
    0.6536328792572021,
    0.6833248138427734,
    0.7129874229431152,
    0.7424578666687012,
    0.7719035148620605,
    0.8012745380401611,
    0.8305532932281494,
    0.859734058380127,
    0.8888106346130371,
    0.9178359508514404,
    0.946709394454956,
    0.9755098819732666,
    1.0042543411254883,
    1.032869815826416,
    1.061436653137207,
    1.0899477005004883,
    1.1184687614440918,
    1.146989107131958,
    1.1753933429718018,
    1.2036778926849365,
    1.2319276332855225,
    1.2601161003112793,
    1.2882800102233887,
    1.3164646625518799,
    1.3446640968322754,
    1.3728854656219482,
    1.401228427886963,
    1.4297542572021484,
    1.4584159851074219,
    1.4871842861175537,
    1.515871524810791,
    1.5447449684143066,
    1.573723316192627,
    1.6027815341949463,
    1.6321604251861572,
    1.661409854888916,
    1.6907587051391602,
    1.7214760780334473,
    1.751152753829956,
    1.7808566093444824,
    1.8106646537780762,
    1.8405532836914062,
    1.8706274032592773,
    1.9006891250610352,
    1.9308958053588867,
    1.9611563682556152,
    1.9914960861206055,
    2.021944999694824,
    2.052401542663574,
    2.08292293548584,
    2.1135642528533936,
    2.1442580223083496,
    2.175044536590576,
    2.205897092819214,
    2.236755609512329,
    2.2676517963409424,
    2.2986443042755127,
    2.3295845985412598,
    2.360644817352295,
    2.391702175140381,
    2.4227378368377686,
    2.453728199005127,
    2.484609842300415,
    2.5154471397399902,
    2.5461058616638184,
    2.5765910148620605,
    2.607008695602417,
    2.6372737884521484,
    2.6673691272735596,
    2.697392702102661,
    2.7274889945983887,
    2.7572214603424072,
    2.7866687774658203,
    2.8160228729248047,
    2.8452341556549072,
    2.874312400817871,
    2.9034411907196045,
    2.9322783946990967,
    2.961232900619507,
    2.9898455142974854,
    3.018385410308838,
    3.046950101852417,
    3.075380563735962,
    3.1038637161254883,
    3.1322999000549316,
    3.1608269214630127,
    3.1893060207366943,
    3.2176482677459717,
    3.248354911804199,
    3.276768445968628,
    3.305215835571289,
    3.333737373352051,
    3.362395763397217,
    3.3910269737243652,
    3.4198966026306152,
    3.4488518238067627,
    3.4778149127960205,
    3.5069992542266846,
    3.536294460296631,
    3.5662641525268555,
    3.595921754837036,
    3.62568998336792,
    3.6556174755096436,
    3.6855995655059814,
    3.715576648712158,
    3.7457096576690674,
    3.7759389877319336,
    3.806229591369629,
    3.836625576019287,
    3.8670883178710938,
    3.8976244926452637,
    3.928190231323242,
    3.9588756561279297,
    3.9896092414855957,
    4.020416975021362,
    4.05126953125,
    4.0821802616119385,
    4.113157749176025,
    4.144206523895264,
    4.175356388092041,
    4.20656156539917,
    4.237796783447266,
    4.269083261489868,
    4.30041241645813,
    4.331792831420898,
    4.363192796707153,
    4.394623756408691,
    4.426042079925537,
    4.4574220180511475
  ]
}