{
  "gesture_id": 6,
  "gesture_name": "press_twice",
  "timestamp": "2025-12-23T16:09:23.805746",
  "sample_rate": 50,
  "duration": 3.0,
  "distances": [
    57.628655433654785,
    57.923054695129395,
    57.7717661857605,
    57.19114542007446,
    56.63096904754639,
    56.76999092102051,
    56.651413440704346,
    56.532835960388184,
    54.42706346511841,
    53.6828875541687,
    52.92235612869263,
    53.625643253326416,
    53.76875400543213,
    51.69978141784668,
    49.798452854156494,
    47.79081344604492,
    47.614991664886475,
    45.62370777130127,
    45.770907402038574,
    43.4157133102417,
    41.628873348236084,
    39.968788623809814,
    39.968788623809814,
    38.10017108917236,
    36.47279739379883,
    35.27884483337402,
    33.941781520843506,
    32.6496958732605,
    30.80970048904419,
    29.53805923461914,
    29.521703720092773,
    26.925265789031982,
    26.618599891662598,
    25.4205584526062,
    26.908910274505615,
    23.449718952178955,
    21.879589557647705,
    20.628392696380615,
    19.61435079574585,
    18.669819831848145,
    17.672133445739746,
    17.688488960266113,
    19.324040412902832,
    15.79124927520752,
    16.077470779418945,
    14.4051194190979,
    14.351963996887207,
    13.370633125305176,
    13.693654537200928,
    14.351963996887207,
    15.415072441101074,
    17.071068286895752,
    18.960130214691162,
    22.18625545501709,
    21.56883478164673,
    21.86732292175293,
    24.831759929656982,
    28.323662281036377,
    50.27276277542114,
    30.26179075241089,
    32.08134174346924,
    34.43244695663452,
    36.22337579727173,
    36.72630786895752,
    40.44309854507446,
    41.11776351928711,
    42.44256019592285,
    43.96771192550659,
    44.38068866729736,
    45.96308469772339,
    47.57819175720215,
    48.1997013092041,
    49.76574182510376,
    56.59825801849365,
    50.78387260437012,
    51.687514781951904,
    52.848756313323975,
    54.7296404838562,
    53.870975971221924,
    53.875064849853516,
    53.895509243011475,
    56.59416913986206,
    53.531599044799805,
    56.741368770599365,
    52.32129096984863,
    50.43222904205322,
    49.56129789352417,
    46.14708423614502,
    44.58513259887695,
    45.566463470458984,
    41.56754016876221,
    38.5785698890686,
    36.68950796127319,
    35.97395420074463,
    34.19938087463379,
    32.870495319366455,
    34.4447135925293,
    29.484903812408447,
    30.01645803451538,
    28.634417057037354,
    25.400114059448242,
    26.58179998397827,
    26.26286745071411,
    49.76983070373535,
    19.95781660079956,
    19.93328332901001,
    46.57641649246216,
    16.08973741531372,
    16.388225555419922,
    16.42911434173584,
    14.012587070465088,
    13.681387901306152,
    16.711246967315674,
    14.392852783203125,
    15.729916095733643,
    16.052937507629395,
    19.91283893585205,
    49.97018575668335,
    20.244038105010986,
    23.065364360809326,
    24.53327178955078,
    49.96609687805176,
    28.041529655456543,
    29.427659511566162,
    30.008280277252197,
    31.553876399993896,
    32.35938549041748,
    34.15440320968628,
    35.51599979400635,
    37.11475133895874,
    38.75848054885864,
    40.16096591949463,
    41.09323024749756,
    43.34620237350464,
    44.544243812561035,
    46.58459424972534,
    46.776771545410156,
    47.78672456741333,
    49.19329881668091,
    49.62263107299805,
    50.121474266052246,
    50.93107223510742,
    52.86102294921875,
    52.64840126037598,
    52.88146734237671,
    53.86279821395874,
    53.93639802932739,
    54.38617467880249,
    55.22030591964722,
    56.58599138259888
  ],
  "timestamps": [
    0.010829925537109375,
    0.0418856143951416,
    0.07291746139526367,
    0.10389161109924316,
    0.13486528396606445,
    0.16573786735534668,
    0.19661402702331543,
    0.22747349739074707,
    0.2582364082336426,
    0.28893518447875977,
    0.3197150230407715,
    0.3504202365875244,
    0.38114237785339355,
    0.41182780265808105,
    0.44246459007263184,
    0.472858190536499,
    0.5032088756561279,
    0.5334484577178955,
    0.5637133121490479,
    0.5938272476196289,
    0.6238515377044678,
    0.6537554264068604,
    0.6836569309234619,
    0.7134301662445068,
    0.7431092262268066,
    0.7727148532867432,
    0.8022422790527344,
    0.8316936492919922,
    0.8610467910766602,
    0.8903172016143799,
    0.9195969104766846,
    0.9487307071685791,
    0.9778587818145752,
    1.006920576095581,
    1.0360584259033203,
    1.0650272369384766,
    1.093855857849121,
    1.122607707977295,
    1.1513125896453857,
    1.1799724102020264,
    1.2085721492767334,
    1.2371714115142822,
    1.2658491134643555,
    1.2943451404571533,
    1.3228273391723633,
    1.351262092590332,
    1.379676103591919,
    1.4081010818481445,
    1.4366693496704102,
    1.4651896953582764,
    1.493774175643921,
    1.5224008560180664,
    1.551081657409668,
    1.5799362659454346,
    1.6087467670440674,
    1.6375737190246582,
    1.6665663719177246,
    1.6957674026489258,
    1.7262449264526367,
    1.7555553913116455,
    1.7849509716033936,
    1.8145051002502441,
    1.8441617488861084,
    1.873866319656372,
    1.9037914276123047,
    1.9337453842163086,
    1.9638011455535889,
    1.993910551071167,
    2.024060010910034,
    2.054288625717163,
    2.0846071243286133,
    2.114959716796875,
    2.1454033851623535,
    2.1762399673461914,
    2.2067439556121826,
    2.2373006343841553,
    2.2679243087768555,
    2.2986507415771484,
    2.3293228149414062,
    2.3599886894226074,
    2.3906850814819336,
    2.4216220378875732,
    2.4524335861206055,
    2.4833335876464844,
    2.513950824737549,
    2.5444233417510986,
    2.574845790863037,
    2.6050758361816406,
    2.6352202892303467,
    2.6654207706451416,
    2.6953868865966797,
    2.725175142288208,
    2.7548582553863525,
    2.7844982147216797,
    2.8140504360198975,
    2.843508720397949,
    2.873077630996704,
    2.902358055114746,
    2.931649923324585,
    2.9608640670776367,
    2.9899420738220215,
    3.019040584564209,
    3.0481481552124023,
    3.0786170959472656,
    3.107337713241577,
    3.1360464096069336,
    3.166306495666504,
    3.19478702545166,
    3.2232859134674072,
    3.2517833709716797,
    3.2801425457000732,
    3.3084802627563477,
    3.3370063304901123,
    3.365412473678589,
    3.3939127922058105,
    3.42258620262146,
    3.451432704925537,
    3.4819304943084717,
    3.5106685161590576,
    3.539565324783325,
    3.5685462951660156,
    3.599003553390503,
    3.6282386779785156,
    3.6575236320495605,
    3.6868391036987305,
    3.7162437438964844,
    3.7456820011138916,
    3.7752199172973633,
    3.8048431873321533,
    3.834573984146118,
    3.864358425140381,
    3.894245147705078,
    3.924172878265381,
    3.9542481899261475,
    3.9843733310699463,
    4.0146324634552,
    4.044898509979248,
    4.075228929519653,
    4.1056201457977295,
    4.136056661605835,
    4.166524887084961,
    4.197018384933472,
    4.227640151977539,
    4.258251428604126,
    4.288876295089722,
    4.319562196731567,
    4.350229978561401,
    4.380940675735474,
    4.411746025085449,
    4.442683935165405
  ]
}