{
  "gesture_id": 6,
  "gesture_name": "press_twice",
  "timestamp": "2025-12-24T15:03:48.693676",
  "sample_rate": 50,
  "duration": 3.0,
  "distances": [
    66.23574495315552,
    66.6936993598938,
    68.09618473052979,
    66.6936993598938,
    66.23165607452393,
    68.1370735168457,
    66.3952112197876,
    65.37708044052124,
    64.66561555862427,
    63.8519287109375,
    63.54117393493652,
    62.2572660446167,
    60.37638187408447,
    58.789896965026855,
    57.13390111923218,
    57.129812240600586,
    55.833637714385986,
    51.74475908279419,
    49.802541732788086,
    48.29374551773071,
    46.28610610961914,
    44.245755672454834,
    41.64113998413086,
    39.10194635391235,
    37.45003938674927,
    35.81448793411255,
    35.00080108642578,
    31.386232376098633,
    29.2600154876709,
    27.792108058929443,
    29.223215579986572,
    23.400652408599854,
    21.57292366027832,
    19.311773777008057,
    18.01968812942505,
    16.72760248184204,
    16.073381900787354,
    15.10840654373169,
    12.000858783721924,
    12.671434879302979,
    11.289393901824951,
    10.941839218139648,
    11.665570735931396,
    20.313549041748047,
    11.94770336151123,
    9.584331512451172,
    9.940063953399658,
    10.925483703613281,
    13.018989562988281,
    14.401030540466309,
    16.396403312683105,
    17.696666717529297,
    21.904122829437256,
    25.183403491973877,
    29.251837730407715,
    28.977882862091064,
    30.572545528411865,
    33.44293832778931,
    37.261950969696045,
    38.832080364227295,
    40.23865461349487,
    41.87420606613159,
    44.204866886138916,
    46.03668451309204,
    48.26103448867798,
    50.3954291343689,
    52.74653434753418,
    54.48430776596069,
    56.524658203125,
    57.93941020965576,
    59.677183628082275,
    61.08375787734985,
    61.64802312850952,
    63.89690637588501,
    62.2081995010376,
    63.74152898788452,
    62.74384260177612,
    62.886953353881836,
    62.6538872718811,
    60.360026359558105,
    59.64038372039795,
    59.108829498291016,
    56.696391105651855,
    53.4334659576416,
    51.92058086395264,
    50.3422737121582,
    47.0548152923584,
    45.44379711151123,
    42.28718280792236,
    39.576256275177,
    38.58674764633179,
    36.260175704956055,
    33.46747159957886,
    32.371652126312256,
    29.771125316619873,
    28.380906581878662,
    26.64313316345215,
    23.993539810180664,
    22.82412052154541,
    19.949638843536377,
    19.3403959274292,
    17.38591194152832,
    15.419161319732666,
    15.083873271942139,
    13.689565658569336,
    13.718187808990479,
    10.999083518981934,
    10.30806303024292,
    10.258996486663818,
    10.60246229171753,
    6.926560401916504,
    6.550383567810059,
    8.893311023712158,
    5.937051773071289,
    6.2110066413879395,
    7.556247711181641,
    9.927797317504883,
    18.33862066268921,
    12.009036540985107,
    14.033031463623047,
    15.787160396575928,
    17.668044567108154,
    22.82412052154541,
    23.41291904449463,
    25.477802753448486,
    27.824819087982178,
    29.81201410293579,
    33.47564935684204,
    35.806310176849365,
    38.61536979675293,
    41.37536287307739,
    43.82869005203247,
    44.204866886138916,
    46.249306201934814,
    48.24467897415161,
    50.1950740814209,
    51.90013647079468,
    54.52519655227661,
    54.68875169754028,
    57.09710121154785,
    57.22794532775879,
    57.65727758407593,
    59.23558473587036,
    60.32731533050537,
    61.32091283798218,
    62.24091053009033,
    63.21406364440918,
    64.33441638946533,
    65.74099063873291,
    66.33796691894531
  ],
  "timestamps": [
    0.011327981948852539,
    0.042955636978149414,
    0.07451248168945312,
    0.10598945617675781,
    0.13743281364440918,
    0.16896510124206543,
    0.20037174224853516,
    0.23170161247253418,
    0.263019323348999,
    0.29427266120910645,
    0.3255336284637451,
    0.35678982734680176,
    0.3879365921020508,
    0.41898465156555176,
    0.44995665550231934,
    0.4808499813079834,
    0.511650800704956,
    0.5421826839447021,
    0.5726306438446045,
    0.6029791831970215,
    0.6332216262817383,
    0.6633522510528564,
    0.6933102607727051,
    0.7231392860412598,
    0.7528557777404785,
    0.782498836517334,
    0.8120882511138916,
    0.8414437770843506,
    0.8707139492034912,
    0.8998713493347168,
    0.9291234016418457,
    0.9580380916595459,
    0.9868695735931396,
    1.0155277252197266,
    1.0441255569458008,
    1.0726451873779297,
    1.1011364459991455,
    1.1295640468597412,
    1.1578121185302734,
    1.1860973834991455,
    1.2143099308013916,
    1.2425203323364258,
    1.2708039283752441,
    1.299558401107788,
    1.3278229236602783,
    1.3559715747833252,
    1.3841958045959473,
    1.4124231338500977,
    1.440765380859375,
    1.4691803455352783,
    1.4977061748504639,
    1.526322841644287,
    1.5551657676696777,
    1.5842089653015137,
    1.6134839057922363,
    1.6427412033081055,
    1.6720879077911377,
    1.7016046047210693,
    1.7313416004180908,
    1.761159896850586,
    1.7910528182983398,
    1.8210413455963135,
    1.8511652946472168,
    1.8813972473144531,
    1.9117801189422607,
    1.9422686100006104,
    1.9728889465332031,
    2.0036134719848633,
    2.0344626903533936,
    2.065390110015869,
    2.096410036087036,
    2.127512216567993,
    2.158651828765869,
    2.1899259090423584,
    2.2211146354675293,
    2.2523770332336426,
    2.283581018447876,
    2.314795970916748,
    2.346011161804199,
    2.3771378993988037,
    2.4081616401672363,
    2.4391705989837646,
    2.4700303077697754,
    2.5006961822509766,
    2.5312740802764893,
    2.5617587566375732,
    2.592047929763794,
    2.622248649597168,
    2.65226149559021,
    2.6821165084838867,
    2.7119107246398926,
    2.7415690422058105,
    2.771066427230835,
    2.8005051612854004,
    2.829784870147705,
    2.8589861392974854,
    2.888082265853882,
    2.9170360565185547,
    2.9459104537963867,
    2.974622964859009,
    3.0032927989959717,
    3.0318517684936523,
    3.060297966003418,
    3.088726758956909,
    3.1170732975006104,
    3.145474433898926,
    3.1736855506896973,
    3.2018537521362305,
    3.230020046234131,
    3.258204698562622,
    3.2861716747283936,
    3.314124345779419,
    3.342236042022705,
    3.3702750205993652,
    3.398249864578247,
    3.426267147064209,
    3.454464912414551,
    3.4831337928771973,
    3.511409044265747,
    3.5398008823394775,
    3.5682899951934814,
    3.596891164779663,
    3.6257925033569336,
    3.6547305583953857,
    3.6838319301605225,
    3.7130069732666016,
    3.7422914505004883,
    3.7718021869659424,
    3.8014674186706543,
    3.8312931060791016,
    3.8613219261169434,
    3.8914124965667725,
    3.921538829803467,
    3.951782464981079,
    3.9821388721466064,
    4.012609243392944,
    4.043181896209717,
    4.073906898498535,
    4.104638338088989,
    4.135513782501221,
    4.166395664215088,
    4.1973021030426025,
    4.228298902511597,
    4.259361982345581,
    4.290480613708496,
    4.321653127670288,
    4.352919578552246,
    4.38428807258606,
    4.415697813034058,
    4.447122812271118
  ]
}