{
  "gesture_id": 6,
  "gesture_name": "press_twice",
  "timestamp": "2025-12-24T15:01:17.121538",
  "sample_rate": 50,
  "duration": 3.0,
  "distances": [
    62.952375411987305,
    63.21406364440918,
    63.614773750305176,
    64.75557088851929,
    62.3553991317749,
    62.200021743774414,
    61.382246017456055,
    60.94473600387573,
    60.21691560745239,
    59.37051773071289,
    57.968032360076904,
    57.22794532775879,
    56.39381408691406,
    54.962706565856934,
    52.574801445007324,
    51.05782747268677,
    49.753475189208984,
    48.88663291931152,
    46.613216400146484,
    44.8100209236145,
    42.55295991897583,
    41.653406620025635,
    41.64931774139404,
    39.5271897315979,
    37.47048377990723,
    35.26657819747925,
    33.47564935684204,
    55.032217502593994,
    29.497170448303223,
    26.94571018218994,
    26.042068004608154,
    23.75638484954834,
    22.52563238143921,
    19.696128368377686,
    18.992841243743896,
    18.0442214012146,
    16.760313510894775,
    16.11427068710327,
    16.093826293945312,
    13.726365566253662,
    13.391077518463135,
    13.718187808990479,
    12.295258045196533,
    11.988592147827148,
    11.207616329193115,
    12.385213375091553,
    30.03690242767334,
    14.049386978149414,
    14.36014175415039,
    15.803515911102295,
    18.359065055847168,
    22.198522090911865,
    51.209115982055664,
    27.154242992401123,
    29.542148113250732,
    31.35761022567749,
    36.54639720916748,
    36.27244234085083,
    38.34959268569946,
    39.31456804275513,
    41.86602830886841,
    46.24112844467163,
    48.67401123046875,
    50.19916296005249,
    51.691603660583496,
    55.98492622375488,
    54.63968515396118,
    55.66190481185913,
    56.65959119796753,
    57.55096673965454,
    59.27647352218628,
    59.93069410324097,
    61.48446798324585,
    60.903847217559814,
    60.200560092926025,
    60.360026359558105,
    57.8208327293396,
    56.532835960388184,
    54.79506254196167,
    52.06369161605835,
    49.65534210205078,
    47.07525968551636,
    44.814109802246094,
    42.311716079711914,
    39.265501499176025,
    37.490928173065186,
    34.46924686431885,
    32.17129707336426,
    28.667128086090088,
    26.037979125976562,
    24.884915351867676,
    20.624303817749023,
    19.3403959274292,
    17.071068286895752,
    17.06289052963257,
    14.392852783203125,
    16.461825370788574,
    11.657392978668213,
    11.33028268814087,
    12.307524681091309,
    13.346099853515625,
    16.118359565734863,
    19.647061824798584,
    18.346798419952393,
    22.19034433364868,
    22.52563238143921,
    26.60224437713623,
    51.92466974258423,
    31.852364540100098,
    34.735023975372314,
    37.012529373168945,
    39.74798917770386,
    40.70478677749634,
    42.356693744659424,
    45.65232992172241,
    48.46547842025757,
    48.048412799835205,
    49.802541732788086,
    51.0414719581604,
    52.55026817321777,
    53.940486907958984,
    55.6782603263855,
    56.97852373123169,
    57.54687786102295,
    58.945274353027344,
    59.084296226501465,
    60.20464897155762,
    61.35362386703491,
    61.90153360366821,
    62.657976150512695,
    61.92197799682617,
    63.62295150756836,
    63.08321952819824,
    63.75788450241089,
    63.05050849914551,
    63.47166299819946,
    63.59841823577881,
    63.62295150756836,
    63.07913064956665,
    62.62526512145996,
    62.64979839324951,
    62.62935400009155,
    62.62117624282837,
    63.500285148620605,
    62.89104223251343,
    62.87877559661865,
    63.34490776062012,
    63.63930702209473,
    63.156819343566895,
    63.22224140167236
  ],
  "timestamps": [
    0.011134862899780273,
    0.0424954891204834,
    0.07386469841003418,
    0.1052241325378418,
    0.1364293098449707,
    0.16759037971496582,
    0.19873785972595215,
    0.2298595905303955,
    0.26089978218078613,
    0.2919149398803711,
    0.32285308837890625,
    0.3537437915802002,
    0.38455986976623535,
    0.4153022766113281,
    0.4459202289581299,
    0.4764244556427002,
    0.50689697265625,
    0.537330150604248,
    0.5675818920135498,
    0.5977249145507812,
    0.6277430057525635,
    0.6577169895172119,
    0.6876885890960693,
    0.7175395488739014,
    0.7472779750823975,
    0.7768807411193848,
    0.8063750267028809,
    0.8371632099151611,
    0.8664836883544922,
    0.8956236839294434,
    0.9248559474945068,
    0.9543263912200928,
    0.9832897186279297,
    1.0120446681976318,
    1.0406949520111084,
    1.0692977905273438,
    1.0978336334228516,
    1.1263248920440674,
    1.1548211574554443,
    1.1831796169281006,
    1.2115113735198975,
    1.2398717403411865,
    1.2681596279144287,
    1.2964212894439697,
    1.3246705532073975,
    1.3529598712921143,
    1.3822827339172363,
    1.4106738567352295,
    1.439079761505127,
    1.4675650596618652,
    1.4961955547332764,
    1.525057315826416,
    1.5556213855743408,
    1.5847742557525635,
    1.6140599250793457,
    1.6434426307678223,
    1.6731188297271729,
    1.702777624130249,
    1.7325732707977295,
    1.76240873336792,
    1.792391300201416,
    1.8226327896118164,
    1.8530242443084717,
    1.8834996223449707,
    1.9140594005584717,
    1.9448697566986084,
    1.9756207466125488,
    2.0064895153045654,
    2.0374083518981934,
    2.06839919090271,
    2.0994439125061035,
    2.130483388900757,
    2.1616129875183105,
    2.192694902420044,
    2.2237367630004883,
    2.2547922134399414,
    2.285710573196411,
    2.316553831100464,
    2.3473165035247803,
    2.3779070377349854,
    2.408351182937622,
    2.4386379718780518,
    2.468843460083008,
    2.49884033203125,
    2.528658866882324,
    2.5583810806274414,
    2.5879366397857666,
    2.6173715591430664,
    2.646588087081909,
    2.6756625175476074,
    2.704655408859253,
    2.733398199081421,
    2.762080669403076,
    2.7906415462493896,
    2.8192811012268066,
    2.8477017879486084,
    2.876228094100952,
    2.9044549465179443,
    2.932662010192871,
    2.960987091064453,
    2.98952054977417,
    3.0180466175079346,
    3.046769857406616,
    3.07539701461792,
    3.104238510131836,
    3.133094549179077,
    3.1622493267059326,
    3.1928467750549316,
    3.222276210784912,
    3.251866102218628,
    3.2815780639648438,
    3.311443328857422,
    3.3413591384887695,
    3.371379852294922,
    3.4015886783599854,
    3.4319584369659424,
    3.462317943572998,
    3.492776870727539,
    3.523298740386963,
    3.5539047718048096,
    3.5845935344696045,
    3.6153831481933594,
    3.6462483406066895,
    3.6771438121795654,
    3.70812726020813,
    3.7391128540039062,
    3.770165205001831,
    3.801281213760376,
    3.83243465423584,
    3.8636200428009033,
    3.8947737216949463,
    3.926027297973633,
    3.9572792053222656,
    3.9887149333953857,
    4.019958972930908,
    4.051231145858765,
    4.08251166343689,
    4.113768815994263,
    4.144996166229248,
    4.176194906234741,
    4.207381725311279,
    4.238560914993286,
    4.269735813140869,
    4.300971269607544,
    4.332179069519043,
    4.363388776779175,
    4.394648551940918,
    4.425908803939819,
    4.4571428298950195,
    4.488377332687378
  ]
}