{
  "gesture_id": 6,
  "gesture_name": "press_twice",
  "timestamp": "2025-12-23T16:10:22.165637",
  "sample_rate": 50,
  "duration": 3.0,
  "distances": [
    52.90191173553467,
    52.90191173553467,
    52.37853527069092,
    52.214980125427246,
    51.90422534942627,
    51.36040449142456,
    50.66120624542236,
    50.33000707626343,
    49.78209733963013,
    49.21374320983887,
    46.82992696762085,
    45.82406282424927,
    46.37606143951416,
    46.0080623626709,
    42.98638105392456,
    41.587984561920166,
    40.68434238433838,
    39.285945892333984,
    36.52186393737793,
    35.00080108642578,
    34.465157985687256,
    32.6006293296814,
    31.324899196624756,
    30.3067684173584,
    53.057289123535156,
    30.03690242767334,
    30.024635791778564,
    26.589977741241455,
    26.87211036682129,
    22.541987895965576,
    21.577012538909912,
    20.59159278869629,
    19.610261917114258,
    20.260393619537354,
    21.221280097961426,
    16.38004779815674,
    16.756224632263184,
    17.0465350151062,
    17.030179500579834,
    16.11427068710327,
    17.70484447479248,
    17.034268379211426,
    16.106092929840088,
    49.438631534576416,
    19.994616508483887,
    18.66164207458496,
    48.17925691604614,
    48.870277404785156,
    28.33184003829956,
    25.75993537902832,
    29.525792598724365,
    33.16080570220947,
    29.78339195251465,
    37.20879554748535,
    34.23209190368652,
    35.233867168426514,
    35.76951026916504,
    36.29288673400879,
    37.88754940032959,
    38.3823037147522,
    39.95652198791504,
    42.53251552581787,
    43.78371238708496,
    45.83632946014404,
    47.26334810256958,
    49.94156360626221,
    49.03383255004883,
    49.96609687805176,
    50.15827417373657,
    49.97836351394653,
    50.006985664367676,
    50.849294662475586,
    51.01693868637085,
    50.51809549331665,
    50.33000707626343,
    49.97836351394653,
    49.41818714141846,
    49.03383255004883,
    49.97427463531494,
    49.025654792785645,
    47.2020149230957,
    43.607890605926514,
    41.34265184402466,
    38.79936933517456,
    37.20879554748535,
    36.72630786895752,
    35.781776905059814,
    33.45111608505249,
    32.1017861366272,
    30.556190013885498,
    29.23957109451294,
    26.925265789031982,
    45.774996280670166,
    47.206103801727295,
    23.11851978302002,
    49.798452854156494,
    18.036043643951416,
    17.083334922790527,
    17.058801651000977,
    16.77258014678955,
    16.102004051208496,
    16.13062620162964,
    16.08564853668213,
    16.097915172576904,
    14.38058614730835,
    14.045298099517822,
    13.03943395614624,
    14.4051194190979,
    15.051162242889404,
    16.081559658050537,
    16.08973741531372,
    15.81578254699707,
    17.42680072784424,
    18.334531784057617,
    43.18673610687256,
    22.533810138702393,
    23.110342025756836,
    37.64221668243408,
    25.731313228607178,
    27.219665050506592,
    29.509437084197998,
    31.533432006835938,
    31.81556463241577,
    32.845962047576904,
    33.90089273452759,
    35.74497699737549,
    37.16381788253784,
    38.57039213180542,
    40.19367694854736,
    42.266738414764404,
    42.48753786087036,
    43.16220283508301,
    43.3666467666626,
    44.360244274139404,
    46.16343975067139,
    46.5559720993042,
    48.22423458099365,
    48.800766468048096,
    49.92111921310425,
    50.47720670700073,
    49.56947565078735,
    50.13782978057861,
    50.10102987289429,
    50.436317920684814,
    51.143693923950195,
    51.81835889816284,
    51.67933702468872,
    51.871514320373535,
    51.67524814605713,
    52.36217975616455
  ],
  "timestamps": [
    0.010544776916503906,
    0.041356801986694336,
    0.07216238975524902,
    0.10291004180908203,
    0.13353776931762695,
    0.16409897804260254,
    0.19461655616760254,
    0.22510981559753418,
    0.2555520534515381,
    0.2860093116760254,
    0.31629395484924316,
    0.3465452194213867,
    0.3768446445465088,
    0.40706706047058105,
    0.43713808059692383,
    0.46710729598999023,
    0.49703383445739746,
    0.52685546875,
    0.5565550327301025,
    0.5861334800720215,
    0.6157040596008301,
    0.6451525688171387,
    0.674530029296875,
    0.7038459777832031,
    0.734478235244751,
    0.7637753486633301,
    0.7930822372436523,
    0.8221774101257324,
    0.8512921333312988,
    0.8801755905151367,
    0.9090111255645752,
    0.9377837181091309,
    0.9665026664733887,
    0.9953041076660156,
    1.0240912437438965,
    1.0526387691497803,
    1.081254243850708,
    1.1098480224609375,
    1.1384451389312744,
    1.1669576168060303,
    1.1956191062927246,
    1.224165916442871,
    1.252655029296875,
    1.2830862998962402,
    1.3118221759796143,
    1.3404788970947266,
    1.3708553314208984,
    1.4012598991394043,
    1.4304614067077637,
    1.4595057964324951,
    1.488842487335205,
    1.5183532238006592,
    1.5476593971252441,
    1.577397346496582,
    1.6069579124450684,
    1.6365668773651123,
    1.6662006378173828,
    1.6958777904510498,
    1.7256298065185547,
    1.7554101943969727,
    1.7852869033813477,
    1.8153133392333984,
    1.8454103469848633,
    1.8756256103515625,
    1.905928373336792,
    1.9363906383514404,
    1.9667973518371582,
    1.9972560405731201,
    2.027728796005249,
    2.0582127571105957,
    2.0887691974639893,
    2.1193017959594727,
    2.149815559387207,
    2.1802895069122314,
    2.2107644081115723,
    2.2412259578704834,
    2.2716543674468994,
    2.302082061767578,
    2.332543134689331,
    2.3629472255706787,
    2.3932454586029053,
    2.423332691192627,
    2.4532856941223145,
    2.4830899238586426,
    2.512821674346924,
    2.542509078979492,
    2.5721356868743896,
    2.601632595062256,
    2.6310505867004395,
    2.660374641418457,
    2.689619302749634,
    2.7187325954437256,
    2.7489593029022217,
    2.779258966445923,
    2.808147668838501,
    2.8385937213897705,
    2.8671865463256836,
    2.8957245349884033,
    2.924259901046753,
    2.9527904987335205,
    2.9812729358673096,
    3.0097553730010986,
    3.038322925567627,
    3.067030429840088,
    3.095757484436035,
    3.124241828918457,
    3.152639627456665,
    3.181044101715088,
    3.2094783782958984,
    3.238025665283203,
    3.266535758972168,
    3.295023202896118,
    3.323606014251709,
    3.352238893508911,
    3.382324695587158,
    3.4112021923065186,
    3.4401137828826904,
    3.4699132442474365,
    3.498964309692383,
    3.528097629547119,
    3.557374954223633,
    3.5867884159088135,
    3.616209030151367,
    3.6456868648529053,
    3.6752567291259766,
    3.704882860183716,
    3.734590530395508,
    3.764375925064087,
    3.794276714324951,
    3.824331283569336,
    3.8543765544891357,
    3.8844375610351562,
    3.91450572013855,
    3.944632053375244,
    3.9748692512512207,
    4.005125284194946,
    4.035515069961548,
    4.066022157669067,
    4.0965447425842285,
    4.12706732749939,
    4.1575236320495605,
    4.188000917434692,
    4.218466281890869,
    4.248948335647583,
    4.279471397399902,
    4.310034275054932,
    4.340588331222534,
    4.371176481246948,
    4.401736497879028,
    4.432335615158081
  ]
}