{
  "gesture_id": 6,
  "gesture_name": "press_twice",
  "timestamp": "2025-12-24T15:02:09.115083",
  "sample_rate": 50,
  "duration": 3.0,
  "distances": [
    66.19894504547119,
    65.32801389694214,
    64.76374864578247,
    64.33441638946533,
    65.47521352767944,
    67.02898740768433,
    62.927842140197754,
    62.772464752197266,
    60.674870014190674,
    59.37460660934448,
    58.82669687271118,
    57.07665681838989,
    56.54919147491455,
    54.692840576171875,
    53.27808856964111,
    51.368582248687744,
    50.38725137710571,
    49.459075927734375,
    50.20325183868408,
    48.870277404785156,
    44.62193250656128,
    42.99046993255615,
    42.086827754974365,
    40.222299098968506,
    37.45821714401245,
    35.25022268295288,
    36.33377552032471,
    32.92773962020874,
    32.392096519470215,
    28.99014949798584,
    25.175225734710693,
    24.30429458618164,
    22.558343410491943,
    19.970083236694336,
    18.518531322479248,
    16.420936584472656,
    15.77080488204956,
    14.376497268676758,
    13.043522834777832,
    11.30983829498291,
    10.950016975402832,
    9.940063953399658,
    8.570289611816406,
    8.889222145080566,
    9.298110008239746,
    8.230912685394287,
    8.881044387817383,
    9.952330589294434,
    10.618817806243896,
    11.988592147827148,
    14.033031463623047,
    15.738093852996826,
    17.030179500579834,
    21.920478343963623,
    21.27443552017212,
    24.570071697235107,
    28.364551067352295,
    29.2600154876709,
    31.071388721466064,
    32.97271728515625,
    37.45412826538086,
    36.27244234085083,
    40.263187885284424,
    56.831324100494385,
    45.59508562088013,
    47.226548194885254,
    47.8521466255188,
    49.9947190284729,
    50.35045146942139,
    52.24360227584839,
    52.75062322616577,
    53.59293222427368,
    55.34297227859497,
    56.52056932449341,
    58.540475368499756,
    58.77763032913208,
    58.93709659576416,
    60.24144887924194,
    61.66846752166748,
    62.22046613693237,
    62.64162063598633,
    62.64979839324951,
    62.94010877609253,
    63.76197338104248,
    62.796998023986816,
    64.21175003051758,
    61.78704500198364,
    60.54811477661133,
    57.98847675323486,
    56.84359073638916,
    55.1794171333313,
    53.2862663269043,
    49.67169761657715,
    47.704946994781494,
    47.24290370941162,
    43.4157133102417,
    40.70478677749634,
    38.627636432647705,
    35.31973361968994,
    33.19351673126221,
    31.095921993255615,
    29.521703720092773,
    28.953349590301514,
    23.449718952178955,
    23.089897632598877,
    19.994616508483887,
    18.673908710479736,
    16.764402389526367,
    16.715335845947266,
    16.146981716156006,
    14.094364643096924,
    12.009036540985107,
    10.978639125823975,
    9.935975074768066,
    9.257221221923828,
    9.244954586029053,
    9.895086288452148,
    8.55802297592163,
    8.901488780975342,
    10.954105854034424,
    10.275352001190186,
    12.009036540985107,
    29.251837730407715,
    16.760313510894775,
    18.65755319595337,
    18.68208646774292,
    20.951414108276367,
    22.815942764282227,
    30.077791213989258,
    28.10695171356201,
    30.01645803451538,
    30.862855911254883,
    33.72507095336914,
    37.43777275085449,
    38.128793239593506,
    42.086827754974365,
    41.857850551605225,
    43.78780126571655,
    47.89303541183472,
    46.04077339172363,
    48.46138954162598,
    49.85160827636719,
    50.710272789001465,
    52.76288986206055,
    52.96733379364014,
    54.50066328048706,
    54.98315095901489,
    56.36519193649292,
    56.54510259628296,
    56.68821334838867
  ],
  "timestamps": [
    0.011354207992553711,
    0.042825937271118164,
    0.07424187660217285,
    0.10559630393981934,
    0.1370539665222168,
    0.168503999710083,
    0.19968962669372559,
    0.23088979721069336,
    0.26198554039001465,
    0.29297757148742676,
    0.3239753246307373,
    0.3548557758331299,
    0.3856678009033203,
    0.41638636589050293,
    0.4470200538635254,
    0.47754907608032227,
    0.5080180168151855,
    0.5384442806243896,
    0.568922758102417,
    0.5993232727050781,
    0.6294913291931152,
    0.6595478057861328,
    0.689549446105957,
    0.7194404602050781,
    0.749169111251831,
    0.7787506580352783,
    0.8084328174591064,
    0.8379185199737549,
    0.8673577308654785,
    0.8966062068939209,
    0.9256854057312012,
    0.9547555446624756,
    0.9836525917053223,
    1.0123915672302246,
    1.0410871505737305,
    1.0696239471435547,
    1.098118543624878,
    1.1265254020690918,
    1.1548535823822021,
    1.1831023693084717,
    1.2113096714019775,
    1.2394533157348633,
    1.267519235610962,
    1.2956035137176514,
    1.3237087726593018,
    1.3517751693725586,
    1.3798699378967285,
    1.4080188274383545,
    1.436232089996338,
    1.4645013809204102,
    1.4928922653198242,
    1.5213770866394043,
    1.5499372482299805,
    1.578768253326416,
    1.6075530052185059,
    1.6365313529968262,
    1.6657860279083252,
    1.6950592994689941,
    1.7244441509246826,
    1.7539327144622803,
    1.7836711406707764,
    1.8133506774902344,
    1.8432505130767822,
    1.8741393089294434,
    1.9043607711791992,
    1.9347047805786133,
    1.965153455734253,
    1.995629072189331,
    2.0261247158050537,
    2.056708335876465,
    2.087320566177368,
    2.1179962158203125,
    2.1487715244293213,
    2.1796324253082275,
    2.2105956077575684,
    2.2415709495544434,
    2.272554874420166,
    2.3036093711853027,
    2.334742784500122,
    2.3659021854400635,
    2.3971049785614014,
    2.4283103942871094,
    2.4595258235931396,
    2.4908082485198975,
    2.522020101547241,
    2.5533134937286377,
    2.5844624042510986,
    2.6155385971069336,
    2.6464500427246094,
    2.6772968769073486,
    2.7080445289611816,
    2.7387137413024902,
    2.7691588401794434,
    2.7994937896728516,
    2.8297946453094482,
    2.8598804473876953,
    2.8898026943206787,
    2.9196674823760986,
    2.9493520259857178,
    2.9788365364074707,
    3.0081989765167236,
    3.037459373474121,
    3.0667026042938232,
    3.095618724822998,
    3.124520778656006,
    3.153235912322998,
    3.181891679763794,
    3.2104361057281494,
    3.2389819622039795,
    3.2674877643585205,
    3.2958710193634033,
    3.324134349822998,
    3.3523223400115967,
    3.380476236343384,
    3.408560276031494,
    3.436668872833252,
    3.4647905826568604,
    3.4928553104400635,
    3.5209367275238037,
    3.5491397380828857,
    3.5773062705993652,
    3.605571746826172,
    3.63484263420105,
    3.6633493900299072,
    3.69199800491333,
    3.7206509113311768,
    3.749418020248413,
    3.7783164978027344,
    3.8076393604278564,
    3.836838722229004,
    3.8661229610443115,
    3.895479679107666,
    3.925048828125,
    3.9548497200012207,
    3.9847209453582764,
    4.0148162841796875,
    4.044898509979248,
    4.075016498565674,
    4.1053571701049805,
    4.135573387145996,
    4.165943384170532,
    4.196379661560059,
    4.226896524429321,
    4.257519483566284,
    4.2881317138671875,
    4.318854570388794,
    4.349598169326782,
    4.380409002304077,
    4.411241769790649,
    4.442087888717651
  ]
}