{
  "gesture_id": 6,
  "gesture_name": "press_twice",
  "timestamp": "2025-12-23T16:13:20.374336",
  "sample_rate": 50,
  "duration": 3.0,
  "distances": [
    50.28502941131592,
    49.94156360626221,
    49.3977427482605,
    47.594547271728516,
    46.568238735198975,
    45.59508562088013,
    45.815885066986084,
    44.609665870666504,
    43.57517957687378,
    43.96771192550659,
    44.59739923477173,
    39.490389823913574,
    37.4336838722229,
    35.785865783691406,
    32.86231756210327,
    31.594765186309814,
    30.024635791778564,
    29.726147651672363,
    30.282235145568848,
    48.40414524078369,
    25.408291816711426,
    23.70731830596924,
    23.12260866165161,
    20.607948303222656,
    18.354976177215576,
    18.66164207458496,
    18.326354026794434,
    16.739869117736816,
    17.04244613647461,
    16.752135753631592,
    16.40866994857788,
    16.08564853668213,
    16.416847705841064,
    17.394089698791504,
    18.968307971954346,
    20.27266025543213,
    22.562432289123535,
    22.202610969543457,
    25.126159191131592,
    27.182865142822266,
    30.552101135253906,
    31.852364540100098,
    32.6496958732605,
    32.641518115997314,
    35.27884483337402,
    37.441861629486084,
    37.421417236328125,
    42.066383361816406,
    43.60380172729492,
    43.60380172729492,
    43.632423877716064,
    44.36842203140259,
    45.590996742248535,
    47.23881483078003,
    47.86032438278198,
    49.598097801208496,
    49.81889724731445,
    49.65534210205078,
    49.643075466156006,
    50.01925230026245,
    49.83525276184082,
    49.050188064575195,
    46.05304002761841,
    43.55882406234741,
    43.23580265045166,
    41.39580726623535,
    38.83616924285889,
    36.97572946548462,
    36.0393762588501,
    34.20755863189697,
    32.68240690231323,
    31.349432468414307,
    29.525792598724365,
    27.78393030166626,
    30.01236915588379,
    24.27976131439209,
    23.723673820495605,
    22.19034433364868,
    19.974172115325928,
    18.68208646774292,
    19.95781660079956,
    17.034268379211426,
    16.106092929840088,
    17.72937774658203,
    17.030179500579834,
    16.42911434173584,
    16.739869117736816,
    36.759018898010254,
    37.46230602264404,
    36.75084114074707,
    37.1842622756958,
    16.126537322998047,
    16.829824447631836,
    21.581101417541504,
    17.083334922790527,
    47.430992126464844,
    21.895945072174072,
    48.65356683731079,
    30.024635791778564,
    30.065524578094482,
    31.868720054626465,
    29.78339195251465,
    31.553876399993896,
    35.00488996505737,
    36.280620098114014,
    39.02016878128052,
    39.056968688964844,
    42.54478216171265,
    53.257644176483154,
    47.823524475097656,
    46.01215124130249,
    46.224772930145264,
    46.817660331726074,
    47.83170223236084,
    48.46547842025757,
    49.79027509689331,
    49.81889724731445,
    53.61337661743164,
    51.54849290847778,
    50.85747241973877,
    51.35631561279297,
    51.871514320373535,
    52.39897966384888,
    54.42706346511841,
    53.9323091506958,
    54.47613000869751,
    56.75772428512573,
    55.66599369049072,
    54.259419441223145,
    55.6782603263855,
    53.9323091506958,
    55.14261722564697,
    55.6782603263855,
    54.29621934890747,
    53.79737615585327,
    55.34297227859497,
    55.330705642700195,
    53.40075492858887,
    53.61337661743164,
    52.59115695953369,
    52.74653434753418,
    52.91417837142944,
    52.23133563995361,
    52.41124629974365,
    52.57071256637573,
    52.758800983428955,
    52.0391583442688,
    50.849294662475586,
    56.54919147491455,
    50.50173997879028
  ],
  "timestamps": [
    0.010394096374511719,
    0.040964365005493164,
    0.07142329216003418,
    0.10177898406982422,
    0.1320488452911377,
    0.1622622013092041,
    0.19252300262451172,
    0.22268152236938477,
    0.25275468826293945,
    0.2828683853149414,
    0.31299614906311035,
    0.342850923538208,
    0.3725624084472656,
    0.40219545364379883,
    0.43167757987976074,
    0.46105456352233887,
    0.4903571605682373,
    0.5196454524993896,
    0.5489892959594727,
    0.5793836116790771,
    0.6084110736846924,
    0.6373593807220459,
    0.6662571430206299,
    0.6950082778930664,
    0.7236289978027344,
    0.752265453338623,
    0.7808995246887207,
    0.809422492980957,
    0.838071346282959,
    0.8666965961456299,
    0.8952782154083252,
    0.9237990379333496,
    0.9523530006408691,
    0.9809474945068359,
    1.0096304416656494,
    1.0383853912353516,
    1.0672574043273926,
    1.0960993766784668,
    1.125169038772583,
    1.1543359756469727,
    1.1836912631988525,
    1.2131211757659912,
    1.2425875663757324,
    1.272038221359253,
    1.301640510559082,
    1.3313713073730469,
    1.3610997200012207,
    1.3910980224609375,
    1.4212055206298828,
    1.4513177871704102,
    1.4814162254333496,
    1.511549949645996,
    1.541776418685913,
    1.5720829963684082,
    1.6024181842803955,
    1.632857322692871,
    1.6633062362670898,
    1.6937482357025146,
    1.724186897277832,
    1.754652500152588,
    1.7851037979125977,
    1.815511703491211,
    1.8457820415496826,
    1.8760981559753418,
    1.9063632488250732,
    1.9363830089569092,
    1.9662113189697266,
    1.9959468841552734,
    2.0256097316741943,
    2.0551693439483643,
    2.0846469402313232,
    2.114046812057495,
    2.1433355808258057,
    2.1725261211395264,
    2.20184588432312,
    2.230830669403076,
    2.2597899436950684,
    2.2886850833892822,
    2.317441940307617,
    2.3461222648620605,
    2.3748629093170166,
    2.403425455093384,
    2.431929111480713,
    2.4606094360351562,
    2.48919677734375,
    2.51774525642395,
    2.5463099479675293,
    2.5760321617126465,
    2.6057868003845215,
    2.63549542427063,
    2.6652259826660156,
    2.6937289237976074,
    2.722327470779419,
    2.751157522201538,
    2.779698610305786,
    2.8100314140319824,
    2.838867425918579,
    2.8692996501922607,
    2.898698568344116,
    2.9280219078063965,
    2.957451105117798,
    2.986760139465332,
    3.016171932220459,
    3.0457892417907715,
    3.075482130050659,
    3.105327606201172,
    3.1351654529571533,
    3.1652140617370605,
    3.195885419845581,
    3.2262470722198486,
    3.2564923763275146,
    3.286761999130249,
    3.317054510116577,
    3.3474061489105225,
    3.3777918815612793,
    3.408259630203247,
    3.438725471496582,
    3.469395399093628,
    3.49996280670166,
    3.530501127243042,
    3.561055898666382,
    3.5916390419006348,
    3.6223058700561523,
    3.653012275695801,
    3.683701753616333,
    3.71443510055542,
    3.745307683944702,
    3.7761149406433105,
    3.8068675994873047,
    3.837679624557495,
    3.8686304092407227,
    3.899500846862793,
    3.9303269386291504,
    3.961064100265503,
    3.991752862930298,
    4.022545337677002,
    4.053347826004028,
    4.084043264389038,
    4.114759922027588,
    4.145402193069458,
    4.176048517227173,
    4.206701040267944,
    4.237300157546997,
    4.267908096313477,
    4.2985193729400635,
    4.32915472984314,
    4.35975980758667,
    4.390296697616577,
    4.421193361282349,
    4.451712608337402
  ]
}