{
  "gesture_id": 6,
  "gesture_name": "press_twice",
  "timestamp": "2025-12-24T15:04:22.810154",
  "sample_rate": 50,
  "duration": 3.0,
  "distances": [
    64.64108228683472,
    64.59201574325562,
    64.57974910736084,
    64.63699340820312,
    64.19539451599121,
    64.18721675872803,
    64.63290452957153,
    65.06223678588867,
    64.17903900146484,
    64.88232612609863,
    64.62881565093994,
    63.90508413314819,
    63.31219673156738,
    62.22046613693237,
    61.361801624298096,
    60.813891887664795,
    60.50313711166382,
    62.0569109916687,
    58.80625247955322,
    56.64323568344116,
    54.47613000869751,
    52.235424518585205,
    50.710272789001465,
    48.25694561004639,
    46.412861347198486,
    45.42744159698486,
    43.00273656845093,
    42.070472240448,
    41.16274118423462,
    39.79296684265137,
    36.967551708221436,
    36.29288673400879,
    35.49964427947998,
    56.80270195007324,
    30.053257942199707,
    26.344645023345947,
    24.03033971786499,
    21.25399112701416,
    19.31995153427124,
    18.36315393447876,
    17.034268379211426,
    14.711785316467285,
    13.40334415435791,
    10.606551170349121,
    10.234463214874268,
    8.226823806762695,
    8.194112777709961,
    7.854735851287842,
    7.229137420654297,
    6.538116931915283,
    6.562650203704834,
    5.932962894439697,
    6.947004795074463,
    9.60477590560913,
    7.911980152130127,
    8.25953483581543,
    11.996769905090332,
    15.083873271942139,
    16.11018180847168,
    20.926880836486816,
    43.0150032043457,
    26.630866527557373,
    25.73540210723877,
    29.554414749145508,
    31.386232376098633,
    35.52417755126953,
    36.29697561264038,
    40.6720757484436,
    43.62424612045288,
    44.63011026382446,
    47.64770269393921,
    50.20325183868408,
    53.098177909851074,
    55.36750555038452,
    56.536924839019775,
    58.95754098892212,
    61.063313484191895,
    62.46579885482788,
    62.75202035903931,
    63.042330741882324,
    64.45708274841309,
    63.888728618621826,
    64.92321491241455,
    67.16800928115845,
    67.02898740768433,
    65.31983613967896,
    64.89459276199341,
    65.75734615325928,
    68.17387342453003,
    66.58738851547241,
    65.4956579208374,
    65.17672538757324,
    60.89566946029663,
    58.23789834976196,
    56.810879707336426,
    53.59702110290527,
    50.6939172744751,
    47.8521466255188,
    45.03899812698364,
    43.432068824768066,
    39.29821252822876,
    38.08790445327759,
    59.50953960418701,
    31.345343589782715,
    27.771663665771484,
    25.432825088500977,
    22.214877605438232,
    20.61612606048584,
    18.972396850585938,
    17.050623893737793,
    16.748046875,
    14.388763904571533,
    14.409208297729492,
    13.705921173095703,
    11.28530502319336,
    10.970461368560791,
    55.8254599571228,
    19.965994358062744,
    8.230912685394287,
    7.515358924865723,
    6.607627868652344,
    7.233226299285889,
    10.26308536529541,
    8.529400825500488,
    8.864688873291016,
    10.94592809677124,
    15.08796215057373,
    16.72351360321045,
    16.057026386260986,
    18.698441982269287,
    22.218966484069824,
    25.154781341552734,
    56.83950185775757,
    36.05164289474487,
    36.07208728790283,
    36.967551708221436,
    39.539456367492676,
    43.223536014556885,
    45.82815170288086,
    48.87845516204834,
    51.56075954437256,
    54.647862911224365,
    54.88501787185669,
    56.68003559112549,
    57.53052234649658,
    58.95754098892212,
    60.405004024505615,
    62.110066413879395,
    62.796998023986816,
    64.05637264251709
  ],
  "timestamps": [
    0.011228561401367188,
    0.04263877868652344,
    0.0739901065826416,
    0.10533571243286133,
    0.13664650917053223,
    0.16794490814208984,
    0.1992809772491455,
    0.2306218147277832,
    0.26194024085998535,
    0.2933473587036133,
    0.32468557357788086,
    0.355985164642334,
    0.38723206520080566,
    0.4184126853942871,
    0.44953370094299316,
    0.48061347007751465,
    0.5116760730743408,
    0.5428364276885986,
    0.573815107345581,
    0.604668378829956,
    0.6353936195373535,
    0.6659884452819824,
    0.6964719295501709,
    0.726832389831543,
    0.7570798397064209,
    0.7872471809387207,
    0.8172988891601562,
    0.8472702503204346,
    0.8772180080413818,
    0.9070627689361572,
    0.9367623329162598,
    0.966411828994751,
    0.9960322380065918,
    1.0269083976745605,
    1.0562081336975098,
    1.0852699279785156,
    1.1142160892486572,
    1.1430015563964844,
    1.1716880798339844,
    1.2003047466278076,
    1.2288243770599365,
    1.2572598457336426,
    1.2856838703155518,
    1.3138856887817383,
    1.342055082321167,
    1.3700852394104004,
    1.3981363773345947,
    1.4261682033538818,
    1.4541847705841064,
    1.4821414947509766,
    1.510096788406372,
    1.5380141735076904,
    1.5659866333007812,
    1.594118356704712,
    1.622145652770996,
    1.6501927375793457,
    1.6784639358520508,
    1.7069132328033447,
    1.7354166507720947,
    1.7641997337341309,
    1.7942726612091064,
    1.8233847618103027,
    1.8524320125579834,
    1.881713628768921,
    1.9111123085021973,
    1.9407517910003662,
    1.9704322814941406,
    2.000410556793213,
    2.0305016040802,
    2.0606539249420166,
    2.090975761413574,
    2.121448040008545,
    2.152104377746582,
    2.1828839778900146,
    2.2137248516082764,
    2.244752883911133,
    2.276038885116577,
    2.3075881004333496,
    2.3388924598693848,
    2.370133876800537,
    2.401493787765503,
    2.432760000228882,
    2.4640743732452393,
    2.4955503940582275,
    2.527007579803467,
    2.558363914489746,
    2.589691162109375,
    2.6210741996765137,
    2.652592658996582,
    2.684041738510132,
    2.715423822402954,
    2.746770143508911,
    2.7778704166412354,
    2.8088605403900146,
    2.8397042751312256,
    2.8703575134277344,
    2.900850772857666,
    2.9311904907226562,
    2.961359977722168,
    2.9914560317993164,
    3.0212912559509277,
    3.051058292388916,
    3.0820698738098145,
    3.111445665359497,
    3.1406099796295166,
    3.169638156890869,
    3.1984827518463135,
    3.2272441387176514,
    3.255929470062256,
    3.284552812576294,
    3.313108444213867,
    3.3415541648864746,
    3.3699679374694824,
    3.3983373641967773,
    3.4265668392181396,
    3.454777956008911,
    3.485602617263794,
    3.5143420696258545,
    3.5423853397369385,
    3.57037615776062,
    3.59830904006958,
    3.626291513442993,
    3.6544597148895264,
    3.6825289726257324,
    3.7106144428253174,
    3.7388248443603516,
    3.7672457695007324,
    3.7957870960235596,
    3.8243043422698975,
    3.8529698848724365,
    3.8818325996398926,
    3.910871744155884,
    3.9417388439178467,
    3.9713892936706543,
    4.00103759765625,
    4.030740737915039,
    4.060593366622925,
    4.090662002563477,
    4.120879650115967,
    4.151278734207153,
    4.1818342208862305,
    4.2125678062438965,
    4.243354797363281,
    4.274386644363403,
    4.3053061962127686,
    4.3363237380981445,
    4.367402076721191,
    4.3985748291015625,
    4.429813385009766,
    4.461101055145264
  ]
}