{
  "gesture_id": 6,
  "gesture_name": "press_twice",
  "timestamp": "2025-12-24T14:59:19.538308",
  "sample_rate": 50,
  "duration": 3.0,
  "distances": [
    58.35238695144653,
    61.521267890930176,
    57.24838972091675,
    56.70047998428345,
    58.09478759765625,
    56.63914680480957,
    56.98261260986328,
    55.49426078796387,
    54.61515188217163,
    53.31488847732544,
    52.574801445007324,
    50.13782978057861,
    48.46138954162598,
    46.658194065093994,
    45.62779664993286,
    45.456063747406006,
    41.57980680465698,
    39.73163366317749,
    39.74798917770386,
    36.27244234085083,
    35.00080108642578,
    33.17716121673584,
    30.008280277252197,
    28.654861450195312,
    51.87560319900513,
    28.37272882461548,
    23.703229427337646,
    24.287939071655273,
    20.607948303222656,
    18.36315393447876,
    17.054712772369385,
    15.799427032470703,
    15.787160396575928,
    15.419161319732666,
    13.3583664894104,
    13.043522834777832,
    11.964058876037598,
    9.931886196136475,
    10.941839218139648,
    19.970083236694336,
    9.244954586029053,
    9.621131420135498,
    8.930110931396484,
    49.82707500457764,
    16.752135753631592,
    10.933661460876465,
    12.667346000671387,
    13.37881088256836,
    15.390539169311523,
    16.743957996368408,
    17.38591194152832,
    20.309460163116455,
    21.859145164489746,
    23.993539810180664,
    26.02980136871338,
    29.734325408935547,
    31.067299842834473,
    32.66196250915527,
    34.215736389160156,
    38.57448101043701,
    39.75207805633545,
    40.46354293823242,
    49.7943639755249,
    46.2084174156189,
    46.21250629425049,
    47.46779203414917,
    49.85569715499878,
    50.8411169052124,
    52.055513858795166,
    53.10635566711426,
    53.625643253326416,
    55.66190481185913,
    54.631507396698,
    56.033992767333984,
    55.510616302490234,
    56.65550231933594,
    56.15257024765015,
    56.78225755691528,
    55.29390573501587,
    55.146706104278564,
    55.10581731796265,
    55.101728439331055,
    52.918267250061035,
    51.33178234100342,
    50.141918659210205,
    48.83756637573242,
    45.979440212249756,
    43.403446674346924,
    42.017316818237305,
    40.242743492126465,
    44.000422954559326,
    35.5405330657959,
    34.1952919960022,
    32.616984844207764,
    30.274057388305664,
    28.40135097503662,
    26.025712490081787,
    26.316022872924805,
    21.581101417541504,
    20.29719352722168,
    17.696666717529297,
    16.093826293945312,
    15.067517757415771,
    14.707696437835693,
    12.667346000671387,
    12.021303176879883,
    12.671434879302979,
    10.242640972137451,
    11.616504192352295,
    51.51578187942505,
    8.206379413604736,
    7.572603225708008,
    6.852960586547852,
    7.879269123077393,
    7.233226299285889,
    7.21278190612793,
    8.934199810028076,
    9.931886196136475,
    16.06520414352417,
    15.079784393310547,
    14.695429801940918,
    16.081559658050537,
    17.721199989318848,
    19.945549964904785,
    22.48474359512329,
    24.839937686920166,
    29.480814933776855,
    31.055033206939697,
    32.347118854522705,
    35.77359914779663,
    51.28680467605591,
    41.12594127655029,
    43.38709115982056,
    44.409310817718506,
    45.39881944656372,
    51.143693923950195,
    49.83116388320923,
    50.47720670700073,
    51.86333656311035,
    53.216755390167236,
    54.45568561553955,
    55.11808395385742,
    56.47150278091431,
    58.18474292755127,
    61.59486770629883,
    58.05389881134033,
    57.6204776763916,
    56.73319101333618,
    56.77816867828369,
    57.35878944396973
  ],
  "timestamps": [
    0.010860204696655273,
    0.042101144790649414,
    0.07305502891540527,
    0.10396909713745117,
    0.13492560386657715,
    0.16576433181762695,
    0.19661641120910645,
    0.22739958763122559,
    0.2581355571746826,
    0.28879761695861816,
    0.31943321228027344,
    0.34992265701293945,
    0.38030242919921875,
    0.41059446334838867,
    0.44080090522766113,
    0.4710116386413574,
    0.5010898113250732,
    0.5310342311859131,
    0.5609109401702881,
    0.5905766487121582,
    0.6201663017272949,
    0.6496508121490479,
    0.6789445877075195,
    0.7081592082977295,
    0.7387924194335938,
    0.7680325508117676,
    0.7969846725463867,
    0.8259706497192383,
    0.8547317981719971,
    0.8833489418029785,
    0.911890983581543,
    0.9403538703918457,
    0.9688394069671631,
    0.9972813129425049,
    1.025601863861084,
    1.053905963897705,
    1.082172155380249,
    1.1103160381317139,
    1.1385188102722168,
    1.1672461032867432,
    1.1953506469726562,
    1.2234792709350586,
    1.25156569480896,
    1.2820396423339844,
    1.3105816841125488,
    1.338836431503296,
    1.367143154144287,
    1.3955001831054688,
    1.4239461421966553,
    1.4524638652801514,
    1.481076717376709,
    1.5099167823791504,
    1.538785457611084,
    1.567760705947876,
    1.5968456268310547,
    1.6261186599731445,
    1.6554768085479736,
    1.6849374771118164,
    1.7145004272460938,
    1.7443227767944336,
    1.7742228507995605,
    1.8041305541992188,
    1.8345842361450195,
    1.864823818206787,
    1.8950450420379639,
    1.9253590106964111,
    1.95578932762146,
    1.9863197803497314,
    2.0168814659118652,
    2.047520160675049,
    2.078186511993408,
    2.108957052230835,
    2.139688730239868,
    2.1704981327056885,
    2.20127534866333,
    2.2321112155914307,
    2.262934923171997,
    2.293797731399536,
    2.3246049880981445,
    2.355353355407715,
    2.386113166809082,
    2.416869640350342,
    2.4475061893463135,
    2.47810697555542,
    2.508669137954712,
    2.53906512260437,
    2.5693230628967285,
    2.599391222000122,
    2.6294076442718506,
    2.659299373626709,
    2.689405679702759,
    2.7190003395080566,
    2.74853777885437,
    2.7779693603515625,
    2.8073301315307617,
    2.836543321609497,
    2.865605354309082,
    2.8947055339813232,
    2.9235169887542725,
    2.952242136001587,
    2.9808409214019775,
    3.0093064308166504,
    3.0377373695373535,
    3.0661392211914062,
    3.0944159030914307,
    3.1226704120635986,
    3.1509737968444824,
    3.179133415222168,
    3.2073373794555664,
    3.237908363342285,
    3.2659499645233154,
    3.2939608097076416,
    3.3219242095947266,
    3.3499488830566406,
    3.377932071685791,
    3.4059150218963623,
    3.433995485305786,
    3.462144374847412,
    3.490678071975708,
    3.5192208290100098,
    3.547644853591919,
    3.5761475563049316,
    3.6047263145446777,
    3.6334540843963623,
    3.662336826324463,
    3.6913528442382812,
    3.7206335067749023,
    3.750021457672119,
    3.7794783115386963,
    3.8091185092926025,
    3.839642286300659,
    3.8696060180664062,
    3.89967679977417,
    3.929828405380249,
    3.9600727558135986,
    3.9905996322631836,
    4.021045207977295,
    4.051528215408325,
    4.082090377807617,
    4.112733602523804,
    4.143464088439941,
    4.174218416213989,
    4.205048084259033,
    4.235990047454834,
    4.267128229141235,
    4.298060655593872,
    4.328946352005005,
    4.359794855117798,
    4.390657663345337,
    4.42154860496521
  ]
}