{
  "gesture_id": 6,
  "gesture_name": "press_twice",
  "timestamp": "2025-12-23T16:12:12.368259",
  "sample_rate": 50,
  "duration": 3.0,
  "distances": [
    52.165913581848145,
    52.34173536300659,
    51.18049383163452,
    50.83293914794922,
    50.280940532684326,
    49.76983070373535,
    49.9456524848938,
    48.24059009552002,
    48.592233657836914,
    47.8030800819397,
    45.386552810668945,
    45.53375244140625,
    43.54655742645264,
    42.745137214660645,
    42.27491617202759,
    41.79651737213135,
    42.51207113265991,
    39.261412620544434,
    37.441861629486084,
    37.151551246643066,
    33.67191553115845,
    31.823742389678955,
    30.032813549041748,
    28.642594814300537,
    49.78209733963013,
    27.428197860717773,
    26.868021488189697,
    27.46908664703369,
    24.582338333129883,
    21.536123752593994,
    19.9373722076416,
    17.982888221740723,
    17.38182306289673,
    17.050623893737793,
    16.036581993103027,
    15.394628047943115,
    15.72582721710205,
    15.10840654373169,
    14.38058614730835,
    13.701832294464111,
    12.67552375793457,
    12.638723850250244,
    14.012587070465088,
    12.364768981933594,
    11.289393901824951,
    10.941839218139648,
    12.303435802459717,
    14.368319511413574,
    16.68262481689453,
    35.99439859390259,
    17.668044567108154,
    19.581639766693115,
    44.793665409088135,
    24.28385019302368,
    30.22090196609497,
    25.731313228607178,
    28.658950328826904,
    30.24134635925293,
    31.56205415725708,
    32.88276195526123,
    32.86231756210327,
    34.48969125747681,
    36.00257635116577,
    37.84666061401367,
    37.63812780380249,
    38.75848054885864,
    49.78618621826172,
    42.50389337539673,
    44.59331035614014,
    45.96717357635498,
    43.926823139190674,
    45.8077073097229,
    45.82406282424927,
    46.59686088562012,
    48.187434673309326,
    47.58228063583374,
    49.205565452575684,
    49.01747703552246,
    49.638986587524414,
    49.78209733963013,
    50.444495677948,
    52.713823318481445,
    51.303160190582275,
    51.47489309310913,
    52.51755714416504,
    52.010536193847656,
    51.30724906921387,
    52.22724676132202,
    50.162363052368164,
    49.912941455841064,
    49.97018575668335,
    49.22192096710205,
    47.17748165130615,
    44.75686550140381,
    42.495715618133545,
    42.73695945739746,
    39.50674533843994,
    37.84666061401367,
    37.15972900390625,
    36.239731311798096,
    35.2420449256897,
    36.464619636535645,
    31.53752088546753,
    29.750680923461914,
    28.364551067352295,
    27.48544216156006,
    26.614511013031006,
    24.545538425445557,
    23.359763622283936,
    22.815942764282227,
    21.84687852859497,
    19.630706310272217,
    19.98234987258911,
    40.017855167388916,
    21.895945072174072,
    16.38413667678833,
    17.0465350151062,
    17.733466625213623,
    17.058801651000977,
    14.049386978149414,
    14.703607559204102,
    14.376497268676758,
    16.748046875,
    17.050623893737793,
    16.756224632263184,
    16.106092929840088,
    17.369556427001953,
    19.642972946166992,
    25.150692462921143,
    24.844026565551758,
    26.32828950881958,
    28.07832956314087,
    28.94517183303833,
    29.78339195251465,
    31.08774423599243,
    36.01893186569214,
    37.42959499359131,
    36.26835346221924,
    37.20879554748535,
    38.8279914855957,
    39.976966381073,
    42.76149272918701,
    42.98229217529297,
    43.562912940979004,
    45.018553733825684,
    46.85037136077881,
    47.23472595214844,
    48.06476831436157,
    48.82938861846924,
    49.05836582183838
  ],
  "timestamps": [
    0.010495424270629883,
    0.04120612144470215,
    0.07180905342102051,
    0.10237956047058105,
    0.13289427757263184,
    0.1633622646331787,
    0.19383883476257324,
    0.22420883178710938,
    0.25460386276245117,
    0.284940242767334,
    0.31513237953186035,
    0.34534382820129395,
    0.37543272972106934,
    0.40547800064086914,
    0.43549513816833496,
    0.4654853343963623,
    0.4955172538757324,
    0.525376558303833,
    0.5551080703735352,
    0.5848269462585449,
    0.614337682723999,
    0.6437375545501709,
    0.6730356216430664,
    0.7022557258605957,
    0.7327055931091309,
    0.7618577480316162,
    0.7909731864929199,
    0.8201992511749268,
    0.8493576049804688,
    0.8782608509063721,
    0.9070701599121094,
    0.9356935024261475,
    0.9642667770385742,
    0.9928114414215088,
    1.0212957859039307,
    1.049750804901123,
    1.0782430171966553,
    1.1066951751708984,
    1.1350719928741455,
    1.1634366512298584,
    1.1917436122894287,
    1.2200469970703125,
    1.248429298400879,
    1.2767324447631836,
    1.3049583435058594,
    1.333160161972046,
    1.361443042755127,
    1.389845848083496,
    1.4183928966522217,
    1.4480836391448975,
    1.4766769409179688,
    1.5053706169128418,
    1.535524606704712,
    1.564488172531128,
    1.5938198566436768,
    1.6228909492492676,
    1.6521267890930176,
    1.681447982788086,
    1.7108359336853027,
    1.7403008937835693,
    1.7697629928588867,
    1.799318552017212,
    1.829007863998413,
    1.858830451965332,
    1.8886196613311768,
    1.9184565544128418,
    1.9489147663116455,
    1.978950023651123,
    2.0090930461883545,
    2.0393192768096924,
    2.0694262981414795,
    2.099642515182495,
    2.129854917526245,
    2.1601152420043945,
    2.1904680728912354,
    2.2207894325256348,
    2.2512049674987793,
    2.2816097736358643,
    2.312030076980591,
    2.342475652694702,
    2.3729588985443115,
    2.403557062149048,
    2.434091091156006,
    2.4646403789520264,
    2.4952242374420166,
    2.5257983207702637,
    2.5563125610351562,
    2.5869009494781494,
    2.6173670291900635,
    2.6478025913238525,
    2.6782565116882324,
    2.7086713314056396,
    2.7389516830444336,
    2.7691073417663574,
    2.7991065979003906,
    2.829195022583008,
    2.859097957611084,
    2.8888745307922363,
    2.9185776710510254,
    2.948242664337158,
    2.977832078933716,
    3.0075056552886963,
    3.0369091033935547,
    3.0661678314208984,
    3.095365047454834,
    3.1245224475860596,
    3.1536200046539307,
    3.182617664337158,
    3.2115511894226074,
    3.240492820739746,
    3.2692973613739014,
    3.2979848384857178,
    3.3267087936401367,
    3.356633424758911,
    3.385453224182129,
    3.413978099822998,
    3.442575693130493,
    3.4711573123931885,
    3.4996938705444336,
    3.5280675888061523,
    3.556493043899536,
    3.5848991870880127,
    3.6134414672851562,
    3.642030954360962,
    3.6705563068389893,
    3.699038505554199,
    3.7276439666748047,
    3.7563605308532715,
    3.7854044437408447,
    3.8144690990448,
    3.843776226043701,
    3.8730196952819824,
    3.902289867401123,
    3.931588888168335,
    3.9609603881835938,
    3.9905972480773926,
    4.0203306674957275,
    4.049971580505371,
    4.079689025878906,
    4.1094958782196045,
    4.139353036880493,
    4.169391632080078,
    4.1994242668151855,
    4.229528188705444,
    4.2596800327301025,
    4.2899558544158936,
    4.320232629776001,
    4.350579738616943,
    4.380976676940918,
    4.4113593101501465
  ]
}