{
  "gesture_id": 6,
  "gesture_name": "press_twice",
  "timestamp": "2025-12-23T16:07:54.115973",
  "sample_rate": 50,
  "duration": 3.0,
  "distances": [
    56.64323568344116,
    56.91310167312622,
    56.49603605270386,
    56.491947174072266,
    56.357014179229736,
    54.238975048065186,
    53.47844362258911,
    52.54209041595459,
    51.51987075805664,
    49.80663061141968,
    49.81889724731445,
    47.594547271728516,
    47.9993462562561,
    44.96539831161499,
    44.163978099823,
    43.383002281188965,
    41.59207344055176,
    39.976966381073,
    41.34265184402466,
    40.66389799118042,
    37.88754940032959,
    36.46053075790405,
    36.714041233062744,
    35.01306772232056,
    33.688271045684814,
    32.33076333999634,
    31.83192014694214,
    30.53983449935913,
    30.008280277252197,
    28.622150421142578,
    28.086507320404053,
    28.912460803985596,
    25.75993537902832,
    24.839937686920166,
    23.081719875335693,
    21.900033950805664,
    22.4806547164917,
    22.227144241333008,
    20.105016231536865,
    19.311773777008057,
    19.61843967437744,
    19.642972946166992,
    24.267494678497314,
    19.610261917114258,
    19.990527629852295,
    20.562970638275146,
    19.675683975219727,
    21.88776731491089,
    22.21078872680664,
    29.501259326934814,
    49.798452854156494,
    31.58658742904663,
    29.497170448303223,
    31.341254711151123,
    33.140361309051514,
    37.20470666885376,
    36.260175704956055,
    39.0283465385437,
    39.976966381073,
    42.516160011291504,
    42.037761211395264,
    43.80415678024292,
    45.0103759765625,
    45.18619775772095,
    45.774996280670166,
    46.797215938568115,
    49.025654792785645,
    49.025654792785645,
    49.83525276184082,
    51.3399600982666,
    51.348137855529785,
    50.70618391036987,
    51.72840356826782,
    52.55844593048096,
    52.74653434753418,
    52.00235843658447,
    52.36217975616455,
    52.02689170837402,
    52.34173536300659,
    51.17231607437134,
    49.97427463531494,
    49.58992004394531,
    49.97018575668335,
    47.21428155899048,
    43.95953416824341,
    44.773221015930176,
    43.158113956451416,
    39.698922634124756,
    38.104259967803955,
    36.693596839904785,
    35.48328876495361,
    34.98035669326782,
    37.86710500717163,
    31.06321096420288,
    29.206860065460205,
    29.74250316619873,
    30.028724670410156,
    28.08241844177246,
    47.843968868255615,
    28.658950328826904,
    23.39656352996826,
    25.41646957397461,
    46.02850675582886,
    23.69096279144287,
    47.03437089920044,
    23.376119136810303,
    17.079246044158936,
    18.988752365112305,
    45.431530475616455,
    41.60434007644653,
    40.651631355285645,
    39.972877502441406,
    46.98939323425293,
    45.39473056793213,
    18.326354026794434,
    48.00752401351929,
    47.798991203308105,
    47.226548194885254,
    29.235482215881348,
    26.912999153137207,
    29.182326793670654,
    29.76703643798828,
    31.545698642730713,
    30.760633945465088,
    32.06907510757446,
    32.86640644073486,
    34.943556785583496,
    35.74497699737549,
    36.42781972885132,
    38.11652660369873,
    39.73163366317749,
    40.86834192276001,
    52.30902433395386,
    43.93908977508545,
    43.55064630508423,
    44.360244274139404,
    44.748687744140625,
    45.975351333618164,
    47.61090278625488,
    48.57996702194214,
    49.73711967468262,
    49.798452854156494,
    49.733030796051025,
    50.252318382263184,
    50.235962867736816,
    49.56947565078735,
    50.60396194458008,
    50.82067251205444,
    52.165913581848145,
    53.20039987564087
  ],
  "timestamps": [
    0.010760307312011719,
    0.04173421859741211,
    0.07262778282165527,
    0.10350251197814941,
    0.1344592571258545,
    0.1653883457183838,
    0.19611787796020508,
    0.22675299644470215,
    0.25731968879699707,
    0.2877812385559082,
    0.31823277473449707,
    0.3485536575317383,
    0.37889695167541504,
    0.40906786918640137,
    0.43918776512145996,
    0.46925950050354004,
    0.4992380142211914,
    0.5291264057159424,
    0.5590901374816895,
    0.5890262126922607,
    0.618786096572876,
    0.6484732627868652,
    0.6781609058380127,
    0.7077465057373047,
    0.7372586727142334,
    0.7666850090026855,
    0.7960846424102783,
    0.8254218101501465,
    0.8547146320343018,
    0.8839273452758789,
    0.9131217002868652,
    0.9423866271972656,
    0.9714639186859131,
    1.000490427017212,
    1.0294115543365479,
    1.0582389831542969,
    1.0871000289916992,
    1.1161932945251465,
    1.1452760696411133,
    1.1743769645690918,
    1.203200101852417,
    1.231921672821045,
    1.2609031200408936,
    1.289578914642334,
    1.3183045387268066,
    1.3470757007598877,
    1.3757927417755127,
    1.404632568359375,
    1.433462142944336,
    1.4627256393432617,
    1.4931750297546387,
    1.522552490234375,
    1.5518181324005127,
    1.581191062927246,
    1.6106524467468262,
    1.6403815746307373,
    1.6700389385223389,
    1.699857234954834,
    1.7297277450561523,
    1.7597482204437256,
    1.7897493839263916,
    1.8198506832122803,
    1.8500301837921143,
    1.8802053928375244,
    1.9104201793670654,
    1.9406952857971191,
    1.971100091934204,
    2.0015077590942383,
    2.031959056854248,
    2.0625009536743164,
    2.0930442810058594,
    2.1236023902893066,
    2.1543149948120117,
    2.1849441528320312,
    2.215557813644409,
    2.246133327484131,
    2.2767460346221924,
    2.307326316833496,
    2.3379459381103516,
    2.3684751987457275,
    2.3989312648773193,
    2.429368019104004,
    2.4598240852355957,
    2.4901204109191895,
    2.5202298164367676,
    2.5503833293914795,
    2.5804474353790283,
    2.6102993488311768,
    2.6400651931762695,
    2.669771194458008,
    2.6993863582611084,
    2.7289655208587646,
    2.7587180137634277,
    2.788071870803833,
    2.8173317909240723,
    2.8466062545776367,
    2.875900983810425,
    2.9050772190093994,
    2.935408115386963,
    2.964618682861328,
    2.993527412414551,
    3.022554874420166,
    3.0527849197387695,
    3.08170485496521,
    3.1120355129241943,
    3.141197443008423,
    3.1697847843170166,
    3.1984739303588867,
    3.2287001609802246,
    3.258692502975464,
    3.2886271476745605,
    3.3185007572174072,
    3.3487863540649414,
    3.378972291946411,
    3.4075818061828613,
    3.4379193782806396,
    3.4682517051696777,
    3.4985456466674805,
    3.527799129486084,
    3.556913375854492,
    3.586160182952881,
    3.6154332160949707,
    3.64481782913208,
    3.6741538047790527,
    3.7035770416259766,
    3.733031749725342,
    3.76261043548584,
    3.792245626449585,
    3.8219449520111084,
    3.8517346382141113,
    3.881657361984253,
    3.9116320610046387,
    3.942225933074951,
    3.9724714756011963,
    4.002580881118774,
    4.032719373703003,
    4.06287407875061,
    4.093137502670288,
    4.12351393699646,
    4.154064655303955,
    4.184541702270508,
    4.215023756027222,
    4.245469331741333,
    4.2759459018707275,
    4.306458950042725,
    4.336895704269409,
    4.367389678955078,
    4.397911787033081,
    4.428575754165649,
    4.459200859069824
  ]
}