{
  "gesture_id": 1,
  "gesture_name": "push",
  "timestamp": "2025-12-23T15:14:11.358267",
  "sample_rate": 50,
  "duration": 3.0,
  "distances": [
    41.38762950897217,
    39.90745544433594,
    40.14052152633667,
    41.33038520812988,
    40.86834192276001,
    40.377676486968994,
    40.43083190917969,
    40.43492078781128,
    41.563451290130615,
    40.152788162231445,
    41.105496883392334,
    39.46176767349243,
    39.48630094528198,
    38.533592224121094,
    39.494478702545166,
    41.80060625076294,
    40.61892032623291,
    40.402209758758545,
    39.261412620544434,
    38.54176998138428,
    39.96469974517822,
    37.8343939781189,
    39.240968227386475,
    43.16220283508301,
    37.42959499359131,
    36.70177459716797,
    36.00666522979736,
    36.93075180053711,
    36.215198040008545,
    35.965776443481445,
    35.73271036148071,
    34.68186855316162,
    35.21751165390015,
    34.99671220779419,
    34.211647510528564,
    33.94995927810669,
    34.45289134979248,
    33.65964889526367,
    32.92365074157715,
    33.896803855895996,
    33.13627243041992,
    30.756545066833496,
    32.63742923736572,
    47.9993462562561,
    48.39596748352051,
    47.39419221878052,
    37.66674995422363,
    35.22977828979492,
    34.984445571899414,
    36.02710962295532,
    30.507123470306396,
    30.004191398620605,
    36.22746467590332,
    35.97804307937622,
    36.235642433166504,
    36.00257635116577,
    36.25608682632446,
    35.97804307937622,
    29.46445941925049,
    26.610422134399414,
    28.92472743988037,
    25.686335563659668,
    26.39780044555664,
    28.663039207458496,
    25.412380695343018,
    25.109803676605225,
    25.719046592712402,
    25.469624996185303,
    25.154781341552734,
    47.590458393096924,
    47.56592512130737,
    46.617305278778076,
    45.16984224319458,
    46.34743928909302,
    44.59739923477173,
    44.73642110824585,
    46.99757099151611,
    45.566463470458984,
    22.787320613861084,
    21.213102340698242,
    20.558881759643555,
    21.245813369750977,
    19.61435079574585,
    20.284926891326904,
    19.651150703430176,
    21.213102340698242,
    18.3427095413208,
    40.426743030548096,
    18.309998512268066,
    18.66164207458496,
    17.991065979003906,
    17.38182306289673,
    16.756224632263184,
    16.081559658050537,
    17.70075559616089,
    17.04244613647461,
    16.40458106994629,
    15.74627161026001,
    16.073381900787354,
    15.766716003417969,
    16.08564853668213,
    15.447783470153809,
    14.401030540466309,
    15.075695514678955,
    15.795338153839111,
    14.74449634552002,
    13.99623155593872,
    14.74449634552002,
    13.681387901306152,
    12.99445629119873,
    13.710010051727295,
    13.051700592041016,
    13.391077518463135,
    14.057564735412598,
    13.01490068435669,
    12.340235710144043,
    12.667346000671387,
    12.004947662353516,
    12.348413467407227,
    12.683701515197754,
    11.943614482879639,
    10.94592809677124,
    11.600148677825928,
    12.360680103302002,
    13.006722927093506,
    10.58201789855957,
    11.289393901824951,
    11.955881118774414,
    10.950016975402832,
    13.018989562988281,
    11.996769905090332,
    12.687790393829346,
    16.102004051208496,
    11.959969997406006,
    12.323880195617676,
    12.700057029724121,
    11.657392978668213,
    10.242640972137451,
    10.647439956665039,
    11.289393901824951,
    10.267174243927002,
    10.606551170349121,
    9.551620483398438,
    9.964597225189209,
    8.885133266448975,
    9.600687026977539,
    9.935975074768066,
    8.934199810028076,
    9.23677682876587,
    9.53526496887207
  ],
  "timestamps": [
    0.009879350662231445,
    0.03987002372741699,
    0.0698246955871582,
    0.09983444213867188,
    0.12977147102355957,
    0.15967559814453125,
    0.18958330154418945,
    0.21949172019958496,
    0.2494645118713379,
    0.27933812141418457,
    0.30930638313293457,
    0.3391404151916504,
    0.36900854110717773,
    0.39877843856811523,
    0.42862629890441895,
    0.4585912227630615,
    0.4885063171386719,
    0.5184876918792725,
    0.5484318733215332,
    0.5782527923583984,
    0.6081604957580566,
    0.6379265785217285,
    0.66774582862854,
    0.6978147029876709,
    0.727527379989624,
    0.7572164535522461,
    0.7868428230285645,
    0.8165433406829834,
    0.8461835384368896,
    0.8758256435394287,
    0.9054551124572754,
    0.9350032806396484,
    0.9646108150482178,
    0.9941821098327637,
    1.0237672328948975,
    1.0533111095428467,
    1.0828700065612793,
    1.1123785972595215,
    1.141871690750122,
    1.1714177131652832,
    1.2009186744689941,
    1.2303333282470703,
    1.2597994804382324,
    1.2901496887207031,
    1.3205208778381348,
    1.3508365154266357,
    1.380577564239502,
    1.4101800918579102,
    1.4397611618041992,
    1.469409704208374,
    1.5007343292236328,
    1.5302302837371826,
    1.5599331855773926,
    1.5895910263061523,
    1.6192560195922852,
    1.648970603942871,
    1.6786351203918457,
    1.7082810401916504,
    1.7375435829162598,
    1.7666387557983398,
    1.7958686351776123,
    1.8249127864837646,
    1.8539905548095703,
    1.8832039833068848,
    1.912231206893921,
    1.9412360191345215,
    1.970289945602417,
    1.999359369277954,
    2.0284290313720703,
    2.0588033199310303,
    2.089144229888916,
    2.119405746459961,
    2.14958119392395,
    2.179826021194458,
    2.209970235824585,
    2.2401225566864014,
    2.2704267501831055,
    2.300631046295166,
    2.3295037746429443,
    2.3582839965820312,
    2.3870320320129395,
    2.415816307067871,
    2.444504499435425,
    2.4732439517974854,
    2.502070426940918,
    2.5310773849487305,
    2.559781074523926,
    2.5897059440612793,
    2.618332862854004,
    2.647019386291504,
    2.6756319999694824,
    2.704214096069336,
    2.7327592372894287,
    2.761239767074585,
    2.78983736038208,
    2.8183951377868652,
    2.846918821334839,
    2.8753983974456787,
    2.9038963317871094,
    2.932375907897949,
    2.96089768409729,
    2.989335775375366,
    3.0177440643310547,
    3.0461978912353516,
    3.0747320652008057,
    3.1031665802001953,
    3.131556272506714,
    3.159979820251465,
    3.1883456707000732,
    3.2166712284088135,
    3.245018243789673,
    3.2733471393585205,
    3.301708459854126,
    3.3300979137420654,
    3.3584237098693848,
    3.3867063522338867,
    3.415010929107666,
    3.4432764053344727,
    3.471559524536133,
    3.500028133392334,
    3.528860330581665,
    3.557154417037964,
    3.585428237915039,
    3.61372709274292,
    3.6420676708221436,
    3.6702568531036377,
    3.6985528469085693,
    3.726850748062134,
    3.7550930976867676,
    3.7834677696228027,
    3.8117599487304688,
    3.840092897415161,
    3.868617296218872,
    3.8969006538391113,
    3.9251983165740967,
    3.953505516052246,
    3.981748342514038,
    4.009931325912476,
    4.038174629211426,
    4.066432476043701,
    4.09462833404541,
    4.122843265533447,
    4.150993585586548,
    4.179164171218872,
    4.2073094844818115,
    4.23546028137207,
    4.263623476028442,
    4.291731834411621,
    4.319895505905151,
    4.348042964935303
  ]
}