{
  "gesture_id": 1,
  "gesture_name": "push",
  "timestamp": "2025-12-24T13:06:27.313196",
  "sample_rate": 50,
  "duration": 3.0,
  "distances": [
    60.80571413040161,
    60.24144887924194,
    59.382784366607666,
    57.96394348144531,
    59.0679407119751,
    58.973896503448486,
    58.34420919418335,
    57.77585506439209,
    57.215678691864014,
    57.4732780456543,
    57.31381177902222,
    57.04803466796875,
    56.89265727996826,
    57.18296766281128,
    56.49603605270386,
    57.2238564491272,
    56.93354606628418,
    56.696391105651855,
    55.97265958786011,
    56.193459033966064,
    55.48199415206909,
    57.20341205596924,
    54.09177541732788,
    53.76466512680054,
    55.10990619659424,
    53.736042976379395,
    52.55844593048096,
    51.67933702468872,
    51.33178234100342,
    50.685739517211914,
    51.15187168121338,
    50.1460075378418,
    49.96609687805176,
    49.434542655944824,
    48.06067943572998,
    46.6050386428833,
    47.41463661193848,
    46.01624011993408,
    45.002198219299316,
    44.405221939086914,
    45.206642150878906,
    44.19668912887573,
    43.17038059234619,
    42.540693283081055,
    42.70833730697632,
    42.99046993255615,
    40.197765827178955,
    39.968788623809814,
    37.64221668243408,
    37.40915060043335,
    37.21288442611694,
    37.40915060043335,
    36.05982065200806,
    36.2887978553772,
    35.76542139053345,
    35.22977828979492,
    34.70640182495117,
    34.15849208831787,
    33.70871543884277,
    33.1976056098938,
    31.83192014694214,
    32.61289596557617,
    31.365787982940674,
    31.30854368209839,
    30.000102519989014,
    29.983747005462646,
    29.247748851776123,
    29.758858680725098,
    28.961527347564697,
    28.953349590301514,
    27.80437469482422,
    29.21503782272339,
    27.53041982650757,
    27.19104290008545,
    26.32420063018799,
    26.34873390197754,
    25.481891632080078,
    28.12739610671997,
    25.19158124923706,
    24.909448623657227,
    24.557805061340332,
    24.30020570755005,
    24.00580644607544,
    23.70731830596924,
    22.566521167755127,
    23.989450931549072,
    22.55425453186035,
    22.21078872680664,
    21.89185619354248,
    22.55016565322876,
    20.91461420059204,
    21.556568145751953,
    22.19034433364868,
    20.898258686065674,
    20.603859424591064,
    21.262168884277344,
    19.949638843536377,
    19.622528553009033,
    19.291329383850098,
    18.669819831848145,
    18.330442905426025,
    18.036043643951416,
    18.98057460784912,
    17.721199989318848,
    17.38182306289673,
    17.06697940826416,
    16.72351360321045,
    16.08973741531372,
    16.735780239105225,
    16.081559658050537,
    15.783071517944336,
    16.437292098999023,
    17.083334922790527,
    15.402805805206299,
    16.11427068710327,
    15.415072441101074,
    14.764940738677979,
    15.447783470153809,
    14.687252044677734,
    15.439605712890625,
    14.764940738677979,
    13.689565658569336,
    13.01490068435669,
    12.327969074249268,
    13.354277610778809,
    12.65099048614502,
    13.730454444885254,
    11.665570735931396,
    12.315702438354492,
    11.653304100036621,
    12.323880195617676,
    11.632859706878662,
    10.561573505401611,
    11.301660537719727,
    10.275352001190186,
    10.275352001190186,
    10.614728927612305,
    10.986816883087158,
    11.60423755645752,
    12.025392055511475,
    10.99090576171875,
    9.940063953399658,
    10.590195655822754,
    11.28530502319336,
    10.271263122558594,
    10.982728004455566,
    10.23855209350586,
    10.974550247192383,
    11.620593070983887,
    12.029480934143066
  ],
  "timestamps": [
    0.011042594909667969,
    0.04221773147583008,
    0.07330083847045898,
    0.1042945384979248,
    0.13533759117126465,
    0.1663663387298584,
    0.19734477996826172,
    0.2282729148864746,
    0.25918126106262207,
    0.29010510444641113,
    0.32100462913513184,
    0.3518693447113037,
    0.38274312019348145,
    0.4136669635772705,
    0.444490909576416,
    0.4753551483154297,
    0.5062189102172852,
    0.5370748043060303,
    0.5678865909576416,
    0.5987329483032227,
    0.6295151710510254,
    0.6603944301605225,
    0.6910934448242188,
    0.7217681407928467,
    0.752516508102417,
    0.7831802368164062,
    0.8137891292572021,
    0.8444795608520508,
    0.8752391338348389,
    0.9057836532592773,
    0.9363226890563965,
    0.9668076038360596,
    0.9972734451293945,
    1.027705430984497,
    1.0580682754516602,
    1.0884284973144531,
    1.1187591552734375,
    1.1489970684051514,
    1.1791675090789795,
    1.2093017101287842,
    1.2394788265228271,
    1.2696011066436768,
    1.299661636352539,
    1.3297007083892822,
    1.3597750663757324,
    1.3898301124572754,
    1.41972017288208,
    1.449610948562622,
    1.4793531894683838,
    1.5090794563293457,
    1.538801670074463,
    1.5685291290283203,
    1.598198413848877,
    1.6278927326202393,
    1.6575427055358887,
    1.6871423721313477,
    1.7167088985443115,
    1.7462458610534668,
    1.775773048400879,
    1.805250883102417,
    1.8347737789154053,
    1.8643276691436768,
    1.8937840461730957,
    1.9232518672943115,
    1.9525628089904785,
    1.981867790222168,
    2.011119842529297,
    2.040398597717285,
    2.0696346759796143,
    2.098912239074707,
    2.1281187534332275,
    2.1573574542999268,
    2.1865289211273193,
    2.2156879901885986,
    2.2447903156280518,
    2.273853063583374,
    2.302886724472046,
    2.3320705890655518,
    2.3610756397247314,
    2.3901143074035645,
    2.4191462993621826,
    2.4481313228607178,
    2.4770684242248535,
    2.5059974193573,
    2.5348598957061768,
    2.563811779022217,
    2.5928244590759277,
    2.6217024326324463,
    2.6505489349365234,
    2.679417133331299,
    2.7081775665283203,
    2.736957550048828,
    2.765796422958374,
    2.7945761680603027,
    2.823457956314087,
    2.852463483810425,
    2.881213665008545,
    2.909916877746582,
    2.9385929107666016,
    2.967200756072998,
    2.9958183765411377,
    3.0243961811065674,
    3.0530409812927246,
    3.081667423248291,
    3.1102709770202637,
    3.138855218887329,
    3.1673972606658936,
    3.1958887577056885,
    3.224393844604492,
    3.2528789043426514,
    3.2813401222229004,
    3.3098509311676025,
    3.3384087085723877,
    3.366873025894165,
    3.395368814468384,
    3.423830270767212,
    3.452255964279175,
    3.480720281600952,
    3.509129047393799,
    3.537574529647827,
    3.5659823417663574,
    3.5943474769592285,
    3.622695207595825,
    3.650984525680542,
    3.6793270111083984,
    3.7076311111450195,
    3.735995292663574,
    3.76424241065979,
    3.7925360202789307,
    3.8209242820739746,
    3.8494033813476562,
    3.8778722286224365,
    3.906085252761841,
    3.9343185424804688,
    3.9624931812286377,
    3.990631103515625,
    4.018816232681274,
    4.047018051147461,
    4.075260400772095,
    4.103566884994507,
    4.131793022155762,
    4.159941673278809,
    4.188124418258667,
    4.216349840164185,
    4.244516849517822,
    4.272727966308594,
    4.300890922546387,
    4.32912015914917,
    4.357391834259033,
    4.385664224624634
  ]
}