{
  "gesture_id": 1,
  "gesture_name": "push",
  "timestamp": "2025-12-24T13:08:01.023709",
  "sample_rate": 50,
  "duration": 3.0,
  "distances": [
    63.385796546936035,
    62.32268810272217,
    61.905622482299805,
    68.70542764663696,
    69.50684785842896,
    68.52960586547852,
    67.52374172210693,
    61.46402359008789,
    60.02882719039917,
    60.310959815979004,
    60.57673692703247,
    59.45638418197632,
    59.587228298187256,
    59.722161293029785,
    59.039318561553955,
    59.18651819229126,
    58.47914218902588,
    57.75132179260254,
    56.647324562072754,
    57.628655433654785,
    57.20341205596924,
    56.89265727996826,
    56.880390644073486,
    56.59416913986206,
    55.80092668533325,
    55.989015102386475,
    55.99719285964966,
    55.31843900680542,
    54.623329639434814,
    53.41302156448364,
    52.76288986206055,
    52.030980587005615,
    50.800228118896484,
    50.481295585632324,
    49.44272041320801,
    49.643075466156006,
    47.9993462562561,
    47.823524475097656,
    47.21428155899048,
    46.58050537109375,
    45.99170684814453,
    46.388328075408936,
    45.39881944656372,
    44.020867347717285,
    44.37251091003418,
    42.93322563171387,
    43.37891340255737,
    43.19491386413574,
    42.291271686553955,
    43.60380172729492,
    42.96184778213501,
    41.59616231918335,
    40.222299098968506,
    38.84843587875366,
    37.95297145843506,
    39.05287981033325,
    38.16559314727783,
    36.738574504852295,
    36.30106449127197,
    36.06799840927124,
    36.055731773376465,
    36.260175704956055,
    35.781776905059814,
    34.485602378845215,
    34.20755863189697,
    33.16080570220947,
    32.645606994628906,
    32.686495780944824,
    32.118141651153564,
    32.13858604431152,
    30.83014488220215,
    30.253612995147705,
    30.282235145568848,
    30.302679538726807,
    28.96561622619629,
    28.074240684509277,
    28.961527347564697,
    27.505886554718018,
    27.186954021453857,
    27.800285816192627,
    26.03389024734497,
    26.037979125976562,
    25.764024257659912,
    24.880826473236084,
    24.615049362182617,
    25.154781341552734,
    23.39247465133667,
    23.44154119491577,
    24.864470958709717,
    26.062512397766113,
    25.19158124923706,
    22.537899017333984,
    22.578787803649902,
    22.546076774597168,
    21.262168884277344,
    20.922791957855225,
    20.624303817749023,
    20.29719352722168,
    19.95781660079956,
    19.34448480606079,
    18.99693012237549,
    18.714797496795654,
    18.309998512268066,
    18.007421493530273,
    18.3427095413208,
    18.992841243743896,
    17.398178577423096,
    17.107868194580078,
    17.04244613647461,
    16.420936584472656,
    17.36546754837036,
    16.08564853668213,
    16.08973741531372,
    17.08742380142212,
    15.787160396575928,
    15.42733907699585,
    14.715874195098877,
    15.758538246154785,
    13.710010051727295,
    14.74449634552002,
    15.742182731628418,
    15.443694591522217,
    16.416847705841064,
    14.384675025939941,
    12.348413467407227,
    11.60423755645752,
    10.978639125823975,
    11.984503269195557,
    11.252593994140625,
    10.643351078033447,
    11.632859706878662,
    10.9663724899292,
    10.312151908874512,
    11.30983829498291,
    10.250818729400635,
    9.617042541503906,
    10.258996486663818,
    9.531176090240479,
    8.566200733184814,
    9.208154678344727,
    8.517134189605713,
    9.572064876556396,
    8.8728666305542,
    31.341254711151123,
    10.590195655822754,
    9.637486934661865,
    7.2577595710754395,
    7.887446880340576,
    7.265937328338623,
    5.630385875701904
  ],
  "timestamps": [
    0.011194705963134766,
    0.04248666763305664,
    0.07370662689208984,
    0.10538530349731445,
    0.13707542419433594,
    0.1687180995941162,
    0.2002866268157959,
    0.23142504692077637,
    0.2624967098236084,
    0.2935500144958496,
    0.32462286949157715,
    0.35564088821411133,
    0.38666844367980957,
    0.4177284240722656,
    0.44872021675109863,
    0.4797203540802002,
    0.5106840133666992,
    0.5415914058685303,
    0.5724234580993652,
    0.6033098697662354,
    0.634204626083374,
    0.6650950908660889,
    0.6959571838378906,
    0.7267985343933105,
    0.7575995922088623,
    0.7884070873260498,
    0.8192172050476074,
    0.8500196933746338,
    0.8807380199432373,
    0.911381721496582,
    0.9420056343078613,
    0.9725990295410156,
    1.0031349658966064,
    1.0336523056030273,
    1.0640830993652344,
    1.0945324897766113,
    1.1249544620513916,
    1.1554369926452637,
    1.1857731342315674,
    1.2160203456878662,
    1.246244192123413,
    1.2765021324157715,
    1.3066952228546143,
    1.3368289470672607,
    1.3669583797454834,
    1.3970129489898682,
    1.427088737487793,
    1.4571490287780762,
    1.4871599674224854,
    1.5172545909881592,
    1.5473239421844482,
    1.5772974491119385,
    1.6071875095367432,
    1.6370007991790771,
    1.6667685508728027,
    1.6965973377227783,
    1.7263665199279785,
    1.7560555934906006,
    1.7857263088226318,
    1.8153700828552246,
    1.8450322151184082,
    1.874711513519287,
    1.9043428897857666,
    1.933898687362671,
    1.9634709358215332,
    1.9929723739624023,
    2.02242374420166,
    2.0519001483917236,
    2.0813190937042236,
    2.11074161529541,
    2.140131950378418,
    2.169515609741211,
    2.198859214782715,
    2.228215217590332,
    2.2574801445007324,
    2.286674976348877,
    2.3159141540527344,
    2.34505033493042,
    2.3741812705993652,
    2.4033496379852295,
    2.432417631149292,
    2.46148681640625,
    2.4905409812927246,
    2.519542932510376,
    2.548523426055908,
    2.5775368213653564,
    2.606445074081421,
    2.635356903076172,
    2.664353370666504,
    2.693420886993408,
    2.7224321365356445,
    2.7512874603271484,
    2.7801623344421387,
    2.8090476989746094,
    2.837850570678711,
    2.86663818359375,
    2.895395278930664,
    2.924146890640259,
    2.952853202819824,
    2.9816009998321533,
    3.0103023052215576,
    3.038959264755249,
    3.067593812942505,
    3.096224308013916,
    3.124934196472168,
    3.1537396907806396,
    3.1823387145996094,
    3.210925340652466,
    3.239475965499878,
    3.2679874897003174,
    3.2965564727783203,
    3.3250651359558105,
    3.3535730838775635,
    3.382134437561035,
    3.410627603530884,
    3.4390721321105957,
    3.467474937438965,
    3.495957851409912,
    3.524325132369995,
    3.552751064300537,
    3.5812368392944336,
    3.6096885204315186,
    3.638190984725952,
    3.666581630706787,
    3.694854497909546,
    3.723098039627075,
    3.751297950744629,
    3.779562473297119,
    3.8077969551086426,
    3.8359932899475098,
    3.8642358779907227,
    3.892437219619751,
    3.920621156692505,
    3.9488449096679688,
    3.9770262241363525,
    4.0051915645599365,
    4.033358335494995,
    4.061485052108765,
    4.089550495147705,
    4.1176862716674805,
    4.145852565765381,
    4.1740546226501465,
    4.202180624008179,
    4.23165225982666,
    4.259849548339844,
    4.287984371185303,
    4.315970420837402,
    4.344001054763794,
    4.371995449066162,
    4.399890184402466
  ]
}