{
  "gesture_id": 1,
  "gesture_name": "push",
  "timestamp": "2025-12-23T15:18:52.024207",
  "sample_rate": 50,
  "duration": 3.0,
  "distances": [
    54.782795906066895,
    53.920042514801025,
    54.25124168395996,
    56.52874708175659,
    56.491947174072266,
    55.17532825469971,
    55.13443946838379,
    55.09355068206787,
    56.806790828704834,
    55.993103981018066,
    55.11808395385742,
    54.631507396698,
    54.10813093185425,
    54.099953174591064,
    54.10813093185425,
    52.738356590270996,
    53.77693176269531,
    52.22724676132202,
    52.20680236816406,
    51.90422534942627,
    51.37676000595093,
    50.83702802658081,
    49.80663061141968,
    49.63489770889282,
    52.40306854248047,
    54.30030822753906,
    50.66120624542236,
    49.83934164047241,
    48.04023504257202,
    48.04432392120361,
    47.435081005096436,
    46.39241695404053,
    46.80948257446289,
    45.411086082458496,
    43.99224519729614,
    43.975889682769775,
    44.818198680877686,
    42.65927076339722,
    43.80415678024292,
    42.29944944381714,
    43.587446212768555,
    42.54887104034424,
    41.14229679107666,
    40.700697898864746,
    40.222299098968506,
    39.72345590591431,
    39.261412620544434,
    39.30230140686035,
    41.3712739944458,
    39.535367488861084,
    38.15741539001465,
    37.2333288192749,
    37.196528911590576,
    35.52417755126953,
    35.50373315811157,
    36.031198501586914,
    34.69822406768799,
    34.75546836853027,
    34.76773500442505,
    33.414316177368164,
    33.393871784210205,
    32.645606994628906,
    32.37574100494385,
    31.61112070083618,
    31.320810317993164,
    30.507123470306396,
    30.56027889251709,
    29.758858680725098,
    29.791569709777832,
    29.76294755935669,
    29.76703643798828,
    29.210948944091797,
    28.393173217773438,
    27.481353282928467,
    29.779303073883057,
    27.154242992401123,
    26.344645023345947,
    26.046156883239746,
    25.702691078186035,
    26.30375623703003,
    26.046156883239746,
    25.727224349975586,
    26.316022872924805,
    28.049707412719727,
    24.831759929656982,
    24.525094032287598,
    23.39247465133667,
    23.13896417617798,
    26.291489601135254,
    24.022161960601807,
    21.920478343963623,
    21.556568145751953,
    21.213102340698242,
    20.930969715118408,
    20.59568166732788,
    20.239949226379395,
    19.626617431640625,
    20.260393619537354,
    19.630706310272217,
    19.3403959274292,
    18.641197681427002,
    19.307684898376465,
    18.673908710479736,
    19.29950714111328,
    17.713022232055664,
    17.058801651000977,
    17.668044567108154,
    18.346798419952393,
    16.76849126815796,
    17.353200912475586,
    17.071068286895752,
    17.013823986053467,
    16.093826293945312,
    17.054712772369385,
    15.40689468383789,
    16.11018180847168,
    15.423250198364258,
    15.762627124786377,
    14.74449634552002,
    15.447783470153809,
    14.72405195236206,
    14.049386978149414,
    14.695429801940918,
    14.372408390045166,
    13.685476779937744,
    13.023078441619873,
    13.705921173095703,
    13.366544246673584,
    12.69596815109253,
    11.972236633300781,
    12.642812728881836,
    12.295258045196533,
    11.60423755645752,
    12.691879272460938,
    11.665570735931396,
    11.980414390563965,
    11.273038387298584,
    11.976325511932373,
    16.11427068710327,
    16.38413667678833,
    12.315702438354492,
    11.313927173614502,
    10.279440879821777,
    10.590195655822754,
    9.915530681610107,
    10.950016975402832,
    11.600148677825928,
    12.315702438354492,
    9.257221221923828,
    8.222734928131104
  ],
  "timestamps": [
    0.010639667510986328,
    0.04141807556152344,
    0.07216882705688477,
    0.10302233695983887,
    0.1338951587677002,
    0.1647474765777588,
    0.19557642936706543,
    0.22634649276733398,
    0.25721096992492676,
    0.28802013397216797,
    0.3187704086303711,
    0.3494870662689209,
    0.3801848888397217,
    0.41089582443237305,
    0.4416172504425049,
    0.4722592830657959,
    0.502948522567749,
    0.53354811668396,
    0.5641374588012695,
    0.5947127342224121,
    0.625253438949585,
    0.6557660102844238,
    0.6862363815307617,
    0.7166779041290283,
    0.7472820281982422,
    0.7779948711395264,
    0.8084943294525146,
    0.8389439582824707,
    0.8693587779998779,
    0.8998622894287109,
    0.9302186965942383,
    0.9604861736297607,
    0.9907703399658203,
    1.0209898948669434,
    1.0511085987091064,
    1.0812265872955322,
    1.1113836765289307,
    1.1414361000061035,
    1.1715333461761475,
    1.2015464305877686,
    1.2316346168518066,
    1.2616586685180664,
    1.2918481826782227,
    1.3217823505401611,
    1.3516831398010254,
    1.381531000137329,
    1.4113788604736328,
    1.441202163696289,
    1.4711618423461914,
    1.501000165939331,
    1.5307848453521729,
    1.5605065822601318,
    1.5902118682861328,
    1.619835615158081,
    1.649444580078125,
    1.6790978908538818,
    1.7086691856384277,
    1.738246202468872,
    1.7678208351135254,
    1.7972986698150635,
    1.8267931938171387,
    1.8562462329864502,
    1.8857128620147705,
    1.9152030944824219,
    1.944587230682373,
    1.9739339351654053,
    2.003279447555542,
    2.03255033493042,
    2.0618367195129395,
    2.0911271572113037,
    2.1203863620758057,
    2.1496355533599854,
    2.1788370609283447,
    2.20798397064209,
    2.237245559692383,
    2.266373872756958,
    2.2954564094543457,
    2.324504852294922,
    2.3535501956939697,
    2.3826308250427246,
    2.4117050170898438,
    2.440744161605835,
    2.4698503017425537,
    2.4990532398223877,
    2.5280513763427734,
    2.557034492492676,
    2.5859460830688477,
    2.6148369312286377,
    2.643925428390503,
    2.6728715896606445,
    2.7017152309417725,
    2.7305359840393066,
    2.759326219558716,
    2.788074254989624,
    2.8168187141418457,
    2.845545530319214,
    2.8743155002593994,
    2.903258800506592,
    2.9319870471954346,
    2.960683822631836,
    2.9893293380737305,
    3.018005609512329,
    3.0466384887695312,
    3.0753042697906494,
    3.1038599014282227,
    3.132401466369629,
    3.1610312461853027,
    3.1896746158599854,
    3.218242883682251,
    3.2468209266662598,
    3.275378942489624,
    3.3039205074310303,
    3.3324227333068848,
    3.3609840869903564,
    3.3894500732421875,
    3.417933940887451,
    3.4463748931884766,
    3.4748456478118896,
    3.5032975673675537,
    3.5317420959472656,
    3.560168504714966,
    3.5885446071624756,
    3.6169488430023193,
    3.6453278064727783,
    3.6737172603607178,
    3.7020444869995117,
    3.7304046154022217,
    3.758746385574341,
    3.7870607376098633,
    3.8153090476989746,
    3.8436098098754883,
    3.871946096420288,
    3.9003617763519287,
    3.92869234085083,
    3.9569578170776367,
    3.9852893352508545,
    4.0135252475738525,
    4.041791915893555,
    4.070293664932251,
    4.0988078117370605,
    4.12708854675293,
    4.155295133590698,
    4.183456659317017,
    4.211650371551514,
    4.23979115486145,
    4.267994403839111,
    4.296236753463745,
    4.324518442153931,
    4.3526246547698975,
    4.380671739578247
  ]
}