{
  "gesture_id": 1,
  "gesture_name": "push",
  "timestamp": "2025-12-24T13:09:01.396163",
  "sample_rate": 50,
  "duration": 3.0,
  "distances": [
    60.993802547454834,
    58.560919761657715,
    59.656739234924316,
    59.632205963134766,
    62.200021743774414,
    58.84305238723755,
    58.84305238723755,
    58.417809009552,
    58.39327573776245,
    59.10065174102783,
    57.82492160797119,
    58.24607610702515,
    57.694077491760254,
    69.58862543106079,
    57.8208327293396,
    56.77816867828369,
    56.83541297912598,
    56.65550231933594,
    56.70865774154663,
    56.20163679122925,
    56.01763725280762,
    55.52288293838501,
    55.355238914489746,
    53.098177909851074,
    53.47026586532593,
    52.419424057006836,
    52.210891246795654,
    51.74884796142578,
    51.51578187942505,
    52.23133563995361,
    50.37498474121094,
    50.17871856689453,
    50.05605220794678,
    49.074721336364746,
    48.01979064941406,
    48.47365617752075,
    46.662282943725586,
    47.07525968551636,
    47.459614276885986,
    47.48414754867554,
    47.05890417098999,
    46.23295068740845,
    45.451974868774414,
    44.59331035614014,
    44.19668912887573,
    43.80006790161133,
    42.066383361816406,
    42.11544990539551,
    42.062294483184814,
    40.90923070907593,
    40.50034284591675,
    40.47989845275879,
    39.99741077423096,
    40.46354293823242,
    38.74621391296387,
    38.807547092437744,
    38.81981372833252,
    38.402748107910156,
    38.398659229278564,
    38.852524757385254,
    37.216973304748535,
    37.22923994064331,
    37.71172761917114,
    36.031198501586914,
    36.513686180114746,
    35.781776905059814,
    35.008978843688965,
    34.72275733947754,
    33.982670307159424,
    33.72098207473755,
    33.418405055999756,
    33.21805000305176,
    32.895028591156006,
    32.645606994628906,
    31.87689781188965,
    31.590676307678223,
    31.320810317993164,
    31.06321096420288,
    30.805611610412598,
    30.53983449935913,
    30.274057388305664,
    30.053257942199707,
    29.779303073883057,
    30.045080184936523,
    29.78339195251465,
    29.53805923461914,
    29.816102981567383,
    28.67530584335327,
    28.977882862091064,
    28.663039207458496,
    29.76294755935669,
    27.78801918029785,
    28.389084339141846,
    29.550325870513916,
    27.473175525665283,
    27.211487293243408,
    26.908910274505615,
    26.32828950881958,
    26.037979125976562,
    27.182865142822266,
    26.050245761871338,
    25.78037977218628,
    24.602782726287842,
    24.30020570755005,
    24.627315998077393,
    24.337005615234375,
    23.715496063232422,
    26.062512397766113,
    23.71140718460083,
    23.408830165863037,
    26.655399799346924,
    23.41700792312622,
    23.09398651123047,
    22.84456491470337,
    22.521543502807617,
    23.09807538986206,
    43.21126937866211,
    43.6160683631897,
    26.344645023345947,
    22.223055362701416,
    20.628392696380615,
    21.221280097961426,
    19.671595096588135,
    20.289015769958496,
    19.647061824798584,
    19.307684898376465,
    19.667506217956543,
    19.005107879638672,
    19.328129291534424,
    19.606173038482666,
    18.99693012237549,
    19.328129291534424,
    17.402267456054688,
    18.984663486480713,
    17.06289052963257,
    18.66164207458496,
    17.991065979003906,
    17.390000820159912,
    17.713022232055664,
    16.756224632263184,
    17.079246044158936,
    16.42911434173584,
    18.011510372161865,
    17.38591194152832,
    16.731691360473633,
    16.122448444366455,
    15.799427032470703,
    16.11018180847168,
    16.764402389526367,
    16.102004051208496
  ],
  "timestamps": [
    0.011034965515136719,
    0.04213237762451172,
    0.07322406768798828,
    0.10428619384765625,
    0.13548803329467773,
    0.16654181480407715,
    0.19752860069274902,
    0.22849774360656738,
    0.2594571113586426,
    0.29046177864074707,
    0.3213815689086914,
    0.3523111343383789,
    0.38321757316589355,
    0.41483283042907715,
    0.44576287269592285,
    0.4766373634338379,
    0.5075030326843262,
    0.5383589267730713,
    0.5692176818847656,
    0.6000714302062988,
    0.6308720111846924,
    0.6616408824920654,
    0.6924300193786621,
    0.723090410232544,
    0.7537572383880615,
    0.7844438552856445,
    0.8152012825012207,
    0.8458049297332764,
    0.8763883113861084,
    0.9069902896881104,
    0.9374809265136719,
    0.9679577350616455,
    0.998427152633667,
    1.0288348197937012,
    1.059183120727539,
    1.089566946029663,
    1.1198375225067139,
    1.150129795074463,
    1.1804473400115967,
    1.2107670307159424,
    1.2410602569580078,
    1.2713027000427246,
    1.3015124797821045,
    1.3316643238067627,
    1.3617942333221436,
    1.3918986320495605,
    1.4219050407409668,
    1.4519097805023193,
    1.4819121360778809,
    1.511841058731079,
    1.5417473316192627,
    1.5716521739959717,
    1.6015446186065674,
    1.6314513683319092,
    1.6612653732299805,
    1.6910829544067383,
    1.72090744972229,
    1.7506937980651855,
    1.7805407047271729,
    1.810499668121338,
    1.840271234512329,
    1.8700120449066162,
    1.8997650146484375,
    1.9294297695159912,
    1.9591078758239746,
    1.9887468814849854,
    2.018331527709961,
    2.047902822494507,
    2.0774285793304443,
    2.1069726943969727,
    2.1365065574645996,
    2.166003465652466,
    2.1954751014709473,
    2.224942445755005,
    2.254350423812866,
    2.283745765686035,
    2.3131349086761475,
    2.3424994945526123,
    2.3718459606170654,
    2.401172161102295,
    2.4304862022399902,
    2.4598093032836914,
    2.489100694656372,
    2.518402576446533,
    2.5476884841918945,
    2.576986789703369,
    2.6062886714935303,
    2.635528802871704,
    2.66477632522583,
    2.6940038204193115,
    2.7232954502105713,
    2.752476692199707,
    2.7818028926849365,
    2.8112165927886963,
    2.8404600620269775,
    2.8696987628936768,
    2.8988678455352783,
    2.928004503250122,
    2.957078456878662,
    2.986210584640503,
    3.015275001525879,
    3.044325828552246,
    3.0733084678649902,
    3.1022701263427734,
    3.13124942779541,
    3.160247325897217,
    3.1892056465148926,
    3.2183022499084473,
    3.2472543716430664,
    3.276183605194092,
    3.3052947521209717,
    3.3342089653015137,
    3.3631129264831543,
    3.3920161724090576,
    3.420894145965576,
    3.4498116970062256,
    3.4798882007598877,
    3.509981393814087,
    3.5390615463256836,
    3.5679025650024414,
    3.596646547317505,
    3.625429391860962,
    3.6541168689727783,
    3.6828410625457764,
    3.711533784866333,
    3.7402079105377197,
    3.768961191177368,
    3.797797203063965,
    3.8266193866729736,
    3.8554463386535645,
    3.8842313289642334,
    3.912961959838867,
    3.941581964492798,
    3.970327377319336,
    3.998931884765625,
    4.027649641036987,
    4.056292772293091,
    4.084891319274902,
    4.113495826721191,
    4.14204216003418,
    4.170605897903442,
    4.199137926101685,
    4.227772951126099,
    4.256359100341797,
    4.2849650382995605,
    4.313505411148071,
    4.342014789581299,
    4.370558023452759,
    4.399122476577759,
    4.427637338638306
  ]
}