{
  "gesture_id": 1,
  "gesture_name": "push",
  "timestamp": "2025-12-24T13:07:17.311947",
  "sample_rate": 50,
  "duration": 3.0,
  "distances": [
    56.20163679122925,
    56.20163679122925,
    55.694615840911865,
    56.56554698944092,
    55.70279359817505,
    56.05034828186035,
    55.18350601196289,
    55.171239376068115,
    55.514705181121826,
    55.8254599571228,
    55.33479452133179,
    55.15897274017334,
    55.54332733154297,
    55.00768423080444,
    55.15897274017334,
    55.50652742385864,
    54.49657440185547,
    53.94866466522217,
    56.70047998428345,
    55.15897274017334,
    54.15310859680176,
    52.60342359542847,
    51.90013647079468,
    51.5893816947937,
    54.65604066848755,
    50.54671764373779,
    49.822986125946045,
    48.29374551773071,
    48.093390464782715,
    46.47419452667236,
    45.26797533035278,
    45.02673149108887,
    44.842731952667236,
    43.21126937866211,
    43.043625354766846,
    42.3689603805542,
    42.5693154335022,
    41.179096698760986,
    40.23047685623169,
    40.94194173812866,
    39.976966381073,
    39.535367488861084,
    38.1328821182251,
    37.670838832855225,
    37.20061779022217,
    37.24968433380127,
    36.25608682632446,
    36.27653121948242,
    35.77768802642822,
    35.77768802642822,
    35.79813241958618,
    34.95991230010986,
    34.95173454284668,
    35.49964427947998,
    34.72684621810913,
    33.962225914001465,
    33.17307233810425,
    32.37574100494385,
    32.367563247680664,
    32.118141651153564,
    31.31263256072998,
    31.848275661468506,
    30.556190013885498,
    29.67708110809326,
    29.501259326934814,
    29.231393337249756,
    28.67530584335327,
    28.03744077682495,
    30.049169063568115,
    26.32828950881958,
    28.62623929977417,
    26.295578479766846,
    25.723135471343994,
    45.975351333618164,
    24.28385019302368,
    28.03335189819336,
    23.55194091796875,
    22.18625545501709,
    21.86732292175293,
    22.5297212600708,
    20.943236351013184,
    21.55247926712036,
    20.922791957855225,
    20.27266025543213,
    19.93328332901001,
    19.622528553009033,
    19.332218170166016,
    18.99693012237549,
    19.925105571746826,
    18.61666440963745,
    18.649375438690186,
    18.669819831848145,
    18.65755319595337,
    17.390000820159912,
    16.093826293945312,
    17.01791286468506,
    16.748046875,
    16.412758827209473,
    17.02200174331665,
    17.692577838897705,
    16.093826293945312,
    15.762627124786377,
    16.097915172576904,
    15.734004974365234,
    16.106092929840088,
    15.799427032470703,
    14.740407466888428,
    15.366005897521973,
    14.339697360992432,
    16.38413667678833,
    17.06697940826416,
    16.40458106994629,
    17.030179500579834,
    16.392314434051514,
    30.03690242767334,
    16.281914710998535,
    16.715335845947266,
    16.102004051208496,
    16.764402389526367,
    12.990367412567139,
    11.980414390563965,
    11.301660537719727,
    10.610640048980713,
    9.907352924346924,
    12.35659122467041,
    9.960508346557617,
    10.606551170349121,
    9.60477590560913,
    9.985041618347168,
    10.60246229171753,
    9.244954586029053,
    9.87464189529419,
    8.885133266448975,
    9.183621406555176,
    9.94415283203125,
    8.889222145080566,
    8.181846141815186,
    8.57846736907959,
    7.871091365814209,
    9.935975074768066,
    8.89739990234375,
    7.85064697265625,
    6.889760494232178,
    7.265937328338623,
    6.272339820861816,
    6.619894504547119,
    6.906116008758545,
    7.21278190612793,
    9.220421314239502,
    51.51987075805664
  ],
  "timestamps": [
    0.010802745819091797,
    0.04171323776245117,
    0.07254290580749512,
    0.1034233570098877,
    0.13431453704833984,
    0.16518855094909668,
    0.19597887992858887,
    0.2267467975616455,
    0.2575371265411377,
    0.28832006454467773,
    0.31909823417663574,
    0.3498849868774414,
    0.38065505027770996,
    0.4114236831665039,
    0.44218897819519043,
    0.4729599952697754,
    0.503685474395752,
    0.5343880653381348,
    0.5652611255645752,
    0.5960080623626709,
    0.6267495155334473,
    0.6573770046234131,
    0.6879301071166992,
    0.7184786796569824,
    0.7492029666900635,
    0.7796766757965088,
    0.8102061748504639,
    0.8407604694366455,
    0.8711371421813965,
    0.9014146327972412,
    0.9315910339355469,
    0.9617729187011719,
    0.9919235706329346,
    1.0219948291778564,
    1.0520405769348145,
    1.0820603370666504,
    1.1120803356170654,
    1.1420557498931885,
    1.171933650970459,
    1.2018671035766602,
    1.2317333221435547,
    1.2615928649902344,
    1.2913646697998047,
    1.321115493774414,
    1.350825548171997,
    1.3805451393127441,
    1.4101881980895996,
    1.4398527145385742,
    1.4694855213165283,
    1.4991159439086914,
    1.5287518501281738,
    1.5583229064941406,
    1.5879101753234863,
    1.6175272464752197,
    1.6470870971679688,
    1.6766166687011719,
    1.706134557723999,
    1.7355828285217285,
    1.7650411128997803,
    1.7944676876068115,
    1.8239989280700684,
    1.8535335063934326,
    1.8828785419464111,
    1.9121792316436768,
    1.9414362907409668,
    1.9707002639770508,
    1.9999184608459473,
    2.0291237831115723,
    2.058405637741089,
    2.0874927043914795,
    2.1167256832122803,
    2.1458208560943604,
    2.1748898029327393,
    2.2051022052764893,
    2.2340633869171143,
    2.263256788253784,
    2.292182683944702,
    2.321021795272827,
    2.3498566150665283,
    2.3787379264831543,
    2.4075253009796143,
    2.43633770942688,
    2.4650843143463135,
    2.4938101768493652,
    2.5225300788879395,
    2.5512373447418213,
    2.5799384117126465,
    2.608607769012451,
    2.637382745742798,
    2.66601824760437,
    2.6946702003479004,
    2.7233190536499023,
    2.7519781589508057,
    2.7805588245391846,
    2.8091557025909424,
    2.8379249572753906,
    2.866492748260498,
    2.895026683807373,
    2.9235849380493164,
    2.9522006511688232,
    2.980720043182373,
    3.009223222732544,
    3.0377187728881836,
    3.0661849975585938,
    3.0946757793426514,
    3.1232049465179443,
    3.1516427993774414,
    3.1801164150238037,
    3.2085607051849365,
    3.2370858192443848,
    3.265648365020752,
    3.2941737174987793,
    3.3227388858795166,
    3.3513240814208984,
    3.380621910095215,
    3.409104347229004,
    3.4376373291015625,
    3.466146230697632,
    3.4946913719177246,
    3.5230157375335693,
    3.5512654781341553,
    3.5794668197631836,
    3.607632875442505,
    3.6358132362365723,
    3.66410756111145,
    3.6923036575317383,
    3.720487594604492,
    3.748619794845581,
    3.776777505874634,
    3.8050365447998047,
    3.833301305770874,
    3.861485481262207,
    3.889582395553589,
    3.917684316635132,
    3.945861339569092,
    3.9739503860473633,
    4.001994609832764,
    4.030059814453125,
    4.058088302612305,
    4.086235761642456,
    4.114328861236572,
    4.14235520362854,
    4.1703245639801025,
    4.198315620422363,
    4.226246356964111,
    4.254218578338623,
    4.282190322875977,
    4.310188293457031,
    4.338306665420532,
    4.368882656097412
  ]
}