{
  "gesture_id": 1,
  "gesture_name": "push",
  "timestamp": "2025-12-23T15:09:13.792092",
  "sample_rate": 50,
  "duration": 3.0,
  "distances": [
    37.40915060043335,
    36.19884252548218,
    36.65270805358887,
    36.02302074432373,
    35.74906587600708,
    36.70586347579956,
    35.97395420074463,
    37.421417236328125,
    37.151551246643066,
    36.9348406791687,
    36.72221899032593,
    36.489152908325195,
    36.718130111694336,
    36.464619636535645,
    36.70177459716797,
    36.95528507232666,
    37.18017339706421,
    37.40506172180176,
    36.73039674758911,
    38.104259967803955,
    38.10017108917236,
    36.6854190826416,
    36.49733066558838,
    36.95937395095825,
    36.23155355453491,
    36.21928691864014,
    36.21110916137695,
    35.986220836639404,
    35.213422775268555,
    34.47333574295044,
    33.63102674484253,
    32.8991174697876,
    32.85822868347168,
    33.414316177368164,
    32.645606994628906,
    33.10356140136719,
    33.140361309051514,
    32.890939712524414,
    32.093608379364014,
    33.872270584106445,
    36.280620098114014,
    48.78849983215332,
    49.189209938049316,
    36.24382019042969,
    35.98213195800781,
    48.40823411941528,
    48.38370084762573,
    31.320810317993164,
    30.229079723358154,
    29.996013641357422,
    28.908371925354004,
    28.62623929977417,
    29.730236530303955,
    27.730774879455566,
    29.186415672302246,
    26.87619924545288,
    26.610422134399414,
    26.888465881347656,
    25.698602199554443,
    25.314247608184814,
    25.73540210723877,
    25.113892555236816,
    29.190504550933838,
    24.267494678497314,
    24.54962730407715,
    27.71850824356079,
    24.537360668182373,
    24.835848808288574,
    27.1665096282959,
    24.844026565551758,
    30.253612995147705,
    26.594066619873047,
    47.386014461517334,
    48.432767391204834,
    45.76272964477539,
    46.60912752151489,
    47.37783670425415,
    47.594547271728516,
    47.99525737762451,
    46.772682666778564,
    46.592772006988525,
    45.76272964477539,
    46.343350410461426,
    45.5582857131958,
    47.978901863098145,
    48.412322998046875,
    49.92111921310425,
    23.085808753967285,
    23.351585865020752,
    45.157575607299805,
    42.266738414764404,
    44.17624473571777,
    50.29729604721069,
    49.77391958236694,
    46.41695022583008,
    26.606333255767822,
    24.242961406707764,
    20.260393619537354,
    18.289554119110107,
    17.663955688476562,
    18.02377700805664,
    17.394089698791504,
    17.72937774658203,
    16.711246967315674,
    17.01791286468506,
    17.369556427001953,
    17.65986680984497,
    16.690802574157715,
    16.08564853668213,
    16.08564853668213,
    16.36369228363037,
    15.762627124786377,
    17.034268379211426,
    16.08973741531372,
    15.419161319732666,
    15.721738338470459,
    17.034268379211426,
    16.06520414352417,
    16.38004779815674,
    15.410983562469482,
    15.762627124786377,
    14.72405195236206,
    15.071606636047363,
    15.398716926574707,
    15.77080488204956,
    16.097915172576904,
    14.683163166046143,
    13.374722003936768,
    13.988053798675537,
    15.729916095733643,
    14.323341846466064,
    13.317477703094482,
    13.734543323516846,
    13.640499114990234,
    14.033031463623047,
    14.36014175415039,
    14.711785316467285,
    13.329744338989258,
    12.291169166564941,
    12.663257122039795,
    12.982189655303955,
    13.002634048461914,
    11.976325511932373,
    12.348413467407227,
    12.646901607513428,
    11.636948585510254,
    12.327969074249268,
    12.659168243408203,
    11.972236633300781,
    10.986816883087158
  ],
  "timestamps": [
    0.009675741195678711,
    0.03949928283691406,
    0.06926941871643066,
    0.09899139404296875,
    0.12874531745910645,
    0.1585078239440918,
    0.18833541870117188,
    0.21809148788452148,
    0.24782133102416992,
    0.2775123119354248,
    0.30721306800842285,
    0.33687353134155273,
    0.36656713485717773,
    0.39624595642089844,
    0.42593979835510254,
    0.455643892288208,
    0.48535871505737305,
    0.5150892734527588,
    0.5447568893432617,
    0.5745282173156738,
    0.6043000221252441,
    0.6339807510375977,
    0.6636602878570557,
    0.6933495998382568,
    0.7230136394500732,
    0.7527115345001221,
    0.7823748588562012,
    0.8120214939117432,
    0.8416011333465576,
    0.8711557388305664,
    0.9006459712982178,
    0.9301114082336426,
    0.9595777988433838,
    0.9890580177307129,
    1.0185086727142334,
    1.047987699508667,
    1.0774462223052979,
    1.1069061756134033,
    1.1363825798034668,
    1.1660325527191162,
    1.1958322525024414,
    1.2262837886810303,
    1.2567241191864014,
    1.286393404006958,
    1.3160431385040283,
    1.3464343547821045,
    1.3768055438995361,
    1.4061999320983887,
    1.4355316162109375,
    1.4648323059082031,
    1.4940643310546875,
    1.5232815742492676,
    1.5525639057159424,
    1.5817418098449707,
    1.610990285873413,
    1.640127420425415,
    1.6692640781402588,
    1.6984360218048096,
    1.7275097370147705,
    1.7565972805023193,
    1.7856602668762207,
    1.81467604637146,
    1.8439242839813232,
    1.87288236618042,
    1.9018754959106445,
    1.9310898780822754,
    1.9600980281829834,
    1.9891386032104492,
    2.018294334411621,
    2.0473082065582275,
    2.07665753364563,
    2.105806827545166,
    2.1361637115478516,
    2.166659116744995,
    2.1969995498657227,
    2.2273449897766113,
    2.257770299911499,
    2.2881462574005127,
    2.318507671356201,
    2.348801612854004,
    2.3790786266326904,
    2.4093306064605713,
    2.43961238861084,
    2.4698448181152344,
    2.500230312347412,
    2.5306193828582764,
    2.56109619140625,
    2.590012311935425,
    2.6189451217651367,
    2.6491682529449463,
    2.6791908740997314,
    2.709320545196533,
    2.740030288696289,
    2.7704970836639404,
    2.800751209259033,
    2.8298511505126953,
    2.8588085174560547,
    2.8875463008880615,
    2.9161784648895264,
    2.944760322570801,
    2.973356008529663,
    3.001918077468872,
    3.03049898147583,
    3.059016466140747,
    3.08758282661438,
    3.116142749786377,
    3.145197629928589,
    3.1738603115081787,
    3.2024495601654053,
    3.2309815883636475,
    3.2595365047454834,
    3.2880237102508545,
    3.31658935546875,
    3.345102310180664,
    3.373570203781128,
    3.40207576751709,
    3.4306445121765137,
    3.4591317176818848,
    3.4876182079315186,
    3.516120672225952,
    3.5446174144744873,
    3.573047161102295,
    3.601494312286377,
    3.6299638748168945,
    3.65847110748291,
    3.687007427215576,
    3.7154579162597656,
    3.7438361644744873,
    3.7721939086914062,
    3.8006598949432373,
    3.8290884494781494,
    3.857452154159546,
    3.8858211040496826,
    3.91433048248291,
    3.942728281021118,
    3.971134901046753,
    3.9995639324188232,
    4.027909994125366,
    4.056195259094238,
    4.084500074386597,
    4.112826824188232,
    4.206465244293213,
    4.2348411083221436,
    4.263139009475708,
    4.291416645050049,
    4.319605588912964,
    4.347867727279663,
    4.376174449920654,
    4.40445613861084,
    4.43267297744751
  ]
}