{
  "gesture_id": 1,
  "gesture_name": "push",
  "timestamp": "2025-12-23T15:17:10.411679",
  "sample_rate": 50,
  "duration": 3.0,
  "distances": [
    45.14122009277344,
    45.590996742248535,
    45.58690786361694,
    45.59508562088013,
    45.611441135406494,
    45.202553272247314,
    45.611441135406494,
    46.37197256088257,
    45.39064168930054,
    44.769132137298584,
    44.18851137161255,
    43.98815631866455,
    44.204866886138916,
    43.34620237350464,
    43.00273656845093,
    42.97002553939819,
    42.50798225402832,
    42.05820560455322,
    41.608428955078125,
    42.037761211395264,
    40.467631816864014,
    40.88469743728638,
    39.23687934875488,
    39.74798917770386,
    40.19367694854736,
    38.12061548233032,
    38.11652660369873,
    37.65857219696045,
    38.15332651138306,
    36.47279739379883,
    36.49733066558838,
    36.27244234085083,
    36.24382019042969,
    35.49964427947998,
    36.031198501586914,
    34.70231294631958,
    35.27475595474243,
    34.43653583526611,
    33.67600440979004,
    32.87458419799805,
    33.40613842010498,
    32.60880708694458,
    32.367563247680664,
    32.8991174697876,
    32.13040828704834,
    31.83192014694214,
    32.4002742767334,
    30.821967124938965,
    30.53574562072754,
    32.62516260147095,
    30.805611610412598,
    30.51530122756958,
    30.278146266937256,
    30.01236915588379,
    29.78748083114624,
    29.509437084197998,
    29.206860065460205,
    28.070151805877686,
    27.78393030166626,
    28.074240684509277,
    27.743041515350342,
    28.389084339141846,
    27.751219272613525,
    26.589977741241455,
    29.28863763809204,
    26.60224437713623,
    29.46445941925049,
    25.71495771408081,
    25.997090339660645,
    25.727224349975586,
    28.981971740722656,
    25.75993537902832,
    25.457358360290527,
    26.01344585418701,
    30.28632402420044,
    29.99192476272583,
    25.73949098587036,
    24.545538425445557,
    23.703229427337646,
    23.147141933441162,
    25.457358360290527,
    23.11851978302002,
    22.80367612838745,
    22.16172218322754,
    22.828209400177002,
    22.227144241333008,
    21.56883478164673,
    20.943236351013184,
    21.564745903015137,
    20.93505859375,
    21.564745903015137,
    20.947325229644775,
    20.239949226379395,
    19.585728645324707,
    20.29719352722168,
    19.626617431640625,
    18.97648572921753,
    18.3427095413208,
    18.98057460784912,
    18.36724281311035,
    18.98057460784912,
    17.373645305633545,
    17.083334922790527,
    17.663955688476562,
    17.02200174331665,
    17.72937774658203,
    17.083334922790527,
    16.425025463104248,
    17.050623893737793,
    16.40458106994629,
    17.06289052963257,
    17.357289791107178,
    16.735780239105225,
    16.077470779418945,
    16.371870040893555,
    17.083334922790527,
    17.402267456054688,
    46.44148349761963,
    17.04244613647461,
    45.84450721740723,
    49.438631534576416,
    49.643075466156006,
    42.95775890350342,
    16.715335845947266,
    16.097915172576904,
    49.822986125946045,
    49.7943639755249,
    44.38068866729736,
    42.994558811187744,
    17.005646228790283,
    16.06929302215576,
    14.053475856781006,
    16.06520414352417,
    15.08796215057373,
    14.012587070465088,
    14.756762981414795,
    12.327969074249268,
    13.354277610778809,
    12.998545169830322,
    12.323880195617676,
    11.665570735931396,
    10.622906684875488,
    9.948241710662842,
    9.228599071502686,
    9.972774982452393,
    10.242640972137451,
    11.256682872772217,
    10.275352001190186,
    10.643351078033447,
    16.077470779418945
  ],
  "timestamps": [
    0.01011204719543457,
    0.04045248031616211,
    0.07074809074401855,
    0.10103559494018555,
    0.13131260871887207,
    0.16154122352600098,
    0.19192147254943848,
    0.22219562530517578,
    0.25237393379211426,
    0.28252291679382324,
    0.31261634826660156,
    0.34272313117980957,
    0.3728911876678467,
    0.40297842025756836,
    0.43303370475769043,
    0.4631800651550293,
    0.49341273307800293,
    0.5234954357147217,
    0.5534911155700684,
    0.5834963321685791,
    0.6134171485900879,
    0.6433756351470947,
    0.6732146739959717,
    0.7030823230743408,
    0.7329809665679932,
    0.7627525329589844,
    0.7925212383270264,
    0.8222606182098389,
    0.8520479202270508,
    0.8817365169525146,
    0.9114108085632324,
    0.9410748481750488,
    0.9707455635070801,
    1.0003726482391357,
    1.0300226211547852,
    1.0596187114715576,
    1.0892179012298584,
    1.1187796592712402,
    1.1482934951782227,
    1.1777570247650146,
    1.2072515487670898,
    1.2367029190063477,
    1.266206979751587,
    1.295696496963501,
    1.325143575668335,
    1.35459303855896,
    1.3840537071228027,
    1.4134202003479004,
    1.4427516460418701,
    1.4721903800964355,
    1.501688003540039,
    1.5310862064361572,
    1.5604705810546875,
    1.5898058414459229,
    1.6190967559814453,
    1.648366928100586,
    1.6776173114776611,
    1.7068021297454834,
    1.7359707355499268,
    1.7651548385620117,
    1.7943391799926758,
    1.8235390186309814,
    1.8527042865753174,
    1.8818116188049316,
    1.9110732078552246,
    1.940197229385376,
    1.9694879055023193,
    1.9985618591308594,
    2.0276312828063965,
    2.056678056716919,
    2.0859296321868896,
    2.1149981021881104,
    2.144057512283325,
    2.173151969909668,
    2.202477216720581,
    2.231776475906372,
    2.2608232498168945,
    2.2898144721984863,
    2.3187453746795654,
    2.3476643562316895,
    2.376741409301758,
    2.4056501388549805,
    2.4345314502716064,
    2.4638559818267822,
    2.4929158687591553,
    2.5218358039855957,
    2.5506820678710938,
    2.579458475112915,
    2.6082794666290283,
    2.6370513439178467,
    2.665855884552002,
    2.6946637630462646,
    2.723418712615967,
    2.7521355152130127,
    2.7808854579925537,
    2.809583902359009,
    2.838219404220581,
    2.8668336868286133,
    2.8954849243164062,
    2.924112558364868,
    2.952730894088745,
    2.9812982082366943,
    3.009876012802124,
    3.038480520248413,
    3.067044973373413,
    3.0956451892852783,
    3.124199390411377,
    3.1527035236358643,
    3.1812469959259033,
    3.209763288497925,
    3.238330125808716,
    3.266913414001465,
    3.295454740524292,
    3.323962688446045,
    3.3524858951568604,
    3.3810527324676514,
    3.4096364974975586,
    3.4399056434631348,
    3.468508720397949,
    3.498898983001709,
    3.52937912940979,
    3.5598373413085938,
    3.589892625808716,
    3.6184427738189697,
    3.6469268798828125,
    3.677385091781616,
    3.7078468799591064,
    3.7379839420318604,
    3.7680447101593018,
    3.7966136932373047,
    3.825119972229004,
    3.8534867763519287,
    3.8819706439971924,
    3.9103941917419434,
    3.9387710094451904,
    3.9672024250030518,
    3.995501756668091,
    4.023849248886108,
    4.052168846130371,
    4.080437183380127,
    4.108661413192749,
    4.13687801361084,
    4.165028095245361,
    4.193136930465698,
    4.221282482147217,
    4.249475717544556,
    4.277702569961548,
    4.305869102478027,
    4.334060192108154,
    4.3625874519348145
  ]
}