{
  "gesture_id": 1,
  "gesture_name": "push",
  "timestamp": "2025-12-24T13:05:10.672735",
  "sample_rate": 50,
  "duration": 3.0,
  "distances": [
    56.81905746459961,
    57.653188705444336,
    59.951138496398926,
    57.424211502075195,
    57.38332271575928,
    56.82723522186279,
    56.79452419281006,
    56.68412446975708,
    56.536924839019775,
    56.38563632965088,
    55.874526500701904,
    55.645549297332764,
    55.89497089385986,
    55.19986152648926,
    54.80324029922485,
    54.45977449417114,
    53.60928773880005,
    52.40715742111206,
    51.87560319900513,
    52.574801445007324,
    51.712048053741455,
    51.72431468963623,
    50.370895862579346,
    50.211429595947266,
    50.03560781478882,
    49.86387491226196,
    49.733030796051025,
    48.69445562362671,
    47.68041372299194,
    47.07934856414795,
    46.024417877197266,
    46.257483959198,
    45.44379711151123,
    43.78780126571655,
    44.405221939086914,
    42.814648151397705,
    41.64522886276245,
    41.39171838760376,
    40.561676025390625,
    40.03012180328369,
    39.776611328125,
    39.06923532485962,
    39.76025581359863,
    38.398659229278564,
    37.41732835769653,
    37.00026273727417,
    36.06799840927124,
    36.031198501586914,
    34.7432017326355,
    34.25253629684448,
    34.22391414642334,
    32.9481840133667,
    32.95636177062988,
    31.61112070083618,
    31.067299842834473,
    30.56027889251709,
    30.78516721725464,
    30.29041290283203,
    29.78339195251465,
    29.21912670135498,
    29.53397035598755,
    28.360462188720703,
    27.219665050506592,
    26.64722204208374,
    26.606333255767822,
    25.731313228607178,
    24.856293201446533,
    24.57824945449829,
    24.602782726287842,
    23.719584941864014,
    23.695051670074463,
    22.513365745544434,
    23.106253147125244,
    25.453269481658936,
    24.263405799865723,
    22.198522090911865,
    22.272121906280518,
    22.194433212280273,
    20.963680744171143,
    19.61435079574585,
    20.289015769958496,
    20.91461420059204,
    19.307684898376465,
    18.964219093322754,
    18.677997589111328,
    18.36315393447876,
    17.741644382476807,
    19.311773777008057,
    17.733466625213623,
    17.08742380142212,
    17.737555503845215,
    17.09151268005371,
    16.40866994857788,
    16.739869117736816,
    16.077470779418945,
    16.776669025421143,
    16.081559658050537,
    16.748046875,
    16.13471508026123,
    17.071068286895752,
    16.412758827209473,
    15.795338153839111,
    16.11427068710327,
    16.756224632263184,
    16.13471508026123,
    15.766716003417969,
    15.40689468383789,
    16.118359565734863,
    16.412758827209473,
    15.464138984680176,
    17.08742380142212,
    15.06342887878418,
    14.409208297729492,
    15.484583377838135,
    14.413297176361084,
    14.732229709625244,
    15.10840654373169,
    15.762627124786377,
    17.696666717529297,
    30.06143569946289,
    25.175225734710693,
    16.106092929840088,
    16.731691360473633,
    14.42556381225586,
    16.388225555419922,
    12.364768981933594,
    13.031256198883057,
    12.009036540985107,
    12.671434879302979,
    50.21551847457886,
    11.959969997406006,
    10.62699556350708,
    10.9663724899292,
    11.600148677825928,
    10.635173320770264,
    10.9663724899292,
    11.636948585510254,
    10.291707515716553,
    10.618817806243896,
    11.293482780456543,
    11.641037464141846,
    10.295796394348145,
    10.92139482498169,
    11.30983829498291,
    9.964597225189209,
    8.89739990234375,
    9.212243556976318,
    9.600687026977539,
    9.895086288452148,
    8.913755416870117
  ],
  "timestamps": [
    0.01080322265625,
    0.04182791709899902,
    0.0729365348815918,
    0.10388636589050293,
    0.13478493690490723,
    0.16564154624938965,
    0.1965007781982422,
    0.22734951972961426,
    0.2581806182861328,
    0.28902196884155273,
    0.31985044479370117,
    0.3506624698638916,
    0.3814685344696045,
    0.41223883628845215,
    0.44335365295410156,
    0.4742591381072998,
    0.5051374435424805,
    0.5358493328094482,
    0.5665855407714844,
    0.5972750186920166,
    0.6278724670410156,
    0.6583943367004395,
    0.6889891624450684,
    0.7194890975952148,
    0.7499797344207764,
    0.7804677486419678,
    0.8109407424926758,
    0.8413422107696533,
    0.8716740608215332,
    0.9019651412963867,
    0.9321973323822021,
    0.9624679088592529,
    0.9926772117614746,
    1.0227835178375244,
    1.0529239177703857,
    1.082970142364502,
    1.1129460334777832,
    1.142906904220581,
    1.1728003025054932,
    1.2026846408843994,
    1.232550859451294,
    1.2623965740203857,
    1.2922782897949219,
    1.3220605850219727,
    1.3518030643463135,
    1.3815066814422607,
    1.4111580848693848,
    1.4408588409423828,
    1.4706745147705078,
    1.5004022121429443,
    1.5299718379974365,
    1.559448480606079,
    1.5889315605163574,
    1.618333101272583,
    1.6476974487304688,
    1.6770319938659668,
    1.7063844203948975,
    1.735708475112915,
    1.7650420665740967,
    1.7943298816680908,
    1.823629379272461,
    1.852830410003662,
    1.8819806575775146,
    1.9110815525054932,
    1.9401638507843018,
    1.9692225456237793,
    1.9982233047485352,
    2.027207851409912,
    2.0561745166778564,
    2.085108995437622,
    2.1140401363372803,
    2.142899990081787,
    2.1717774868011475,
    2.200810670852661,
    2.2297732830047607,
    2.2586123943328857,
    2.2874553203582764,
    2.316321849822998,
    2.3451123237609863,
    2.373828172683716,
    2.402574062347412,
    2.4313244819641113,
    2.460050344467163,
    2.4888246059417725,
    2.5175323486328125,
    2.546177864074707,
    2.574782609939575,
    2.6034486293792725,
    2.6320371627807617,
    2.6605827808380127,
    2.689236640930176,
    2.7178285121917725,
    2.746359348297119,
    2.774935483932495,
    2.8034322261810303,
    2.8319568634033203,
    2.8604390621185303,
    2.8890063762664795,
    2.917933940887451,
    2.9465250968933105,
    2.9750659465789795,
    3.0035502910614014,
    3.032057523727417,
    3.06062650680542,
    3.089125156402588,
    3.117610454559326,
    3.146073818206787,
    3.174560546875,
    3.20314621925354,
    3.231627941131592,
    3.2601962089538574,
    3.2886452674865723,
    3.3170559406280518,
    3.3455467224121094,
    3.3739559650421143,
    3.402390956878662,
    3.430922508239746,
    3.459444284439087,
    3.488145589828491,
    3.5174920558929443,
    3.5465307235717773,
    3.5750229358673096,
    3.603553056716919,
    3.631941080093384,
    3.660447120666504,
    3.688722848892212,
    3.7170956134796143,
    3.745368480682373,
    3.7736847400665283,
    3.804185390472412,
    3.832444190979004,
    3.860616445541382,
    3.888803243637085,
    3.917070150375366,
    3.945268392562866,
    3.973484992980957,
    4.001729726791382,
    4.029894590377808,
    4.058076620101929,
    4.086300373077393,
    4.114546060562134,
    4.142712354660034,
    4.1709206104278564,
    4.1991496086120605,
    4.227321624755859,
    4.255405902862549,
    4.283513069152832,
    4.311636686325073,
    4.3397908210754395,
    4.367900609970093
  ]
}