{
  "gesture_id": 1,
  "gesture_name": "push",
  "timestamp": "2025-12-24T13:02:53.461081",
  "sample_rate": 50,
  "duration": 3.0,
  "distances": [
    56.81496858596802,
    56.78225755691528,
    56.81905746459961,
    56.83541297912598,
    56.945812702178955,
    56.83950185775757,
    56.79043531417847,
    56.78225755691528,
    56.83541297912598,
    56.36519193649292,
    56.651413440704346,
    56.810879707336426,
    55.29390573501587,
    56.81905746459961,
    54.831862449645996,
    54.97088432312012,
    56.02172613143921,
    54.49248552322388,
    54.672396183013916,
    53.80964279174805,
    53.785109519958496,
    53.25355529785156,
    52.77515649795532,
    51.38493776321411,
    51.42991542816162,
    50.869739055633545,
    50.370895862579346,
    50.19098520278931,
    54.63968515396118,
    54.51701879501343,
    50.17054080963135,
    50.03560781478882,
    49.81071949005127,
    49.688053131103516,
    53.75648736953735,
    53.11862230300903,
    45.770907402038574,
    46.62957191467285,
    45.21890878677368,
    43.75509023666382,
    43.14584732055664,
    43.59153509140015,
    42.03367233276367,
    40.63936471939087,
    41.82922840118408,
    39.98105525970459,
    39.04879093170166,
    38.10834884643555,
    39.2777681350708,
    37.875282764434814,
    36.94710731506348,
    37.18835115432739,
    36.26426458358765,
    36.91030740737915,
    35.237956047058105,
    35.22568941116333,
    34.75546836853027,
    34.1952919960022,
    33.189427852630615,
    32.62516260147095,
    31.60703182220459,
    31.594765186309814,
    30.249524116516113,
    30.3067684173584,
    30.302679538726807,
    29.74250316619873,
    29.746592044830322,
    28.37272882461548,
    28.37681770324707,
    27.48544216156006,
    27.48544216156006,
    27.460908889770508,
    26.00935697555542,
    27.17059850692749,
    25.453269481658936,
    27.505886554718018,
    23.956739902496338,
    25.404202938079834,
    23.715496063232422,
    22.770965099334717,
    24.59869384765625,
    22.521543502807617,
    22.173988819122314,
    20.91461420059204,
    21.91230058670044,
    20.603859424591064,
    21.52794599533081,
    20.23177146911621,
    19.95372772216797,
    19.602084159851074,
    18.31817626953125,
    18.359065055847168,
    18.072843551635742,
    16.748046875,
    16.743957996368408,
    16.81755781173706,
    16.08564853668213,
    16.719424724578857,
    16.400492191314697,
    16.081559658050537,
    17.054712772369385,
    15.81578254699707,
    15.034806728363037,
    14.736318588256836,
    14.4051194190979,
    13.644587993621826,
    14.388763904571533,
    13.701832294464111,
    14.384675025939941,
    13.67729902267456,
    14.204764366149902,
    13.37881088256836,
    14.433741569519043,
    13.730454444885254,
    13.002634048461914,
    13.701832294464111,
    12.663257122039795,
    13.354277610778809,
    12.352502346038818,
    11.260771751403809,
    11.60423755645752,
    10.90095043182373,
    10.279440879821777,
    10.941839218139648,
    10.30806303024292,
    10.94592809677124,
    10.271263122558594,
    9.948241710662842,
    10.643351078033447,
    9.948241710662842,
    8.926022052764893,
    9.584331512451172,
    8.8728666305542,
    9.522998332977295,
    8.541667461395264,
    8.893311023712158,
    9.273576736450195,
    9.584331512451172,
    8.521223068237305,
    16.400492191314697,
    8.901488780975342,
    9.592509269714355,
    10.30806303024292,
    8.913755416870117,
    9.21633243560791,
    16.073381900787354,
    30.543923377990723,
    10.635173320770264,
    16.081559658050537,
    7.204604148864746
  ],
  "timestamps": [
    0.010770797729492188,
    0.04173898696899414,
    0.07265973091125488,
    0.10355424880981445,
    0.13443303108215332,
    0.1653459072113037,
    0.19625210762023926,
    0.22711992263793945,
    0.25799989700317383,
    0.2888219356536865,
    0.3196682929992676,
    0.3505222797393799,
    0.38126254081726074,
    0.41211438179016113,
    0.44286298751831055,
    0.4736180305480957,
    0.5044345855712891,
    0.5351791381835938,
    0.5659148693084717,
    0.5965955257415771,
    0.6272685527801514,
    0.6579315662384033,
    0.6886870861053467,
    0.7192761898040771,
    0.7498464584350586,
    0.7803452014923096,
    0.8108561038970947,
    0.8413405418395996,
    0.8720593452453613,
    0.9027822017669678,
    0.9332485198974609,
    0.9636807441711426,
    0.9941182136535645,
    1.0245401859283447,
    1.0552384853363037,
    1.0858793258666992,
    1.1160917282104492,
    1.1463580131530762,
    1.1765389442443848,
    1.206681728363037,
    1.236753225326538,
    1.2668251991271973,
    1.2968237400054932,
    1.3267207145690918,
    1.3567116260528564,
    1.3865668773651123,
    1.4163947105407715,
    1.446183204650879,
    1.4759979248046875,
    1.5057621002197266,
    1.5354456901550293,
    1.5651578903198242,
    1.5947997570037842,
    1.624499797821045,
    1.6541404724121094,
    1.6838133335113525,
    1.7134649753570557,
    1.743091344833374,
    1.7726776599884033,
    1.802217960357666,
    1.8316113948822021,
    1.8610036373138428,
    1.890312910079956,
    1.9196171760559082,
    1.948930263519287,
    1.978205680847168,
    2.0074832439422607,
    2.036726951599121,
    2.06597638130188,
    2.0951497554779053,
    2.1243205070495605,
    2.153475761413574,
    2.1825661659240723,
    2.2117128372192383,
    2.2408010959625244,
    2.269977331161499,
    2.298948049545288,
    2.327995538711548,
    2.3569371700286865,
    2.3858144283294678,
    2.414792776107788,
    2.443648338317871,
    2.4725005626678467,
    2.5012595653533936,
    2.530078887939453,
    2.5588364601135254,
    2.5876588821411133,
    2.616401195526123,
    2.6451263427734375,
    2.673874616622925,
    2.7025413513183594,
    2.731175184249878,
    2.759829044342041,
    2.7884271144866943,
    2.8170106410980225,
    2.845567464828491,
    2.8741390705108643,
    2.902689218521118,
    2.9312167167663574,
    2.9597296714782715,
    2.9883174896240234,
    3.0168285369873047,
    3.0452966690063477,
    3.0737500190734863,
    3.1021838188171387,
    3.1305744647979736,
    3.1590073108673096,
    3.187391996383667,
    3.215806245803833,
    3.2441744804382324,
    3.2726197242736816,
    3.3009891510009766,
    3.329404354095459,
    3.3577771186828613,
    3.3860936164855957,
    3.414443254470825,
    3.4427287578582764,
    3.471100091934204,
    3.4993906021118164,
    3.527613878250122,
    3.555854082107544,
    3.584054708480835,
    3.612217426300049,
    3.6404166221618652,
    3.6686882972717285,
    3.697080373764038,
    3.725281000137329,
    3.7534329891204834,
    3.7816317081451416,
    3.80979061126709,
    3.8378827571868896,
    3.866011381149292,
    3.8940961360931396,
    3.9222190380096436,
    3.950291872024536,
    3.9783973693847656,
    4.006501197814941,
    4.034624814987183,
    4.0626842975616455,
    4.0912041664123535,
    4.119288206100464,
    4.147420883178711,
    4.175601959228516,
    4.203716516494751,
    4.2318243980407715,
    4.260326385498047,
    4.289695501327515,
    4.317887783050537,
    4.346403121948242,
    4.374395847320557
  ]
}