{
  "gesture_id": 1,
  "gesture_name": "push",
  "timestamp": "2025-12-23T15:21:04.941559",
  "sample_rate": 50,
  "duration": 3.0,
  "distances": [
    55.011773109436035,
    54.95043992996216,
    55.490171909332275,
    55.445194244384766,
    54.95861768722534,
    54.98315095901489,
    54.99541759490967,
    54.99950647354126,
    55.3266167640686,
    55.28981685638428,
    55.6291937828064,
    59.32554006576538,
    55.8254599571228,
    54.81141805648804,
    55.13852834701538,
    55.6782603263855,
    54.95043992996216,
    54.97497320175171,
    55.10990619659424,
    55.44928312301636,
    55.64146041870117,
    55.490171909332275,
    54.962706565856934,
    55.11808395385742,
    53.188133239746094,
    52.897822856903076,
    51.87969207763672,
    50.81658363342285,
    50.17871856689453,
    48.62494468688965,
    48.41641187667847,
    48.23650121688843,
    48.42867851257324,
    49.050188064575195,
    47.44734764099121,
    44.61784362792969,
    45.37837505340576,
    44.37251091003418,
    43.34620237350464,
    41.8210506439209,
    40.8724308013916,
    40.45127630233765,
    41.59616231918335,
    41.154563426971436,
    39.0283465385437,
    40.70887565612793,
    39.056968688964844,
    39.50674533843994,
    38.34141492843628,
    39.31865692138672,
    38.1328821182251,
    37.89572715759277,
    37.646305561065674,
    37.86710500717163,
    37.196528911590576,
    39.494478702545166,
    37.88754940032959,
    39.2777681350708,
    36.25608682632446,
    36.0393762588501,
    35.27475595474243,
    34.44880247116089,
    33.692359924316406,
    34.22391414642334,
    33.45520496368408,
    33.4470272064209,
    32.666051387786865,
    32.666051387786865,
    31.81147575378418,
    31.079566478729248,
    30.81378936767578,
    30.020546913146973,
    29.758858680725098,
    29.521703720092773,
    29.996013641357422,
    30.327212810516357,
    31.33307695388794,
    31.095921993255615,
    47.62316942214966,
    52.90191173553467,
    45.83632946014404,
    29.758858680725098,
    30.01236915588379,
    28.949260711669922,
    29.223215579986572,
    28.10286283493042,
    27.481353282928467,
    28.953349590301514,
    26.64722204208374,
    26.340556144714355,
    26.62268877029419,
    28.953349590301514,
    25.71495771408081,
    26.89664363861084,
    24.85220432281494,
    26.03389024734497,
    24.89718198776245,
    25.134336948394775,
    26.614511013031006,
    23.380208015441895,
    23.699140548706055,
    23.989450931549072,
    25.449180603027344,
    23.110342025756836,
    23.41700792312622,
    23.658251762390137,
    23.96491765975952,
    23.39656352996826,
    23.695051670074463,
    23.41291904449463,
    22.783231735229492,
    23.106253147125244,
    21.237635612487793,
    21.532034873962402,
    20.939147472381592,
    21.25399112701416,
    21.564745903015137,
    21.91638946533203,
    20.922791957855225,
    21.200835704803467,
    21.536123752593994,
    21.879589557647705,
    19.929194450378418,
    21.540212631225586,
    19.65932846069336,
    19.994616508483887,
    19.307684898376465,
    19.98234987258911,
    19.332218170166016,
    18.68617534637451,
    19.307684898376465,
    19.642972946166992,
    18.992841243743896,
    18.33862066268921,
    18.649375438690186,
    18.036043643951416,
    18.31817626953125,
    18.65755319595337,
    17.995154857635498,
    17.071068286895752,
    18.65755319595337,
    16.711246967315674,
    18.326354026794434,
    17.717111110687256,
    16.707158088684082,
    16.138803958892822,
    16.72760248184204,
    17.058801651000977,
    16.425025463104248,
    17.050623893737793
  ],
  "timestamps": [
    0.01066899299621582,
    0.04160332679748535,
    0.07249212265014648,
    0.1034245491027832,
    0.13422012329101562,
    0.1650099754333496,
    0.19579219818115234,
    0.2265763282775879,
    0.25737714767456055,
    0.2882084846496582,
    0.3190281391143799,
    0.3500490188598633,
    0.3808586597442627,
    0.41160154342651367,
    0.44235682487487793,
    0.47313523292541504,
    0.5038909912109375,
    0.5346686840057373,
    0.5654354095458984,
    0.5962393283843994,
    0.6270370483398438,
    0.6578288078308105,
    0.6885807514190674,
    0.7193527221679688,
    0.7500038146972656,
    0.7806365489959717,
    0.8112277984619141,
    0.8417391777038574,
    0.8722138404846191,
    0.9025943279266357,
    0.9329628944396973,
    0.9633221626281738,
    0.9937324523925781,
    1.0242245197296143,
    1.0545711517333984,
    1.0847313404083252,
    1.1149394512176514,
    1.1450891494750977,
    1.1751713752746582,
    1.20516037940979,
    1.2350952625274658,
    1.2650043964385986,
    1.294973373413086,
    1.3249180316925049,
    1.354738712310791,
    1.3846592903137207,
    1.4144806861877441,
    1.4443306922912598,
    1.4741156101226807,
    1.5039687156677246,
    1.5337388515472412,
    1.5634984970092773,
    1.5932424068450928,
    1.6229939460754395,
    1.6527163982391357,
    1.6825685501098633,
    1.7123219966888428,
    1.7421748638153076,
    1.7718634605407715,
    1.8015353679656982,
    1.831162691116333,
    1.860734224319458,
    1.890244483947754,
    1.9197916984558105,
    1.9492883682250977,
    1.9788196086883545,
    2.008493185043335,
    2.0379812717437744,
    2.067426919937134,
    2.096790075302124,
    2.1261370182037354,
    2.155442237854004,
    2.184722423553467,
    2.213995933532715,
    2.2433526515960693,
    2.2726998329162598,
    2.3020970821380615,
    2.3314788341522217,
    2.361814260482788,
    2.392448663711548,
    2.422666072845459,
    2.451946496963501,
    2.48124098777771,
    2.510488748550415,
    2.5397400856018066,
    2.56892466545105,
    2.598069667816162,
    2.627302408218384,
    2.656400203704834,
    2.685483932495117,
    2.714580774307251,
    2.7438154220581055,
    2.7728734016418457,
    2.8020172119140625,
    2.8310348987579346,
    2.860119581222534,
    2.8891243934631348,
    2.9181370735168457,
    2.947232484817505,
    2.9761617183685303,
    3.0052237510681152,
    3.0342588424682617,
    3.063328742980957,
    3.092275857925415,
    3.12119722366333,
    3.150137186050415,
    3.179095983505249,
    3.208035469055176,
    3.2369940280914307,
    3.2659285068511963,
    3.294811725616455,
    3.323704957962036,
    3.3524856567382812,
    3.3812992572784424,
    3.410081624984741,
    3.4388864040374756,
    3.467756748199463,
    3.496640920639038,
    3.525421619415283,
    3.5542094707489014,
    3.583024263381958,
    3.611867904663086,
    3.640594959259033,
    3.669424295425415,
    3.698125123977661,
    3.726836681365967,
    3.755523920059204,
    3.784248113632202,
    3.812955617904663,
    3.8416190147399902,
    3.8703086376190186,
    3.8990211486816406,
    3.9276928901672363,
    3.956326961517334,
    3.9850308895111084,
    4.013885974884033,
    4.04253888130188,
    4.07118034362793,
    4.0997841358184814,
    4.128353834152222,
    4.157015323638916,
    4.1855573654174805,
    4.214195728302002,
    4.2427978515625,
    4.271334648132324,
    4.299841642379761,
    4.328369140625,
    4.356911897659302,
    4.385414123535156,
    4.414003610610962
  ]
}