{
  "gesture_id": 1,
  "gesture_name": "push",
  "timestamp": "2025-12-24T13:08:19.394218",
  "sample_rate": 50,
  "duration": 3.0,
  "distances": [
    60.07789373397827,
    59.50545072555542,
    59.836649894714355,
    60.10242700576782,
    59.652650356292725,
    59.08838510513306,
    59.55042839050293,
    58.95345211029053,
    59.60358381271362,
    58.785808086395264,
    58.62225294113159,
    58.47914218902588,
    59.652650356292725,
    59.04340744018555,
    58.61407518386841,
    58.88394117355347,
    58.14794301986694,
    57.653188705444336,
    57.46101140975952,
    56.79043531417847,
    57.48554468154907,
    57.16252326965332,
    58.34829807281494,
    56.73727989196777,
    56.4755916595459,
    56.63096904754639,
    56.009459495544434,
    54.95043992996216,
    54.27577495574951,
    54.98315095901489,
    53.59293222427368,
    53.057289123535156,
    52.74244546890259,
    52.75471210479736,
    52.73017883300781,
    52.70973443984985,
    51.81835889816284,
    51.51578187942505,
    51.528048515319824,
    51.004672050476074,
    50.10511875152588,
    50.50991773605347,
    50.166451930999756,
    50.121474266052246,
    49.80663061141968,
    49.44272041320801,
    50.33818483352661,
    52.370357513427734,
    52.70155668258667,
    47.24290370941162,
    48.24467897415161,
    46.98530435562134,
    46.2084174156189,
    45.39064168930054,
    44.99402046203613,
    44.613754749298096,
    44.19668912887573,
    43.80006790161133,
    43.77962350845337,
    43.3666467666626,
    42.07864999771118,
    42.062294483184814,
    42.070472240448,
    42.52433776855469,
    40.39812088012695,
    39.976966381073,
    40.43492078781128,
    40.89696407318115,
    38.353681564331055,
    38.80345821380615,
    37.1842622756958,
    37.22923994064331,
    36.47688627243042,
    36.468708515167236,
    37.46230602264404,
    36.24382019042969,
    37.147462368011475,
    36.05164289474487,
    35.29520034790039,
    34.984445571899414,
    34.211647510528564,
    34.73093509674072,
    33.97449254989624,
    33.21805000305176,
    33.667826652526855,
    32.915472984313965,
    32.10587501525879,
    32.65378475189209,
    31.840097904205322,
    31.598854064941406,
    31.33716583251953,
    31.06321096420288,
    30.76472282409668,
    30.568456649780273,
    29.750680923461914,
    29.48899269104004,
    29.235482215881348,
    28.912460803985596,
    28.65077257156372,
    29.255926609039307,
    29.497170448303223,
    29.223215579986572,
    28.90019416809082,
    27.767574787139893,
    27.477264404296875,
    26.344645023345947,
    29.975569248199463,
    26.32828950881958,
    26.00935697555542,
    28.340017795562744,
    26.050245761871338,
    25.751757621765137,
    24.557805061340332,
    24.263405799865723,
    27.477264404296875,
    24.287939071655273,
    23.98536205291748,
    23.650074005126953,
    23.363852500915527,
    23.66642951965332,
    22.52563238143921,
    22.811853885650635,
    22.23532199859619,
    22.828209400177002,
    22.178077697753906,
    21.577012538909912,
    20.922791957855225,
    21.560657024383545,
    20.943236351013184,
    21.59336805343628,
    20.926880836486816,
    20.235860347747803,
    20.579326152801514,
    19.965994358062744,
    21.56883478164673,
    20.943236351013184,
    20.264482498168945,
    20.894169807434082,
    19.31995153427124,
    19.95781660079956,
    19.324040412902832,
    18.65755319595337,
    18.98057460784912,
    18.350887298583984,
    18.624842166900635,
    17.991065979003906,
    18.36724281311035,
    17.688488960266113,
    17.09151268005371,
    17.41044521331787
  ],
  "timestamps": [
    0.010967016220092773,
    0.04209589958190918,
    0.07319760322570801,
    0.10431051254272461,
    0.135329008102417,
    0.16632962226867676,
    0.19736599922180176,
    0.22835993766784668,
    0.2593567371368408,
    0.2903153896331787,
    0.3212714195251465,
    0.35222673416137695,
    0.3832557201385498,
    0.4142646789550781,
    0.44522571563720703,
    0.47618556022644043,
    0.5071225166320801,
    0.538022518157959,
    0.5689055919647217,
    0.5997345447540283,
    0.6306231021881104,
    0.6615719795227051,
    0.6925196647644043,
    0.7233812808990479,
    0.7542250156402588,
    0.7850730419158936,
    0.8159089088439941,
    0.8467268943786621,
    0.8774456977844238,
    0.9081850051879883,
    0.9388463497161865,
    0.9694902896881104,
    1.0001194477081299,
    1.0307440757751465,
    1.0614013671875,
    1.0920135974884033,
    1.1226108074188232,
    1.1531555652618408,
    1.183713436126709,
    1.2142393589019775,
    1.2447102069854736,
    1.275212287902832,
    1.3056843280792236,
    1.3361647129058838,
    1.3666093349456787,
    1.3970260620117188,
    1.427487850189209,
    1.458155870437622,
    1.4888098239898682,
    1.5191054344177246,
    1.5494685173034668,
    1.5797975063323975,
    1.6100318431854248,
    1.6402151584625244,
    1.6703855991363525,
    1.7005698680877686,
    1.7307047843933105,
    1.7608163356781006,
    1.7909266948699951,
    1.821105718612671,
    1.851212501525879,
    1.8812432289123535,
    1.9112377166748047,
    1.9412519931793213,
    1.9711596965789795,
    2.0012056827545166,
    2.0311331748962402,
    2.0610904693603516,
    2.0908772945404053,
    2.12068510055542,
    2.150399684906006,
    2.1801350116729736,
    2.2098186016082764,
    2.2394967079162598,
    2.269245147705078,
    2.298927068710327,
    2.328657627105713,
    2.358311891555786,
    2.3879148960113525,
    2.41749906539917,
    2.4470415115356445,
    2.4766743183135986,
    2.506225347518921,
    2.535736322402954,
    2.565260887145996,
    2.594754934310913,
    2.6241724491119385,
    2.653625249862671,
    2.6830310821533203,
    2.7124412059783936,
    2.7418129444122314,
    2.7711684703826904,
    2.8005731105804443,
    2.830167293548584,
    2.8595266342163086,
    2.8889029026031494,
    2.918159008026123,
    2.9473965167999268,
    2.9766147136688232,
    3.0058653354644775,
    3.0351316928863525,
    3.064379930496216,
    3.093608856201172,
    3.122783899307251,
    3.151930570602417,
    3.181011915206909,
    3.2103230953216553,
    3.2394278049468994,
    3.2685201168060303,
    3.297745943069458,
    3.326838254928589,
    3.3558926582336426,
    3.3848671913146973,
    3.413827419281006,
    3.44297456741333,
    3.471932888031006,
    3.5009214878082275,
    3.5299267768859863,
    3.5588572025299072,
    3.587801218032837,
    3.616722345352173,
    3.645603895187378,
    3.6744484901428223,
    3.7033286094665527,
    3.7321648597717285,
    3.761004686355591,
    3.789768695831299,
    3.8186538219451904,
    3.8475582599639893,
    3.8765010833740234,
    3.90539813041687,
    3.934159994125366,
    3.9629149436950684,
    3.991656541824341,
    4.02053165435791,
    4.049331426620483,
    4.078089952468872,
    4.1068785190582275,
    4.13555908203125,
    4.164288282394409,
    4.192965984344482,
    4.22160267829895,
    4.2502734661102295,
    4.278916120529175,
    4.307569265365601,
    4.336205244064331,
    4.364840507507324,
    4.393446207046509,
    4.422002553939819,
    4.450587511062622
  ]
}