{
  "gesture_id": 1,
  "gesture_name": "push",
  "timestamp": "2025-12-23T15:18:15.657091",
  "sample_rate": 50,
  "duration": 3.0,
  "distances": [
    44.814109802246094,
    45.82815170288086,
    45.84859609603882,
    44.41748857498169,
    44.773221015930176,
    44.17624473571777,
    45.79952955245972,
    44.613754749298096,
    45.19846439361572,
    45.770907402038574,
    48.60450029373169,
    46.17570638656616,
    43.587446212768555,
    43.203091621398926,
    44.23348903656006,
    42.51207113265991,
    42.52433776855469,
    42.630648612976074,
    42.495715618133545,
    43.38709115982056,
    42.062294483184814,
    41.608428955078125,
    41.11776351928711,
    38.09608221054077,
    38.79936933517456,
    37.899816036224365,
    37.445950508117676,
    36.26426458358765,
    36.27653121948242,
    36.30106449127197,
    36.284708976745605,
    35.49964427947998,
    36.04755401611328,
    34.42426919937134,
    33.71689319610596,
    34.236180782318115,
    33.44293832778931,
    32.60880708694458,
    31.823742389678955,
    32.35938549041748,
    31.578409671783447,
    31.33307695388794,
    31.304454803466797,
    31.091833114624023,
    30.249524116516113,
    29.525792598724365,
    30.01645803451538,
    29.255926609039307,
    28.949260711669922,
    28.667128086090088,
    29.99192476272583,
    28.37272882461548,
    28.368639945983887,
    27.219665050506592,
    26.9170880317688,
    27.481353282928467,
    27.178776264190674,
    29.480814933776855,
    26.880288124084473,
    26.614511013031006,
    27.50997543334961,
    27.174687385559082,
    30.257701873779297,
    29.476726055145264,
    46.42512798309326,
    46.821749210357666,
    23.993539810180664,
    22.815942764282227,
    22.50518798828125,
    21.900033950805664,
    24.222517013549805,
    27.526330947875977,
    22.497010231018066,
    22.20669984817505,
    44.00860071182251,
    47.03028202056885,
    44.76504325866699,
    45.60326337814331,
    46.020328998565674,
    45.00628709793091,
    45.82406282424927,
    24.271583557128906,
    18.988752365112305,
    18.33862066268921,
    20.019149780273438,
    19.324040412902832,
    19.941461086273193,
    17.050623893737793,
    17.721199989318848,
    17.01791286468506,
    17.668044567108154,
    17.075157165527344,
    16.735780239105225,
    17.34093427658081,
    17.095601558685303,
    16.719424724578857,
    16.441380977630615,
    17.054712772369385,
    15.435516834259033,
    16.052937507629395,
    17.06289052963257,
    14.01667594909668,
    15.075695514678955,
    14.777207374572754,
    12.336146831512451,
    13.035345077514648,
    12.340235710144043,
    11.636948585510254,
    12.340235710144043,
    11.645126342773438,
    10.610640048980713,
    11.653304100036621,
    10.614728927612305,
    9.927797317504883,
    10.26308536529541,
    9.55570936203003,
    9.94415283203125,
    9.21633243560791,
    9.931886196136475,
    10.962283611297607,
    18.314087390899658,
    9.952330589294434,
    8.89739990234375,
    9.576153755187988,
    8.545756340026855,
    9.608864784240723,
    7.241404056549072,
    7.572603225708008,
    6.9347381591796875,
    7.265937328338623,
    6.574916839599609,
    6.926560401916504,
    6.272339820861816,
    6.566739082336426,
    5.5649638175964355,
    5.9493184089660645,
    5.299186706542969,
    5.5649638175964355,
    5.945229530334473,
    5.282831192016602,
    5.614030361175537,
    4.624521732330322,
    4.91483211517334,
    6.591272354125977,
    5.945229530334473,
    6.231451034545898,
    6.558561325073242,
    5.573141574859619,
    4.947543144226074,
    4.5795440673828125
  ],
  "timestamps": [
    0.010096311569213867,
    0.04042625427246094,
    0.07071495056152344,
    0.10088634490966797,
    0.13107514381408691,
    0.1612100601196289,
    0.19148826599121094,
    0.2218480110168457,
    0.2521071434020996,
    0.2824208736419678,
    0.3128023147583008,
    0.3430609703063965,
    0.3731508255004883,
    0.4031858444213867,
    0.43329954147338867,
    0.463306188583374,
    0.49333763122558594,
    0.5233464241027832,
    0.55338454246521,
    0.5834589004516602,
    0.6134586334228516,
    0.6434309482574463,
    0.6733784675598145,
    0.703153133392334,
    0.7329761981964111,
    0.7627346515655518,
    0.7924661636352539,
    0.8221249580383301,
    0.8517892360687256,
    0.8814692497253418,
    0.9111485481262207,
    0.9407675266265869,
    0.970416784286499,
    0.9999716281890869,
    1.029484510421753,
    1.0590264797210693,
    1.0885250568389893,
    1.117976427078247,
    1.1473870277404785,
    1.176851749420166,
    1.2064540386199951,
    1.2359728813171387,
    1.2654049396514893,
    1.2947852611541748,
    1.324106216430664,
    1.3534307479858398,
    1.382779598236084,
    1.4120590686798096,
    1.4413197040557861,
    1.4705519676208496,
    1.499847412109375,
    1.5290493965148926,
    1.5582540035247803,
    1.5873937606811523,
    1.6165075302124023,
    1.6456544399261475,
    1.6747896671295166,
    1.7040839195251465,
    1.7332286834716797,
    1.7623474597930908,
    1.7915139198303223,
    1.8206472396850586,
    1.8499596118927002,
    1.8792247772216797,
    1.9094798564910889,
    1.939758539199829,
    1.9687063694000244,
    1.9976027011871338,
    2.0264644622802734,
    2.0552847385406494,
    2.084254503250122,
    2.113438606262207,
    2.142320394515991,
    2.1711840629577637,
    2.2014195919036865,
    2.2318105697631836,
    2.2620127201080322,
    2.2923126220703125,
    2.3226046562194824,
    2.3527894020080566,
    2.383033275604248,
    2.412022590637207,
    2.4406802654266357,
    2.4692986011505127,
    2.4980294704437256,
    2.5267302989959717,
    2.555466413497925,
    2.5840249061584473,
    2.6126139163970947,
    2.6411526203155518,
    2.669713258743286,
    2.6983158588409424,
    2.726882219314575,
    2.7554659843444824,
    2.784031391143799,
    2.812565326690674,
    2.841064214706421,
    2.8695850372314453,
    2.8980302810668945,
    2.9265246391296387,
    2.955066204071045,
    2.9834277629852295,
    3.011866569519043,
    3.040297031402588,
    3.068582057952881,
    3.0969128608703613,
    3.1252410411834717,
    3.153468132019043,
    3.181784152984619,
    3.210211753845215,
    3.23844051361084,
    3.26669979095459,
    3.2948989868164062,
    3.323049783706665,
    3.351222276687622,
    3.3793482780456543,
    3.4075143337249756,
    3.4356205463409424,
    3.463783025741577,
    3.4919865131378174,
    3.5206174850463867,
    3.548759698867798,
    3.5768444538116455,
    3.6049952507019043,
    3.633071184158325,
    3.661196708679199,
    3.6891868114471436,
    3.7172045707702637,
    3.7451863288879395,
    3.7731809616088867,
    3.801135778427124,
    3.829085350036621,
    3.8570172786712646,
    3.8849453926086426,
    3.9128308296203613,
    3.9407544136047363,
    3.968628406524658,
    3.9965157508850098,
    4.024425745010376,
    4.052298069000244,
    4.080186367034912,
    4.108020305633545,
    4.135868787765503,
    4.163818597793579,
    4.191787004470825,
    4.219907283782959,
    4.247905254364014,
    4.275839805603027,
    4.303714990615845,
    4.331557035446167
  ]
}