{
  "gesture_id": 1,
  "gesture_name": "push",
  "timestamp": "2025-12-23T15:15:50.960327",
  "sample_rate": 50,
  "duration": 3.0,
  "distances": [
    46.85037136077881,
    46.4046835899353,
    47.66814708709717,
    46.38015031814575,
    46.62957191467285,
    47.44734764099121,
    45.979440212249756,
    46.81357145309448,
    45.78317403793335,
    46.60912752151489,
    46.388328075408936,
    45.8077073097229,
    45.99579572677612,
    44.80593204498291,
    43.99224519729614,
    45.092153549194336,
    44.200778007507324,
    43.41980218887329,
    44.38886642456055,
    43.57517957687378,
    43.154025077819824,
    42.02958345413208,
    41.379451751708984,
    42.32398271560669,
    41.105496883392334,
    40.43900966644287,
    40.85198640823364,
    41.85376167297363,
    40.676164627075195,
    42.749226093292236,
    41.79651737213135,
    38.807547092437744,
    38.78301382064819,
    37.15972900390625,
    37.196528911590576,
    37.6340389251709,
    36.01484298706055,
    36.509597301483154,
    35.98213195800781,
    36.718130111694336,
    36.53004169464111,
    36.718130111694336,
    39.98514413833618,
    50.11329650878906,
    36.714041233062744,
    35.986220836639404,
    36.260175704956055,
    36.04755401611328,
    34.9926233291626,
    36.01484298706055,
    35.00080108642578,
    34.68186855316162,
    34.43244695663452,
    36.27244234085083,
    36.031198501586914,
    35.75315475463867,
    36.01893186569214,
    36.25608682632446,
    36.489152908325195,
    37.167906761169434,
    47.40645885467529,
    47.39828109741211,
    37.192440032958984,
    38.353681564331055,
    36.97572946548462,
    37.171995639801025,
    31.549787521362305,
    30.498945713043213,
    30.801522731781006,
    30.278146266937256,
    30.53983449935913,
    29.472637176513672,
    29.73841428756714,
    30.04099130630493,
    28.887927532196045,
    28.62623929977417,
    29.709792137145996,
    28.642594814300537,
    27.481353282928467,
    28.92472743988037,
    27.436375617980957,
    27.158331871032715,
    29.996013641357422,
    26.32420063018799,
    30.004191398620605,
    26.27922296524048,
    26.58179998397827,
    25.449180603027344,
    24.811315536499023,
    25.39193630218506,
    28.622150421142578,
    24.570071697235107,
    23.924028873443604,
    27.1665096282959,
    23.96082878112793,
    23.37203025817871,
    24.831759929656982,
    23.359763622283936,
    23.61736297607422,
    22.492921352386475,
    22.79958724975586,
    22.178077697753906,
    23.376119136810303,
    21.859145164489746,
    22.214877605438232,
    22.48474359512329,
    21.850967407226562,
    22.21078872680664,
    21.511590480804443,
    21.859145164489746,
    20.873725414276123,
    21.544301509857178,
    20.603859424591064,
    20.881903171539307,
    19.949638843536377,
    20.71017026901245,
    20.599770545959473,
    19.642972946166992,
    19.91283893585205,
    20.305371284484863,
    19.630706310272217,
    19.965994358062744,
    19.925105571746826,
    20.56705951690674,
    18.63710880279541,
    19.009196758270264,
    19.22999620437622,
    19.651150703430176,
    18.97648572921753,
    18.015599250793457,
    18.354976177215576,
    18.694353103637695,
    18.056488037109375,
    18.314087390899658,
    17.373645305633545,
    17.688488960266113,
    17.050623893737793,
    17.38591194152832,
    17.68440008163452,
    16.739869117736816,
    17.0465350151062,
    16.38413667678833,
    16.735780239105225,
    17.095601558685303,
    16.388225555419922,
    16.72760248184204,
    16.093826293945312,
    16.38004779815674,
    15.754449367523193,
    16.093826293945312
  ],
  "timestamps": [
    0.010196208953857422,
    0.040604591369628906,
    0.07098007202148438,
    0.10129547119140625,
    0.13164567947387695,
    0.16195130348205566,
    0.19219183921813965,
    0.22247743606567383,
    0.252699613571167,
    0.2829594612121582,
    0.3132052421569824,
    0.34342002868652344,
    0.37366533279418945,
    0.40383100509643555,
    0.43395113945007324,
    0.46417713165283203,
    0.49431610107421875,
    0.5243949890136719,
    0.5545463562011719,
    0.5846459865570068,
    0.6147129535675049,
    0.6447155475616455,
    0.6746888160705566,
    0.7047035694122314,
    0.7346537113189697,
    0.7645633220672607,
    0.7944939136505127,
    0.8244807720184326,
    0.8543908596038818,
    0.8844232559204102,
    0.914431095123291,
    0.9442737102508545,
    0.9741699695587158,
    1.0039286613464355,
    1.033738374710083,
    1.0634796619415283,
    1.0931370258331299,
    1.1227991580963135,
    1.152496099472046,
    1.1821694374084473,
    1.2118470668792725,
    1.241539716720581,
    1.2714004516601562,
    1.3018724918365479,
    1.3315484523773193,
    1.3612122535705566,
    1.390855073928833,
    1.4205055236816406,
    1.4500820636749268,
    1.479750633239746,
    1.5093488693237305,
    1.5389087200164795,
    1.5684881210327148,
    1.5981297492980957,
    1.627779483795166,
    1.6574084758758545,
    1.6870396137237549,
    1.716705322265625,
    1.7463667392730713,
    1.7760827541351318,
    1.8064055442810059,
    1.8367185592651367,
    1.8664374351501465,
    1.8962223529815674,
    1.9259331226348877,
    1.9557533264160156,
    1.9852173328399658,
    2.014570713043213,
    2.0439233779907227,
    2.073239326477051,
    2.1025784015655518,
    2.131843090057373,
    2.161128282546997,
    2.190429449081421,
    2.2196648120880127,
    2.2488791942596436,
    2.278165578842163,
    2.3073806762695312,
    2.336533784866333,
    2.365767240524292,
    2.3949146270751953,
    2.4240598678588867,
    2.453371286392212,
    2.482461929321289,
    2.511777877807617,
    2.540882110595703,
    2.5699961185455322,
    2.5990726947784424,
    2.628107786178589,
    2.6571433544158936,
    2.6863625049591064,
    2.7153406143188477,
    2.7442853450775146,
    2.773423194885254,
    2.8023664951324463,
    2.831303358078003,
    2.8603017330169678,
    2.8892338275909424,
    2.918166399002075,
    2.9470953941345215,
    2.9760806560516357,
    3.004971742630005,
    3.0339012145996094,
    3.0627262592315674,
    3.091567277908325,
    3.120432138442993,
    3.149308919906616,
    3.178170919418335,
    3.2069954872131348,
    3.2358851432800293,
    3.2646491527557373,
    3.293452739715576,
    3.3222105503082275,
    3.3509936332702637,
    3.379723072052002,
    3.4084982872009277,
    3.4373011589050293,
    3.466005563735962,
    3.4947149753570557,
    3.5234534740448,
    3.552164077758789,
    3.580889940261841,
    3.6096394062042236,
    3.6384100914001465,
    3.6670806407928467,
    3.695756196975708,
    3.7245142459869385,
    3.753251075744629,
    3.781956911087036,
    3.8106048107147217,
    3.8392674922943115,
    3.867941379547119,
    3.8965635299682617,
    3.925206184387207,
    3.953895092010498,
    3.9825751781463623,
    4.011168479919434,
    4.03976583480835,
    4.068400621414185,
    4.097002744674683,
    4.125576972961426,
    4.154103994369507,
    4.182654857635498,
    4.211223363876343,
    4.239747524261475,
    4.268340587615967,
    4.296829700469971,
    4.325334548950195,
    4.353817701339722,
    4.382329225540161
  ]
}