{
  "gesture_id": 1,
  "gesture_name": "push",
  "timestamp": "2025-12-24T13:03:18.998123",
  "sample_rate": 50,
  "duration": 3.0,
  "distances": [
    47.03437089920044,
    46.0080623626709,
    46.84628248214722,
    45.48468589782715,
    46.23703956604004,
    45.22299766540527,
    45.05535364151001,
    44.83455419540405,
    44.609665870666504,
    44.838643074035645,
    44.59331035614014,
    44.429755210876465,
    44.60557699203491,
    43.03544759750366,
    43.611979484558105,
    44.249844551086426,
    42.540693283081055,
    42.9659366607666,
    44.02904510498047,
    41.379451751708984,
    41.39171838760376,
    40.50852060317993,
    42.08273887634277,
    55.33479452133179,
    49.798452854156494,
    43.02726984024048,
    40.50852060317993,
    38.86888027191162,
    37.192440032958984,
    36.714041233062744,
    37.241506576538086,
    36.75493001937866,
    36.75084114074707,
    36.24382019042969,
    34.95582342147827,
    34.211647510528564,
    34.45289134979248,
    33.68418216705322,
    33.144450187683105,
    33.17307233810425,
    31.83600902557373,
    31.864631175994873,
    31.889164447784424,
    30.523478984832764,
    30.53983449935913,
    30.531656742095947,
    29.726147651672363,
    29.73841428756714,
    29.795658588409424,
    28.887927532196045,
    28.08241844177246,
    28.016996383666992,
    27.17059850692749,
    27.48953104019165,
    26.55726671218872,
    25.130248069763184,
    24.57824945449829,
    23.699140548706055,
    24.582338333129883,
    23.719584941864014,
    22.787320613861084,
    22.48474359512329,
    22.509276866912842,
    20.89008092880249,
    21.908211708068848,
    21.544301509857178,
    21.24990224838257,
    19.961905479431152,
    20.918703079223633,
    19.626617431640625,
    20.59568166732788,
    21.56883478164673,
    21.24990224838257,
    19.610261917114258,
    19.31586265563965,
    18.65755319595337,
    17.103779315948486,
    18.620753288269043,
    17.08742380142212,
    18.98057460784912,
    40.18549919128418,
    39.28185701370239,
    17.026090621948242,
    39.48221206665039,
    16.057026386260986,
    16.77258014678955,
    17.04244613647461,
    16.425025463104248,
    18.379509449005127,
    16.073381900787354,
    16.739869117736816,
    16.077470779418945,
    15.754449367523193,
    15.096139907836914,
    14.396941661834717,
    15.447783470153809,
    16.052937507629395,
    14.04120922088623,
    15.059340000152588,
    12.65099048614502,
    11.980414390563965,
    12.655079364776611,
    11.955881118774414,
    12.671434879302979,
    13.362455368041992,
    12.336146831512451,
    13.010811805725098,
    11.996769905090332,
    12.65099048614502,
    13.346099853515625,
    10.909128189086914,
    11.636948585510254,
    10.598373413085938,
    10.9663724899292,
    9.94415283203125,
    10.234463214874268,
    10.970461368560791,
    16.38413667678833,
    12.000858783721924,
    11.346638202667236,
    8.917844295501709,
    9.87464189529419,
    8.876955509185791,
    8.194112777709961,
    8.549845218658447,
    9.224510192871094,
    8.202290534973145,
    7.204604148864746,
    7.53171443939209,
    6.897938251495361,
    7.2373151779174805,
    7.556247711181641,
    6.881582736968994,
    5.900251865386963,
    6.247806549072266,
    6.55447244644165,
    5.593585968017578,
    5.589497089385986,
    5.9084296226501465,
    5.250120162963867,
    5.614030361175537,
    5.945229530334473,
    4.9025654792785645,
    4.976165294647217,
    4.988431930541992,
    4.890298843383789,
    6.260073184967041,
    5.254209041595459,
    51.83062553405762,
    4.591810703277588
  ],
  "timestamps": [
    0.01020669937133789,
    0.0405583381652832,
    0.0718390941619873,
    0.10223078727722168,
    0.13254952430725098,
    0.16274595260620117,
    0.19293642044067383,
    0.2231125831604004,
    0.25325441360473633,
    0.2834312915802002,
    0.31356072425842285,
    0.3437232971191406,
    0.3738536834716797,
    0.40390825271606445,
    0.4339773654937744,
    0.46410083770751953,
    0.49412059783935547,
    0.5241780281066895,
    0.5542759895324707,
    0.5842514038085938,
    0.6142411231994629,
    0.6441690921783447,
    0.67417311668396,
    0.704949140548706,
    0.7354085445404053,
    0.7654926776885986,
    0.7954049110412598,
    0.825218915939331,
    0.8549368381500244,
    0.8846256732940674,
    0.9143424034118652,
    0.944035530090332,
    0.973726749420166,
    1.003401756286621,
    1.032982349395752,
    1.0625665187835693,
    1.0922224521636963,
    1.1218109130859375,
    1.1513245105743408,
    1.180845022201538,
    1.2102510929107666,
    1.2396652698516846,
    1.2690730094909668,
    1.2983956336975098,
    1.3277218341827393,
    1.357053518295288,
    1.38633394241333,
    1.4156391620635986,
    1.4449408054351807,
    1.4741911888122559,
    1.503380537033081,
    1.532560110092163,
    1.5616931915283203,
    1.5909004211425781,
    1.6200361251831055,
    1.6490793228149414,
    1.6780786514282227,
    1.7070162296295166,
    1.7359962463378906,
    1.7649281024932861,
    1.79380202293396,
    1.8226819038391113,
    1.8515620231628418,
    1.8803443908691406,
    1.909177303314209,
    1.9379799365997314,
    1.9667587280273438,
    1.995462417602539,
    2.024237632751465,
    2.0529260635375977,
    2.081707715988159,
    2.1106064319610596,
    2.139441728591919,
    2.1681606769561768,
    2.1968538761138916,
    2.225510358810425,
    2.254082202911377,
    2.282738447189331,
    2.3113019466400146,
    2.3399696350097656,
    2.3698768615722656,
    2.399730920791626,
    2.4282824993133545,
    2.458129405975342,
    2.486607551574707,
    2.515136480331421,
    2.543696641921997,
    2.572228193283081,
    2.6008799076080322,
    2.6294376850128174,
    2.6579701900482178,
    2.686450719833374,
    2.7149908542633057,
    2.7434442043304443,
    2.7718522548675537,
    2.800313949584961,
    2.828817367553711,
    2.857201099395752,
    2.8856608867645264,
    2.9139604568481445,
    2.942209243774414,
    2.970489501953125,
    2.9987571239471436,
    3.0270469188690186,
    3.0553908348083496,
    3.0837175846099854,
    3.1121280193328857,
    3.14042067527771,
    3.168735980987549,
    3.19708514213562,
    3.2253174781799316,
    3.2535717487335205,
    3.28176212310791,
    3.3099684715270996,
    3.3381125926971436,
    3.366274118423462,
    3.394474744796753,
    3.4230237007141113,
    3.4512999057769775,
    3.4795262813568115,
    3.50760817527771,
    3.5357489585876465,
    3.563833236694336,
    3.591890811920166,
    3.619968891143799,
    3.6480917930603027,
    3.6761386394500732,
    3.704124927520752,
    3.732140064239502,
    3.76011323928833,
    3.7881176471710205,
    3.816124200820923,
    3.8441100120544434,
    3.872023105621338,
    3.8999555110931396,
    3.927915573120117,
    3.9558088779449463,
    3.9836997985839844,
    4.011606693267822,
    4.039478778839111,
    4.0674147605896,
    4.095533847808838,
    4.123425722122192,
    4.151381492614746,
    4.17927098274231,
    4.2071311473846436,
    4.235063314437866,
    4.262940406799316,
    4.293534755706787,
    4.321376800537109
  ]
}