{
  "gesture_id": 1,
  "gesture_name": "push",
  "timestamp": "2025-12-23T15:22:21.768644",
  "sample_rate": 50,
  "duration": 3.0,
  "distances": [
    50.301384925842285,
    50.276851654052734,
    49.728941917419434,
    50.121474266052246,
    50.08058547973633,
    49.99063014984131,
    50.276851654052734,
    49.58992004394531,
    49.365031719207764,
    49.618542194366455,
    48.821210861206055,
    49.38138723373413,
    48.162901401519775,
    47.01801538467407,
    47.958457469940186,
    46.343350410461426,
    47.35739231109619,
    46.572327613830566,
    45.79135179519653,
    45.37837505340576,
    45.57464122772217,
    44.748687744140625,
    45.37837505340576,
    45.95081806182861,
    44.36842203140259,
    45.366108417510986,
    43.73464584350586,
    44.74459886550903,
    43.52611303329468,
    44.16806697845459,
    42.97002553939819,
    42.72878170013428,
    43.771445751190186,
    42.94140338897705,
    42.73287057876587,
    44.131267070770264,
    42.93322563171387,
    43.542468547821045,
    44.155800342559814,
    40.84789752960205,
    40.197765827178955,
    39.9278998374939,
    39.240968227386475,
    40.68843126296997,
    39.46585655212402,
    38.81572484970093,
    37.61359453201294,
    37.42550611495972,
    38.35777044296265,
    37.62177228927612,
    36.967551708221436,
    36.26426458358765,
    36.00666522979736,
    36.93892955780029,
    35.757243633270264,
    35.50373315811157,
    35.25022268295288,
    35.7408881187439,
    35.462844371795654,
    36.02302074432373,
    36.26426458358765,
    37.167906761169434,
    48.21605682373047,
    49.80663061141968,
    36.66088581085205,
    36.90212965011597,
    35.487377643585205,
    34.45698022842407,
    32.85413980484009,
    33.13627243041992,
    32.08951950073242,
    31.852364540100098,
    32.07725286483765,
    31.046855449676514,
    31.284010410308838,
    31.026411056518555,
    31.341254711151123,
    31.03867769241333,
    30.793344974517822,
    31.852364540100098,
    31.58249855041504,
    44.17624473571777,
    44.5605993270874,
    43.95953416824341,
    36.95528507232666,
    37.1351957321167,
    43.94317865371704,
    45.55010795593262,
    44.12717819213867,
    45.341575145721436,
    46.5559720993042,
    43.57517957687378,
    42.9659366607666,
    42.908692359924316,
    29.996013641357422,
    27.162420749664307,
    27.477264404296875,
    28.070151805877686,
    25.747668743133545,
    24.905359745025635,
    28.3113956451416,
    25.997090339660645,
    25.453269481658936,
    26.02980136871338,
    24.557805061340332,
    27.730774879455566,
    24.565982818603516,
    23.969006538391113,
    23.363852500915527,
    23.695051670074463,
    23.126697540283203,
    26.311933994293213,
    23.065364360809326,
    22.521543502807617,
    21.84278964996338,
    24.23069477081299,
    22.807765007019043,
    22.16581106185913,
    22.546076774597168,
    21.86732292175293,
    20.877814292907715,
    21.335768699645996,
    20.57114839553833,
    20.91052532196045,
    20.264482498168945,
    20.926880836486816,
    21.213102340698242,
    42.49980449676514,
    22.214877605438232,
    21.245813369750977,
    20.583415031433105,
    19.61435079574585,
    20.894169807434082,
    21.225368976593018,
    21.532034873962402,
    19.5898175239563,
    18.677997589111328,
    18.97648572921753,
    18.036043643951416,
    18.330442905426025,
    18.698441982269287,
    17.97471046447754,
    17.054712772369385,
    17.70484447479248,
    18.00333261489868,
    17.079246044158936,
    17.332756519317627,
    16.715335845947266,
    17.982888221740723,
    16.057026386260986
  ],
  "timestamps": [
    0.01040792465209961,
    0.04102635383605957,
    0.07158446311950684,
    0.10215926170349121,
    0.13265347480773926,
    0.16318464279174805,
    0.19385075569152832,
    0.22439336776733398,
    0.25491833686828613,
    0.28538060188293457,
    0.3157827854156494,
    0.3462212085723877,
    0.37656402587890625,
    0.40685153007507324,
    0.43726253509521484,
    0.46750617027282715,
    0.4978218078613281,
    0.528090238571167,
    0.5583090782165527,
    0.5884988307952881,
    0.6186895370483398,
    0.6488637924194336,
    0.6790580749511719,
    0.7092857360839844,
    0.7394051551818848,
    0.7696058750152588,
    0.7996842861175537,
    0.829859733581543,
    0.8599302768707275,
    0.8900496959686279,
    0.9200820922851562,
    0.9501214027404785,
    0.9802000522613525,
    1.010263442993164,
    1.0402765274047852,
    1.0703940391540527,
    1.1004431247711182,
    1.1305086612701416,
    1.1607000827789307,
    1.1907784938812256,
    1.2207105159759521,
    1.2506027221679688,
    1.2804462909698486,
    1.310347318649292,
    1.3401939868927002,
    1.3700082302093506,
    1.3997485637664795,
    1.4294753074645996,
    1.459256887435913,
    1.4890110492706299,
    1.5186982154846191,
    1.5483574867248535,
    1.5779871940612793,
    1.6076865196228027,
    1.6373193264007568,
    1.6669206619262695,
    1.6965558528900146,
    1.726189374923706,
    1.7557833194732666,
    1.7854278087615967,
    1.8150694370269775,
    1.8447809219360352,
    1.8751440048217773,
    1.9055962562561035,
    1.9352636337280273,
    1.9649670124053955,
    1.9945616722106934,
    2.0241267681121826,
    2.0536324977874756,
    2.0830912590026855,
    2.1125071048736572,
    2.1418867111206055,
    2.1713528633117676,
    2.200791358947754,
    2.2301738262176514,
    2.259568214416504,
    2.2889678478240967,
    2.3183326721191406,
    2.34769606590271,
    2.377128839492798,
    2.4065182209014893,
    2.4366445541381836,
    2.466813325881958,
    2.4969255924224854,
    2.5266106128692627,
    2.556323528289795,
    2.5864133834838867,
    2.6166326999664307,
    2.6467554569244385,
    2.6769521236419678,
    2.707224130630493,
    2.7373106479644775,
    2.767362356185913,
    2.797428846359253,
    2.82672119140625,
    2.8558502197265625,
    2.8849990367889404,
    2.9141783714294434,
    2.9432263374328613,
    2.972240686416626,
    3.001499891281128,
    3.0305821895599365,
    3.059635639190674,
    3.088716506958008,
    3.1177051067352295,
    3.146878719329834,
    3.175968885421753,
    3.20499324798584,
    3.2339367866516113,
    3.262868881225586,
    3.2917652130126953,
    3.320854663848877,
    3.349769353866577,
    3.3786516189575195,
    3.40749192237854,
    3.436455488204956,
    3.4653446674346924,
    3.49418044090271,
    3.523048162460327,
    3.5518860816955566,
    3.5806632041931152,
    3.6094624996185303,
    3.638263463973999,
    3.6670336723327637,
    3.6957688331604004,
    3.724543809890747,
    3.753349781036377,
    3.783392906188965,
    3.8122661113739014,
    3.8411104679107666,
    3.8698482513427734,
    3.8985371589660645,
    3.9273133277893066,
    3.956117868423462,
    3.984938859939575,
    4.013624668121338,
    4.042311668395996,
    4.070964813232422,
    4.09955906867981,
    4.128182411193848,
    4.156936168670654,
    4.18574333190918,
    4.214349031448364,
    4.242950439453125,
    4.271561622619629,
    4.300136089324951,
    4.328725337982178,
    4.357276439666748,
    4.385902166366577,
    4.414406776428223
  ]
}