{
  "gesture_id": 1,
  "gesture_name": "push",
  "timestamp": "2025-12-23T15:16:30.137384",
  "sample_rate": 50,
  "duration": 3.0,
  "distances": [
    43.74282360076904,
    44.339799880981445,
    43.55473518371582,
    44.159889221191406,
    45.2107310295105,
    46.17161750793457,
    45.337486267089844,
    45.3579306602478,
    46.80130481719971,
    46.772682666778564,
    47.81534671783447,
    45.34566402435303,
    44.55651044845581,
    45.00628709793091,
    45.566463470458984,
    45.975351333618164,
    45.750463008880615,
    45.92628479003906,
    54.01817560195923,
    44.94495391845703,
    42.73287057876587,
    42.72878170013428,
    43.74282360076904,
    41.06869697570801,
    41.10140800476074,
    41.130030155181885,
    40.631186962127686,
    39.00790214538574,
    39.00381326675415,
    37.84257173538208,
    37.396883964538574,
    37.38052845001221,
    37.37235069274902,
    37.37235069274902,
    36.922574043273926,
    36.9348406791687,
    35.716354846954346,
    34.939467906951904,
    34.95991230010986,
    34.6941351890564,
    33.88862609863281,
    33.68009328842163,
    34.20755863189697,
    33.92133712768555,
    33.68009328842163,
    32.08543062210083,
    33.13627243041992,
    32.10587501525879,
    31.803297996520996,
    31.525254249572754,
    31.284010410308838,
    31.574320793151855,
    31.279921531677246,
    31.03867769241333,
    30.776989459991455,
    31.010055541992188,
    30.253612995147705,
    29.975569248199463,
    31.022322177886963,
    29.415392875671387,
    29.23957109451294,
    28.92063856124878,
    28.63032817840576,
    28.335928916931152,
    28.049707412719727,
    27.722597122192383,
    27.411842346191406,
    29.427659511566162,
    27.452731132507324,
    29.439926147460938,
    26.57771110534668,
    26.92117691040039,
    27.1665096282959,
    26.58179998397827,
    26.87619924545288,
    27.14606523513794,
    29.979658126831055,
    28.92472743988037,
    27.448642253875732,
    26.89664363861084,
    29.210948944091797,
    26.87619924545288,
    25.4205584526062,
    25.69042444229126,
    24.52918291091919,
    23.948562145233154,
    23.34340810775757,
    23.68687391281128,
    23.96491765975952,
    22.75460958480835,
    22.18625545501709,
    25.43691396713257,
    22.214877605438232,
    22.501099109649658,
    22.750520706176758,
    22.18625545501709,
    21.540212631225586,
    22.178077697753906,
    20.562970638275146,
    21.192657947540283,
    20.538437366485596,
    20.268571376800537,
    19.581639766693115,
    21.213102340698242,
    20.583415031433105,
    19.900572299957275,
    19.27088499069214,
    18.628931045532227,
    19.291329383850098,
    18.653464317321777,
    18.00333261489868,
    18.669819831848145,
    19.311773777008057,
    18.600308895111084,
    17.050623893737793,
    18.63710880279541,
    17.030179500579834,
    17.70075559616089,
    17.06289052963257,
    16.690802574157715,
    16.08564853668213,
    17.01791286468506,
    16.412758827209473,
    17.013823986053467,
    16.40458106994629,
    17.034268379211426,
    16.400492191314697,
    15.778982639312744,
    16.073381900787354,
    15.778982639312744,
    14.736318588256836,
    13.992142677307129,
    14.356052875518799,
    15.075695514678955,
    13.992142677307129,
    14.736318588256836,
    13.673210144042969,
    12.978100776672363,
    13.67729902267456,
    12.687790393829346,
    11.935436725616455,
    12.340235710144043,
    11.596059799194336,
    12.315702438354492,
    11.60423755645752,
    12.3116135597229,
    11.641037464141846,
    13.99623155593872,
    49.58583116531372,
    11.252593994140625
  ],
  "timestamps": [
    0.010026216506958008,
    0.0402834415435791,
    0.07044768333435059,
    0.1006312370300293,
    0.1308765411376953,
    0.1611628532409668,
    0.19137859344482422,
    0.2215564250946045,
    0.25184035301208496,
    0.2821178436279297,
    0.31245994567871094,
    0.34264349937438965,
    0.3728001117706299,
    0.40294981002807617,
    0.4331855773925781,
    0.46341490745544434,
    0.4936225414276123,
    0.5238626003265381,
    0.554541826248169,
    0.584709644317627,
    0.6147263050079346,
    0.6447627544403076,
    0.6748411655426025,
    0.7047877311706543,
    0.7351789474487305,
    0.7652883529663086,
    0.7957885265350342,
    0.8256247043609619,
    0.8554625511169434,
    0.8852272033691406,
    0.9149534702301025,
    0.9447281360626221,
    0.9745275974273682,
    1.0042729377746582,
    1.033994436264038,
    1.0637273788452148,
    1.093383550643921,
    1.1229701042175293,
    1.1525776386260986,
    1.1821398735046387,
    1.2116625308990479,
    1.2411983013153076,
    1.2707717418670654,
    1.3003380298614502,
    1.329871654510498,
    1.359311819076538,
    1.3888230323791504,
    1.4182624816894531,
    1.4476890563964844,
    1.477097988128662,
    1.5064923763275146,
    1.5358946323394775,
    1.5652873516082764,
    1.5946729183197021,
    1.6240284442901611,
    1.6534287929534912,
    1.6827638149261475,
    1.7121076583862305,
    1.7415697574615479,
    1.7711219787597656,
    1.8004310131072998,
    1.8297271728515625,
    1.8589749336242676,
    1.8881943225860596,
    1.9173862934112549,
    1.9465515613555908,
    1.9756999015808105,
    2.004957675933838,
    2.034104585647583,
    2.0633702278137207,
    2.092519998550415,
    2.121659755706787,
    2.1508138179779053,
    2.1799299716949463,
    2.209052562713623,
    2.2381837368011475,
    2.267489433288574,
    2.2967240810394287,
    2.325890064239502,
    2.3550026416778564,
    2.384249448776245,
    2.4133715629577637,
    2.4424235820770264,
    2.4714882373809814,
    2.500487804412842,
    2.5294454097747803,
    2.5583572387695312,
    2.5872795581817627,
    2.616234302520752,
    2.645172595977783,
    2.6740386486053467,
    2.7030839920043945,
    2.7320187091827393,
    2.7611258029937744,
    2.7900524139404297,
    2.8189198970794678,
    2.847776412963867,
    2.876640558242798,
    2.9054126739501953,
    2.9342644214630127,
    2.9630138874053955,
    2.9917426109313965,
    3.020444393157959,
    3.0492496490478516,
    3.0780210494995117,
    3.106747627258301,
    3.1354241371154785,
    3.1640546321868896,
    3.1927309036254883,
    3.2214138507843018,
    3.2500381469726562,
    3.2786996364593506,
    3.30739164352417,
    3.3360321521759033,
    3.3645715713500977,
    3.393202066421509,
    3.4218194484710693,
    3.450432777404785,
    3.4789912700653076,
    3.5075325965881348,
    3.536024570465088,
    3.5645625591278076,
    3.593064308166504,
    3.6215996742248535,
    3.650101900100708,
    3.678637742996216,
    3.7071385383605957,
    3.7356791496276855,
    3.7643802165985107,
    3.7929158210754395,
    3.821460485458374,
    3.849925994873047,
    3.8783280849456787,
    3.9067554473876953,
    3.9351346492767334,
    3.9635634422302246,
    3.9919283390045166,
    4.020246982574463,
    4.048618316650391,
    4.0769195556640625,
    4.105187654495239,
    4.133472442626953,
    4.161715507507324,
    4.189995527267456,
    4.218233108520508,
    4.246510028839111,
    4.274750709533691,
    4.303138494491577,
    4.3336122035980225,
    4.361886024475098
  ]
}