{
  "gesture_id": 1,
  "gesture_name": "push",
  "timestamp": "2025-12-23T15:20:23.297855",
  "sample_rate": 50,
  "duration": 3.0,
  "distances": [
    46.42103910446167,
    46.4046835899353,
    46.87490463256836,
    47.185659408569336,
    46.24112844467163,
    46.99348211288452,
    46.03668451309204,
    46.817660331726074,
    45.78726291656494,
    45.19437551498413,
    46.01215124130249,
    44.77730989456177,
    46.21250629425049,
    45.60326337814331,
    45.39064168930054,
    45.64824104309082,
    44.42566633224487,
    45.043087005615234,
    43.362557888031006,
    44.43793296813965,
    43.97997856140137,
    42.78602600097656,
    42.745137214660645,
    43.17038059234619,
    42.07456111907959,
    42.516160011291504,
    41.861939430236816,
    40.655720233917236,
    41.57980680465698,
    40.90923070907593,
    41.35082960128784,
    40.18549919128418,
    39.07332420349121,
    39.96061086654663,
    38.34141492843628,
    38.083815574645996,
    39.45767879486084,
    38.79936933517456,
    38.104259967803955,
    37.86301612854004,
    37.14337348937988,
    36.93892955780029,
    37.883460521698,
    37.167906761169434,
    36.46053075790405,
    36.239731311798096,
    36.70995235443115,
    36.00666522979736,
    35.76542139053345,
    35.48328876495361,
    35.258400440216064,
    34.96809005737305,
    33.92133712768555,
    33.65147113800049,
    33.88044834136963,
    33.65556001663208,
    33.42249393463135,
    33.15671682357788,
    32.8991174697876,
    32.63742923736572,
    32.870495319366455,
    33.94995927810669,
    33.667826652526855,
    33.941781520843506,
    32.37982988357544,
    32.67422914505005,
    31.594765186309814,
    31.33716583251953,
    31.050944328308105,
    30.83423376083374,
    30.53983449935913,
    30.81378936767578,
    29.754769802093506,
    30.053257942199707,
    30.314946174621582,
    29.255926609039307,
    29.51761484146118,
    29.758858680725098,
    30.032813549041748,
    28.977882862091064,
    28.360462188720703,
    29.53805923461914,
    27.50997543334961,
    28.96561622619629,
    27.481353282928467,
    29.480814933776855,
    26.651310920715332,
    26.64722204208374,
    26.356911659240723,
    30.01645803451538,
    26.332378387451172,
    29.98783588409424,
    25.424647331237793,
    26.610422134399414,
    24.610960483551025,
    24.86855983734131,
    25.14660358428955,
    27.48953104019165,
    24.332916736602783,
    23.71140718460083,
    24.86855983734131,
    27.182865142822266,
    23.11851978302002,
    23.404741287231445,
    23.2779860496521,
    26.929354667663574,
    22.84456491470337,
    22.21078872680664,
    23.408830165863037,
    22.20669984817505,
    22.84865379333496,
    22.513365745544434,
    21.904122829437256,
    22.5297212600708,
    20.95959186553955,
    21.225368976593018,
    21.920478343963623,
    21.237635612487793,
    21.52385711669922,
    20.8859920501709,
    20.264482498168945,
    19.610261917114258,
    21.52385711669922,
    19.949638843536377,
    19.528484344482422,
    18.645286560058594,
    19.31586265563965,
    18.665730953216553,
    18.007421493530273,
    19.602084159851074,
    18.972396850585938,
    18.346798419952393,
    18.63301992416382,
    18.01968812942505,
    17.36137866973877,
    18.007421493530273,
    16.38413667678833,
    16.72351360321045,
    16.11427068710327,
    16.735780239105225,
    17.06289052963257,
    16.36369228363037,
    16.690802574157715,
    17.071068286895752,
    16.102004051208496,
    15.431427955627441,
    17.050623893737793,
    15.096139907836914,
    15.774893760681152,
    16.093826293945312
  ],
  "timestamps": [
    0.010165214538574219,
    0.04053044319152832,
    0.07087922096252441,
    0.10134220123291016,
    0.1316664218902588,
    0.16196823120117188,
    0.19220471382141113,
    0.22249889373779297,
    0.2527432441711426,
    0.28293609619140625,
    0.3131721019744873,
    0.34333133697509766,
    0.3735780715942383,
    0.40378832817077637,
    0.4339618682861328,
    0.4641718864440918,
    0.4942944049835205,
    0.5244712829589844,
    0.5545308589935303,
    0.5846683979034424,
    0.6148099899291992,
    0.6449544429779053,
    0.675004243850708,
    0.7050774097442627,
    0.7351248264312744,
    0.7652082443237305,
    0.7951879501342773,
    0.8251135349273682,
    0.8550701141357422,
    0.8850035667419434,
    0.9149446487426758,
    0.9448351860046387,
    0.9746406078338623,
    1.004516363143921,
    1.0343008041381836,
    1.0640671253204346,
    1.0939159393310547,
    1.123748540878296,
    1.1534976959228516,
    1.1832506656646729,
    1.2129817008972168,
    1.2426795959472656,
    1.2724497318267822,
    1.3021626472473145,
    1.3318324089050293,
    1.3614931106567383,
    1.3911805152893066,
    1.4208295345306396,
    1.4504783153533936,
    1.4800922870635986,
    1.5096933841705322,
    1.5392744541168213,
    1.5688095092773438,
    1.5984439849853516,
    1.6281757354736328,
    1.6577434539794922,
    1.6872529983520508,
    1.7167823314666748,
    1.7462718486785889,
    1.7757270336151123,
    1.8051965236663818,
    1.8347246646881104,
    1.8642356395721436,
    1.8937606811523438,
    1.9231956005096436,
    1.9526677131652832,
    1.982055902481079,
    2.011425495147705,
    2.040783405303955,
    2.0701231956481934,
    2.0994668006896973,
    2.128830671310425,
    2.158113956451416,
    2.187413215637207,
    2.2167422771453857,
    2.246009588241577,
    2.2752857208251953,
    2.304609775543213,
    2.333909034729004,
    2.363144636154175,
    2.39239764213562,
    2.4216902256011963,
    2.450861930847168,
    2.4801056385040283,
    2.5092594623565674,
    2.5385258197784424,
    2.5676698684692383,
    2.5968854427337646,
    2.626192569732666,
    2.655560255050659,
    2.6846730709075928,
    2.7139792442321777,
    2.7431628704071045,
    2.7722864151000977,
    2.801290988922119,
    2.8302927017211914,
    2.859309196472168,
    2.8884425163269043,
    2.9174344539642334,
    2.946380138397217,
    2.975398302078247,
    3.0045366287231445,
    3.0334317684173584,
    3.0623414516448975,
    3.091348886489868,
    3.120518445968628,
    3.1494226455688477,
    3.178283214569092,
    3.2072079181671143,
    3.2361063957214355,
    3.2649989128112793,
    3.293916940689087,
    3.3227579593658447,
    3.351649284362793,
    3.380448818206787,
    3.4092659950256348,
    3.4381179809570312,
    3.466909408569336,
    3.4957146644592285,
    3.524498224258423,
    3.553234100341797,
    3.5819292068481445,
    3.61091685295105,
    3.639730930328369,
    3.668457269668579,
    3.6971287727355957,
    3.725823402404785,
    3.754478693008423,
    3.783090591430664,
    3.8118345737457275,
    3.8405206203460693,
    3.8691675662994385,
    3.897829532623291,
    3.926443338394165,
    3.9550058841705322,
    3.9836015701293945,
    4.012089729309082,
    4.040613412857056,
    4.069099187850952,
    4.097626686096191,
    4.126185655593872,
    4.1547160148620605,
    4.183261394500732,
    4.2118494510650635,
    4.2403481006622314,
    4.268782138824463,
    4.297328233718872,
    4.325767993927002,
    4.354269504547119,
    4.382778167724609
  ]
}