{
  "gesture_id": 1,
  "gesture_name": "push",
  "timestamp": "2025-12-23T15:16:09.618487",
  "sample_rate": 50,
  "duration": 3.0,
  "distances": [
    43.54655742645264,
    43.53837966918945,
    42.97002553939819,
    42.97820329666138,
    43.12949180603027,
    43.55473518371582,
    42.02549457550049,
    42.720603942871094,
    41.34674072265625,
    41.54709577560425,
    41.80060625076294,
    40.85198640823364,
    41.1218523979187,
    41.75971746444702,
    40.39403200149536,
    39.70301151275635,
    40.63936471939087,
    39.91563320159912,
    38.77483606338501,
    38.52132558822632,
    38.99972438812256,
    37.83848285675049,
    37.6340389251709,
    38.10017108917236,
    37.36417293548584,
    36.70177459716797,
    37.61768341064453,
    36.47279739379883,
    36.239731311798096,
    36.693596839904785,
    35.96168756484985,
    36.92666292190552,
    36.239731311798096,
    37.646305561065674,
    36.02710962295532,
    35.22568941116333,
    34.44880247116089,
    33.67600440979004,
    32.870495319366455,
    33.40613842010498,
    32.596540451049805,
    32.33485221862793,
    31.594765186309814,
    32.58427381515503,
    32.33894109725952,
    32.10587501525879,
    31.778764724731445,
    31.566143035888672,
    36.20293140411377,
    36.01893186569214,
    33.11173915863037,
    31.56205415725708,
    31.296277046203613,
    30.527567863464355,
    30.298590660095215,
    29.44401502609253,
    29.202771186828613,
    28.928816318511963,
    28.62623929977417,
    29.202771186828613,
    31.067299842834473,
    32.85822868347168,
    36.42781972885132,
    46.14299535751343,
    27.17059850692749,
    29.99192476272583,
    26.311933994293213,
    25.07709264755249,
    25.412380695343018,
    25.1711368560791,
    28.3113956451416,
    24.28385019302368,
    23.928117752075195,
    24.537360668182373,
    26.90073251724243,
    26.58179998397827,
    24.238872528076172,
    22.194433212280273,
    21.830523014068604,
    22.48474359512329,
    21.87141180038452,
    22.501099109649658,
    21.875500679016113,
    21.192657947540283,
    20.56705951690674,
    21.22945785522461,
    21.57292366027832,
    19.61843967437744,
    20.215415954589844,
    19.626617431640625,
    19.93328332901001,
    20.587503910064697,
    18.988752365112305,
    18.305909633636475,
    18.992841243743896,
    18.305909633636475,
    18.972396850585938,
    18.326354026794434,
    17.663955688476562,
    17.005646228790283,
    17.672133445739746,
    17.97471046447754,
    17.369556427001953,
    17.68440008163452,
    16.85844659805298,
    16.40866994857788,
    16.72760248184204,
    16.073381900787354,
    16.739869117736816,
    17.06697940826416,
    17.70075559616089,
    17.06697940826416,
    16.396403312683105,
    15.754449367523193,
    16.036581993103027,
    16.735780239105225,
    16.04067087173462,
    16.392314434051514,
    15.778982639312744,
    16.073381900787354,
    15.390539169311523,
    17.01791286468506,
    15.36191701889038,
    16.048848628997803,
    15.38236141204834,
    14.372408390045166,
    13.710010051727295,
    14.020764827728271,
    13.337922096252441,
    14.01667594909668,
    12.961745262145996,
    13.705921173095703,
    14.04120922088623,
    12.978100776672363,
    11.976325511932373,
    12.307524681091309,
    12.700057029724121,
    13.027167320251465,
    13.370633125305176,
    11.964058876037598,
    12.315702438354492,
    14.347875118255615,
    13.337922096252441,
    11.959969997406006,
    14.417386054992676,
    13.002634048461914,
    13.354277610778809,
    10.573840141296387,
    10.941839218139648,
    11.142194271087646
  ],
  "timestamps": [
    0.010007381439208984,
    0.040282487869262695,
    0.07039523124694824,
    0.10050177574157715,
    0.13061022758483887,
    0.16073274612426758,
    0.19075298309326172,
    0.22082018852233887,
    0.2509033679962158,
    0.2809727191925049,
    0.3112351894378662,
    0.34153127670288086,
    0.3715040683746338,
    0.40149807929992676,
    0.4314568042755127,
    0.4613311290740967,
    0.49128007888793945,
    0.5211772918701172,
    0.5510082244873047,
    0.5808241367340088,
    0.6106739044189453,
    0.6404602527618408,
    0.6702308654785156,
    0.7000224590301514,
    0.7297701835632324,
    0.7594671249389648,
    0.7892098426818848,
    0.8189082145690918,
    0.848621129989624,
    0.8783202171325684,
    0.9079678058624268,
    0.937675952911377,
    0.9673433303833008,
    0.9970848560333252,
    1.0267376899719238,
    1.056342601776123,
    1.085911750793457,
    1.1154212951660156,
    1.1448860168457031,
    1.1743948459625244,
    1.2038676738739014,
    1.2333552837371826,
    1.2629809379577637,
    1.2924885749816895,
    1.3219456672668457,
    1.3513567447662354,
    1.3808131217956543,
    1.4102680683135986,
    1.4399652481079102,
    1.469637393951416,
    1.4991810321807861,
    1.5285849571228027,
    1.5579564571380615,
    1.5872516632080078,
    1.6165850162506104,
    1.6458690166473389,
    1.6751582622528076,
    1.7044413089752197,
    1.7336699962615967,
    1.762932300567627,
    1.7923083305358887,
    1.8218059539794922,
    1.8514983654022217,
    1.8817570209503174,
    1.9109470844268799,
    1.9402709007263184,
    1.969381332397461,
    1.998417854309082,
    2.0274736881256104,
    2.0565032958984375,
    2.0857784748077393,
    2.1147587299346924,
    2.143705129623413,
    2.1726818084716797,
    2.201793909072876,
    2.230919599533081,
    2.2600932121276855,
    2.2891228199005127,
    2.3179922103881836,
    2.3468644618988037,
    2.37569260597229,
    2.4046075344085693,
    2.4334592819213867,
    2.4622652530670166,
    2.491039991378784,
    2.519897699356079,
    2.548707962036133,
    2.5773985385894775,
    2.60612416267395,
    2.6348116397857666,
    2.663515567779541,
    2.6922590732574463,
    2.7209131717681885,
    2.7495431900024414,
    2.778209924697876,
    2.8068273067474365,
    2.835488796234131,
    2.8641245365142822,
    2.892723321914673,
    2.921281576156616,
    2.949916124343872,
    2.9785099029541016,
    3.0070641040802,
    3.0356504917144775,
    3.0642130374908447,
    3.092735528945923,
    3.1212801933288574,
    3.149810791015625,
    3.178340435028076,
    3.2068846225738525,
    3.2355308532714844,
    3.264296770095825,
    3.2928621768951416,
    3.3213629722595215,
    3.349868059158325,
    3.378430128097534,
    3.406931161880493,
    3.4354493618011475,
    3.4639315605163574,
    3.4924142360687256,
    3.5208616256713867,
    3.549450159072876,
    3.577918767929077,
    3.606419801712036,
    3.6348800659179688,
    3.6632792949676514,
    3.6916441917419434,
    3.7200465202331543,
    3.7483980655670166,
    3.7768161296844482,
    3.805145263671875,
    3.8335089683532715,
    3.861893653869629,
    3.890216112136841,
    3.918475389480591,
    3.9467525482177734,
    3.97505259513855,
    4.00337028503418,
    4.031717300415039,
    4.0599822998046875,
    4.088265657424927,
    4.116666555404663,
    4.145010471343994,
    4.173294544219971,
    4.201701641082764,
    4.230046987533569,
    4.258496522903442,
    4.2867512702941895,
    4.314981698989868,
    4.343230962753296
  ]
}