{
  "gesture_id": 1,
  "gesture_name": "push",
  "timestamp": "2025-12-24T13:07:41.428718",
  "sample_rate": 50,
  "duration": 3.0,
  "distances": [
    60.678958892822266,
    60.21691560745239,
    60.511314868927,
    60.40909290313721,
    60.3641152381897,
    59.41958427429199,
    59.64447259902954,
    59.53407287597656,
    58.924829959869385,
    64.22401666641235,
    58.95345211029053,
    59.084296226501465,
    58.495497703552246,
    58.27469825744629,
    59.3664288520813,
    57.6695442199707,
    57.51825571060181,
    56.63914680480957,
    56.76999092102051,
    56.786346435546875,
    56.18528127670288,
    55.99719285964966,
    54.962706565856934,
    54.7787070274353,
    54.06315326690674,
    53.96093130111694,
    52.370357513427734,
    52.51755714416504,
    51.87560319900513,
    51.1396050453186,
    50.47720670700073,
    49.025654792785645,
    49.65534210205078,
    47.659969329833984,
    47.04254865646362,
    46.453750133514404,
    45.819973945617676,
    45.23526430130005,
    44.58104372024536,
    43.99224519729614,
    43.39935779571533,
    43.795979022979736,
    43.199002742767334,
    42.266738414764404,
    41.79651737213135,
    42.037761211395264,
    40.64345359802246,
    39.25732374191284,
    38.34550380706787,
    39.04470205307007,
    37.65448331832886,
    37.86710500717163,
    36.444175243377686,
    36.04346513748169,
    36.04346513748169,
    35.53644418716431,
    34.988534450531006,
    35.033512115478516,
    34.46924686431885,
    33.68418216705322,
    33.68418216705322,
    32.92365074157715,
    33.38569402694702,
    32.616984844207764,
    32.367563247680664,
    32.122230529785156,
    31.341254711151123,
    30.527567863464355,
    31.079566478729248,
    30.28632402420044,
    29.51352596282959,
    29.26410436630249,
    29.799747467041016,
    29.505348205566406,
    29.23957109451294,
    28.344106674194336,
    29.71796989440918,
    28.061974048614502,
    29.49308156967163,
    29.97148036956787,
    44.384777545928955,
    30.008280277252197,
    29.235482215881348,
    26.30375623703003,
    26.037979125976562,
    25.731313228607178,
    25.481891632080078,
    26.30375623703003,
    24.263405799865723,
    26.017534732818604,
    24.844026565551758,
    23.110342025756836,
    27.48544216156006,
    22.82412052154541,
    22.5297212600708,
    23.102164268493652,
    21.52794599533081,
    21.27443552017212,
    20.8859920501709,
    20.587503910064697,
    20.284926891326904,
    19.61843967437744,
    19.352662563323975,
    18.628931045532227,
    19.29950714111328,
    18.669819831848145,
    19.324040412902832,
    18.65755319595337,
    17.986977100372314,
    17.672133445739746,
    17.353200912475586,
    17.36137866973877,
    16.077470779418945,
    17.00155735015869,
    16.388225555419922,
    16.097915172576904,
    15.774893760681152,
    16.093826293945312,
    15.766716003417969,
    16.102004051208496,
    16.445469856262207,
    15.758538246154785,
    15.104317665100098,
    14.351963996887207,
    14.037120342254639,
    15.06342887878418,
    14.38058614730835,
    13.67729902267456,
    13.047611713409424,
    13.3583664894104,
    12.655079364776611,
    11.959969997406006,
    12.63054609298706,
    13.3583664894104,
    12.348413467407227,
    13.035345077514648,
    11.959969997406006,
    12.323880195617676,
    11.268949508666992,
    11.657392978668213,
    12.28708028793335,
    11.326193809509277,
    10.594284534454346,
    11.30983829498291,
    10.246729850769043,
    10.937750339508057,
    10.258996486663818,
    9.60477590560913,
    10.246729850769043,
    9.240865707397461
  ],
  "timestamps": [
    0.010994672775268555,
    0.04218578338623047,
    0.0733344554901123,
    0.10445547103881836,
    0.13556385040283203,
    0.16657447814941406,
    0.19760942459106445,
    0.22862935066223145,
    0.2596166133880615,
    0.29091882705688477,
    0.3219282627105713,
    0.3529038429260254,
    0.3839590549468994,
    0.41489386558532715,
    0.44587016105651855,
    0.4767735004425049,
    0.5076801776885986,
    0.5385193824768066,
    0.5694258213043213,
    0.6002893447875977,
    0.6311132907867432,
    0.6619091033935547,
    0.6926555633544922,
    0.7235527038574219,
    0.7544314861297607,
    0.7851359844207764,
    0.8157391548156738,
    0.8463184833526611,
    0.8768813610076904,
    0.907416582107544,
    0.9378881454467773,
    0.9682941436767578,
    0.9987454414367676,
    1.029076099395752,
    1.0593838691711426,
    1.089663028717041,
    1.1198844909667969,
    1.1500780582427979,
    1.1802666187286377,
    1.2103888988494873,
    1.2405023574829102,
    1.270613431930542,
    1.3008167743682861,
    1.3308556079864502,
    1.360839605331421,
    1.390861988067627,
    1.4207837581634521,
    1.450617790222168,
    1.4804072380065918,
    1.5102274417877197,
    1.5399751663208008,
    1.569751501083374,
    1.5994677543640137,
    1.629122257232666,
    1.6587729454040527,
    1.688387393951416,
    1.718893051147461,
    1.748680591583252,
    1.7782926559448242,
    1.8078620433807373,
    1.8373584747314453,
    1.8668153285980225,
    1.8963093757629395,
    1.9257588386535645,
    1.955223560333252,
    1.9846572875976562,
    2.0140557289123535,
    2.0434184074401855,
    2.0728046894073486,
    2.102142095565796,
    2.1314234733581543,
    2.160705804824829,
    2.1900107860565186,
    2.2193069458007812,
    2.2485671043395996,
    2.277789831161499,
    2.307114839553833,
    2.3363046646118164,
    2.365572214126587,
    2.3948657512664795,
    2.424999475479126,
    2.454310655593872,
    2.4835574626922607,
    2.5126383304595947,
    2.541712760925293,
    2.570971727371216,
    2.600036144256592,
    2.6291446685791016,
    2.6581273078918457,
    2.687211751937866,
    2.7179176807403564,
    2.7470338344573975,
    2.7762532234191895,
    2.805175542831421,
    2.8340651988983154,
    2.862989664077759,
    2.891841173171997,
    2.920673370361328,
    2.949465036392212,
    2.9782321453094482,
    3.00696063041687,
    3.035675287246704,
    3.064375877380371,
    3.093043565750122,
    3.121734380722046,
    3.1504299640655518,
    3.1791341304779053,
    3.2077951431274414,
    3.236420154571533,
    3.265015125274658,
    3.293576240539551,
    3.3221304416656494,
    3.350625991821289,
    3.3791873455047607,
    3.4077084064483643,
    3.4362130165100098,
    3.464683771133423,
    3.493162155151367,
    3.52162504196167,
    3.5501325130462646,
    3.5786867141723633,
    3.60717511177063,
    3.6356239318847656,
    3.664022445678711,
    3.6923890113830566,
    3.720864772796631,
    3.749396324157715,
    3.7778334617614746,
    3.806182384490967,
    3.834535837173462,
    3.862837553024292,
    3.891084909439087,
    3.919368028640747,
    3.9477436542510986,
    3.9760332107543945,
    4.004356384277344,
    4.032618522644043,
    4.060899496078491,
    4.089125156402588,
    4.1173694133758545,
    4.145647287368774,
    4.173888921737671,
    4.202075719833374,
    4.23030948638916,
    4.258483648300171,
    4.286689281463623,
    4.3148558139801025,
    4.342979669570923,
    4.371149301528931,
    4.399251461029053
  ]
}