{
  "gesture_id": 1,
  "gesture_name": "push",
  "timestamp": "2025-12-23T15:16:50.802691",
  "sample_rate": 50,
  "duration": 3.0,
  "distances": [
    46.78086042404175,
    46.37197256088257,
    46.9525933265686,
    47.57819175720215,
    46.78494930267334,
    47.75810241699219,
    47.77036905288696,
    48.17925691604614,
    47.78263568878174,
    46.98939323425293,
    46.98530435562134,
    46.98530435562134,
    48.13427925109863,
    46.96485996246338,
    45.77908515930176,
    46.183884143829346,
    46.5559720993042,
    45.7586407661438,
    44.94495391845703,
    44.58104372024536,
    44.34388875961304,
    43.52611303329468,
    43.726468086242676,
    42.93322563171387,
    42.92095899581909,
    42.25447177886963,
    42.270827293395996,
    41.08096361160278,
    41.55118465423584,
    40.36540985107422,
    40.381765365600586,
    40.856075286865234,
    39.67030048370361,
    40.20594358444214,
    39.494478702545166,
    39.490389823913574,
    38.742125034332275,
    39.71118927001953,
    38.513147830963135,
    37.82212734222412,
    38.79119157791138,
    37.61768341064453,
    36.93892955780029,
    36.70177459716797,
    37.62177228927612,
    36.95528507232666,
    36.22337579727173,
    36.00257635116577,
    36.468708515167236,
    36.26835346221924,
    36.70177459716797,
    36.01893186569214,
    36.91439628601074,
    36.235642433166504,
    36.235642433166504,
    34.20346975326538,
    33.43067169189453,
    33.164894580841064,
    32.38391876220703,
    32.890939712524414,
    32.13040828704834,
    32.63334035873413,
    32.38800764083862,
    31.58249855041504,
    30.805611610412598,
    30.548012256622314,
    30.24543523788452,
    30.53574562072754,
    29.456281661987305,
    29.726147651672363,
    29.959213733673096,
    30.24134635925293,
    29.19459342956543,
    29.452192783355713,
    29.190504550933838,
    28.03744077682495,
    28.35637331008911,
    28.904283046722412,
    27.42002010345459,
    26.868021488189697,
    26.55317783355713,
    26.90073251724243,
    26.58179998397827,
    29.46445941925049,
    25.743579864501953,
    26.01344585418701,
    26.25877857208252,
    29.97148036956787,
    28.953349590301514,
    27.473175525665283,
    27.743041515350342,
    25.4205584526062,
    24.794960021972656,
    25.093448162078857,
    23.948562145233154,
    24.275672435760498,
    26.594066619873047,
    23.421096801757812,
    23.650074005126953,
    25.1220703125,
    22.766876220703125,
    22.46021032333374,
    23.069453239440918,
    25.39602518081665,
    22.18625545501709,
    21.52794599533081,
    20.8859920501709,
    21.245813369750977,
    21.57292366027832,
    21.879589557647705,
    21.237635612487793,
    21.589279174804688,
    20.926880836486816,
    19.961905479431152,
    20.289015769958496,
    19.63479518890381,
    19.970083236694336,
    19.307684898376465,
    19.602084159851074,
    20.244038105010986,
    18.346798419952393,
    18.70661973953247,
    19.279062747955322,
    18.354976177215576,
    18.984663486480713,
    18.350887298583984,
    17.733466625213623,
    17.034268379211426,
    18.65755319595337,
    18.036043643951416,
    17.38591194152832,
    16.743957996368408,
    16.097915172576904,
    16.72760248184204,
    17.06697940826416,
    16.38413667678833,
    15.811693668365479,
    16.122448444366455,
    16.437292098999023,
    15.774893760681152,
    17.009735107421875,
    16.118359565734863,
    15.423250198364258,
    15.754449367523193,
    16.057026386260986,
    15.116584300994873,
    15.42733907699585,
    15.783071517944336,
    14.719963073730469,
    15.034806728363037
  ],
  "timestamps": [
    0.010187387466430664,
    0.04053378105163574,
    0.0708620548248291,
    0.10131263732910156,
    0.13170814514160156,
    0.16206073760986328,
    0.19240593910217285,
    0.2227482795715332,
    0.25308966636657715,
    0.2833895683288574,
    0.3136608600616455,
    0.3439478874206543,
    0.3742854595184326,
    0.4045689105987549,
    0.4347865581512451,
    0.46504664421081543,
    0.4953136444091797,
    0.5255069732666016,
    0.5556726455688477,
    0.5857982635498047,
    0.6159467697143555,
    0.6460139751434326,
    0.6761264801025391,
    0.7061855792999268,
    0.7362461090087891,
    0.766258955001831,
    0.7962727546691895,
    0.8262138366699219,
    0.8561968803405762,
    0.8860974311828613,
    0.9159953594207764,
    0.9459183216094971,
    0.975783109664917,
    1.0056803226470947,
    1.0354876518249512,
    1.0653369426727295,
    1.095198392868042,
    1.1251475811004639,
    1.155027151107788,
    1.1848688125610352,
    1.2146973609924316,
    1.2444469928741455,
    1.2741520404815674,
    1.3038413524627686,
    1.333582878112793,
    1.363304853439331,
    1.392963171005249,
    1.4226086139678955,
    1.452282428741455,
    1.4819388389587402,
    1.5116209983825684,
    1.5412700176239014,
    1.5709753036499023,
    1.600639820098877,
    1.6303019523620605,
    1.6598434448242188,
    1.6893489360809326,
    1.7188293933868408,
    1.7482633590698242,
    1.777724266052246,
    1.807145595550537,
    1.836592674255371,
    1.8660295009613037,
    1.8954179286956787,
    1.9247660636901855,
    1.9540934562683105,
    1.9834058284759521,
    2.0127391815185547,
    2.0420072078704834,
    2.071289300918579,
    2.100625991821289,
    2.130011796951294,
    2.1592886447906494,
    2.1886343955993652,
    2.2179179191589355,
    2.2471256256103516,
    2.276371955871582,
    2.30564284324646,
    2.334801435470581,
    2.3639168739318848,
    2.393015146255493,
    2.4221303462982178,
    2.4512240886688232,
    2.4804844856262207,
    2.5095291137695312,
    2.538586139678955,
    2.567662477493286,
    2.5969574451446533,
    2.626197338104248,
    2.6553447246551514,
    2.684507369995117,
    2.713533639907837,
    2.7425293922424316,
    2.771536111831665,
    2.800529956817627,
    2.829519033432007,
    2.8586349487304688,
    2.8875629901885986,
    2.9164960384368896,
    2.945507287979126,
    2.974379301071167,
    3.003243923187256,
    3.032144784927368,
    3.061174154281616,
    3.090090274810791,
    3.1190567016601562,
    3.147883176803589,
    3.176703691482544,
    3.2055351734161377,
    3.234435558319092,
    3.263223886489868,
    3.2920124530792236,
    3.320798397064209,
    3.3495421409606934,
    3.3782944679260254,
    3.407006025314331,
    3.435727119445801,
    3.4644110202789307,
    3.493121862411499,
    3.5218873023986816,
    3.550550699234009,
    3.5792319774627686,
    3.607964038848877,
    3.636617660522461,
    3.6652987003326416,
    3.693936347961426,
    3.7225496768951416,
    3.7511329650878906,
    3.7798192501068115,
    3.8084638118743896,
    3.8371076583862305,
    3.86565899848938,
    3.8941681385040283,
    3.9227232933044434,
    3.9513156414031982,
    3.979870557785034,
    4.008383512496948,
    4.036947965621948,
    4.065479755401611,
    4.09404182434082,
    4.122806787490845,
    4.151399612426758,
    4.179886341094971,
    4.208381652832031,
    4.236884832382202,
    4.265319347381592,
    4.293768405914307,
    4.322288513183594,
    4.35072135925293,
    4.379171133041382
  ]
}