{
  "gesture_id": 1,
  "gesture_name": "push",
  "timestamp": "2025-12-24T13:02:26.945196",
  "sample_rate": 50,
  "duration": 3.0,
  "distances": [
    32.616984844207764,
    32.142674922943115,
    32.92365074157715,
    32.91956186294556,
    32.38391876220703,
    32.3512077331543,
    32.42889642715454,
    32.412540912628174,
    33.168983459472656,
    32.6987624168396,
    32.12631940841675,
    32.412540912628174,
    32.17129707336426,
    31.345343589782715,
    31.324899196624756,
    31.341254711151123,
    30.03690242767334,
    29.53805923461914,
    29.521703720092773,
    28.953349590301514,
    28.425884246826172,
    29.529881477355957,
    26.659488677978516,
    26.062512397766113,
    25.498247146606445,
    25.428736209869385,
    25.457358360290527,
    24.296116828918457,
    23.952651023864746,
    23.637807369232178,
    23.359763622283936,
    25.731313228607178,
    22.497010231018066,
    24.835848808288574,
    22.52563238143921,
    23.12260866165161,
    22.517454624176025,
    22.247588634490967,
    21.52385711669922,
    22.20669984817505,
    20.61612606048584,
    20.27674913406372,
    19.945549964904785,
    19.626617431640625,
    20.268571376800537,
    19.916927814483643,
    19.647061824798584,
    19.34448480606079,
    18.947863578796387,
    18.350887298583984,
    18.011510372161865,
    18.645286560058594,
    18.027865886688232,
    17.349112033843994,
    16.743957996368408,
    17.36137866973877,
    16.711246967315674,
    16.081559658050537,
    16.715335845947266,
    17.026090621948242,
    16.43320322036743,
    15.79124927520752,
    16.11018180847168,
    16.40458106994629,
    17.0465350151062,
    16.437292098999023,
    15.72582721710205,
    15.096139907836914,
    14.388763904571533,
    15.092051029205322,
    14.33560848236084,
    15.435516834259033,
    14.740407466888428,
    14.045298099517822,
    13.374722003936768,
    12.642812728881836,
    13.395166397094727,
    12.295258045196533,
    13.010811805725098,
    13.669121265411377,
    12.687790393829346,
    13.01490068435669,
    12.03765869140625,
    11.277127265930176,
    11.616504192352295,
    10.594284534454346,
    11.28530502319336,
    10.299885272979736,
    12.336146831512451,
    11.313927173614502,
    10.606551170349121,
    11.28530502319336,
    10.299885272979736,
    9.576153755187988,
    10.23855209350586,
    11.334371566772461,
    8.876955509185791,
    9.21633243560791,
    9.78468656539917,
    10.226285457611084,
    9.249043464660645,
    9.567975997924805,
    8.545756340026855,
    9.204065799713135,
    9.600687026977539,
    9.915530681610107,
    8.50895643234253,
    8.50895643234253,
    7.535803318023682,
    7.879269123077393,
    8.230912685394287,
    8.50895643234253,
    7.883358001708984,
    7.229137420654297,
    7.887446880340576,
    9.927797317504883,
    8.562111854553223,
    8.938288688659668,
    8.848333358764648,
    9.257221221923828,
    7.879269123077393,
    9.584331512451172,
    9.927797317504883,
    8.570289611816406,
    35.72862148284912,
    16.40866994857788,
    8.885133266448975,
    9.543442726135254,
    9.948241710662842,
    8.545756340026855,
    9.232687950134277,
    9.567975997924805,
    9.862375259399414,
    5.892074108123779,
    6.223273277282715,
    6.591272354125977,
    16.04475975036621,
    5.544519424438477,
    10.287618637084961,
    4.628610610961914,
    4.927098751068115,
    5.286920070648193,
    4.244256019592285,
    5.560874938964844,
    4.612255096435547,
    4.604077339172363,
    4.955720901489258,
    7.891535758972168,
    3.945767879486084,
    4.305589199066162
  ],
  "timestamps": [
    0.009367227554321289,
    0.038899898529052734,
    0.06854534149169922,
    0.09827256202697754,
    0.1277785301208496,
    0.15723133087158203,
    0.18668246269226074,
    0.21617865562438965,
    0.24567914009094238,
    0.27513909339904785,
    0.3045647144317627,
    0.33400464057922363,
    0.36343860626220703,
    0.3928971290588379,
    0.4223039150238037,
    0.4517037868499756,
    0.48102712631225586,
    0.5103111267089844,
    0.5396482944488525,
    0.5689048767089844,
    0.5981340408325195,
    0.6274363994598389,
    0.6565799713134766,
    0.6856701374053955,
    0.7147154808044434,
    0.743750810623169,
    0.7727789878845215,
    0.8017537593841553,
    0.8307163715362549,
    0.8596627712249756,
    0.8885922431945801,
    0.9176931381225586,
    0.9465577602386475,
    0.9755661487579346,
    1.0044455528259277,
    1.033370018005371,
    1.0623133182525635,
    1.09140944480896,
    1.120326280593872,
    1.1492037773132324,
    1.1779582500457764,
    1.2067058086395264,
    1.2354440689086914,
    1.2641785144805908,
    1.2929260730743408,
    1.3216960430145264,
    1.350391149520874,
    1.3790605068206787,
    1.4077606201171875,
    1.436403512954712,
    1.4650192260742188,
    1.4936740398406982,
    1.5222852230072021,
    1.5508623123168945,
    1.5794014930725098,
    1.60799241065979,
    1.6365303993225098,
    1.6650152206420898,
    1.693533182144165,
    1.7220826148986816,
    1.750615119934082,
    1.779102087020874,
    1.8076038360595703,
    1.8361186981201172,
    1.8646578788757324,
    1.8931593894958496,
    1.9216337203979492,
    1.950080394744873,
    1.978484869003296,
    2.0069258213043213,
    2.0353143215179443,
    2.0638556480407715,
    2.0924134254455566,
    2.121173620223999,
    2.149688243865967,
    2.178013324737549,
    2.206374406814575,
    2.2346627712249756,
    2.2629711627960205,
    2.291311502456665,
    2.319607734680176,
    2.3479411602020264,
    2.3762190341949463,
    2.4045634269714355,
    2.4328129291534424,
    2.461000442504883,
    2.489222526550293,
    2.517409324645996,
    2.5457756519317627,
    2.574014902114868,
    2.6022019386291504,
    2.6304335594177246,
    2.6586050987243652,
    2.6867337226867676,
    2.714897632598877,
    2.7431259155273438,
    2.7712082862854004,
    2.799307107925415,
    2.8275063037872314,
    2.8556718826293945,
    2.883774995803833,
    2.9118990898132324,
    2.9399702548980713,
    2.96807599067688,
    2.9962053298950195,
    3.0243477821350098,
    3.052412748336792,
    3.0805742740631104,
    3.108712911605835,
    3.136833429336548,
    3.1649160385131836,
    3.1930220127105713,
    3.2210841178894043,
    3.249114990234375,
    3.277176856994629,
    3.3053486347198486,
    3.333437204360962,
    3.361551523208618,
    3.389657974243164,
    3.417792558670044,
    3.445852279663086,
    3.474001169204712,
    3.502166748046875,
    3.5302634239196777,
    3.559938430786133,
    3.5885112285614014,
    3.6166279315948486,
    3.644789457321167,
    3.672966718673706,
    3.701061487197876,
    3.7291946411132812,
    3.75734281539917,
    3.7855069637298584,
    3.8134467601776123,
    3.8413965702056885,
    3.8693740367889404,
    3.897900342941284,
    3.9258172512054443,
    3.9540085792541504,
    3.981884002685547,
    4.009764909744263,
    4.037669658660889,
    4.065585374832153,
    4.093681573867798,
    4.121582984924316,
    4.149469614028931,
    4.177354574203491,
    4.205493688583374,
    4.233337640762329,
    4.261192798614502
  ]
}