{
  "gesture_id": 1,
  "gesture_name": "push",
  "timestamp": "2025-12-23T15:17:35.213392",
  "sample_rate": 50,
  "duration": 3.0,
  "distances": [
    46.2084174156189,
    46.20023965835571,
    45.15348672866821,
    45.2107310295105,
    46.99348211288452,
    46.613216400146484,
    46.64183855056763,
    46.56006097793579,
    45.9589958190918,
    46.15117311477661,
    44.98175382614136,
    44.54833269119263,
    44.12308931350708,
    43.178558349609375,
    43.14584732055664,
    42.974114418029785,
    42.070472240448,
    41.05234146118164,
    41.338562965393066,
    40.41447639465332,
    40.14869928359985,
    38.77483606338501,
    38.54994773864746,
    39.24914598464966,
    37.38052845001221,
    36.46053075790405,
    36.010754108428955,
    35.45057773590088,
    35.466933250427246,
    34.98035669326782,
    34.1952919960022,
    34.166669845581055,
    34.17075872421265,
    34.71866846084595,
    34.690046310424805,
    33.38569402694702,
    33.42658281326294,
    33.38160514831543,
    32.65787363052368,
    31.848275661468506,
    31.05912208557129,
    30.26587963104248,
    30.78516721725464,
    30.028724670410156,
    30.01645803451538,
    29.235482215881348,
    29.746592044830322,
    28.92063856124878,
    29.46854829788208,
    27.771663665771484,
    27.477264404296875,
    27.227842807769775,
    26.87619924545288,
    27.505886554718018,
    28.94108295440674,
    30.03690242767334,
    27.199220657348633,
    30.01236915588379,
    25.432825088500977,
    26.908910274505615,
    25.408291816711426,
    24.242961406707764,
    26.58179998397827,
    24.275672435760498,
    26.573622226715088,
    23.39247465133667,
    26.618599891662598,
    22.50518798828125,
    23.110342025756836,
    24.570071697235107,
    22.227144241333008,
    21.89185619354248,
    22.4806547164917,
    20.91052532196045,
    20.587503910064697,
    21.270346641540527,
    21.908211708068848,
    21.217191219329834,
    20.56705951690674,
    19.945549964904785,
    19.332218170166016,
    19.61435079574585,
    18.93150806427002,
    18.350887298583984,
    18.690264225006104,
    19.29950714111328,
    18.29773187637329,
    19.009196758270264,
    18.346798419952393,
    18.68208646774292,
    18.00333261489868,
    17.034268379211426,
    17.713022232055664,
    17.058801651000977,
    17.708933353424072,
    17.08742380142212,
    16.72760248184204,
    16.375958919525146,
    17.038357257843018,
    16.416847705841064,
    16.11427068710327,
    15.439605712890625,
    16.057026386260986,
    15.742182731628418,
    15.40689468383789,
    17.06289052963257,
    15.075695514678955,
    14.401030540466309,
    15.030717849731445,
    14.049386978149414,
    14.728140830993652,
    15.447783470153809,
    15.74627161026001,
    14.719963073730469,
    15.386450290679932,
    14.413297176361084,
    16.08564853668213,
    14.049386978149414,
    14.707696437835693,
    13.681387901306152,
    14.401030540466309,
    13.726365566253662,
    12.646901607513428,
    11.951792240142822,
    12.65099048614502,
    11.641037464141846,
    12.3116135597229,
    11.252593994140625,
    11.94770336151123,
    10.958194732666016,
    10.254907608032227,
    10.586106777191162,
    10.962283611297607,
    11.641037464141846,
    9.224510192871094,
    11.33028268814087,
    8.860599994659424,
    10.941839218139648,
    8.521223068237305,
    8.938288688659668,
    9.21633243560791,
    9.62522029876709,
    8.529400825500488,
    8.85242223739624,
    9.249043464660645,
    9.543442726135254,
    8.562111854553223,
    9.253132343292236,
    8.206379413604736,
    8.562111854553223
  ],
  "timestamps": [
    0.010157346725463867,
    0.040517568588256836,
    0.07077836990356445,
    0.1010277271270752,
    0.13137173652648926,
    0.1616969108581543,
    0.19200396537780762,
    0.22230863571166992,
    0.2525653839111328,
    0.2828500270843506,
    0.31302523612976074,
    0.3431587219238281,
    0.3732788562774658,
    0.4033212661743164,
    0.4333925247192383,
    0.46344876289367676,
    0.49344658851623535,
    0.5233712196350098,
    0.5533273220062256,
    0.5832257270812988,
    0.6131126880645752,
    0.6429660320281982,
    0.6728475093841553,
    0.702725887298584,
    0.7324965000152588,
    0.762176513671875,
    0.7918295860290527,
    0.8214471340179443,
    0.8510622978210449,
    0.8806478977203369,
    0.9102089405059814,
    0.9397482872009277,
    0.9693009853363037,
    0.998868465423584,
    1.0284333229064941,
    1.0579230785369873,
    1.0874192714691162,
    1.1169285774230957,
    1.146423578262329,
    1.1758489608764648,
    1.2052359580993652,
    1.2345495223999023,
    1.2640180587768555,
    1.2933399677276611,
    1.3226377964019775,
    1.3518924713134766,
    1.3811774253845215,
    1.4104316234588623,
    1.4398000240325928,
    1.4690120220184326,
    1.4981839656829834,
    1.5273377895355225,
    1.5564537048339844,
    1.5856075286865234,
    1.6148490905761719,
    1.644261360168457,
    1.673459768295288,
    1.7027702331542969,
    1.7318127155303955,
    1.760930061340332,
    1.78995943069458,
    1.8189213275909424,
    1.8480477333068848,
    1.8770415782928467,
    1.9061603546142578,
    1.9350826740264893,
    1.964179277420044,
    1.9930384159088135,
    2.0219297409057617,
    2.050921678543091,
    2.0797605514526367,
    2.1086039543151855,
    2.137476682662964,
    2.166278839111328,
    2.1950459480285645,
    2.223855972290039,
    2.252741575241089,
    2.281534194946289,
    2.3102779388427734,
    2.338998317718506,
    2.3676915168762207,
    2.396423816680908,
    2.4250972270965576,
    2.453768014907837,
    2.482405185699463,
    2.511075496673584,
    2.5397133827209473,
    2.5684165954589844,
    2.597052812576294,
    2.62577486038208,
    2.6545491218566895,
    2.6831398010253906,
    2.7117536067962646,
    2.740349292755127,
    2.768954038619995,
    2.7975142002105713,
    2.8260529041290283,
    2.854565143585205,
    2.883103370666504,
    2.9116039276123047,
    2.940098285675049,
    2.968574285507202,
    2.9970879554748535,
    3.025576114654541,
    3.0540339946746826,
    3.082578659057617,
    3.1110057830810547,
    3.13944149017334,
    3.1679089069366455,
    3.1963038444519043,
    3.2247395515441895,
    3.2532010078430176,
    3.2816734313964844,
    3.3100805282592773,
    3.3385276794433594,
    3.3669159412384033,
    3.395395517349243,
    3.4237630367279053,
    3.4522078037261963,
    3.4805736541748047,
    3.5090372562408447,
    3.5374045372009277,
    3.5658364295959473,
    3.5941007137298584,
    3.6224608421325684,
    3.6508851051330566,
    3.679215431213379,
    3.707456350326538,
    3.7357442378997803,
    3.763998508453369,
    3.792170524597168,
    3.8203601837158203,
    3.848569631576538,
    3.8768088817596436,
    3.9048943519592285,
    3.9331047534942627,
    3.9612317085266113,
    3.9894444942474365,
    4.017514228820801,
    4.045602321624756,
    4.073709964752197,
    4.1018455028533936,
    4.1299169063568115,
    4.158012628555298,
    4.186269998550415,
    4.214413642883301,
    4.2424867153167725,
    4.270599126815796,
    4.298649072647095,
    4.32671594619751
  ]
}