{
  "gesture_id": 1,
  "gesture_name": "push",
  "timestamp": "2025-12-24T13:05:43.424339",
  "sample_rate": 50,
  "duration": 3.0,
  "distances": [
    54.987239837646484,
    54.45977449417114,
    54.762351512908936,
    54.59470748901367,
    54.40661907196045,
    53.740131855010986,
    54.42706346511841,
    53.740131855010986,
    53.74422073364258,
    54.26759719848633,
    53.3843994140625,
    53.40893268585205,
    52.56253480911255,
    53.895509243011475,
    52.20680236816406,
    50.99649429321289,
    50.51400661468506,
    49.9456524848938,
    48.60450029373169,
    49.029743671417236,
    47.24699258804321,
    46.842193603515625,
    46.821749210357666,
    46.44557237625122,
    45.9589958190918,
    46.412861347198486,
    46.8053936958313,
    44.96948719024658,
    44.98584270477295,
    45.37837505340576,
    43.154025077819824,
    43.562912940979004,
    42.98229217529297,
    41.608428955078125,
    40.655720233917236,
    41.334474086761475,
    39.98923301696777,
    39.54354524612427,
    40.20594358444214,
    39.29821252822876,
    38.37003707885742,
    37.879371643066406,
    37.88754940032959,
    37.41323947906494,
    37.854838371276855,
    36.239731311798096,
    36.25608682632446,
    35.507822036743164,
    36.010754108428955,
    35.262489318847656,
    34.46924686431885,
    34.461069107055664,
    33.68009328842163,
    33.67600440979004,
    32.87867307662964,
    32.895028591156006,
    32.895028591156006,
    32.13040828704834,
    32.13449716567993,
    31.328988075256348,
    31.864631175994873,
    31.03458881378174,
    30.76881170272827,
    30.548012256622314,
    30.76881170272827,
    30.253612995147705,
    30.523478984832764,
    29.484903812408447,
    29.73841428756714,
    29.99192476272583,
    29.734325408935547,
    29.505348205566406,
    29.2600154876709,
    28.932905197143555,
    29.509437084197998,
    27.75939702987671,
    28.360462188720703,
    26.62268877029419,
    29.72205877304077,
    26.299667358398438,
    27.800285816192627,
    27.493619918823242,
    26.344645023345947,
    26.017534732818604,
    26.585888862609863,
    46.62957191467285,
    25.445091724395752,
    46.204328536987305,
    25.21202564239502,
    24.85220432281494,
    24.606871604919434,
    28.049707412719727,
    22.537899017333984,
    22.223055362701416,
    21.89185619354248,
    22.517454624176025,
    20.930969715118408,
    20.280838012695312,
    19.6388840675354,
    20.235860347747803,
    20.918703079223633,
    19.31586265563965,
    19.31995153427124,
    21.24990224838257,
    19.626617431640625,
    44.23348903656006,
    20.967769622802734,
    18.784308433532715,
    17.079246044158936,
    17.70484447479248,
    17.107868194580078,
    17.70484447479248,
    16.106092929840088,
    16.752135753631592,
    16.416847705841064,
    16.102004051208496,
    16.776669025421143,
    15.74627161026001,
    15.415072441101074,
    13.74272108078003,
    14.74449634552002,
    14.069831371307373,
    13.718187808990479,
    13.346099853515625,
    12.667346000671387,
    13.37881088256836,
    12.671434879302979,
    12.781834602355957,
    12.687790393829346,
    11.988592147827148,
    12.687790393829346,
    11.996769905090332,
    10.933661460876465,
    10.28352975845337,
    10.9663724899292,
    10.275352001190186,
    9.58024263381958,
    8.94237756729126,
    9.600687026977539,
    10.267174243927002,
    9.240865707397461,
    8.541667461395264,
    9.26131010055542,
    9.935975074768066,
    8.9219331741333,
    8.21455717086792,
    8.513045310974121,
    7.899713516235352,
    8.181846141815186,
    6.231451034545898
  ],
  "timestamps": [
    0.01067209243774414,
    0.04152345657348633,
    0.07236719131469727,
    0.10314345359802246,
    0.13389015197753906,
    0.16460466384887695,
    0.1953439712524414,
    0.226057767868042,
    0.2567474842071533,
    0.2874612808227539,
    0.31810665130615234,
    0.3487710952758789,
    0.37940382957458496,
    0.4100830554962158,
    0.44069981575012207,
    0.4712400436401367,
    0.5017082691192627,
    0.5321576595306396,
    0.5625057220458984,
    0.5929076671600342,
    0.6232149600982666,
    0.6534767150878906,
    0.6837704181671143,
    0.7140953540802002,
    0.7444291114807129,
    0.7746965885162354,
    0.8049960136413574,
    0.8351738452911377,
    0.8653178215026855,
    0.8955059051513672,
    0.925553560256958,
    0.9556605815887451,
    0.9857165813446045,
    1.01570725440979,
    1.0456266403198242,
    1.0755815505981445,
    1.1054558753967285,
    1.1353063583374023,
    1.1651923656463623,
    1.1950435638427734,
    1.2248542308807373,
    1.2546157836914062,
    1.284374475479126,
    1.3141002655029297,
    1.3438572883605957,
    1.373516321182251,
    1.403200387954712,
    1.4328196048736572,
    1.4624824523925781,
    1.4921026229858398,
    1.521662712097168,
    1.5512175559997559,
    1.5807256698608398,
    1.6102609634399414,
    1.6397266387939453,
    1.6691901683807373,
    1.6987574100494385,
    1.7283351421356201,
    1.757793664932251,
    1.787172555923462,
    1.816584825515747,
    1.845973014831543,
    1.8753342628479004,
    1.9046847820281982,
    1.934037685394287,
    1.9633755683898926,
    1.992703914642334,
    2.0220232009887695,
    2.051327705383301,
    2.080641508102417,
    2.1099376678466797,
    2.1392102241516113,
    2.168461322784424,
    2.197723150253296,
    2.2270636558532715,
    2.256279468536377,
    2.285506010055542,
    2.314629316329956,
    2.3439199924468994,
    2.372999429702759,
    2.4021642208099365,
    2.4313132762908936,
    2.4604074954986572,
    2.489488363265991,
    2.518584728240967,
    2.548907518386841,
    2.577962875366211,
    2.608245849609375,
    2.637281656265259,
    2.666287899017334,
    2.695345401763916,
    2.724743604660034,
    2.753648281097412,
    2.7825100421905518,
    2.811338186264038,
    2.840211868286133,
    2.868985176086426,
    2.8977251052856445,
    2.9264204502105713,
    2.9551658630371094,
    2.9839625358581543,
    3.012664556503296,
    3.0413615703582764,
    3.0701541900634766,
    3.0988423824310303,
    3.128965139389038,
    3.1577346324920654,
    3.1864216327667236,
    3.215007781982422,
    3.243623733520508,
    3.2721786499023438,
    3.3007609844207764,
    3.3292486667633057,
    3.3578224182128906,
    3.386345386505127,
    3.414863109588623,
    3.4434099197387695,
    3.471914768218994,
    3.5003838539123535,
    3.528754234313965,
    3.5571846961975098,
    3.5855605602264404,
    3.613905429840088,
    3.6422271728515625,
    3.670529365539551,
    3.698970079421997,
    3.7274763584136963,
    3.7560815811157227,
    3.7844998836517334,
    3.812822103500366,
    3.841187000274658,
    3.869500160217285,
    3.897714138031006,
    3.925882577896118,
    3.9540884494781494,
    3.9822611808776855,
    4.010389804840088,
    4.038511276245117,
    4.066643238067627,
    4.094820022583008,
    4.122926235198975,
    4.150991201400757,
    4.179100275039673,
    4.207248210906982,
    4.235334396362305,
    4.263383150100708,
    4.291454315185547,
    4.319485664367676,
    4.347533464431763,
    4.37546706199646
  ]
}