{
  "gesture_id": 1,
  "gesture_name": "push",
  "timestamp": "2025-12-23T15:22:02.942429",
  "sample_rate": 50,
  "duration": 3.0,
  "distances": [
    51.81018114089966,
    52.693378925323486,
    53.376221656799316,
    51.99826955795288,
    52.38262414932251,
    51.83062553405762,
    51.3399600982666,
    51.667070388793945,
    51.47489309310913,
    51.83062553405762,
    51.65480375289917,
    51.483070850372314,
    51.691603660583496,
    51.30724906921387,
    50.984227657318115,
    51.822447776794434,
    51.168227195739746,
    51.49533748626709,
    55.29390573501587,
    49.80663061141968,
    49.02156591415405,
    48.596322536468506,
    48.158812522888184,
    46.76450490951538,
    47.17339277267456,
    45.79135179519653,
    46.617305278778076,
    44.76504325866699,
    44.773221015930176,
    44.78548765182495,
    44.33571100234985,
    44.33571100234985,
    43.50566864013672,
    43.14993619918823,
    43.57517957687378,
    43.59971284866333,
    45.178020000457764,
    46.58050537109375,
    45.37837505340576,
    44.17624473571777,
    46.384239196777344,
    44.769132137298584,
    43.55064630508423,
    43.158113956451416,
    44.589221477508545,
    41.55936241149902,
    42.93731451034546,
    41.80060625076294,
    40.15687704086304,
    38.54176998138428,
    39.98923301696777,
    39.73163366317749,
    49.40592050552368,
    37.47457265853882,
    36.239731311798096,
    36.035287380218506,
    36.31742000579834,
    36.00666522979736,
    34.98035669326782,
    34.71866846084595,
    34.99671220779419,
    35.307466983795166,
    34.17075872421265,
    34.47742462158203,
    33.43067169189453,
    33.72098207473755,
    32.666051387786865,
    32.890939712524414,
    32.63334035873413,
    31.55796527862549,
    31.848275661468506,
    32.10996389389038,
    31.893253326416016,
    30.81378936767578,
    31.88098669052124,
    30.81378936767578,
    30.552101135253906,
    30.772900581359863,
    30.53574562072754,
    30.572545528411865,
    29.771125316619873,
    30.04099130630493,
    30.282235145568848,
    30.024635791778564,
    30.302679538726807,
    30.01645803451538,
    28.928816318511963,
    30.01645803451538,
    30.237257480621338,
    29.2600154876709,
    28.667128086090088,
    29.754769802093506,
    27.800285816192627,
    29.231393337249756,
    29.497170448303223,
    28.67121696472168,
    29.2600154876709,
    26.050245761871338,
    26.634955406188965,
    26.025712490081787,
    25.702691078186035,
    27.219665050506592,
    28.658950328826904,
    25.481891632080078,
    26.868021488189697,
    25.449180603027344,
    24.86855983734131,
    24.287939071655273,
    24.860382080078125,
    30.249524116516113,
    31.83192014694214,
    29.521703720092773,
    24.545538425445557,
    28.654861450195312,
    23.658251762390137,
    26.046156883239746,
    23.715496063232422,
    27.779841423034668,
    26.361000537872314,
    43.60380172729492,
    43.6160683631897,
    48.60450029373169,
    26.90073251724243,
    22.501099109649658,
    22.82412052154541,
    20.89008092880249,
    21.221280097961426,
    20.59159278869629,
    19.6388840675354,
    21.24990224838257,
    19.287240505218506,
    19.651150703430176,
    19.95781660079956,
    19.27088499069214,
    18.301820755004883,
    19.00101900100708,
    19.34448480606079,
    17.897021770477295,
    18.02377700805664,
    18.3427095413208,
    17.717111110687256,
    17.107868194580078,
    18.690264225006104,
    18.02377700805664,
    17.398178577423096,
    16.76849126815796,
    16.057026386260986,
    16.38004779815674,
    15.79124927520752,
    16.20422601699829
  ],
  "timestamps": [
    0.010478019714355469,
    0.041229248046875,
    0.07199501991271973,
    0.1026144027709961,
    0.13324451446533203,
    0.16380810737609863,
    0.1943798065185547,
    0.224961519241333,
    0.25552868843078613,
    0.2861337661743164,
    0.31668710708618164,
    0.34723854064941406,
    0.3778202533721924,
    0.408402681350708,
    0.43894481658935547,
    0.46953415870666504,
    0.5001134872436523,
    0.5307116508483887,
    0.5615103244781494,
    0.5919997692108154,
    0.6224274635314941,
    0.6528403759002686,
    0.6832282543182373,
    0.7135801315307617,
    0.7439062595367432,
    0.7741274833679199,
    0.8044097423553467,
    0.8346595764160156,
    0.8649876117706299,
    0.8951625823974609,
    0.9254519939422607,
    0.955610990524292,
    0.9858188629150391,
    1.0160300731658936,
    1.046508550643921,
    1.0766782760620117,
    1.1068933010101318,
    1.1371715068817139,
    1.1673548221588135,
    1.1975080966949463,
    1.2277436256408691,
    1.2579190731048584,
    1.2879986763000488,
    1.3180642127990723,
    1.3481907844543457,
    1.378157377243042,
    1.4081881046295166,
    1.43817138671875,
    1.4680392742156982,
    1.497838020324707,
    1.5277135372161865,
    1.557579755783081,
    1.588003158569336,
    1.6177594661712646,
    1.6474003791809082,
    1.6770517826080322,
    1.7066922187805176,
    1.7363417148590088,
    1.7659311294555664,
    1.795485496520996,
    1.8250882625579834,
    1.8547086715698242,
    1.884247064590454,
    1.913804292678833,
    1.9432990550994873,
    1.9727818965911865,
    2.0022552013397217,
    2.031802177429199,
    2.0612728595733643,
    2.090670585632324,
    2.1200780868530273,
    2.1495108604431152,
    2.178946018218994,
    2.2083139419555664,
    2.2377614974975586,
    2.267148017883301,
    2.2965173721313477,
    2.325880765914917,
    2.355221748352051,
    2.3845698833465576,
    2.4138343334198,
    2.443118095397949,
    2.4724302291870117,
    2.50173282623291,
    2.531038284301758,
    2.5603408813476562,
    2.5895743370056152,
    2.6188509464263916,
    2.648160457611084,
    2.677414894104004,
    2.7066125869750977,
    2.7358968257904053,
    2.7650651931762695,
    2.7942981719970703,
    2.8235623836517334,
    2.8528401851654053,
    2.882093906402588,
    2.9111828804016113,
    2.9403011798858643,
    2.9693708419799805,
    2.9984519481658936,
    3.027665853500366,
    3.056976318359375,
    3.086042881011963,
    3.1152074337005615,
    3.144270896911621,
    3.1732804775238037,
    3.202232837677002,
    3.2312324047088623,
    3.2605788707733154,
    3.2899768352508545,
    3.3192312717437744,
    3.348207712173462,
    3.3774328231811523,
    3.4063563346862793,
    3.4354419708251953,
    3.464416027069092,
    3.493604898452759,
    3.522690773010254,
    3.5528085231781006,
    3.5828909873962402,
    3.6132731437683105,
    3.642367362976074,
    3.6712279319763184,
    3.700110673904419,
    3.728874444961548,
    3.757636785507202,
    3.786381483078003,
    3.8150787353515625,
    3.8438644409179688,
    3.8726019859313965,
    3.901294708251953,
    3.930006504058838,
    3.958678960800171,
    3.987410306930542,
    4.016302108764648,
    4.045059442520142,
    4.0737080574035645,
    4.102328777313232,
    4.130988597869873,
    4.159576892852783,
    4.18813681602478,
    4.2167956829071045,
    4.245389699935913,
    4.273987054824829,
    4.302546501159668,
    4.3310558795928955,
    4.359577894210815,
    4.3880696296691895,
    4.4165849685668945
  ]
}