{
  "gesture_id": 1,
  "gesture_name": "push",
  "timestamp": "2025-12-24T13:08:39.198713",
  "sample_rate": 50,
  "duration": 3.0,
  "distances": [
    59.00251865386963,
    60.05336046218872,
    59.23149585723877,
    59.21105146408081,
    58.6672306060791,
    59.10065174102783,
    58.97798538208008,
    58.515942096710205,
    58.84714126586914,
    57.812654972076416,
    58.52411985397339,
    59.35416221618652,
    59.08838510513306,
    59.791672229766846,
    57.129812240600586,
    58.25016498565674,
    58.09478759765625,
    58.22563171386719,
    57.23203420639038,
    56.93763494491577,
    57.6695442199707,
    56.96216821670532,
    56.692302227020264,
    56.5737247467041,
    56.73319101333618,
    56.55328035354614,
    56.70047998428345,
    56.52056932449341,
    55.86634874343872,
    54.82368469238281,
    55.51879405975342,
    55.70279359817505,
    55.52288293838501,
    54.831862449645996,
    55.036306381225586,
    54.80324029922485,
    53.31079959869385,
    53.95275354385376,
    54.64377403259277,
    54.52110767364502,
    52.97142267227173,
    53.94866466522217,
    52.93053388595581,
    52.76697874069214,
    52.59115695953369,
    51.936936378479004,
    55.510616302490234,
    51.03738307952881,
    56.68003559112549,
    49.82707500457764,
    49.87205266952515,
    50.002896785736084,
    49.69214200973511,
    49.31596517562866,
    49.483609199523926,
    48.665833473205566,
    49.275076389312744,
    48.09747934341431,
    47.26743698120117,
    47.80716896057129,
    47.07525968551636,
    46.249306201934814,
    47.28788137435913,
    46.044862270355225,
    45.23526430130005,
    46.253395080566406,
    45.43561935424805,
    44.634199142456055,
    43.82869005203247,
    43.407535552978516,
    43.01091432571411,
    42.561137676239014,
    42.52842664718628,
    42.59793758392334,
    42.111361026763916,
    42.062294483184814,
    42.111361026763916,
    42.107272148132324,
    39.98923301696777,
    39.993321895599365,
    39.55172300338745,
    39.56398963928223,
    39.99741077423096,
    40.48807621002197,
    37.96114921569824,
    37.89163827896118,
    44.045400619506836,
    37.45003938674927,
    37.47457265853882,
    36.305153369903564,
    36.29288673400879,
    36.31333112716675,
    44.450199604034424,
    55.011773109436035,
    43.42389106750488,
    47.8521466255188,
    51.213204860687256,
    48.47365617752075,
    33.44293832778931,
    32.69467353820801,
    31.917786598205566,
    32.392096519470215,
    32.13449716567993,
    31.864631175994873,
    31.61112070083618,
    31.361699104309082,
    29.78339195251465,
    30.298590660095215,
    29.509437084197998,
    29.529881477355957,
    29.23957109451294,
    29.51761484146118,
    29.235482215881348,
    28.699839115142822,
    29.223215579986572,
    27.775752544403076,
    29.26410436630249,
    27.83299684524536,
    27.207398414611816,
    27.505886554718018,
    26.933443546295166,
    27.248287200927734,
    28.667128086090088,
    26.344645023345947,
    26.90073251724243,
    28.37681770324707,
    25.16704797744751,
    24.745893478393555,
    25.18749237060547,
    26.606333255767822,
    26.05433464050293,
    24.565982818603516,
    23.993539810180664,
    27.186954021453857,
    23.106253147125244,
    23.678696155548096,
    25.18749237060547,
    45.46833038330078,
    44.01677846908569,
    26.062512397766113,
    24.013984203338623,
    22.533810138702393,
    22.194433212280273,
    25.46553611755371,
    20.939147472381592,
    21.59745693206787,
    20.922791957855225,
    22.55016565322876,
    21.91638946533203,
    21.27443552017212
  ],
  "timestamps": [
    0.010904073715209961,
    0.04213905334472656,
    0.07342052459716797,
    0.10452795028686523,
    0.13565492630004883,
    0.16667795181274414,
    0.19766592979431152,
    0.22903060913085938,
    0.2600088119506836,
    0.29095458984375,
    0.32193660736083984,
    0.3529670238494873,
    0.38396430015563965,
    0.4149808883666992,
    0.4459207057952881,
    0.47687196731567383,
    0.5077908039093018,
    0.5387389659881592,
    0.5696849822998047,
    0.6005403995513916,
    0.6314165592193604,
    0.6622798442840576,
    0.693140983581543,
    0.7239782810211182,
    0.7548549175262451,
    0.785700798034668,
    0.8165538311004639,
    0.847374439239502,
    0.8781673908233643,
    0.9088976383209229,
    0.9396584033966064,
    0.9704422950744629,
    1.0012288093566895,
    1.0320186614990234,
    1.062969446182251,
    1.0938282012939453,
    1.1244947910308838,
    1.1551764011383057,
    1.1859049797058105,
    1.2166543006896973,
    1.247293472290039,
    1.2779905796051025,
    1.3086261749267578,
    1.3392515182495117,
    1.3698866367340088,
    1.4004707336425781,
    1.4312586784362793,
    1.4617910385131836,
    1.4926462173461914,
    1.523097038269043,
    1.553575038909912,
    1.5840709209442139,
    1.6145164966583252,
    1.6449403762817383,
    1.6753664016723633,
    1.7057533264160156,
    1.7361726760864258,
    1.766516923904419,
    1.7968308925628662,
    1.8271615505218506,
    1.8574519157409668,
    1.8876945972442627,
    1.9179964065551758,
    1.9482512474060059,
    1.9784409999847412,
    2.0087034702301025,
    2.0389578342437744,
    2.069276809692383,
    2.0994949340820312,
    2.129654884338379,
    2.1597325801849365,
    2.1897494792938232,
    2.219788074493408,
    2.249803066253662,
    2.279808282852173,
    2.309791088104248,
    2.339801073074341,
    2.3697867393493652,
    2.3996689319610596,
    2.4295504093170166,
    2.4594128131866455,
    2.4892475605010986,
    2.519127607345581,
    2.549032688140869,
    2.5787932872772217,
    2.6085526943206787,
    2.6386542320251465,
    2.668386697769165,
    2.698096752166748,
    2.7277562618255615,
    2.757402181625366,
    2.7870700359344482,
    2.817227840423584,
    2.8479843139648438,
    2.8780460357666016,
    2.9083826541900635,
    2.9389021396636963,
    2.9692769050598145,
    2.9987714290618896,
    3.028230667114258,
    3.0577151775360107,
    3.087217330932617,
    3.11664080619812,
    3.1460530757904053,
    3.1754462718963623,
    3.204805612564087,
    3.234090566635132,
    3.2634050846099854,
    3.292656898498535,
    3.321929931640625,
    3.3511805534362793,
    3.3804426193237305,
    3.409715175628662,
    3.4389662742614746,
    3.468245506286621,
    3.497410535812378,
    3.526664972305298,
    3.555842399597168,
    3.584967851638794,
    3.614145278930664,
    3.643284559249878,
    3.6724188327789307,
    3.701690435409546,
    3.730772018432617,
    3.759889841079712,
    3.7891039848327637,
    3.8181357383728027,
    3.8471717834472656,
    3.876217842102051,
    3.9053773880004883,
    3.9344494342803955,
    3.9634504318237305,
    3.992408514022827,
    4.021564960479736,
    4.050526142120361,
    4.079560041427612,
    4.1086132526397705,
    4.138842344284058,
    4.168964624404907,
    4.198040008544922,
    4.226982831954956,
    4.255841255187988,
    4.284681081771851,
    4.313714265823364,
    4.342478275299072,
    4.371279716491699,
    4.40005898475647,
    4.428944826126099,
    4.457793712615967,
    4.4866042137146
  ]
}