{
  "gesture_id": 1,
  "gesture_name": "push",
  "timestamp": "2025-12-24T13:09:23.691642",
  "sample_rate": 50,
  "duration": 3.0,
  "distances": [
    60.14331579208374,
    61.03469133377075,
    60.89158058166504,
    60.41727066040039,
    60.519492626190186,
    60.29460430145264,
    60.28233766555786,
    60.310959815979004,
    60.196471214294434,
    60.16784906387329,
    60.0124716758728,
    60.30687093734741,
    60.32322645187378,
    59.742605686187744,
    60.05336046218872,
    59.75896120071411,
    58.79398584365845,
    59.89798307418823,
    58.72856378555298,
    59.32145118713379,
    58.630430698394775,
    58.92074108123779,
    58.51185321807861,
    57.7717661857605,
    59.77122783660889,
    57.10119009017944,
    57.80038833618164,
    56.786346435546875,
    56.52874708175659,
    59.02705192565918,
    56.18528127670288,
    56.74545764923096,
    54.97088432312012,
    53.25355529785156,
    55.29799461364746,
    54.24715280532837,
    52.893733978271484,
    54.418885707855225,
    51.871514320373535,
    51.31951570510864,
    52.051424980163574,
    49.822986125946045,
    49.49178695678711,
    49.49996471405029,
    49.47543144226074,
    48.65765571594238,
    47.48414754867554,
    47.05072641372681,
    47.6517915725708,
    46.82992696762085,
    46.47010564804077,
    46.04077339172363,
    46.03668451309204,
    46.49463891983032,
    44.19668912887573,
    43.85322332382202,
    43.39935779571533,
    43.43615770339966,
    43.019092082977295,
    42.12771654129028,
    41.130030155181885,
    40.70887565612793,
    42.30353832244873,
    41.85376167297363,
    39.743900299072266,
    39.776611328125,
    39.80523347854614,
    38.603103160858154,
    38.149237632751465,
    38.15332651138306,
    38.63581418991089,
    38.63581418991089,
    38.603103160858154,
    37.691283226013184,
    36.05982065200806,
    36.0393762588501,
    36.06799840927124,
    34.759557247161865,
    33.986759185791016,
    33.99902582168579,
    33.20578336715698,
    33.20169448852539,
    32.37574100494385,
    32.91138410568237,
    32.17538595199585,
    43.8654899597168,
    36.32559776306152,
    32.13449716567993,
    31.3535213470459,
    29.78339195251465,
    29.53397035598755,
    29.210948944091797,
    29.002416133880615,
    30.032813549041748,
    29.799747467041016,
    28.708016872406006,
    29.235482215881348,
    27.775752544403076,
    29.750680923461914,
    26.94571018218994,
    29.81201410293579,
    26.904821395874023,
    26.651310920715332,
    26.35282278060913,
    26.042068004608154,
    25.723135471343994,
    25.481891632080078,
    26.025712490081787,
    25.751757621765137,
    24.561893939971924,
    24.320650100708008,
    24.013984203338623,
    25.473713874816895,
    24.018073081970215,
    24.561893939971924,
    24.00580644607544,
    22.832298278808594,
    22.546076774597168,
    22.856831550598145,
    23.37203025817871,
    22.832298278808594,
    22.178077697753906,
    21.55247926712036,
    21.241724491119385,
    22.214877605438232,
    38.37003707885742,
    37.42959499359131,
    22.218966484069824,
    21.585190296173096,
    20.930969715118408,
    21.577012538909912,
    20.943236351013184,
    20.289015769958496,
    19.642972946166992,
    19.974172115325928,
    19.307684898376465,
    18.714797496795654,
    18.056488037109375,
    17.40635633468628,
    18.031954765319824,
    18.38768720626831,
    17.68440008163452,
    16.739869117736816,
    17.054712772369385,
    17.696666717529297,
    17.04244613647461,
    16.425025463104248,
    17.06289052963257,
    16.077470779418945,
    16.690802574157715
  ],
  "timestamps": [
    0.01097249984741211,
    0.04238295555114746,
    0.0736846923828125,
    0.10481667518615723,
    0.13592791557312012,
    0.16701698303222656,
    0.19808435440063477,
    0.22913432121276855,
    0.260174036026001,
    0.2912254333496094,
    0.3222784996032715,
    0.35334253311157227,
    0.38442444801330566,
    0.41545557975769043,
    0.4465057849884033,
    0.4775247573852539,
    0.5085747241973877,
    0.5397448539733887,
    0.5707435607910156,
    0.6017696857452393,
    0.6327424049377441,
    0.6637265682220459,
    0.6947073936462402,
    0.7256307601928711,
    0.7566921710968018,
    0.7875757217407227,
    0.8184878826141357,
    0.8493328094482422,
    0.8801579475402832,
    0.9111313819885254,
    0.9419572353363037,
    0.9728212356567383,
    1.0035758018493652,
    1.0342381000518799,
    1.0650088787078857,
    1.0957183837890625,
    1.1263554096221924,
    1.157080888748169,
    1.1876413822174072,
    1.2181992530822754,
    1.2487869262695312,
    1.2792415618896484,
    1.3096964359283447,
    1.3401620388031006,
    1.3706104755401611,
    1.4009981155395508,
    1.4313230514526367,
    1.4616284370422363,
    1.4919421672821045,
    1.5222644805908203,
    1.552593469619751,
    1.5828466415405273,
    1.6131014823913574,
    1.6433889865875244,
    1.6735239028930664,
    1.7036278247833252,
    1.7337498664855957,
    1.7638351917266846,
    1.7938928604125977,
    1.8238954544067383,
    1.8538391590118408,
    1.883770227432251,
    1.9137837886810303,
    1.943774938583374,
    1.9736511707305908,
    2.0035200119018555,
    2.0333940982818604,
    2.0631942749023438,
    2.0929644107818604,
    2.122758388519287,
    2.152578830718994,
    2.182379961013794,
    2.2121903896331787,
    2.2419447898864746,
    2.2716028690338135,
    2.301251173019409,
    2.3309030532836914,
    2.3604962825775146,
    2.3900270462036133,
    2.4195563793182373,
    2.4490551948547363,
    2.4785728454589844,
    2.5081264972686768,
    2.537808895111084,
    2.567290782928467,
    2.597407579421997,
    2.6270782947540283,
    2.656506061553955,
    2.685880184173584,
    2.7151641845703125,
    2.744478940963745,
    2.7738192081451416,
    2.8031036853790283,
    2.8324522972106934,
    2.861751079559326,
    2.8909780979156494,
    2.920229196548462,
    2.9493961334228516,
    2.978701114654541,
    3.007821798324585,
    3.037109851837158,
    3.0662405490875244,
    3.095364570617676,
    3.1244659423828125,
    3.153552532196045,
    3.1826157569885254,
    3.2116665840148926,
    3.240772008895874,
    3.2698256969451904,
    3.298807144165039,
    3.3277688026428223,
    3.356712818145752,
    3.3857486248016357,
    3.4146957397460938,
    3.4437084197998047,
    3.472696304321289,
    3.5016512870788574,
    3.530648946762085,
    3.559626579284668,
    3.5887084007263184,
    3.617633581161499,
    3.64650821685791,
    3.6753482818603516,
    3.7041866779327393,
    3.7330756187438965,
    3.762911081314087,
    3.792677879333496,
    3.821547508239746,
    3.850386381149292,
    3.879199743270874,
    3.908052921295166,
    3.936873435974121,
    3.9656577110290527,
    3.994387626647949,
    4.023127794265747,
    4.051831483840942,
    4.080490350723267,
    4.109120845794678,
    4.137700080871582,
    4.1663243770599365,
    4.194976568222046,
    4.223603963851929,
    4.252197742462158,
    4.280769109725952,
    4.309359073638916,
    4.33790135383606,
    4.366402626037598,
    4.394984722137451,
    4.4235005378723145,
    4.452049732208252
  ]
}