{
  "gesture_id": 1,
  "gesture_name": "push",
  "timestamp": "2025-12-23T15:19:09.840425",
  "sample_rate": 50,
  "duration": 3.0,
  "distances": [
    54.234886169433594,
    53.282177448272705,
    53.36395502090454,
    56.6759467124939,
    53.441643714904785,
    52.70155668258667,
    52.71791219711304,
    52.74244546890259,
    52.91008949279785,
    54.627418518066406,
    54.647862911224365,
    54.0835976600647,
    52.94688940048218,
    51.85515880584717,
    51.004672050476074,
    50.481295585632324,
    50.30547380447388,
    52.259957790374756,
    49.798452854156494,
    51.004672050476074,
    54.966795444488525,
    53.552043437957764,
    54.45568561553955,
    45.77908515930176,
    44.8100209236145,
    44.18851137161255,
    42.96184778213501,
    41.154563426971436,
    40.905141830444336,
    39.944255352020264,
    40.2263879776001,
    39.261412620544434,
    38.353681564331055,
    39.514923095703125,
    38.57039213180542,
    37.65857219696045,
    36.72630786895752,
    36.27244234085083,
    36.239731311798096,
    35.77768802642822,
    35.008978843688965,
    35.01306772232056,
    34.22391414642334,
    33.3979606628418,
    33.41022729873657,
    33.40613842010498,
    33.95404815673828,
    33.18533897399902,
    34.48151350021362,
    33.688271045684814,
    32.36347436904907,
    31.594765186309814,
    31.30854368209839,
    30.548012256622314,
    31.091833114624023,
    31.574320793151855,
    30.81378936767578,
    52.5870680809021,
    54.9790620803833,
    30.020546913146973,
    29.750680923461914,
    28.663039207458496,
    28.35637331008911,
    28.949260711669922,
    30.053257942199707,
    29.210948944091797,
    26.32420063018799,
    26.00935697555542,
    25.747668743133545,
    27.174687385559082,
    25.776290893554688,
    24.570071697235107,
    27.78393030166626,
    24.582338333129883,
    23.376119136810303,
    25.44100284576416,
    23.39656352996826,
    23.703229427337646,
    22.48474359512329,
    22.811853885650635,
    24.001717567443848,
    22.80367612838745,
    22.20669984817505,
    22.828209400177002,
    22.202610969543457,
    21.55247926712036,
    20.926880836486816,
    21.540212631225586,
    21.883678436279297,
    21.241724491119385,
    21.54839038848877,
    20.583415031433105,
    19.945549964904785,
    20.25630474090576,
    19.642972946166992,
    21.241724491119385,
    19.311773777008057,
    19.63479518890381,
    20.27674913406372,
    19.348573684692383,
    18.65755319595337,
    19.291329383850098,
    19.61843967437744,
    19.02555227279663,
    18.314087390899658,
    18.653464317321777,
    18.011510372161865,
    18.375420570373535,
    17.70484447479248,
    17.083334922790527,
    17.377734184265137,
    17.38591194152832,
    17.04244613647461,
    17.38591194152832,
    16.784846782684326,
    17.058801651000977,
    17.42680072784424,
    16.77258014678955,
    17.079246044158936,
    16.392314434051514,
    17.06697940826416,
    17.402267456054688,
    16.72351360321045,
    17.026090621948242,
    16.416847705841064,
    16.77258014678955,
    17.083334922790527,
    16.470003128051758,
    16.72351360321045,
    17.04244613647461,
    16.06520414352417,
    15.38236141204834,
    17.079246044158936,
    15.210628509521484,
    14.073920249938965,
    14.736318588256836,
    13.685476779937744,
    14.057564735412598,
    14.384675025939941,
    13.366544246673584,
    13.726365566253662,
    13.669121265411377,
    14.078009128570557,
    12.937211990356445,
    13.346099853515625,
    13.550543785095215,
    12.282991409301758,
    12.700057029724121,
    13.010811805725098,
    13.317477703094482
  ],
  "timestamps": [
    0.010629892349243164,
    0.04371237754821777,
    0.07469606399536133,
    0.1064307689666748,
    0.1371910572052002,
    0.1678299903869629,
    0.19844579696655273,
    0.22908449172973633,
    0.2597322463989258,
    0.2904548645019531,
    0.3211963176727295,
    0.3518955707550049,
    0.3824913501739502,
    0.4130721092224121,
    0.44360876083374023,
    0.47409558296203613,
    0.5046103000640869,
    0.535212516784668,
    0.5656585693359375,
    0.5961878299713135,
    0.6269412040710449,
    0.6575961112976074,
    0.6883552074432373,
    0.7185781002044678,
    0.7487363815307617,
    0.7788231372833252,
    0.8088939189910889,
    0.838855504989624,
    0.8687710762023926,
    0.8986477851867676,
    0.9285585880279541,
    0.9583964347839355,
    0.9881813526153564,
    1.0180332660675049,
    1.0478863716125488,
    1.07780122756958,
    1.107534408569336,
    1.1372120380401611,
    1.1668930053710938,
    1.196535348892212,
    1.2261526584625244,
    1.2557461261749268,
    1.2852916717529297,
    1.3147921562194824,
    1.3442914485931396,
    1.3737883567810059,
    1.4033141136169434,
    1.4327940940856934,
    1.4623503684997559,
    1.4918632507324219,
    1.521298885345459,
    1.5506978034973145,
    1.5800657272338867,
    1.60939621925354,
    1.638763666152954,
    1.6681597232818604,
    1.6975281238555908,
    1.728158712387085,
    1.7589280605316162,
    1.7882106304168701,
    1.8174943923950195,
    1.8467140197753906,
    1.875892162322998,
    1.9051265716552734,
    1.934462547302246,
    1.9637165069580078,
    1.992793083190918,
    2.0218589305877686,
    2.0509603023529053,
    2.0801923274993896,
    2.109301805496216,
    2.1383864879608154,
    2.1676032543182373,
    2.1966142654418945,
    2.2255523204803467,
    2.2545928955078125,
    2.283511161804199,
    2.312443971633911,
    2.3413026332855225,
    2.370197057723999,
    2.399144172668457,
    2.4280221462249756,
    2.456873655319214,
    2.485769510269165,
    2.514629364013672,
    2.5434606075286865,
    2.5722527503967285,
    2.6010613441467285,
    2.6298861503601074,
    2.6586835384368896,
    2.6875133514404297,
    2.7162835597991943,
    2.7450151443481445,
    2.7737975120544434,
    2.8024895191192627,
    2.8312761783599854,
    2.859963893890381,
    2.888681173324585,
    2.917429208755493,
    2.946115493774414,
    2.974822521209717,
    3.0034966468811035,
    3.0321943759918213,
    3.0609688758850098,
    3.08968448638916,
    3.118359088897705,
    3.1469883918762207,
    3.175689220428467,
    3.204282283782959,
    3.2328310012817383,
    3.2614026069641113,
    3.2900125980377197,
    3.3185746669769287,
    3.3471550941467285,
    3.3757054805755615,
    3.4042694568634033,
    3.432849407196045,
    3.4613921642303467,
    3.4899518489837646,
    3.5184991359710693,
    3.547065019607544,
    3.5757055282592773,
    3.6042323112487793,
    3.6327738761901855,
    3.661287546157837,
    3.6898298263549805,
    3.718416452407837,
    3.7469418048858643,
    3.775479316711426,
    3.804020404815674,
    3.8325061798095703,
    3.8609962463378906,
    3.8895633220672607,
    3.918015718460083,
    3.946434736251831,
    3.9748826026916504,
    4.0032525062561035,
    4.031644821166992,
    4.0601301193237305,
    4.088549852371216,
    4.116915225982666,
    4.145266771316528,
    4.1736555099487305,
    4.20202112197876,
    4.230444669723511,
    4.258772373199463,
    4.287042856216431,
    4.315328359603882,
    4.3436384201049805,
    4.372012615203857
  ]
}