{
  "gesture_id": 1,
  "gesture_name": "push",
  "timestamp": "2025-12-24T13:06:06.294647",
  "sample_rate": 50,
  "duration": 3.0,
  "distances": [
    58.037543296813965,
    57.170701026916504,
    57.493722438812256,
    57.99665451049805,
    57.04803466796875,
    57.45692253112793,
    57.91487693786621,
    57.75949954986572,
    57.73496627807617,
    56.900835037231445,
    56.89265727996826,
    56.89265727996826,
    56.8722128868103,
    57.739055156707764,
    57.62456655502319,
    57.219767570495605,
    56.77816867828369,
    56.75772428512573,
    57.579588890075684,
    57.51825571060181,
    56.647324562072754,
    57.174789905548096,
    56.50421380996704,
    55.625104904174805,
    54.259419441223145,
    53.715598583221436,
    51.99826955795288,
    51.51987075805664,
    49.78209733963013,
    49.7943639755249,
    49.389564990997314,
    48.187434673309326,
    47.8030800819397,
    46.58459424972534,
    45.82815170288086,
    45.37837505340576,
    43.199002742767334,
    42.76149272918701,
    42.27900505065918,
    41.10140800476074,
    41.1218523979187,
    39.968788623809814,
    38.82390260696411,
    39.04061317443848,
    37.41732835769653,
    37.196528911590576,
    36.50550842285156,
    35.736799240112305,
    35.532355308532715,
    34.23209190368652,
    34.7432017326355,
    33.72098207473755,
    32.616984844207764,
    32.097697257995605,
    31.578409671783447,
    31.050944328308105,
    31.067299842834473,
    29.76294755935669,
    29.210948944091797,
    29.19868230819702,
    29.21503782272339,
    28.340017795562744,
    28.380906581878662,
    27.734863758087158,
    26.912999153137207,
    26.32420063018799,
    25.727224349975586,
    25.1711368560791,
    25.14660358428955,
    23.69096279144287,
    23.699140548706055,
    24.586427211761475,
    22.5297212600708,
    23.98536205291748,
    22.198522090911865,
    21.863234043121338,
    21.540212631225586,
    21.20492458343506,
    20.95959186553955,
    20.62021493911743,
    20.260393619537354,
    19.986438751220703,
    19.622528553009033,
    19.279062747955322,
    18.66164207458496,
    18.334531784057617,
    19.005107879638672,
    18.354976177215576,
    18.052399158477783,
    17.721199989318848,
    18.346798419952393,
    16.674447059631348,
    17.38182306289673,
    16.715335845947266,
    16.416847705841064,
    17.054712772369385,
    16.40866994857788,
    17.04244613647461,
    16.106092929840088,
    15.778982639312744,
    16.048848628997803,
    15.77080488204956,
    16.392314434051514,
    16.08973741531372,
    15.398716926574707,
    14.748585224151611,
    14.037120342254639,
    14.707696437835693,
    14.024853706359863,
    14.719963073730469,
    14.069831371307373,
    13.321566581726074,
    14.04120922088623,
    13.010811805725098,
    13.382899761199951,
    14.04120922088623,
    13.362455368041992,
    12.28708028793335,
    12.998545169830322,
    11.996769905090332,
    10.909128189086914,
    11.636948585510254,
    10.58201789855957,
    11.273038387298584,
    10.254907608032227,
    10.606551170349121,
    10.94592809677124,
    9.89917516708374,
    10.230374336242676,
    9.208154678344727,
    9.547531604766846,
    9.89917516708374,
    8.905577659606934,
    9.195888042449951,
    9.559798240661621,
    8.529400825500488,
    9.208154678344727,
    8.222734928131104,
    8.50895643234253,
    7.871091365814209,
    7.233226299285889,
    7.564425468444824,
    9.600687026977539,
    7.245492935180664,
    8.53348970413208,
    7.584869861602783,
    7.879269123077393,
    6.930649280548096,
    7.204604148864746,
    6.231451034545898
  ],
  "timestamps": [
    0.01084136962890625,
    0.04188704490661621,
    0.07282829284667969,
    0.10379385948181152,
    0.1347193717956543,
    0.16563773155212402,
    0.1965498924255371,
    0.2274465560913086,
    0.25835371017456055,
    0.28922390937805176,
    0.32009291648864746,
    0.35096120834350586,
    0.38183045387268066,
    0.4127380847930908,
    0.4436347484588623,
    0.47449731826782227,
    0.5053606033325195,
    0.5362191200256348,
    0.5671379566192627,
    0.5980546474456787,
    0.62890625,
    0.6597862243652344,
    0.6906068325042725,
    0.721393346786499,
    0.7521040439605713,
    0.7827632427215576,
    0.8133759498596191,
    0.844109296798706,
    0.874577522277832,
    0.9050314426422119,
    0.9354534149169922,
    0.9658682346343994,
    0.9962155818939209,
    1.0264873504638672,
    1.0567078590393066,
    1.0869009494781494,
    1.1169769763946533,
    1.147017478942871,
    1.1770293712615967,
    1.2069714069366455,
    1.2369005680084229,
    1.2667906284332275,
    1.296581506729126,
    1.3264069557189941,
    1.3561248779296875,
    1.3858399391174316,
    1.4155144691467285,
    1.4451239109039307,
    1.4747419357299805,
    1.5042757987976074,
    1.5338454246520996,
    1.5633580684661865,
    1.5927906036376953,
    1.6222469806671143,
    1.6516172885894775,
    1.6809728145599365,
    1.710327386856079,
    1.7395870685577393,
    1.768833875656128,
    1.798079252243042,
    1.8274178504943848,
    1.8566982746124268,
    1.8859505653381348,
    1.915160894393921,
    1.9442801475524902,
    1.973369836807251,
    2.0024139881134033,
    2.0314204692840576,
    2.0604543685913086,
    2.0894064903259277,
    2.118356704711914,
    2.147329092025757,
    2.176189422607422,
    2.205132246017456,
    2.233976125717163,
    2.262815237045288,
    2.291757345199585,
    2.3205764293670654,
    2.349367380142212,
    2.3781189918518066,
    2.4068634510040283,
    2.4355766773223877,
    2.464294672012329,
    2.4929897785186768,
    2.521667003631592,
    2.5502936840057373,
    2.578968048095703,
    2.6075937747955322,
    2.636209011077881,
    2.6648151874542236,
    2.693455934524536,
    2.721996545791626,
    2.7505736351013184,
    2.779080867767334,
    2.8076109886169434,
    2.8363187313079834,
    2.8649179935455322,
    2.89350962638855,
    2.922024726867676,
    2.9505128860473633,
    2.978991985321045,
    3.007463216781616,
    3.0359697341918945,
    3.0644867420196533,
    3.0929605960845947,
    3.121396780014038,
    3.1497724056243896,
    3.178178071975708,
    3.206568717956543,
    3.2349557876586914,
    3.2633299827575684,
    3.2916579246520996,
    3.3200361728668213,
    3.348367691040039,
    3.3767244815826416,
    3.4051148891448975,
    3.4334635734558105,
    3.4617388248443604,
    3.4900460243225098,
    3.5182907581329346,
    3.546482801437378,
    3.574737787246704,
    3.602926015853882,
    3.631153106689453,
    3.6593210697174072,
    3.687507390975952,
    3.715712070465088,
    3.743854522705078,
    3.7720296382904053,
    3.800140142440796,
    3.8283188343048096,
    3.8565773963928223,
    3.8846917152404785,
    3.9128053188323975,
    3.9409382343292236,
    3.9690189361572266,
    3.9971323013305664,
    4.025180339813232,
    4.053241968154907,
    4.081272125244141,
    4.109273433685303,
    4.137287378311157,
    4.165416479110718,
    4.1934075355529785,
    4.221473217010498,
    4.249480247497559,
    4.277503967285156,
    4.3054749965667725,
    4.333497762680054,
    4.361469745635986
  ]
}