{
  "gesture_id": 1,
  "gesture_name": "push",
  "timestamp": "2025-12-23T15:13:35.496563",
  "sample_rate": 50,
  "duration": 3.0,
  "distances": [
    52.04733610153198,
    50.33818483352661,
    48.755788803100586,
    48.46547842025757,
    48.6494779586792,
    49.663519859313965,
    49.029743671417236,
    48.87436628341675,
    46.8544602394104,
    46.62139415740967,
    49.9456524848938,
    44.59739923477173,
    44.23348903656006,
    44.22122240066528,
    51.16004943847656,
    44.36842203140259,
    41.82922840118408,
    42.27491617202759,
    41.57571792602539,
    42.516160011291504,
    40.84789752960205,
    40.45127630233765,
    40.45127630233765,
    40.492165088653564,
    38.80345821380615,
    39.76025581359863,
    38.124704360961914,
    41.8210506439209,
    39.74798917770386,
    38.5785698890686,
    39.056968688964844,
    37.41323947906494,
    36.26835346221924,
    36.70586347579956,
    37.20470666885376,
    37.69946098327637,
    36.076176166534424,
    42.27491617202759,
    36.49324178695679,
    37.88754940032959,
    36.70177459716797,
    39.54763412475586,
    39.73572254180908,
    39.036524295806885,
    36.24790906906128,
    35.21751165390015,
    33.692359924316406,
    32.62516260147095,
    32.870495319366455,
    31.864631175994873,
    31.61112070083618,
    32.122230529785156,
    31.83600902557373,
    30.28632402420044,
    30.03690242767334,
    29.73841428756714,
    29.505348205566406,
    29.24365997314453,
    29.754769802093506,
    29.497170448303223,
    29.255926609039307,
    28.086507320404053,
    27.7634859085083,
    28.35637331008911,
    28.070151805877686,
    30.004191398620605,
    29.750680923461914,
    26.863932609558105,
    30.045080184936523,
    28.368639945983887,
    27.219665050506592,
    30.049169063568115,
    26.30375623703003,
    25.134336948394775,
    28.37272882461548,
    25.19158124923706,
    26.62677764892578,
    24.30020570755005,
    27.5140643119812,
    24.27976131439209,
    24.53327178955078,
    26.017534732818604,
    23.715496063232422,
    23.106253147125244,
    23.400652408599854,
    23.719584941864014,
    26.90073251724243,
    22.82003164291382,
    22.19034433364868,
    22.521543502807617,
    21.850967407226562,
    22.169899940490723,
    22.50518798828125,
    21.900033950805664,
    20.877814292907715,
    43.78780126571655,
    21.908211708068848,
    19.95372772216797,
    20.59159278869629,
    19.667506217956543,
    20.289015769958496,
    19.6388840675354,
    19.93328332901001,
    19.29541826248169,
    19.642972946166992,
    19.02555227279663,
    19.311773777008057,
    18.649375438690186,
    17.991065979003906,
    17.38591194152832,
    16.731691360473633,
    17.038357257843018,
    17.688488960266113,
    17.06289052963257,
    16.416847705841064,
    16.72351360321045,
    16.08973741531372,
    16.735780239105225,
    17.04244613647461,
    16.420936584472656,
    15.79124927520752,
    16.102004051208496,
    15.455961227416992,
    15.738093852996826,
    15.075695514678955,
    15.415072441101074,
    14.368319511413574,
    14.728140830993652,
    15.439605712890625,
    14.38058614730835,
    14.617741107940674,
    14.024853706359863,
    14.057564735412598,
    14.76902961730957,
    14.033031463623047,
    13.002634048461914,
    13.346099853515625,
    12.659168243408203,
    13.01490068435669,
    11.996769905090332,
    12.712323665618896,
    13.051700592041016,
    12.021303176879883,
    12.336146831512451,
    12.712323665618896,
    11.591970920562744,
    11.955881118774414,
    11.28530502319336,
    11.632859706878662,
    10.647439956665039
  ],
  "timestamps": [
    0.010497093200683594,
    0.04109621047973633,
    0.07155919075012207,
    0.10196566581726074,
    0.13238906860351562,
    0.1629045009613037,
    0.19332623481750488,
    0.22370457649230957,
    0.25399112701416016,
    0.28426194190979004,
    0.31470608711242676,
    0.3448662757873535,
    0.3750331401824951,
    0.4053194522857666,
    0.4358839988708496,
    0.4660630226135254,
    0.49607014656066895,
    0.5260770320892334,
    0.5560541152954102,
    0.5860636234283447,
    0.6159956455230713,
    0.6458835601806641,
    0.6757874488830566,
    0.7056756019592285,
    0.7354850769042969,
    0.7653684616088867,
    0.7951185703277588,
    0.8251125812530518,
    0.8549582958221436,
    0.8847897052764893,
    0.9146032333374023,
    0.9443347454071045,
    0.973984956741333,
    1.0036916732788086,
    1.0333995819091797,
    1.063145399093628,
    1.0928151607513428,
    1.122809886932373,
    1.1524875164031982,
    1.1822237968444824,
    1.2119295597076416,
    1.2417666912078857,
    1.2716302871704102,
    1.301433801651001,
    1.331089973449707,
    1.3607099056243896,
    1.3902747631072998,
    1.4198296070098877,
    1.4493300914764404,
    1.4787702560424805,
    1.5081937313079834,
    1.5376489162445068,
    1.5670759677886963,
    1.5964610576629639,
    1.6257812976837158,
    1.655090570449829,
    1.684375286102295,
    1.7136125564575195,
    1.7428996562957764,
    1.7721691131591797,
    1.8014023303985596,
    1.8305885791778564,
    1.8597674369812012,
    1.8889546394348145,
    1.9181468486785889,
    1.9474513530731201,
    1.976733922958374,
    2.0058321952819824,
    2.0351366996765137,
    2.0643396377563477,
    2.093458652496338,
    2.1227598190307617,
    2.1518466472625732,
    2.1808407306671143,
    2.2101035118103027,
    2.2391254901885986,
    2.268251419067383,
    2.2972183227539062,
    2.32637882232666,
    2.3553414344787598,
    2.3844079971313477,
    2.413524627685547,
    2.4424691200256348,
    2.471369504928589,
    2.5002853870391846,
    2.5292043685913086,
    2.558321714401245,
    2.58719801902771,
    2.6160383224487305,
    2.644916534423828,
    2.6737453937530518,
    2.702587366104126,
    2.7314608097076416,
    2.7603397369384766,
    2.789125919342041,
    2.819251775741577,
    2.8480849266052246,
    2.876804828643799,
    2.9055557250976562,
    2.934264659881592,
    2.9630126953125,
    2.9917237758636475,
    3.020453691482544,
    3.049142837524414,
    3.077834367752075,
    3.1064882278442383,
    3.1351683139801025,
    3.1638216972351074,
    3.1924188137054443,
    3.2210044860839844,
    3.249537944793701,
    3.2780821323394775,
    3.30665922164917,
    3.335206985473633,
    3.3637421131134033,
    3.392390727996826,
    3.420989751815796,
    3.4495503902435303,
    3.4780967235565186,
    3.506608009338379,
    3.5350799560546875,
    3.5635690689086914,
    3.591994285583496,
    3.6204442977905273,
    3.6489315032958984,
    3.67740797996521,
    3.705812692642212,
    3.734238862991333,
    3.762714147567749,
    3.7911224365234375,
    3.8195691108703613,
    3.8479509353637695,
    3.8763811588287354,
    3.9047958850860596,
    3.9331631660461426,
    3.9615249633789062,
    3.9898757934570312,
    4.01818585395813,
    4.046508550643921,
    4.07477593421936,
    4.103082180023193,
    4.1314122676849365,
    4.1596763134002686,
    4.187976360321045,
    4.216279745101929,
    4.244524717330933,
    4.272787809371948,
    4.301019668579102,
    4.329278230667114,
    4.357485771179199
  ]
}