{
  "gesture_id": 1,
  "gesture_name": "push",
  "timestamp": "2025-12-24T13:16:54.020054",
  "sample_rate": 50,
  "duration": 3.0,
  "distances": [
    51.33587121963501,
    51.00058317184448,
    54.76644039154053,
    51.36040449142456,
    53.08182239532471,
    52.55026817321777,
    52.55844593048096,
    52.599334716796875,
    52.574801445007324,
    53.10635566711426,
    52.38262414932251,
    52.734267711639404,
    51.53622627258301,
    52.76697874069214,
    51.368582248687744,
    50.51809549331665,
    49.98654127120972,
    49.43045377731323,
    49.81480836868286,
    49.618542194366455,
    47.85623550415039,
    47.83170223236084,
    46.044862270355225,
    45.61961889266968,
    45.590996742248535,
    45.61961889266968,
    52.04733610153198,
    45.83632946014404,
    44.998109340667725,
    44.60557699203491,
    44.23348903656006,
    44.180333614349365,
    44.204866886138916,
    46.412861347198486,
    45.64415216445923,
    44.78548765182495,
    43.98815631866455,
    43.20718050003052,
    42.720603942871094,
    44.200778007507324,
    41.109585762023926,
    40.177321434020996,
    39.27367925643921,
    38.86070251464844,
    37.89163827896118,
    37.00026273727417,
    36.94710731506348,
    36.239731311798096,
    36.284708976745605,
    37.171995639801025,
    36.035287380218506,
    35.282933712005615,
    35.736799240112305,
    35.01715660095215,
    34.75546836853027,
    33.91315937042236,
    34.48151350021362,
    37.695372104644775,
    48.04432392120361,
    47.022104263305664,
    36.309242248535156,
    33.414316177368164,
    31.868720054626465,
    31.08774423599243,
    30.78516721725464,
    30.020546913146973,
    29.746592044830322,
    29.46445941925049,
    29.21912670135498,
    28.949260711669922,
    29.48899269104004,
    27.751219272613525,
    28.368639945983887,
    29.78339195251465,
    27.211487293243408,
    26.90073251724243,
    26.046156883239746,
    25.731313228607178,
    25.445091724395752,
    25.109803676605225,
    24.85220432281494,
    24.55371618270874,
    24.271583557128906,
    23.98127317428589,
    23.699140548706055,
    23.39247465133667,
    23.09398651123047,
    24.251139163970947,
    22.182166576385498,
    22.77505397796631,
    22.497010231018066,
    22.18625545501709,
    21.895945072174072,
    21.59336805343628,
    21.282613277435303,
    20.902347564697266,
    20.575237274169922,
    20.30128240585327,
    19.970083236694336,
    19.642972946166992,
    19.311773777008057,
    19.941461086273193,
    18.350887298583984,
    18.031954765319824,
    18.641197681427002,
    17.04244613647461,
    17.68440008163452,
    17.04244613647461,
    18.972396850585938,
    18.330442905426025,
    37.625861167907715,
    23.110342025756836,
    17.390000820159912,
    17.70075559616089,
    18.0442214012146,
    17.38182306289673,
    17.70075559616089,
    16.743957996368408,
    16.081559658050537,
    16.416847705841064,
    17.04244613647461,
    16.04067087173462,
    16.743957996368408,
    17.06289052963257,
    16.36369228363037,
    15.81578254699707,
    16.13471508026123,
    15.398716926574707,
    16.06520414352417,
    15.42733907699585,
    17.034268379211426,
    16.400492191314697,
    17.026090621948242,
    37.89163827896118,
    37.91208267211914,
    37.42550611495972,
    37.3846173286438,
    13.010811805725098,
    13.730454444885254,
    12.691879272460938,
    13.342010974884033,
    12.28708028793335,
    11.289393901824951,
    10.586106777191162,
    11.30983829498291,
    10.614728927612305,
    10.986816883087158,
    10.254907608032227,
    9.543442726135254,
    9.956419467926025
  ],
  "timestamps": [
    0.010457277297973633,
    0.041062355041503906,
    0.07187104225158691,
    0.10243058204650879,
    0.13310527801513672,
    0.16372275352478027,
    0.19434499740600586,
    0.22495722770690918,
    0.25554418563842773,
    0.28618907928466797,
    0.3168017864227295,
    0.3474102020263672,
    0.37796545028686523,
    0.40863847732543945,
    0.4391911029815674,
    0.46968889236450195,
    0.500131368637085,
    0.5305533409118652,
    0.560999870300293,
    0.5914194583892822,
    0.6217658519744873,
    0.6520869731903076,
    0.6824085712432861,
    0.7127707004547119,
    0.7430574893951416,
    0.7735154628753662,
    0.804112434387207,
    0.8347170352935791,
    0.8649115562438965,
    0.8950810432434082,
    0.9252138137817383,
    0.9555575847625732,
    0.9859399795532227,
    1.0163381099700928,
    1.0466885566711426,
    1.0768964290618896,
    1.107116460800171,
    1.1371955871582031,
    1.1672403812408447,
    1.197382926940918,
    1.2273375988006592,
    1.2572376728057861,
    1.287060260772705,
    1.3168978691101074,
    1.3466432094573975,
    1.3763470649719238,
    1.4060282707214355,
    1.4356904029846191,
    1.4653575420379639,
    1.4950535297393799,
    1.5247209072113037,
    1.554306983947754,
    1.5839452743530273,
    1.6135187149047852,
    1.6430919170379639,
    1.672614336013794,
    1.7021679878234863,
    1.731928825378418,
    1.762260913848877,
    1.792558193206787,
    1.8222086429595947,
    1.8517048358917236,
    1.8811140060424805,
    1.9104557037353516,
    1.939807415008545,
    1.9692327976226807,
    1.9985814094543457,
    2.0278708934783936,
    2.057115077972412,
    2.0863587856292725,
    2.115633010864258,
    2.144860029220581,
    2.17407488822937,
    2.203378915786743,
    2.232543468475342,
    2.2616524696350098,
    2.290726661682129,
    2.3197765350341797,
    2.348820209503174,
    2.3778367042541504,
    2.4068350791931152,
    2.4358105659484863,
    2.464773416519165,
    2.4937119483947754,
    2.5226447582244873,
    2.55155873298645,
    2.5804688930511475,
    2.609433650970459,
    2.6383004188537598,
    2.667203187942505,
    2.6960701942443848,
    2.7249107360839844,
    2.753748893737793,
    2.7826287746429443,
    2.8114418983459473,
    2.840226411819458,
    2.869014263153076,
    2.897758722305298,
    2.926466703414917,
    2.955244541168213,
    2.9840903282165527,
    3.012855052947998,
    3.041501760482788,
    3.0701255798339844,
    3.098778247833252,
    3.127321720123291,
    3.155897855758667,
    3.1844377517700195,
    3.213101625442505,
    3.2417187690734863,
    3.271458387374878,
    3.300361156463623,
    3.3289177417755127,
    3.3575170040130615,
    3.3861348628997803,
    3.4147162437438965,
    3.443312644958496,
    3.4718518257141113,
    3.5003321170806885,
    3.528839349746704,
    3.557400703430176,
    3.5858983993530273,
    3.614443778991699,
    3.6430020332336426,
    3.6715304851531982,
    3.700017213821411,
    3.7284951210021973,
    3.7569386959075928,
    3.785428762435913,
    3.813889741897583,
    3.8424506187438965,
    3.8709747791290283,
    3.89953351020813,
    3.929295539855957,
    3.9590823650360107,
    3.9888832569122314,
    4.018610000610352,
    4.0469183921813965,
    4.075264930725098,
    4.103548288345337,
    4.131884336471558,
    4.160151720046997,
    4.188379526138306,
    4.216548919677734,
    4.244777679443359,
    4.272964239120483,
    4.301167726516724,
    4.329356908798218,
    4.357492923736572,
    4.385640382766724
  ]
}