{
  "gesture_id": 1,
  "gesture_name": "push",
  "timestamp": "2025-12-23T15:13:53.428408",
  "sample_rate": 50,
  "duration": 3.0,
  "distances": [
    37.920260429382324,
    44.00860071182251,
    42.77784824371338,
    39.54763412475586,
    38.5295033454895,
    40.013766288757324,
    39.0774130821228,
    39.739811420440674,
    40.45127630233765,
    42.540693283081055,
    42.04593896865845,
    40.64345359802246,
    40.901052951812744,
    41.60025119781494,
    43.019092082977295,
    44.384777545928955,
    43.383002281188965,
    43.1662917137146,
    41.338562965393066,
    41.16274118423462,
    39.96469974517822,
    40.88469743728638,
    39.739811420440674,
    39.78070020675659,
    38.82390260696411,
    40.21003246307373,
    38.16150426864624,
    37.674927711486816,
    38.10834884643555,
    37.90390491485596,
    37.91208267211914,
    37.674927711486816,
    37.20061779022217,
    37.65448331832886,
    36.2887978553772,
    37.45412826538086,
    35.757243633270264,
    34.99671220779419,
    34.33840274810791,
    34.72684621810913,
    34.506046772003174,
    34.236180782318115,
    33.42249393463135,
    33.17307233810425,
    32.86231756210327,
    32.62516260147095,
    32.35938549041748,
    32.122230529785156,
    31.844186782836914,
    30.83423376083374,
    31.075477600097656,
    30.821967124938965,
    31.06321096420288,
    30.838322639465332,
    30.53574562072754,
    29.49308156967163,
    29.231393337249756,
    28.908371925354004,
    28.638505935668945,
    29.255926609039307,
    29.51761484146118,
    28.368639945983887,
    28.908371925354004,
    30.01645803451538,
    27.199220657348633,
    30.024635791778564,
    27.19513177871704,
    30.020546913146973,
    26.32828950881958,
    25.743579864501953,
    29.484903812408447,
    27.50997543334961,
    25.16704797744751,
    24.570071697235107,
    24.82767105102539,
    28.070151805877686,
    23.93629550933838,
    24.308383464813232,
    23.944473266601562,
    23.39656352996826,
    23.09807538986206,
    23.408830165863037,
    23.114430904388428,
    25.432825088500977,
    22.198522090911865,
    22.521543502807617,
    21.89185619354248,
    23.41291904449463,
    30.282235145568848,
    21.87141180038452,
    22.214877605438232,
    21.213102340698242,
    21.54839038848877,
    21.86732292175293,
    19.95781660079956,
    20.284926891326904,
    19.65932846069336,
    19.990527629852295,
    20.248126983642578,
    20.6365704536438,
    19.647061824798584,
    19.95372772216797,
    19.29950714111328,
    19.647061824798584,
    19.921016693115234,
    19.123685359954834,
    18.36315393447876,
    18.628931045532227,
    17.991065979003906,
    18.354976177215576,
    18.66164207458496,
    17.7457332611084,
    17.071068286895752,
    17.36546754837036,
    16.764402389526367,
    17.050623893737793,
    17.394089698791504,
    16.752135753631592,
    17.2959566116333,
    16.40866994857788,
    16.735780239105225,
    17.050623893737793,
    16.420936584472656,
    16.719424724578857,
    16.081559658050537,
    16.400492191314697,
    17.06697940826416,
    16.11018180847168,
    16.38004779815674,
    15.754449367523193,
    16.08973741531372,
    16.752135753631592,
    17.0465350151062,
    16.400492191314697,
    15.774893760681152,
    15.083873271942139,
    14.008498191833496,
    14.76902961730957,
    14.053475856781006,
    14.347875118255615,
    13.718187808990479,
    13.035345077514648,
    13.292944431304932,
    12.634634971618652,
    12.021303176879883,
    12.303435802459717,
    11.62877082824707,
    11.980414390563965,
    11.342549324035645,
    11.608326435089111
  ],
  "timestamps": [
    0.009698629379272461,
    0.03992581367492676,
    0.07003664970397949,
    0.09995675086975098,
    0.12977838516235352,
    0.15967035293579102,
    0.18948125839233398,
    0.21935534477233887,
    0.24929094314575195,
    0.27930545806884766,
    0.3093104362487793,
    0.3392338752746582,
    0.36916613578796387,
    0.3991405963897705,
    0.4292733669281006,
    0.459653377532959,
    0.48981213569641113,
    0.5199239253997803,
    0.5499022006988525,
    0.5798778533935547,
    0.6097733974456787,
    0.6397237777709961,
    0.66963791847229,
    0.6995282173156738,
    0.729353666305542,
    0.7592556476593018,
    0.7890326976776123,
    0.8187816143035889,
    0.8485565185546875,
    0.8783183097839355,
    0.9080781936645508,
    0.9378340244293213,
    0.9675753116607666,
    0.9973251819610596,
    1.0269994735717773,
    1.0567402839660645,
    1.0863821506500244,
    1.1159675121307373,
    1.1455073356628418,
    1.1750853061676025,
    1.204646348953247,
    1.2341883182525635,
    1.263685941696167,
    1.2931692600250244,
    1.3226351737976074,
    1.3521013259887695,
    1.3815357685089111,
    1.410956621170044,
    1.4404115676879883,
    1.4698412418365479,
    1.4992420673370361,
    1.5285964012145996,
    1.557969093322754,
    1.5874013900756836,
    1.6167588233947754,
    1.6460464000701904,
    1.6753180027008057,
    1.7045588493347168,
    1.7337815761566162,
    1.7630343437194824,
    1.7923059463500977,
    1.8215055465698242,
    1.850738525390625,
    1.880091667175293,
    1.9092555046081543,
    1.9385864734649658,
    1.9677562713623047,
    1.9970719814300537,
    2.0261569023132324,
    2.0552022457122803,
    2.0844740867614746,
    2.1136298179626465,
    2.142646074295044,
    2.1716296672821045,
    2.200634717941284,
    2.2298431396484375,
    2.258812189102173,
    2.2877988815307617,
    2.3168094158172607,
    2.3457272052764893,
    2.3746182918548584,
    2.403538227081299,
    2.432539224624634,
    2.461780548095703,
    2.490694999694824,
    2.5196011066436768,
    2.548444986343384,
    2.5773661136627197,
    2.6066951751708984,
    2.6355466842651367,
    2.6644084453582764,
    2.6932172775268555,
    2.7220346927642822,
    2.750859260559082,
    2.7795681953430176,
    2.8083081245422363,
    2.837024450302124,
    2.865757942199707,
    2.894512414932251,
    2.9232711791992188,
    2.951976776123047,
    2.9806883335113525,
    3.0093770027160645,
    3.0380961894989014,
    3.0668246746063232,
    3.09554123878479,
    3.1242361068725586,
    3.1528775691986084,
    3.1814775466918945,
    3.2101123332977295,
    3.2387712001800537,
    3.2673721313476562,
    3.295931100845337,
    3.3245484828948975,
    3.353080987930298,
    3.381620407104492,
    3.4101948738098145,
    3.438767910003662,
    3.4675347805023193,
    3.4961297512054443,
    3.524691581726074,
    3.5532655715942383,
    3.581799268722534,
    3.610398054122925,
    3.638951301574707,
    3.667529821395874,
    3.6961236000061035,
    3.724639654159546,
    3.753170967102051,
    3.781660318374634,
    3.810168504714966,
    3.8387093544006348,
    3.867269992828369,
    3.89578914642334,
    3.924292802810669,
    3.952782154083252,
    3.981196880340576,
    4.009645938873291,
    4.038049221038818,
    4.066460371017456,
    4.094829797744751,
    4.123167514801025,
    4.151538610458374,
    4.179858446121216,
    4.208137273788452,
    4.236426591873169,
    4.264676094055176,
    4.292945146560669,
    4.321210861206055,
    4.349461555480957
  ]
}