{
  "gesture_id": 1,
  "gesture_name": "push",
  "timestamp": "2025-12-23T15:20:03.290701",
  "sample_rate": 50,
  "duration": 3.0,
  "distances": [
    43.20718050003052,
    44.19668912887573,
    43.43615770339966,
    43.4157133102417,
    44.20895576477051,
    45.83224058151245,
    45.206642150878906,
    43.59971284866333,
    42.974114418029785,
    43.14993619918823,
    44.19260025024414,
    42.76149272918701,
    42.53251552581787,
    41.833317279815674,
    42.790114879608154,
    43.41980218887329,
    40.70478677749634,
    41.61251783370972,
    39.5271897315979,
    39.514923095703125,
    39.968788623809814,
    38.353681564331055,
    38.82390260696411,
    37.650394439697266,
    39.539456367492676,
    37.45412826538086,
    39.310479164123535,
    38.562214374542236,
    38.582658767700195,
    37.40915060043335,
    36.24382019042969,
    36.759018898010254,
    36.04346513748169,
    36.04755401611328,
    35.79404354095459,
    36.24790906906128,
    49.7943639755249,
    37.18835115432739,
    49.209654331207275,
    37.192440032958984,
    37.00026273727417,
    35.52417755126953,
    35.258400440216064,
    34.98035669326782,
    48.661744594573975,
    33.4470272064209,
    33.189427852630615,
    32.87867307662964,
    36.07208728790283,
    49.0460991859436,
    32.66196250915527,
    31.067299842834473,
    30.805611610412598,
    33.962225914001465,
    33.72915983200073,
    36.05982065200806,
    31.075477600097656,
    29.501259326934814,
    29.223215579986572,
    29.505348205566406,
    28.340017795562744,
    28.090596199035645,
    26.868021488189697,
    27.5140643119812,
    27.199220657348633,
    26.025712490081787,
    25.71495771408081,
    25.46144723892212,
    24.844026565551758,
    24.557805061340332,
    25.993001461029053,
    24.844026565551758,
    26.316022872924805,
    24.00580644607544,
    23.682785034179688,
    22.52563238143921,
    22.25167751312256,
    23.134875297546387,
    22.79958724975586,
    22.546076774597168,
    20.943236351013184,
    21.850967407226562,
    20.293104648590088,
    20.947325229644775,
    20.62021493911743,
    19.93328332901001,
    19.303596019744873,
    19.9373722076416,
    19.336307048797607,
    19.630706310272217,
    18.98057460784912,
    19.307684898376465,
    19.610261917114258,
    18.968307971954346,
    18.354976177215576,
    17.713022232055664,
    17.050623893737793,
    17.373645305633545,
    16.715335845947266,
    17.054712772369385,
    16.412758827209473,
    18.036043643951416,
    17.36137866973877,
    16.72760248184204,
    16.097915172576904,
    15.799427032470703,
    16.052937507629395,
    16.711246967315674,
    17.04244613647461,
    16.08973741531372,
    15.455961227416992,
    17.071068286895752,
    15.096139907836914,
    15.439605712890625,
    17.095601558685303,
    15.075695514678955,
    15.42733907699585,
    14.364230632781982,
    15.071606636047363,
    15.758538246154785,
    15.075695514678955,
    14.384675025939941,
    13.346099853515625,
    14.057564735412598,
    14.417386054992676,
    14.728140830993652,
    13.681387901306152,
    14.053475856781006,
    15.075695514678955,
    14.392852783203125,
    12.004947662353516,
    12.327969074249268,
    13.03943395614624,
    11.645126342773438,
    10.577929019927979,
    10.962283611297607,
    11.681926250457764,
    10.590195655822754,
    10.929572582244873,
    9.907352924346924,
    10.26308536529541,
    10.275352001190186,
    10.950016975402832,
    9.9196195602417,
    8.856511116027832,
    9.240865707397461,
    9.9196195602417,
    8.905577659606934,
    8.582556247711182,
    8.181846141815186
  ],
  "timestamps": [
    0.009982109069824219,
    0.040200233459472656,
    0.07032465934753418,
    0.10045194625854492,
    0.13067030906677246,
    0.1609182357788086,
    0.19110870361328125,
    0.2212052345275879,
    0.2512660026550293,
    0.281343936920166,
    0.311474084854126,
    0.3415510654449463,
    0.3715789318084717,
    0.4015653133392334,
    0.43160176277160645,
    0.46168088912963867,
    0.49160099029541016,
    0.5215766429901123,
    0.5514347553253174,
    0.5813477039337158,
    0.6113457679748535,
    0.6412081718444824,
    0.6711118221282959,
    0.7008819580078125,
    0.7307486534118652,
    0.7605149745941162,
    0.790363073348999,
    0.8201634883880615,
    0.849959135055542,
    0.8796923160552979,
    0.909355878829956,
    0.939044713973999,
    0.9686980247497559,
    0.998349666595459,
    1.027982234954834,
    1.0576388835906982,
    1.0880889892578125,
    1.1178038120269775,
    1.1482288837432861,
    1.1779639720916748,
    1.2076778411865234,
    1.2373013496398926,
    1.2669093608856201,
    1.2965037822723389,
    1.326887845993042,
    1.3563852310180664,
    1.3858652114868164,
    1.4153287410736084,
    1.444977045059204,
    1.4753954410552979,
    1.504849910736084,
    1.5342082977294922,
    1.5638837814331055,
    1.5936264991760254,
    1.623201847076416,
    1.6528613567352295,
    1.6822290420532227,
    1.711538314819336,
    1.740799903869629,
    1.7700722217559814,
    1.7993440628051758,
    1.8285675048828125,
    1.8577091693878174,
    1.886888027191162,
    1.9160361289978027,
    1.9451069831848145,
    1.9741542339324951,
    2.0031869411468506,
    2.0321803092956543,
    2.061161756515503,
    2.090240478515625,
    2.119250535964966,
    2.14835786819458,
    2.1773266792297363,
    2.2062795162200928,
    2.2351608276367188,
    2.2640273571014404,
    2.2929482460021973,
    2.321838855743408,
    2.350680351257324,
    2.3794448375701904,
    2.4082653522491455,
    2.436993360519409,
    2.4657602310180664,
    2.4945068359375,
    2.523223638534546,
    2.551898241043091,
    2.5807337760925293,
    2.609560251235962,
    2.6384189128875732,
    2.6671133041381836,
    2.6958224773406982,
    2.724583625793457,
    2.7532966136932373,
    2.7819607257843018,
    2.8105885982513428,
    2.8391621112823486,
    2.867741346359253,
    2.896287441253662,
    2.924905300140381,
    2.953458309173584,
    2.9820995330810547,
    3.0107004642486572,
    3.0392513275146484,
    3.0677621364593506,
    3.096259355545044,
    3.1247634887695312,
    3.153317451477051,
    3.181879758834839,
    3.2103848457336426,
    3.238858699798584,
    3.267461061477661,
    3.2959210872650146,
    3.324406385421753,
    3.352992296218872,
    3.381450891494751,
    3.409924268722534,
    3.438336133956909,
    3.466780662536621,
    3.4952683448791504,
    3.5237157344818115,
    3.552123785018921,
    3.580538272857666,
    3.6090123653411865,
    3.637449264526367,
    3.6658873558044434,
    3.6942598819732666,
    3.7226550579071045,
    3.7511165142059326,
    3.779534339904785,
    3.807805299758911,
    3.8361217975616455,
    3.8644514083862305,
    3.892698049545288,
    3.9208850860595703,
    3.949096918106079,
    3.977346658706665,
    4.005531549453735,
    4.0337371826171875,
    4.061885356903076,
    4.0900609493255615,
    4.118227243423462,
    4.14645528793335,
    4.174598932266235,
    4.202685594558716,
    4.230790376663208,
    4.258932113647461,
    4.287047863006592,
    4.315203428268433,
    4.3432581424713135
  ]
}