{
  "gesture_id": 1,
  "gesture_name": "push",
  "timestamp": "2025-12-23T15:14:30.177639",
  "sample_rate": 50,
  "duration": 3.0,
  "distances": [
    40.197765827178955,
    39.968788623809814,
    39.743900299072266,
    39.469945430755615,
    39.310479164123535,
    40.2263879776001,
    39.0774130821228,
    38.807547092437744,
    40.6720757484436,
    40.90923070907593,
    41.62478446960449,
    41.84967279434204,
    42.724692821502686,
    41.84967279434204,
    42.495715618133545,
    40.24683237075806,
    40.41447639465332,
    40.177321434020996,
    40.422654151916504,
    42.30353832244873,
    42.066383361816406,
    41.82922840118408,
    39.04061317443848,
    38.80345821380615,
    38.55403661727905,
    37.63812780380249,
    37.196528911590576,
    36.783552169799805,
    37.18017339706421,
    35.781776905059814,
    35.25431156158447,
    35.27475595474243,
    35.24613380432129,
    33.94995927810669,
    33.45111608505249,
    33.414316177368164,
    32.895028591156006,
    31.60703182220459,
    31.58658742904663,
    31.594765186309814,
    30.805611610412598,
    30.020546913146973,
    30.531656742095947,
    29.775214195251465,
    29.546236991882324,
    29.21912670135498,
    30.28632402420044,
    29.996013641357422,
    29.76703643798828,
    28.67530584335327,
    28.344106674194336,
    29.46854829788208,
    27.501797676086426,
    27.215576171875,
    27.4649977684021,
    27.215576171875,
    26.618599891662598,
    28.949260711669922,
    25.71495771408081,
    25.154781341552734,
    27.5140643119812,
    25.154781341552734,
    27.497708797454834,
    24.296116828918457,
    26.561355590820312,
    24.30429458618164,
    23.98536205291748,
    26.356911659240723,
    23.089897632598877,
    26.28331184387207,
    23.130786418914795,
    23.384296894073486,
    23.106253147125244,
    22.537899017333984,
    23.09807538986206,
    22.537899017333984,
    21.91230058670044,
    21.2335467338562,
    21.589279174804688,
    20.922791957855225,
    21.24990224838257,
    21.581101417541504,
    19.63479518890381,
    21.258080005645752,
    20.423948764801025,
    19.9373722076416,
    19.29541826248169,
    19.93328332901001,
    18.800663948059082,
    18.677997589111328,
    12.307524681091309,
    18.628931045532227,
    18.027865886688232,
    17.398178577423096,
    16.72760248184204,
    17.030179500579834,
    17.717111110687256,
    16.72351360321045,
    16.118359565734863,
    16.412758827209473,
    16.97293519973755,
    16.106092929840088,
    16.715335845947266,
    17.038357257843018,
    16.118359565734863,
    16.739869117736816,
    17.026090621948242,
    16.102004051208496,
    15.415072441101074,
    15.766716003417969,
    16.08564853668213,
    15.390539169311523,
    15.803515911102295,
    15.116584300994873,
    15.419161319732666,
    14.76902961730957,
    14.065742492675781,
    14.764940738677979,
    15.410983562469482,
    14.401030540466309,
    13.710010051727295,
    14.401030540466309,
    13.69774341583252,
    14.388763904571533,
    13.714098930358887,
    17.0465350151062,
    13.329744338989258,
    13.689565658569336,
    12.708234786987305,
    12.978100776672363,
    13.37881088256836,
    13.726365566253662,
    12.655079364776611,
    15.055251121520996,
    11.996769905090332,
    12.671434879302979,
    11.64921522140503,
    10.622906684875488,
    10.937750339508057,
    11.645126342773438,
    10.23855209350586,
    10.573840141296387,
    11.281216144561768,
    10.271263122558594,
    10.90095043182373,
    10.26308536529541,
    10.62699556350708,
    11.632859706878662,
    11.955881118774414,
    10.958194732666016
  ],
  "timestamps": [
    0.009804248809814453,
    0.039800167083740234,
    0.06972527503967285,
    0.09960651397705078,
    0.12947368621826172,
    0.15938806533813477,
    0.1894850730895996,
    0.2193007469177246,
    0.24924945831298828,
    0.27916979789733887,
    0.3091461658477783,
    0.3391127586364746,
    0.3691534996032715,
    0.3991241455078125,
    0.42915773391723633,
    0.45905327796936035,
    0.4889702796936035,
    0.5188472270965576,
    0.5487527847290039,
    0.5787525177001953,
    0.6087660789489746,
    0.6387357711791992,
    0.6687836647033691,
    0.6987626552581787,
    0.7286112308502197,
    0.7583789825439453,
    0.7881097793579102,
    0.817807674407959,
    0.8475289344787598,
    0.8771681785583496,
    0.9067530632019043,
    0.9363586902618408,
    0.9659438133239746,
    0.9954898357391357,
    1.0249965190887451,
    1.0544967651367188,
    1.083974838256836,
    1.1133930683135986,
    1.1428048610687256,
    1.1722526550292969,
    1.2017018795013428,
    1.2310116291046143,
    1.260343074798584,
    1.2896435260772705,
    1.3189427852630615,
    1.3482170104980469,
    1.377546787261963,
    1.406897783279419,
    1.4361867904663086,
    1.4654059410095215,
    1.494619369506836,
    1.5239055156707764,
    1.5530753135681152,
    1.58223295211792,
    1.6113944053649902,
    1.6405270099639893,
    1.66971755027771,
    1.6991832256317139,
    1.7282919883728027,
    1.7573530673980713,
    1.7865724563598633,
    1.8156287670135498,
    1.844836950302124,
    1.8738269805908203,
    1.9029383659362793,
    1.9319086074829102,
    1.9608526229858398,
    1.9899418354034424,
    2.0188450813293457,
    2.047924280166626,
    2.0768160820007324,
    2.1057393550872803,
    2.1346628665924072,
    2.1638004779815674,
    2.192765712738037,
    2.221653938293457,
    2.250486373901367,
    2.2792751789093018,
    2.308091402053833,
    2.336885929107666,
    2.365694999694824,
    2.3945536613464355,
    2.4232943058013916,
    2.4521007537841797,
    2.480853319168091,
    2.5095808506011963,
    2.538278102874756,
    2.5670113563537598,
    2.5956790447235107,
    2.6243796348571777,
    2.654658079147339,
    2.683443307876587,
    2.712172031402588,
    2.7407708168029785,
    2.7693111896514893,
    2.7978618144989014,
    2.8264474868774414,
    2.8549726009368896,
    2.883456230163574,
    2.9120144844055176,
    2.9406328201293945,
    2.969146490097046,
    2.997689723968506,
    3.0262417793273926,
    3.0547258853912354,
    3.0832483768463135,
    3.111787796020508,
    3.1402859687805176,
    3.1687629222869873,
    3.197263479232788,
    3.2257657051086426,
    3.2542362213134766,
    3.2827258110046387,
    3.3111765384674072,
    3.339632034301758,
    3.368072509765625,
    3.396437406539917,
    3.424896478652954,
    3.4533703327178955,
    3.481781244277954,
    3.510148525238037,
    3.5385537147521973,
    3.5669143199920654,
    3.5953176021575928,
    3.623687505722046,
    3.6522390842437744,
    3.680622100830078,
    3.7090888023376465,
    3.737448215484619,
    3.7658352851867676,
    3.7941834926605225,
    3.8225369453430176,
    3.850837469100952,
    3.8792903423309326,
    3.9075565338134766,
    3.935887575149536,
    3.964134693145752,
    3.9923229217529297,
    4.020524978637695,
    4.048767566680908,
    4.076931476593018,
    4.105111598968506,
    4.1333441734313965,
    4.1615095138549805,
    4.189714431762695,
    4.21788215637207,
    4.2460997104644775,
    4.2743518352508545,
    4.302623510360718,
    4.330827236175537
  ]
}