{
  "gesture_id": 1,
  "gesture_name": "push",
  "timestamp": "2025-12-23T15:14:51.402038",
  "sample_rate": 50,
  "duration": 3.0,
  "distances": [
    44.814109802246094,
    45.15348672866821,
    44.83046531677246,
    44.0126895904541,
    43.60380172729492,
    44.19668912887573,
    43.763267993927,
    44.793665409088135,
    44.22122240066528,
    43.58335733413696,
    43.59971284866333,
    43.98406744003296,
    43.82869005203247,
    43.407535552978516,
    43.83277893066406,
    41.628873348236084,
    41.608428955078125,
    42.520248889923096,
    43.019092082977295,
    42.52842664718628,
    40.43900966644287,
    40.43492078781128,
    40.901052951812744,
    40.426743030548096,
    39.48630094528198,
    39.51901197433472,
    40.91331958770752,
    41.35082960128784,
    37.85892724990845,
    36.99617385864258,
    36.52186393737793,
    37.18835115432739,
    36.280620098114014,
    36.27244234085083,
    36.27653121948242,
    36.95937395095825,
    35.76951026916504,
    36.30106449127197,
    49.25054311752319,
    38.083815574645996,
    34.465157985687256,
    34.20346975326538,
    32.60880708694458,
    32.35529661178589,
    32.093608379364014,
    31.848275661468506,
    32.10996389389038,
    33.140361309051514,
    47.24290370941162,
    48.027968406677246,
    30.26587963104248,
    29.99192476272583,
    29.76703643798828,
    29.456281661987305,
    29.74250316619873,
    30.020546913146973,
    28.679394721984863,
    29.19868230819702,
    28.07832956314087,
    30.024635791778564,
    29.771125316619873,
    27.78801918029785,
    32.61289596557617,
    32.4002742767334,
    36.534130573272705,
    45.39064168930054,
    46.588683128356934,
    46.592772006988525,
    47.430992126464844,
    29.529881477355957,
    26.316022872924805,
    25.706779956817627,
    25.138425827026367,
    24.57824945449829,
    24.85220432281494,
    24.296116828918457,
    26.287400722503662,
    24.610960483551025,
    24.013984203338623,
    23.425185680389404,
    23.670518398284912,
    23.989450931549072,
    26.336467266082764,
    23.948562145233154,
    24.242961406707764,
    25.445091724395752,
    24.85220432281494,
    25.1711368560791,
    22.476565837860107,
    22.79958724975586,
    22.20669984817505,
    22.5297212600708,
    22.80367612838745,
    22.169899940490723,
    21.237635612487793,
    22.836387157440186,
    20.95959186553955,
    22.55425453186035,
    20.628392696380615,
    46.16752862930298,
    21.585190296173096,
    19.655239582061768,
    19.95781660079956,
    20.47710418701172,
    20.558881759643555,
    19.970083236694336,
    18.984663486480713,
    19.29950714111328,
    18.665730953216553,
    18.99693012237549,
    18.350887298583984,
    18.653464317321777,
    18.007421493530273,
    18.350887298583984,
    18.68208646774292,
    18.040132522583008,
    17.058801651000977,
    17.4963116645813,
    18.007421493530273,
    17.369556427001953,
    17.737555503845215,
    16.77258014678955,
    16.093826293945312,
    16.400492191314697,
    16.715335845947266,
    16.11427068710327,
    16.420936584472656,
    17.079246044158936,
    16.08564853668213,
    15.77080488204956,
    16.073381900787354,
    15.42733907699585,
    15.74627161026001,
    16.097915172576904,
    15.410983562469482,
    14.417386054992676,
    14.69951868057251,
    14.078009128570557,
    14.417386054992676,
    13.69774341583252,
    14.082098007202148,
    14.409208297729492,
    13.350188732147217,
    13.681387901306152,
    12.659168243408203,
    13.027167320251465,
    13.366544246673584,
    12.667346000671387,
    12.986278533935547,
    11.959969997406006
  ],
  "timestamps": [
    0.010088443756103516,
    0.04045462608337402,
    0.07068347930908203,
    0.10083961486816406,
    0.13095474243164062,
    0.1611011028289795,
    0.19122719764709473,
    0.22139763832092285,
    0.25160980224609375,
    0.2816953659057617,
    0.311779260635376,
    0.34189915657043457,
    0.3720211982727051,
    0.4021170139312744,
    0.4322531223297119,
    0.4622471332550049,
    0.4924008846282959,
    0.5225389003753662,
    0.5527443885803223,
    0.5828516483306885,
    0.6127605438232422,
    0.6426682472229004,
    0.6726140975952148,
    0.7025232315063477,
    0.7324004173278809,
    0.7622623443603516,
    0.792198896408081,
    0.8221611976623535,
    0.851921558380127,
    0.8816325664520264,
    0.911309003829956,
    0.9410345554351807,
    0.9707036018371582,
    1.0003845691680908,
    1.0300652980804443,
    1.0599377155303955,
    1.0895955562591553,
    1.1192693710327148,
    1.149688959121704,
    1.179466962814331,
    1.2090411186218262,
    1.238567590713501,
    1.2680323123931885,
    1.297471523284912,
    1.3269166946411133,
    1.3563427925109863,
    1.3857581615447998,
    1.4152460098266602,
    1.4455490112304688,
    1.4760043621063232,
    1.5055572986602783,
    1.5349171161651611,
    1.5642168521881104,
    1.5934784412384033,
    1.622770071029663,
    1.6520733833312988,
    1.6812925338745117,
    1.7105448246002197,
    1.7397310733795166,
    1.769012689590454,
    1.7982983589172363,
    1.8274712562561035,
    1.85691499710083,
    1.8863706588745117,
    1.9160726070404053,
    1.9462635517120361,
    1.9765987396240234,
    2.006903648376465,
    2.0372307300567627,
    2.0665009021759033,
    2.0955872535705566,
    2.124661684036255,
    2.153677463531494,
    2.182663917541504,
    2.2116925716400146,
    2.240678310394287,
    2.2697842121124268,
    2.2987797260284424,
    2.3277297019958496,
    2.356642484664917,
    2.385622978210449,
    2.4145991802215576,
    2.443702459335327,
    2.4727566242218018,
    2.5019679069519043,
    2.5310416221618652,
    2.5600337982177734,
    2.589033365249634,
    2.6179020404815674,
    2.646803379058838,
    2.6756651401519775,
    2.704533338546753,
    2.733415365219116,
    2.762256383895874,
    2.7910385131835938,
    2.8199126720428467,
    2.8486807346343994,
    2.8775417804718018,
    2.9063034057617188,
    2.9365696907043457,
    2.9653995037078857,
    2.994131326675415,
    3.0228683948516846,
    3.0516164302825928,
    3.0803470611572266,
    3.1090586185455322,
    3.1377084255218506,
    3.1663818359375,
    3.195017099380493,
    3.2236709594726562,
    3.2522692680358887,
    3.280902862548828,
    3.309511184692383,
    3.3381543159484863,
    3.3668618202209473,
    3.3954830169677734,
    3.4240503311157227,
    3.452634811401367,
    3.4813010692596436,
    3.509983539581299,
    3.5386321544647217,
    3.567185401916504,
    3.595693588256836,
    3.6242117881774902,
    3.652735710144043,
    3.681222915649414,
    3.709782838821411,
    3.7383503913879395,
    3.7668840885162354,
    3.7953763008117676,
    3.8238818645477295,
    3.8523476123809814,
    3.8808341026306152,
    3.9093375205993652,
    3.937849283218384,
    3.9662411212921143,
    3.994661808013916,
    4.0230443477630615,
    4.051451921463013,
    4.079818248748779,
    4.10820746421814,
    4.136603832244873,
    4.164931058883667,
    4.1932737827301025,
    4.221604824066162,
    4.249931812286377,
    4.278278112411499,
    4.306582450866699,
    4.334912538528442,
    4.363182067871094
  ]
}