{
  "gesture_id": 1,
  "gesture_name": "push",
  "timestamp": "2025-12-23T15:18:33.517216",
  "sample_rate": 50,
  "duration": 3.0,
  "distances": [
    52.664756774902344,
    52.644312381744385,
    52.17818021774292,
    51.96555852890015,
    51.81018114089966,
    51.62618160247803,
    51.81835889816284,
    51.95329189300537,
    52.12502479553223,
    51.81835889816284,
    51.981914043426514,
    55.09355068206787,
    51.30724906921387,
    50.485384464263916,
    49.90067481994629,
    50.27276277542114,
    49.365031719207764,
    49.7452974319458,
    49.753475189208984,
    48.78441095352173,
    47.3533034324646,
    45.9589958190918,
    46.17570638656616,
    47.181570529937744,
    46.97303771972656,
    45.566463470458984,
    49.77391958236694,
    51.278626918792725,
    49.369120597839355,
    43.37891340255737,
    42.495715618133545,
    41.56754016876221,
    41.60025119781494,
    41.57980680465698,
    39.93607759475708,
    39.47403430938721,
    39.469945430755615,
    39.91563320159912,
    38.30052614212036,
    39.2287015914917,
    37.625861167907715,
    36.943018436431885,
    38.31688165664673,
    37.66266107559204,
    36.47279739379883,
    36.23155355453491,
    36.23155355453491,
    35.511910915374756,
    34.714579582214355,
    35.2420449256897,
    34.44880247116089,
    34.16258096694946,
    33.90089273452759,
    34.4447135925293,
    34.19938087463379,
    33.88862609863281,
    32.87458419799805,
    32.6496958732605,
    32.347118854522705,
    31.549787521362305,
    31.26765489578247,
    31.071388721466064,
    30.781078338623047,
    30.523478984832764,
    30.24543523788452,
    30.507123470306396,
    30.274057388305664,
    29.97148036956787,
    30.26587963104248,
    29.975569248199463,
    29.726147651672363,
    29.44810390472412,
    30.032813549041748,
    28.364551067352295,
    28.098773956298828,
    29.975569248199463,
    29.713881015777588,
    29.46854829788208,
    26.573622226715088,
    29.456281661987305,
    26.549088954925537,
    26.320111751556396,
    28.642594814300537,
    29.73841428756714,
    25.175225734710693,
    24.835848808288574,
    28.912460803985596,
    30.020546913146973,
    24.557805061340332,
    23.363852500915527,
    23.11851978302002,
    24.25931692123413,
    22.18625545501709,
    22.770965099334717,
    22.173988819122314,
    21.556568145751953,
    21.855056285858154,
    22.4806547164917,
    21.859145164489746,
    21.225368976593018,
    20.599770545959473,
    21.098613739013672,
    20.264482498168945,
    19.597995281219482,
    19.949638843536377,
    21.55247926712036,
    19.642972946166992,
    20.23177146911621,
    19.585728645324707,
    19.31995153427124,
    18.677997589111328,
    18.305909633636475,
    19.904661178588867,
    19.279062747955322,
    18.63710880279541,
    17.075157165527344,
    17.692577838897705,
    17.009735107421875,
    17.68440008163452,
    17.06289052963257,
    17.38591194152832,
    16.735780239105225,
    17.071068286895752,
    17.676222324371338,
    17.050623893737793,
    17.663955688476562,
    17.058801651000977,
    16.715335845947266,
    16.093826293945312,
    16.72760248184204,
    44.33571100234985,
    16.097915172576904,
    16.739869117736816,
    16.06520414352417,
    15.799427032470703,
    16.351425647735596,
    14.384675025939941,
    13.714098930358887,
    12.986278533935547,
    11.906814575195312,
    13.309299945831299,
    12.336146831512451,
    11.632859706878662,
    11.972236633300781,
    11.256682872772217,
    11.620593070983887,
    10.917305946350098,
    11.641037464141846,
    10.586106777191162,
    11.268949508666992
  ],
  "timestamps": [
    0.010530471801757812,
    0.04124951362609863,
    0.07191586494445801,
    0.10252594947814941,
    0.13309764862060547,
    0.16367745399475098,
    0.19426250457763672,
    0.22481799125671387,
    0.2554044723510742,
    0.2859537601470947,
    0.31653451919555664,
    0.34729552268981934,
    0.37787890434265137,
    0.40851402282714844,
    0.43908262252807617,
    0.46968984603881836,
    0.5001406669616699,
    0.5306196212768555,
    0.5610733032226562,
    0.5914628505706787,
    0.621772289276123,
    0.6519994735717773,
    0.6822612285614014,
    0.7125616073608398,
    0.742844820022583,
    0.7730495929718018,
    0.803497314453125,
    0.8340315818786621,
    0.8644583225250244,
    0.8945331573486328,
    0.9245579242706299,
    0.95452880859375,
    0.9845132827758789,
    1.014488697052002,
    1.0443439483642578,
    1.0741875171661377,
    1.1040334701538086,
    1.1339061260223389,
    1.1636645793914795,
    1.1934969425201416,
    1.2232205867767334,
    1.2529196739196777,
    1.2827110290527344,
    1.3124465942382812,
    1.3421165943145752,
    1.3718078136444092,
    1.4016456604003906,
    1.4312984943389893,
    1.460878610610962,
    1.4904911518096924,
    1.5200519561767578,
    1.5496046543121338,
    1.579134225845337,
    1.6086859703063965,
    1.6382255554199219,
    1.6677465438842773,
    1.697206974029541,
    1.726684808731079,
    1.7561404705047607,
    1.7855494022369385,
    1.81494140625,
    1.8443152904510498,
    1.8736586570739746,
    1.9029955863952637,
    1.932314395904541,
    1.961643934249878,
    1.990962266921997,
    2.020253896713257,
    2.049565315246582,
    2.0788540840148926,
    2.1081314086914062,
    2.1374239921569824,
    2.166743278503418,
    2.1959688663482666,
    2.2251691818237305,
    2.2544782161712646,
    2.283764600753784,
    2.3130288124084473,
    2.342136859893799,
    2.3714582920074463,
    2.400787591934204,
    2.4299685955047607,
    2.45924711227417,
    2.4885456562042236,
    2.517631769180298,
    2.546637535095215,
    2.5758891105651855,
    2.6052095890045166,
    2.6342077255249023,
    2.6631758213043213,
    2.692068099975586,
    2.72102689743042,
    2.7498767375946045,
    2.778771162033081,
    2.807628870010376,
    2.836448907852173,
    2.865278959274292,
    2.8941733837127686,
    2.9229915142059326,
    2.9518237113952637,
    2.980597972869873,
    3.009396553039551,
    3.03814697265625,
    3.066985607147217,
    3.0957131385803223,
    3.1245176792144775,
    3.1532058715820312,
    3.1819300651550293,
    3.210618495941162,
    3.239288806915283,
    3.2679336071014404,
    3.296567916870117,
    3.3252954483032227,
    3.3540151119232178,
    3.3827528953552246,
    3.411381959915161,
    3.4399869441986084,
    3.4685542583465576,
    3.4971635341644287,
    3.5257256031036377,
    3.5543060302734375,
    3.582887649536133,
    3.61142897605896,
    3.6400063037872314,
    3.668551206588745,
    3.6971468925476074,
    3.7257080078125,
    3.7542471885681152,
    3.782759428024292,
    3.8113021850585938,
    3.8414485454559326,
    3.8699514865875244,
    3.898542881011963,
    3.9270293712615967,
    3.955491542816162,
    3.984003782272339,
    4.012410879135132,
    4.040776968002319,
    4.069107294082642,
    4.097395658493042,
    4.125736713409424,
    4.154020071029663,
    4.182261228561401,
    4.2105371952056885,
    4.238759279251099,
    4.26700234413147,
    4.2952046394348145,
    4.323447942733765,
    4.35163140296936,
    4.379922389984131
  ]
}