{
  "gesture_id": 1,
  "gesture_name": "push",
  "timestamp": "2025-12-23T15:19:28.411801",
  "sample_rate": 50,
  "duration": 3.0,
  "distances": [
    49.230098724365234,
    49.1973876953125,
    49.25872087478638,
    49.1973876953125,
    49.230098724365234,
    48.207879066467285,
    48.01979064941406,
    47.83987998962402,
    49.03792142868042,
    48.436856269836426,
    48.207879066467285,
    48.048412799835205,
    47.23472595214844,
    47.386014461517334,
    47.03437089920044,
    46.21659517288208,
    45.8077073097229,
    45.79135179519653,
    45.819973945617676,
    44.00451183319092,
    44.37659978866577,
    42.99046993255615,
    43.37482452392578,
    43.80415678024292,
    41.37536287307739,
    40.422654151916504,
    40.676164627075195,
    39.28185701370239,
    38.81572484970093,
    38.34550380706787,
    37.924349308013916,
    40.43900966644287,
    40.426743030548096,
    39.972877502441406,
    37.45821714401245,
    37.45821714401245,
    36.280620098114014,
    36.29288673400879,
    36.26835346221924,
    35.50373315811157,
    34.69822406768799,
    34.73093509674072,
    33.9458703994751,
    34.465157985687256,
    33.71689319610596,
    33.43067169189453,
    33.168983459472656,
    32.940006256103516,
    33.43067169189453,
    33.17716121673584,
    32.91956186294556,
    32.67422914505005,
    32.33076333999634,
    32.10587501525879,
    31.844186782836914,
    30.81378936767578,
    29.779303073883057,
    30.004191398620605,
    29.73841428756714,
    29.501259326934814,
    29.190504550933838,
    28.953349590301514,
    28.654861450195312,
    28.360462188720703,
    27.211487293243408,
    27.767574787139893,
    28.07832956314087,
    26.925265789031982,
    29.231393337249756,
    29.51352596282959,
    26.62268877029419,
    26.35282278060913,
    28.67121696472168,
    25.457358360290527,
    27.779841423034668,
    24.53327178955078,
    25.723135471343994,
    24.565982818603516,
    24.889004230499268,
    23.682785034179688,
    26.00935697555542,
    23.650074005126953,
    26.02980136871338,
    22.811853885650635,
    23.997628688812256,
    22.840476036071777,
    22.239410877227783,
    24.57824945449829,
    22.169899940490723,
    22.50518798828125,
    21.900033950805664,
    21.221280097961426,
    20.603859424591064,
    20.894169807434082,
    21.556568145751953,
    20.930969715118408,
    21.217191219329834,
    20.575237274169922,
    19.949638843536377,
    19.307684898376465,
    19.949638843536377,
    19.283151626586914,
    18.673908710479736,
    18.98057460784912,
    18.350887298583984,
    18.95604133605957,
    18.354976177215576,
    17.70484447479248,
    17.06697940826416,
    17.68440008163452,
    17.995154857635498,
    17.38182306289673,
    17.696666717529297,
    16.735780239105225,
    16.61311388015747,
    16.42911434173584,
    17.06289052963257,
    16.420936584472656,
    17.06289052963257,
    16.40866994857788,
    17.058801651000977,
    16.457736492156982,
    17.08742380142212,
    15.460050106048584,
    16.08973741531372,
    15.4518723487854,
    16.08973741531372,
    15.79124927520752,
    15.04298448562622,
    14.396941661834717,
    15.055251121520996,
    14.401030540466309,
    14.090275764465332,
    13.689565658569336,
    13.055789470672607,
    12.33205795288086,
    13.01490068435669,
    12.319791316986084,
    11.62877082824707,
    11.976325511932373,
    11.281216144561768,
    11.632859706878662,
    10.622906684875488,
    11.281216144561768,
    11.632859706878662,
    10.610640048980713,
    11.33028268814087,
    10.287618637084961,
    10.606551170349121,
    11.313927173614502
  ],
  "timestamps": [
    0.010334253311157227,
    0.040869951248168945,
    0.0713348388671875,
    0.10180974006652832,
    0.13224101066589355,
    0.16269659996032715,
    0.19305777549743652,
    0.22338056564331055,
    0.25379204750061035,
    0.2841472625732422,
    0.3145263195037842,
    0.3448820114135742,
    0.3751709461212158,
    0.40548157691955566,
    0.43575024604797363,
    0.4660916328430176,
    0.4965062141418457,
    0.5267729759216309,
    0.5570163726806641,
    0.5871248245239258,
    0.617257833480835,
    0.6472806930541992,
    0.6773524284362793,
    0.707432746887207,
    0.737403154373169,
    0.7673158645629883,
    0.7972431182861328,
    0.8270649909973145,
    0.8568806648254395,
    0.8866455554962158,
    0.91640305519104,
    0.9462883472442627,
    0.9762210845947266,
    1.0061511993408203,
    1.0358669757843018,
    1.065610408782959,
    1.095268964767456,
    1.124934434890747,
    1.1545772552490234,
    1.1841950416564941,
    1.2137675285339355,
    1.2433192729949951,
    1.2728407382965088,
    1.3023788928985596,
    1.331916093826294,
    1.3614356517791748,
    1.3909122943878174,
    1.420384168624878,
    1.4515364170074463,
    1.481278896331787,
    1.5107979774475098,
    1.5402672290802002,
    1.5697178840637207,
    1.5992190837860107,
    1.6286356449127197,
    1.6580028533935547,
    1.6872851848602295,
    1.7165956497192383,
    1.7458622455596924,
    1.7751274108886719,
    1.804373025894165,
    1.833582878112793,
    1.8628065586090088,
    1.892005205154419,
    1.9211485385894775,
    1.9503178596496582,
    1.9795455932617188,
    2.0087099075317383,
    2.037963628768921,
    2.067251682281494,
    2.0963704586029053,
    2.125446081161499,
    2.1546502113342285,
    2.18367862701416,
    2.212841272354126,
    2.2418110370635986,
    2.2708730697631836,
    2.299852132797241,
    2.328904151916504,
    2.357879400253296,
    2.3869688510894775,
    2.415914535522461,
    2.4449896812438965,
    2.473888397216797,
    2.5029048919677734,
    2.5318078994750977,
    2.560687780380249,
    2.5896992683410645,
    2.618568181991577,
    2.6474430561065674,
    2.6762712001800537,
    2.70507550239563,
    2.733825206756592,
    2.762587547302246,
    2.7913920879364014,
    2.820152759552002,
    2.8489696979522705,
    2.877718210220337,
    2.9064505100250244,
    2.935142755508423,
    2.9638640880584717,
    2.9925448894500732,
    3.0211665630340576,
    3.049832344055176,
    3.0784757137298584,
    3.1071512699127197,
    3.135786294937134,
    3.1643683910369873,
    3.1928961277008057,
    3.2214770317077637,
    3.250065803527832,
    3.278644561767578,
    3.307244062423706,
    3.3357839584350586,
    3.3643314838409424,
    3.3928165435791016,
    3.421358823776245,
    3.449934482574463,
    3.4786064624786377,
    3.507209062576294,
    3.53580379486084,
    3.5643625259399414,
    3.5929086208343506,
    3.6213648319244385,
    3.649857521057129,
    3.678319215774536,
    3.70680832862854,
    3.7352750301361084,
    3.763720750808716,
    3.7921316623687744,
    3.8205783367156982,
    3.8489866256713867,
    3.877375602722168,
    3.905740737915039,
    3.9340691566467285,
    3.9623818397521973,
    3.990720748901367,
    4.019010066986084,
    4.0472588539123535,
    4.0755228996276855,
    4.103752613067627,
    4.132002115249634,
    4.160186767578125,
    4.188412427902222,
    4.216658115386963,
    4.244843482971191,
    4.273074150085449,
    4.301238298416138,
    4.329427480697632,
    4.3576576709747314
  ]
}