{
  "gesture_id": 1,
  "gesture_name": "push",
  "timestamp": "2025-12-24T13:16:27.275960",
  "sample_rate": 50,
  "duration": 3.0,
  "distances": [
    48.24467897415161,
    48.20379018783569,
    49.94156360626221,
    49.99880790710449,
    50.51400661468506,
    52.538001537323,
    53.24128866195679,
    53.42528820037842,
    53.40893268585205,
    52.17409133911133,
    49.25872087478638,
    47.619080543518066,
    47.24290370941162,
    44.96539831161499,
    46.19615077972412,
    44.78957653045654,
    44.80593204498291,
    45.202553272247314,
    46.39241695404053,
    44.200778007507324,
    41.334474086761475,
    41.632962226867676,
    40.21412134170532,
    39.24914598464966,
    40.45945405960083,
    38.3823037147522,
    37.88754940032959,
    37.42959499359131,
    37.88754940032959,
    36.25199794769287,
    36.26835346221924,
    35.80222129821777,
    35.262489318847656,
    35.24613380432129,
    34.72275733947754,
    34.714579582214355,
    34.20755863189697,
    32.915472984313965,
    32.90729522705078,
    32.347118854522705,
    32.38800764083862,
    31.05912208557129,
    31.046855449676514,
    29.734325408935547,
    29.758858680725098,
    29.251837730407715,
    29.24365997314453,
    27.75939702987671,
    27.178776264190674,
    27.481353282928467,
    29.227304458618164,
    26.888465881347656,
    26.92117691040039,
    26.87619924545288,
    26.017534732818604,
    30.04099130630493,
    29.255926609039307,
    25.150692462921143,
    25.751757621765137,
    27.199220657348633,
    26.912999153137207,
    27.518153190612793,
    45.79952955245972,
    45.202553272247314,
    24.271583557128906,
    25.719046592712402,
    43.816423416137695,
    43.6160683631897,
    42.540693283081055,
    43.17038059234619,
    43.611979484558105,
    42.08273887634277,
    42.75331497192383,
    43.58335733413696,
    22.84865379333496,
    21.20492458343506,
    20.46074867248535,
    20.612037181854248,
    21.2335467338562,
    19.602084159851074,
    21.589279174804688,
    42.9659366607666,
    19.311773777008057,
    18.665730953216553,
    18.326354026794434,
    41.59207344055176,
    18.330442905426025,
    18.649375438690186,
    18.0442214012146,
    23.388385772705078,
    17.737555503845215,
    17.075157165527344,
    18.97648572921753,
    16.719424724578857,
    16.11018180847168,
    16.72351360321045,
    17.09151268005371,
    16.392314434051514,
    15.783071517944336,
    16.102004051208496,
    15.783071517944336,
    16.122448444366455,
    15.795338153839111,
    16.11018180847168,
    16.715335845947266,
    16.077470779418945,
    19.3403959274292,
    17.030179500579834,
    16.445469856262207,
    17.04244613647461,
    16.13062620162964,
    16.711246967315674,
    16.102004051208496,
    11.972236633300781,
    12.704145908355713,
    11.67374849319458,
    10.594284534454346,
    10.950016975402832,
    11.612415313720703,
    10.230374336242676,
    12.323880195617676,
    11.301660537719727,
    11.661481857299805,
    10.610640048980713,
    10.929572582244873,
    11.297571659088135,
    9.895086288452148,
    8.917844295501709,
    9.244954586029053,
    9.58024263381958,
    9.756064414978027,
    8.537578582763672,
    8.917844295501709,
    9.281754493713379,
    9.559798240661621,
    8.181846141815186,
    8.181846141815186,
    9.907352924346924,
    9.952330589294434,
    8.545756340026855,
    7.572603225708008,
    7.89562463760376,
    8.226823806762695,
    7.184159755706787,
    9.224510192871094,
    6.881582736968994,
    7.2373151779174805,
    7.593047618865967,
    7.907891273498535,
    6.852960586547852
  ],
  "timestamps": [
    0.010304450988769531,
    0.04079246520996094,
    0.07129907608032227,
    0.10179805755615234,
    0.13237619400024414,
    0.1630570888519287,
    0.1937246322631836,
    0.22438979148864746,
    0.255054235458374,
    0.28563904762268066,
    0.31606268882751465,
    0.3464088439941406,
    0.37671494483947754,
    0.4068920612335205,
    0.4371349811553955,
    0.4672970771789551,
    0.497452974319458,
    0.5276365280151367,
    0.5578899383544922,
    0.5880126953125,
    0.6179647445678711,
    0.6479701995849609,
    0.6780426502227783,
    0.7079098224639893,
    0.7378284931182861,
    0.7676334381103516,
    0.7973966598510742,
    0.8271224498748779,
    0.8568778038024902,
    0.8865456581115723,
    0.9162337779998779,
    0.9458608627319336,
    0.9754619598388672,
    1.005065679550171,
    1.0346357822418213,
    1.0642247200012207,
    1.0937626361846924,
    1.1232237815856934,
    1.152688980102539,
    1.1821203231811523,
    1.2115540504455566,
    1.2409124374389648,
    1.2702662944793701,
    1.2995445728302002,
    1.328824758529663,
    1.358072280883789,
    1.3873398303985596,
    1.416532039642334,
    1.4456815719604492,
    1.4748518466949463,
    1.5041205883026123,
    1.5332324504852295,
    1.5623664855957031,
    1.5914981365203857,
    1.6205928325653076,
    1.6499652862548828,
    1.6794421672821045,
    1.7086374759674072,
    1.7377419471740723,
    1.7669017314910889,
    1.796039342880249,
    1.8251996040344238,
    1.8554151058197021,
    1.8855986595153809,
    1.9145712852478027,
    1.9436819553375244,
    1.973785400390625,
    2.0038750171661377,
    2.033902406692505,
    2.0639731884002686,
    2.0940845012664795,
    2.124081611633301,
    2.154120922088623,
    2.184206962585449,
    2.213082790374756,
    2.241861343383789,
    2.270627975463867,
    2.2993850708007812,
    2.3281688690185547,
    2.3568575382232666,
    2.3856630325317383,
    2.415728807449341,
    2.444427490234375,
    2.473083734512329,
    2.501720905303955,
    2.5317087173461914,
    2.560344696044922,
    2.5889980792999268,
    2.617605686187744,
    2.646552085876465,
    2.675255537033081,
    2.703874111175537,
    2.732571601867676,
    2.7611029148101807,
    2.7895944118499756,
    2.818185806274414,
    2.846754550933838,
    2.8752799034118652,
    2.903773307800293,
    2.9322807788848877,
    2.9607694149017334,
    2.9892771244049072,
    3.0177648067474365,
    3.0462541580200195,
    3.0747711658477783,
    3.10325026512146,
    3.13193416595459,
    3.160494804382324,
    3.18902325630188,
    3.217581033706665,
    3.2460837364196777,
    3.2746243476867676,
    3.3031249046325684,
    3.3313868045806885,
    3.3597309589385986,
    3.3879611492156982,
    3.416125774383545,
    3.4443211555480957,
    3.4725704193115234,
    3.50073504447937,
    3.5290629863739014,
    3.557288885116577,
    3.585533618927002,
    3.613713264465332,
    3.6419410705566406,
    3.6703109741210938,
    3.698544979095459,
    3.7267138957977295,
    3.7548975944519043,
    3.7830405235290527,
    3.811194658279419,
    3.8392603397369385,
    3.8673691749572754,
    3.8954968452453613,
    3.9236271381378174,
    3.9516730308532715,
    3.979719400405884,
    4.007862091064453,
    4.036007881164551,
    4.064076662063599,
    4.09208345413208,
    4.120110273361206,
    4.14815616607666,
    4.176140308380127,
    4.204242944717407,
    4.232211112976074,
    4.260225296020508,
    4.288234233856201,
    4.316267490386963,
    4.34423828125
  ]
}