{
  "gesture_id": 1,
  "gesture_name": "push",
  "timestamp": "2025-12-23T15:12:16.455291",
  "sample_rate": 50,
  "duration": 3.0,
  "distances": [
    38.37003707885742,
    38.83616924285889,
    39.290034770965576,
    39.2777681350708,
    39.73163366317749,
    39.285945892333984,
    38.34959268569946,
    39.03243541717529,
    42.78193712234497,
    38.55403661727905,
    37.192440032958984,
    39.27367925643921,
    40.676164627075195,
    39.25732374191284,
    39.52310085296631,
    38.811635971069336,
    38.14514875411987,
    39.06923532485962,
    40.43083190917969,
    38.308703899383545,
    37.40915060043335,
    35.761332511901855,
    34.97217893600464,
    34.9926233291626,
    34.166669845581055,
    33.40613842010498,
    32.58836269378662,
    32.61289596557617,
    32.60471820831299,
    31.83192014694214,
    31.799209117889404,
    31.06321096420288,
    31.046855449676514,
    30.253612995147705,
    30.26179075241089,
    29.456281661987305,
    29.97148036956787,
    29.19459342956543,
    29.255926609039307,
    29.17006015777588,
    28.049707412719727,
    29.476726055145264,
    30.032813549041748,
    29.17414903640747,
    26.037979125976562,
    25.727224349975586,
    28.887927532196045,
    24.839937686920166,
    28.92472743988037,
    24.85220432281494,
    25.158870220184326,
    23.93629550933838,
    25.117981433868408,
    23.96491765975952,
    22.50518798828125,
    23.065364360809326,
    25.387847423553467,
    22.218966484069824,
    25.3714919090271,
    22.23532199859619,
    25.424647331237793,
    22.214877605438232,
    21.52794599533081,
    20.898258686065674,
    21.564745903015137,
    20.894169807434082,
    20.25630474090576,
    19.602084159851074,
    20.701992511749268,
    20.579326152801514,
    19.949638843536377,
    19.283151626586914,
    20.902347564697266,
    20.22768259048462,
    18.346798419952393,
    18.98057460784912,
    18.309998512268066,
    17.663955688476562,
    17.058801651000977,
    18.608486652374268,
    18.076932430267334,
    17.40635633468628,
    16.715335845947266,
    17.357289791107178,
    16.735780239105225,
    17.04244613647461,
    16.392314434051514,
    17.079246044158936,
    16.367781162261963,
    15.742182731628418,
    16.08973741531372,
    15.766716003417969,
    16.106092929840088,
    15.378272533416748,
    14.388763904571533,
    15.186095237731934,
    14.049386978149414,
    14.417386054992676,
    15.047073364257812,
    14.01667594909668,
    14.703607559204102,
    13.69774341583252,
    14.065742492675781,
    14.339697360992432,
    13.3583664894104,
    13.354277610778809,
    13.673210144042969,
    14.033031463623047,
    14.396941661834717,
    14.719963073730469,
    13.37881088256836,
    12.303435802459717,
    14.392852783203125,
    13.391077518463135,
    13.640499114990234,
    12.663257122039795,
    11.616504192352295,
    11.99268102645874,
    12.327969074249268,
    11.616504192352295,
    10.618817806243896,
    12.667346000671387,
    11.596059799194336,
    10.598373413085938,
    10.937750339508057,
    11.260771751403809,
    10.258996486663818,
    10.941839218139648,
    9.915530681610107,
    10.267174243927002,
    10.631084442138672,
    9.886908531188965,
    8.901488780975342,
    9.249043464660645,
    9.608864784240723,
    8.513045310974121,
    8.89739990234375,
    9.19179916381836,
    9.204065799713135,
    9.686553478240967,
    8.545756340026855,
    8.848333358764648,
    9.224510192871094,
    8.218646049499512,
    9.882819652557373,
    8.53348970413208,
    8.881044387817383,
    7.846558094024658,
    9.60477590560913,
    7.200515270233154
  ],
  "timestamps": [
    0.009699583053588867,
    0.03963351249694824,
    0.06954503059387207,
    0.09945130348205566,
    0.12938189506530762,
    0.15921330451965332,
    0.18900299072265625,
    0.2188115119934082,
    0.2488572597503662,
    0.27864837646484375,
    0.3083631992340088,
    0.338207483291626,
    0.3682105541229248,
    0.3981201648712158,
    0.42801403999328613,
    0.45781779289245605,
    0.4875950813293457,
    0.5174062252044678,
    0.5473365783691406,
    0.5771152973175049,
    0.6068236827850342,
    0.6364550590515137,
    0.6660211086273193,
    0.6956076622009277,
    0.7251286506652832,
    0.7546653747558594,
    0.7841360569000244,
    0.8135678768157959,
    0.8430118560791016,
    0.8724265098571777,
    0.9018280506134033,
    0.9311907291412354,
    0.960561990737915,
    0.9898779392242432,
    1.019209861755371,
    1.0485012531280518,
    1.07785964012146,
    1.1071102619171143,
    1.1363694667816162,
    1.1656303405761719,
    1.1948332786560059,
    1.2241194248199463,
    1.2534546852111816,
    1.2827892303466797,
    1.3118617534637451,
    1.340912103652954,
    1.37021803855896,
    1.3993535041809082,
    1.4286184310913086,
    1.4576640129089355,
    1.4867033958435059,
    1.5158343315124512,
    1.5450794696807861,
    1.5741910934448242,
    1.6033704280853271,
    1.632462978363037,
    1.6614711284637451,
    1.6903512477874756,
    1.7194135189056396,
    1.748288869857788,
    1.777338981628418,
    1.8061861991882324,
    1.8349862098693848,
    1.8637611865997314,
    1.892594337463379,
    1.9213676452636719,
    1.950094223022461,
    1.978792428970337,
    2.007599115371704,
    2.0363786220550537,
    2.0651137828826904,
    2.0937979221343994,
    2.1225621700286865,
    2.151296615600586,
    2.1799211502075195,
    2.2085988521575928,
    2.237239360809326,
    2.265845775604248,
    2.2943992614746094,
    2.3230338096618652,
    2.351637601852417,
    2.3803107738494873,
    2.408930778503418,
    2.437537670135498,
    2.4660933017730713,
    2.4946470260620117,
    2.5231547355651855,
    2.551692485809326,
    2.5802605152130127,
    2.608752965927124,
    2.637261152267456,
    2.6657540798187256,
    2.6942644119262695,
    2.722733736038208,
    2.7511401176452637,
    2.7795965671539307,
    2.8079731464385986,
    2.8363616466522217,
    2.8647866249084473,
    2.893169403076172,
    2.9215991497039795,
    2.949967861175537,
    2.978351593017578,
    3.0067431926727295,
    3.0350663661956787,
    3.0633866786956787,
    3.091801881790161,
    3.1201963424682617,
    3.1485755443573,
    3.1769866943359375,
    3.2053322792053223,
    3.233617067337036,
    3.262021541595459,
    3.290372848510742,
    3.3187355995178223,
    3.3470401763916016,
    3.375326633453369,
    3.4037036895751953,
    3.4320201873779297,
    3.4602952003479004,
    3.4884917736053467,
    3.516806125640869,
    3.5450515747070312,
    3.573239803314209,
    3.601440906524658,
    3.6296675205230713,
    3.6578330993652344,
    3.6860547065734863,
    3.7142045497894287,
    3.7423794269561768,
    3.7705698013305664,
    3.798715591430664,
    3.826799154281616,
    3.854902744293213,
    3.883033275604248,
    3.911093235015869,
    3.9391729831695557,
    3.96728777885437,
    3.9954540729522705,
    4.023608684539795,
    4.0516979694366455,
    4.079787015914917,
    4.107891321182251,
    4.135941028594971,
    4.164085149765015,
    4.192150831222534,
    4.22023868560791,
    4.24826717376709,
    4.276405096054077,
    4.304399728775024
  ]
}