{
  "gesture_id": 1,
  "gesture_name": "push",
  "timestamp": "2025-12-24T13:03:45.750804",
  "sample_rate": 50,
  "duration": 3.0,
  "distances": [
    49.63489770889282,
    49.98654127120972,
    49.82707500457764,
    49.643075466156006,
    49.63489770889282,
    49.479520320892334,
    49.63489770889282,
    49.83934164047241,
    49.483609199523926,
    49.47543144226074,
    48.03205728530884,
    47.619080543518066,
    48.82938861846924,
    49.81480836868286,
    49.230098724365234,
    46.78086042404175,
    45.38246393203735,
    44.80593204498291,
    43.78780126571655,
    43.17038059234619,
    42.49162673950195,
    42.76149272918701,
    42.98229217529297,
    40.68434238433838,
    41.31811857223511,
    39.02016878128052,
    38.079726696014404,
    37.41732835769653,
    37.66674995422363,
    36.260175704956055,
    36.50550842285156,
    36.05164289474487,
    35.49964427947998,
    34.97217893600464,
    34.9926233291626,
    34.988534450531006,
    37.151551246643066,
    38.10834884643555,
    36.04346513748169,
    33.937692642211914,
    32.58836269378662,
    31.85645341873169,
    31.85645341873169,
    30.58072328567505,
    29.754769802093506,
    29.754769802093506,
    29.476726055145264,
    29.431748390197754,
    30.020546913146973,
    28.344106674194336,
    28.094685077667236,
    29.505348205566406,
    26.92117691040039,
    27.456820011138916,
    26.60224437713623,
    29.227304458618164,
    29.251837730407715,
    26.185178756713867,
    24.590516090393066,
    24.561893939971924,
    23.66642951965332,
    23.425185680389404,
    23.997628688812256,
    24.5741605758667,
    23.400652408599854,
    22.2312331199646,
    22.832298278808594,
    23.973095417022705,
    21.91230058670044,
    22.501099109649658,
    20.95550298690796,
    21.589279174804688,
    22.178077697753906,
    20.599770545959473,
    20.260393619537354,
    19.97826099395752,
    19.642972946166992,
    20.25630474090576,
    19.602084159851074,
    18.04831027984619,
    18.645286560058594,
    18.011510372161865,
    18.314087390899658,
    17.663955688476562,
    18.01968812942505,
    17.36546754837036,
    16.752135753631592,
    17.06697940826416,
    16.416847705841064,
    17.054712772369385,
    16.437292098999023,
    17.058801651000977,
    16.392314434051514,
    17.04244613647461,
    16.388225555419922,
    15.738093852996826,
    15.01845121383667,
    15.415072441101074,
    14.74449634552002,
    15.067517757415771,
    15.423250198364258,
    14.691340923309326,
    15.067517757415771,
    15.758538246154785,
    14.711785316467285,
    15.431427955627441,
    14.339697360992432,
    14.728140830993652,
    14.06165361404419,
    13.346099853515625,
    13.746809959411621,
    13.01490068435669,
    13.386988639831543,
    12.364768981933594,
    14.368319511413574,
    13.37881088256836,
    12.327969074249268,
    12.626457214355469,
    12.998545169830322,
    11.972236633300781,
    12.336146831512451,
    12.655079364776611,
    12.978100776672363,
    11.636948585510254,
    11.976325511932373,
    10.94592809677124,
    11.289393901824951,
    11.632859706878662,
    10.598373413085938,
    12.72050142288208,
    10.267174243927002,
    10.631084442138672,
    11.313927173614502,
    10.295796394348145,
    10.933661460876465,
    9.870553016662598,
    10.30806303024292,
    10.275352001190186,
    9.273576736450195,
    11.313927173614502,
    9.903264045715332,
    8.934199810028076,
    9.212243556976318,
    9.543442726135254,
    9.886908531188965,
    8.901488780975342,
    9.253132343292236,
    8.247268199920654,
    8.525311946868896,
    8.913755416870117
  ],
  "timestamps": [
    0.010357141494750977,
    0.04090714454650879,
    0.0714268684387207,
    0.10188174247741699,
    0.13234853744506836,
    0.16278576850891113,
    0.19323348999023438,
    0.2236952781677246,
    0.25410890579223633,
    0.28454089164733887,
    0.31489086151123047,
    0.3452427387237549,
    0.3757364749908447,
    0.4062228202819824,
    0.4366457462310791,
    0.46692490577697754,
    0.49710941314697266,
    0.5272891521453857,
    0.5573720932006836,
    0.5874342918395996,
    0.6174628734588623,
    0.6475036144256592,
    0.6775338649749756,
    0.7074522972106934,
    0.7373871803283691,
    0.767209529876709,
    0.7969555854797363,
    0.8266775608062744,
    0.8564126491546631,
    0.8860747814178467,
    0.9157650470733643,
    0.9454169273376465,
    0.9750349521636963,
    1.004603624343872,
    1.034212589263916,
    1.0637798309326172,
    1.093489408493042,
    1.1232578754425049,
    1.152916669845581,
    1.1824729442596436,
    1.2119567394256592,
    1.241377353668213,
    1.2707836627960205,
    1.3001093864440918,
    1.3294413089752197,
    1.3588941097259521,
    1.3885207176208496,
    1.4178924560546875,
    1.4472475051879883,
    1.4764575958251953,
    1.5056467056274414,
    1.5349276065826416,
    1.5640437602996826,
    1.593186855316162,
    1.622286319732666,
    1.651545763015747,
    1.6808202266693115,
    1.7099390029907227,
    1.738938331604004,
    1.7679297924041748,
    1.796858787536621,
    1.8257710933685303,
    1.8547415733337402,
    1.883753776550293,
    1.9127039909362793,
    1.9415836334228516,
    1.9704725742340088,
    1.9994165897369385,
    2.028244972229004,
    2.057114362716675,
    2.0859029293060303,
    2.1147518157958984,
    2.1436150074005127,
    2.1723666191101074,
    2.201096296310425,
    2.2298030853271484,
    2.258514881134033,
    2.287245750427246,
    2.315959930419922,
    2.3447320461273193,
    2.373495578765869,
    2.4021408557891846,
    2.430793523788452,
    2.4594554901123047,
    2.488101005554199,
    2.516714572906494,
    2.5452940464019775,
    2.573887586593628,
    2.6024203300476074,
    2.6309826374053955,
    2.6595075130462646,
    2.6880767345428467,
    2.7166123390197754,
    2.745175361633301,
    2.7736918926239014,
    2.8021724224090576,
    2.8306071758270264,
    2.8590877056121826,
    2.8875203132629395,
    2.91597318649292,
    2.944430351257324,
    2.972837209701538,
    3.001267433166504,
    3.029756546020508,
    3.0582077503204346,
    3.0866527557373047,
    3.1150569915771484,
    3.1434826850891113,
    3.171870231628418,
    3.2002179622650146,
    3.2286088466644287,
    3.2569472789764404,
    3.285294532775879,
    3.31357741355896,
    3.342028856277466,
    3.3704588413238525,
    3.3987603187561035,
    3.4270710945129395,
    3.455399990081787,
    3.4836673736572266,
    3.511948585510254,
    3.540259838104248,
    3.568587303161621,
    3.5968518257141113,
    3.6251132488250732,
    3.65331768989563,
    3.6815390586853027,
    3.709780216217041,
    3.737975835800171,
    3.7662851810455322,
    3.794447660446167,
    3.8226330280303955,
    3.8508694171905518,
    3.879038095474243,
    3.907259702682495,
    3.935452461242676,
    3.9636240005493164,
    3.991791009902954,
    4.019896507263184,
    4.048131704330444,
    4.076278924942017,
    4.104367733001709,
    4.132471084594727,
    4.1605918407440186,
    4.188802719116211,
    4.216886758804321,
    4.244988679885864,
    4.273033380508423,
    4.301107168197632,
    4.329278469085693
  ]
}