{
  "gesture_id": 1,
  "gesture_name": "push",
  "timestamp": "2025-12-23T15:12:54.070472",
  "sample_rate": 50,
  "duration": 3.0,
  "distances": [
    31.799209117889404,
    31.046855449676514,
    31.055033206939697,
    31.56205415725708,
    31.61112070083618,
    32.11405277252197,
    31.85645341873169,
    32.37574100494385,
    33.414316177368164,
    36.73039674758911,
    36.26426458358765,
    34.735023975372314,
    34.47742462158203,
    34.99671220779419,
    34.97626781463623,
    34.4937801361084,
    35.49555540084839,
    35.282933712005615,
    34.984445571899414,
    32.13449716567993,
    31.328988075256348,
    31.33307695388794,
    31.08365535736084,
    30.302679538726807,
    30.28632402420044,
    29.46854829788208,
    29.476726055145264,
    29.46445941925049,
    28.654861450195312,
    30.020546913146973,
    28.380906581878662,
    28.094685077667236,
    27.792108058929443,
    28.384995460510254,
    29.78748083114624,
    29.525792598724365,
    26.59815549850464,
    25.44100284576416,
    25.997090339660645,
    27.48953104019165,
    30.314946174621582,
    30.008280277252197,
    29.24365997314453,
    30.249524116516113,
    24.8726487159729,
    25.424647331237793,
    24.00580644607544,
    27.182865142822266,
    23.989450931549072,
    23.41700792312622,
    22.80367612838745,
    23.12260866165161,
    22.546076774597168,
    22.828209400177002,
    23.09807538986206,
    23.37203025817871,
    24.582338333129883,
    24.844026565551758,
    22.214877605438232,
    25.46144723892212,
    24.00580644607544,
    23.388385772705078,
    23.68687391281128,
    23.126697540283203,
    23.404741287231445,
    23.70731830596924,
    23.12260866165161,
    23.429274559020996,
    23.695051670074463,
    23.085808753967285,
    29.51761484146118,
    22.541987895965576,
    28.99014949798584,
    22.7791428565979,
    45.99579572677612,
    42.53660440444946,
    42.32807159423828,
    24.45967197418213,
    25.44100284576416,
    21.879589557647705,
    23.41700792312622,
    20.248126983642578,
    19.336307048797607,
    19.63479518890381,
    21.241724491119385,
    19.328129291534424,
    49.79027509689331,
    19.610261917114258,
    39.49856758117676,
    39.25732374191284,
    18.334531784057617,
    37.466394901275635,
    18.072843551635742,
    18.33862066268921,
    45.0103759765625,
    19.610261917114258,
    17.38591194152832,
    16.735780239105225,
    17.038357257843018,
    17.38591194152832,
    16.715335845947266,
    17.034268379211426,
    16.08973741531372,
    17.390000820159912,
    16.42911434173584,
    16.72351360321045,
    16.776669025421143,
    17.071068286895752,
    16.097915172576904,
    16.42911434173584,
    16.72351360321045,
    17.04244613647461,
    16.081559658050537,
    17.373645305633545,
    16.392314434051514,
    16.72351360321045,
    18.011510372161865,
    17.071068286895752,
    17.058801651000977,
    18.346798419952393,
    16.057026386260986,
    43.791890144348145,
    44.23348903656006,
    44.159889221191406,
    18.624842166900635,
    16.06929302215576,
    16.445469856262207,
    15.42733907699585,
    15.778982639312744,
    14.409208297729492,
    14.736318588256836,
    15.059340000152588,
    15.415072441101074,
    15.754449367523193,
    16.11427068710327,
    15.079784393310547,
    13.693654537200928,
    14.049386978149414,
    14.376497268676758,
    14.687252044677734,
    13.386988639831543,
    13.72227668762207,
    14.08618688583374,
    12.667346000671387,
    13.006722927093506,
    13.337922096252441,
    15.067517757415771,
    12.307524681091309,
    14.024853706359863,
    12.69596815109253
  ],
  "timestamps": [
    0.009315967559814453,
    0.03881263732910156,
    0.06825470924377441,
    0.09769392013549805,
    0.12712430953979492,
    0.15657925605773926,
    0.18607568740844727,
    0.21553802490234375,
    0.24504756927490234,
    0.2747459411621094,
    0.3044259548187256,
    0.33400487899780273,
    0.36356568336486816,
    0.3931610584259033,
    0.4227585792541504,
    0.45232295989990234,
    0.48194241523742676,
    0.5115828514099121,
    0.541224479675293,
    0.5706689357757568,
    0.6000490188598633,
    0.6294271945953369,
    0.6588854789733887,
    0.6882045269012451,
    0.7175476551055908,
    0.7468252182006836,
    0.7761819362640381,
    0.8056519031524658,
    0.8349151611328125,
    0.864227294921875,
    0.8934381008148193,
    0.9226574897766113,
    0.9518342018127441,
    0.9810452461242676,
    1.0103309154510498,
    1.03961181640625,
    1.0687127113342285,
    1.097740650177002,
    1.1268186569213867,
    1.1559946537017822,
    1.185335636138916,
    1.2147181034088135,
    1.2439930438995361,
    1.2734262943267822,
    1.30244779586792,
    1.3314929008483887,
    1.360471248626709,
    1.3896305561065674,
    1.4185783863067627,
    1.4475123882293701,
    1.4763915538787842,
    1.505293369293213,
    1.5341813564300537,
    1.5630748271942139,
    1.591968059539795,
    1.6208808422088623,
    1.6498734951019287,
    1.6789329051971436,
    1.7078452110290527,
    1.7369248867034912,
    1.7678213119506836,
    1.7968838214874268,
    1.8258981704711914,
    1.8548364639282227,
    1.8837671279907227,
    1.9127833843231201,
    1.9416944980621338,
    1.9706013202667236,
    1.9995331764221191,
    2.0284321308135986,
    2.057715892791748,
    2.0866050720214844,
    2.115867853164673,
    2.1447694301605225,
    2.175020694732666,
    2.2050507068634033,
    2.2350900173187256,
    2.2642428874969482,
    2.2933101654052734,
    2.322143316268921,
    2.351041316986084,
    2.379796028137207,
    2.4084718227386475,
    2.437162399291992,
    2.4659621715545654,
    2.4946436882019043,
    2.5251190662384033,
    2.553832769393921,
    2.583672523498535,
    2.613511323928833,
    2.6421139240264893,
    2.671844244003296,
    2.700512647628784,
    2.7291767597198486,
    2.7593705654144287,
    2.788170576095581,
    2.816837787628174,
    2.8453922271728516,
    2.8739912509918213,
    2.9025466442108154,
    2.9310734272003174,
    2.9596188068389893,
    2.9881081581115723,
    3.016671895980835,
    3.0451769828796387,
    3.0737578868865967,
    3.1022861003875732,
    3.1308536529541016,
    3.1593635082244873,
    3.1878821849823,
    3.2165589332580566,
    3.2451117038726807,
    3.2736663818359375,
    3.3022541999816895,
    3.33076548576355,
    3.35931658744812,
    3.387927532196045,
    3.4164741039276123,
    3.4450104236602783,
    3.4736242294311523,
    3.502122163772583,
    3.5322253704071045,
    3.562356948852539,
    3.592496156692505,
    3.6211509704589844,
    3.6496565341949463,
    3.6781809329986572,
    3.706637382507324,
    3.7351319789886475,
    3.763528347015381,
    3.7934060096740723,
    3.8220064640045166,
    3.8505420684814453,
    3.879120111465454,
    3.9076738357543945,
    3.93613862991333,
    3.964508533477783,
    3.9929094314575195,
    4.021350145339966,
    4.0498363971710205,
    4.078198432922363,
    4.106568813323975,
    4.134947776794434,
    4.163243770599365,
    4.191554307937622,
    4.219906330108643,
    4.248361825942993,
    4.276653528213501,
    4.3050537109375,
    4.33336877822876
  ]
}