{
  "gesture_id": 1,
  "gesture_name": "push",
  "timestamp": "2025-12-23T15:21:20.553096",
  "sample_rate": 50,
  "duration": 3.0,
  "distances": [
    59.75487232208252,
    55.1794171333313,
    55.15488386154175,
    54.84821796417236,
    55.65372705459595,
    54.79915142059326,
    55.27346134185791,
    54.43524122238159,
    53.6338210105896,
    56.0258150100708,
    53.11453342437744,
    52.24769115447998,
    53.40075492858887,
    50.66938400268555,
    50.17871856689453,
    50.17871856689453,
    49.822986125946045,
    49.03383255004883,
    50.02334117889404,
    49.24236536026001,
    48.755788803100586,
    48.81712198257446,
    48.86209964752197,
    49.62671995162964,
    49.95383024215698,
    49.97427463531494,
    49.957919120788574,
    51.074182987213135,
    56.193459033966064,
    48.616766929626465,
    45.62370777130127,
    44.79775428771973,
    44.000422954559326,
    44.59331035614014,
    43.41162443161011,
    42.98229217529297,
    41.08914136886597,
    43.154025077819824,
    42.066383361816406,
    41.34265184402466,
    40.61074256896973,
    39.99741077423096,
    39.98923301696777,
    40.4758095741272,
    38.79119157791138,
    39.743900299072266,
    39.04061317443848,
    38.832080364227295,
    39.75616693496704,
    38.57039213180542,
    37.90390491485596,
    37.20470666885376,
    38.16559314727783,
    37.42550611495972,
    36.72630786895752,
    36.53004169464111,
    37.45821714401245,
    36.70177459716797,
    37.650394439697266,
    36.48097515106201,
    35.79404354095459,
    35.52417755126953,
    35.237956047058105,
    35.01306772232056,
    36.01484298706055,
    34.99671220779419,
    33.9949369430542,
    34.21982526779175,
    33.937692642211914,
    32.93182849884033,
    33.164894580841064,
    32.92365074157715,
    32.6496958732605,
    32.87458419799805,
    32.65378475189209,
    32.3512077331543,
    32.122230529785156,
    31.872808933258057,
    31.079566478729248,
    30.801522731781006,
    30.000102519989014,
    29.775214195251465,
    30.278146266937256,
    29.979658126831055,
    29.754769802093506,
    29.501259326934814,
    29.23957109451294,
    30.3067684173584,
    29.21503782272339,
    28.928816318511963,
    28.663039207458496,
    29.754769802093506,
    29.509437084197998,
    44.78139877319336,
    30.274057388305664,
    28.389084339141846,
    28.699839115142822,
    29.497170448303223,
    26.332378387451172,
    25.727224349975586,
    25.14660358428955,
    25.457358360290527,
    25.743579864501953,
    28.961527347564697,
    28.360462188720703,
    26.908910274505615,
    24.54962730407715,
    23.956739902496338,
    24.292027950286865,
    23.69096279144287,
    23.98127317428589,
    23.408830165863037,
    23.654162883758545,
    24.82767105102539,
    22.80367612838745,
    23.952651023864746,
    22.852742671966553,
    23.977184295654297,
    22.815942764282227,
    22.18625545501709,
    22.836387157440186,
    22.214877605438232,
    22.815942764282227,
    22.218966484069824,
    20.632481575012207,
    20.918703079223633,
    20.260393619537354,
    21.908211708068848,
    21.241724491119385,
    20.587503910064697,
    19.647061824798584,
    21.241724491119385,
    20.579326152801514,
    19.647061824798584,
    19.95781660079956,
    19.291329383850098,
    19.610261917114258,
    19.925105571746826,
    20.239949226379395,
    20.55070400238037,
    20.906436443328857,
    18.968307971954346,
    19.287240505218506,
    19.61435079574585,
    19.93328332901001,
    19.291329383850098,
    19.581639766693115,
    21.24990224838257,
    18.0442214012146,
    18.33862066268921
  ],
  "timestamps": [
    0.010945796966552734,
    0.04183053970336914,
    0.07266473770141602,
    0.10347294807434082,
    0.13437914848327637,
    0.16511917114257812,
    0.19587993621826172,
    0.22659897804260254,
    0.25728273391723633,
    0.28818440437316895,
    0.3189105987548828,
    0.3495144844055176,
    0.38028931617736816,
    0.4110093116760254,
    0.4415242671966553,
    0.4719984531402588,
    0.5024392604827881,
    0.5328507423400879,
    0.5633296966552734,
    0.5937683582305908,
    0.6242082118988037,
    0.6546072959899902,
    0.6850018501281738,
    0.7154405117034912,
    0.7459030151367188,
    0.7763588428497314,
    0.806816816329956,
    0.8373613357543945,
    0.8681833744049072,
    0.8985834121704102,
    0.9287946224212646,
    0.9589560031890869,
    0.9890663623809814,
    1.019214391708374,
    1.0493013858795166,
    1.0793964862823486,
    1.109400987625122,
    1.1394670009613037,
    1.169468641281128,
    1.1994264125823975,
    1.2293686866760254,
    1.2592685222625732,
    1.289184331893921,
    1.3191635608673096,
    1.3490002155303955,
    1.3789870738983154,
    1.4090945720672607,
    1.4390034675598145,
    1.4689927101135254,
    1.4988102912902832,
    1.5285799503326416,
    1.5583112239837646,
    1.588089942932129,
    1.6178829669952393,
    1.6475830078125,
    1.6772656440734863,
    1.707014560699463,
    1.736701488494873,
    1.766448736190796,
    1.7961266040802002,
    1.8257582187652588,
    1.8553729057312012,
    1.884969711303711,
    1.914562463760376,
    1.944211721420288,
    1.9738211631774902,
    2.003366708755493,
    2.032911539077759,
    2.0624349117279053,
    2.091911554336548,
    2.121410846710205,
    2.1508960723876953,
    2.1803643703460693,
    2.209843397140503,
    2.2392919063568115,
    2.268725872039795,
    2.298146963119507,
    2.3275511264801025,
    2.356907844543457,
    2.386402130126953,
    2.4157838821411133,
    2.445106029510498,
    2.4744231700897217,
    2.503725051879883,
    2.533017873764038,
    2.562291145324707,
    2.591600179672241,
    2.621021270751953,
    2.6502997875213623,
    2.679558753967285,
    2.708789825439453,
    2.7380738258361816,
    2.7673397064208984,
    2.797499179840088,
    2.826808452606201,
    2.8560097217559814,
    2.885228395462036,
    2.9145078659057617,
    2.943593740463257,
    2.972641706466675,
    3.0016558170318604,
    3.030689001083374,
    3.059737205505371,
    3.0889732837677,
    3.118182897567749,
    3.1473207473754883,
    3.1763157844543457,
    3.205279588699341,
    3.2343058586120605,
    3.2632713317871094,
    3.2922403812408447,
    3.3211872577667236,
    3.3501687049865723,
    3.379298448562622,
    3.4084348678588867,
    3.4374618530273438,
    3.466395139694214,
    3.495375633239746,
    3.524282932281494,
    3.5531554222106934,
    3.5820701122283936,
    3.6108694076538086,
    3.6398191452026367,
    3.668694496154785,
    3.6974713802337646,
    3.726262331008911,
    3.7550151348114014,
    3.7838659286499023,
    3.8126871585845947,
    3.8414499759674072,
    3.8701443672180176,
    3.8989408016204834,
    3.927738666534424,
    3.9564642906188965,
    3.9851958751678467,
    4.013890743255615,
    4.042599678039551,
    4.071333885192871,
    4.100082874298096,
    4.128812551498413,
    4.157598257064819,
    4.1862688064575195,
    4.214960813522339,
    4.243669509887695,
    4.272387504577637,
    4.301055908203125,
    4.329740285873413,
    4.358572006225586,
    4.387248754501343,
    4.415966033935547
  ]
}