{
  "gesture_id": 1,
  "gesture_name": "push",
  "timestamp": "2025-12-23T15:20:40.170849",
  "sample_rate": 50,
  "duration": 3.0,
  "distances": [
    56.487858295440674,
    56.741368770599365,
    51.65071487426758,
    51.63435935974121,
    52.006447315216064,
    51.50351524353027,
    51.86742544174194,
    50.804316997528076,
    50.620317459106445,
    51.14778280258179,
    50.50173997879028,
    50.18280744552612,
    49.82707500457764,
    49.42636489868164,
    48.60858917236328,
    48.207879066467285,
    48.252856731414795,
    47.81534671783447,
    47.41872549057007,
    47.459614276885986,
    49.230098724365234,
    49.9947190284729,
    52.72200107574463,
    49.230098724365234,
    50.1460075378418,
    45.39064168930054,
    44.62602138519287,
    43.77962350845337,
    43.383002281188965,
    42.54887104034424,
    42.52433776855469,
    42.516160011291504,
    42.52433776855469,
    42.52433776855469,
    40.905141830444336,
    42.53660440444946,
    42.5693154335022,
    42.54478216171265,
    39.98105525970459,
    39.93198871612549,
    40.44309854507446,
    38.34550380706787,
    38.79936933517456,
    39.28185701370239,
    40.18141031265259,
    38.58674764633179,
    39.061057567596436,
    37.38052845001221,
    37.875282764434814,
    36.24382019042969,
    37.167906761169434,
    36.02302074432373,
    36.24790906906128,
    37.63812780380249,
    36.02302074432373,
    35.25431156158447,
    34.45289134979248,
    30.372190475463867,
    32.38800764083862,
    31.58249855041504,
    31.300365924835205,
    30.548012256622314,
    30.253612995147705,
    29.99192476272583,
    29.74250316619873,
    29.44401502609253,
    29.21912670135498,
    28.92472743988037,
    28.663039207458496,
    28.360462188720703,
    28.92472743988037,
    29.484903812408447,
    27.796196937561035,
    27.4649977684021,
    27.158331871032715,
    26.933443546295166,
    26.585888862609863,
    26.332378387451172,
    26.07886791229248,
    25.723135471343994,
    26.320111751556396,
    26.00935697555542,
    29.97148036956787,
    25.702691078186035,
    46.412861347198486,
    49.46316480636597,
    48.04432392120361,
    27.775752544403076,
    28.384995460510254,
    23.421096801757812,
    23.11851978302002,
    22.815942764282227,
    22.57061004638672,
    22.214877605438232,
    22.836387157440186,
    22.20669984817505,
    21.900033950805664,
    21.266257762908936,
    20.628392696380615,
    21.258080005645752,
    19.626617431640625,
    20.289015769958496,
    19.61435079574585,
    19.29950714111328,
    20.918703079223633,
    20.284926891326904,
    18.354976177215576,
    18.669819831848145,
    18.992841243743896,
    18.02377700805664,
    18.31817626953125,
    18.375420570373535,
    18.359065055847168,
    19.61843967437744,
    17.688488960266113,
    17.06289052963257,
    17.721199989318848,
    17.06289052963257,
    16.756224632263184,
    16.057026386260986,
    16.77258014678955,
    17.43088960647583,
    17.01791286468506,
    16.392314434051514,
    16.102004051208496,
    15.774893760681152,
    16.989290714263916,
    17.030179500579834,
    15.415072441101074,
    16.118359565734863,
    15.762627124786377,
    16.388225555419922,
    17.058801651000977,
    16.735780239105225,
    54.58652973175049,
    54.9299955368042,
    16.711246967315674,
    14.703607559204102,
    13.681387901306152,
    16.077470779418945,
    11.99268102645874,
    14.04120922088623,
    16.081559658050537,
    42.50389337539673,
    41.57980680465698,
    42.07864999771118,
    16.72351360321045,
    16.11427068710327,
    11.99268102645874,
    11.313927173614502
  ],
  "timestamps": [
    0.010771989822387695,
    0.04175901412963867,
    0.07241272926330566,
    0.10307979583740234,
    0.13367581367492676,
    0.16423892974853516,
    0.19481682777404785,
    0.22536563873291016,
    0.25585341453552246,
    0.2863752841949463,
    0.3168773651123047,
    0.3473927974700928,
    0.3778650760650635,
    0.4083430767059326,
    0.438734769821167,
    0.469104528427124,
    0.49947237968444824,
    0.5298671722412109,
    0.5601711273193359,
    0.5904815196990967,
    0.6209046840667725,
    0.6514177322387695,
    0.6820411682128906,
    0.7125003337860107,
    0.7430787086486816,
    0.7734777927398682,
    0.803673505783081,
    0.8337762355804443,
    0.8638486862182617,
    0.8938937187194824,
    0.9239251613616943,
    0.9539637565612793,
    0.983994722366333,
    1.0140469074249268,
    1.0439832210540771,
    1.0740127563476562,
    1.104038953781128,
    1.1340632438659668,
    1.1639444828033447,
    1.193817138671875,
    1.2237377166748047,
    1.2535429000854492,
    1.2833783626556396,
    1.3133225440979004,
    1.3432135581970215,
    1.3730289936065674,
    1.4028668403625488,
    1.4325971603393555,
    1.4623498916625977,
    1.4920082092285156,
    1.5217180252075195,
    1.551363229751587,
    1.5810248851776123,
    1.6107664108276367,
    1.6404283046722412,
    1.6700501441955566,
    1.699601173400879,
    1.730931043624878,
    1.7605249881744385,
    1.790001392364502,
    1.8193964958190918,
    1.8487303256988525,
    1.8780629634857178,
    1.9073855876922607,
    1.9366772174835205,
    1.9659490585327148,
    1.9952001571655273,
    2.0244319438934326,
    2.053720712661743,
    2.082951784133911,
    2.1122078895568848,
    2.1414942741394043,
    2.1706702709198,
    2.1998186111450195,
    2.2289462089538574,
    2.2580933570861816,
    2.2872438430786133,
    2.3163483142852783,
    2.3454389572143555,
    2.37450909614563,
    2.4036073684692383,
    2.4326858520507812,
    2.4620323181152344,
    2.4911036491394043,
    2.5213825702667236,
    2.5518338680267334,
    2.582188606262207,
    2.611353635787964,
    2.6405892372131348,
    2.6695127487182617,
    2.698430299758911,
    2.727329730987549,
    2.7578976154327393,
    2.7868409156799316,
    2.815775156021118,
    2.844644546508789,
    2.873497486114502,
    2.902317762374878,
    2.9310965538024902,
    2.9599125385284424,
    2.9886395931243896,
    3.0173919200897217,
    3.0461080074310303,
    3.074861526489258,
    3.103679895401001,
    3.1324543952941895,
    3.1611154079437256,
    3.189786195755005,
    3.2184669971466064,
    3.247091054916382,
    3.275744676589966,
    3.3043832778930664,
    3.3330132961273193,
    3.361724615097046,
    3.3903250694274902,
    3.418888807296753,
    3.447490692138672,
    3.476048469543457,
    3.5046029090881348,
    3.533128023147583,
    3.5616960525512695,
    3.5902984142303467,
    3.6188735961914062,
    3.6473960876464844,
    3.6759066581726074,
    3.7043938636779785,
    3.733020067214966,
    3.761793613433838,
    3.790318489074707,
    3.818866014480591,
    3.8473944664001465,
    3.875948905944824,
    3.904538631439209,
    3.933090925216675,
    3.963846206665039,
    3.9946165084838867,
    4.023163557052612,
    4.051584959030151,
    4.079957962036133,
    4.108463287353516,
    4.13672947883606,
    4.165114641189575,
    4.1936211585998535,
    4.223663568496704,
    4.253681659698486,
    4.2837440967559814,
    4.312314987182617,
    4.340831756591797,
    4.36911416053772,
    4.3973352909088135
  ]
}