{
  "gesture_id": 7,
  "gesture_name": "hover",
  "timestamp": "2025-12-23T16:17:32.810636",
  "sample_rate": 50,
  "duration": 3.0,
  "distances": [
    9.940063953399658,
    9.915530681610107,
    11.297571659088135,
    11.289393901824951,
    11.273038387298584,
    11.248505115509033,
    11.260771751403809,
    11.2648606300354,
    11.313927173614502,
    11.268949508666992,
    9.9686861038208,
    11.260771751403809,
    11.2648606300354,
    11.273038387298584,
    11.277127265930176,
    11.260771751403809,
    13.03943395614624,
    12.978100776672363,
    13.023078441619873,
    13.006722927093506,
    14.343786239624023,
    11.268949508666992,
    11.289393901824951,
    13.01490068435669,
    11.62877082824707,
    11.67374849319458,
    10.26308536529541,
    10.246729850769043,
    10.271263122558594,
    12.986278533935547,
    13.006722927093506,
    13.006722927093506,
    10.26308536529541,
    10.258996486663818,
    10.26308536529541,
    14.756762981414795,
    12.986278533935547,
    12.957656383514404,
    14.703607559204102,
    10.303974151611328,
    10.26308536529541,
    10.254907608032227,
    13.006722927093506,
    12.978100776672363,
    10.287618637084961,
    10.226285457611084,
    10.250818729400635,
    10.23855209350586,
    11.641037464141846,
    11.608326435089111,
    11.55925989151001,
    12.99445629119873,
    14.719963073730469,
    13.33383321762085,
    13.374722003936768,
    10.565662384033203,
    10.586106777191162,
    10.618817806243896,
    10.594284534454346,
    10.590195655822754,
    10.590195655822754,
    10.569751262664795,
    11.996769905090332,
    10.631084442138672,
    11.996769905090332,
    11.935436725616455,
    12.000858783721924,
    13.350188732147217,
    10.246729850769043,
    10.291707515716553,
    10.267174243927002,
    11.959969997406006,
    11.988592147827148,
    11.996769905090332,
    12.025392055511475,
    11.943614482879639,
    10.234463214874268,
    10.267174243927002,
    10.28352975845337,
    10.23855209350586,
    10.28352975845337,
    10.291707515716553,
    10.267174243927002,
    10.295796394348145,
    10.246729850769043,
    10.267174243927002,
    10.291707515716553,
    10.275352001190186,
    10.23855209350586,
    10.226285457611084,
    10.254907608032227,
    10.254907608032227,
    11.60423755645752,
    11.636948585510254,
    10.226285457611084,
    11.612415313720703,
    11.612415313720703,
    13.023078441619873,
    12.96992301940918,
    12.646901607513428,
    12.638723850250244,
    12.634634971618652,
    12.646901607513428,
    14.33560848236084,
    12.655079364776611,
    11.342549324035645,
    11.273038387298584,
    11.28530502319336,
    11.260771751403809,
    11.260771751403809,
    11.277127265930176,
    11.2648606300354,
    11.305749416351318,
    11.268949508666992,
    11.281216144561768,
    11.301660537719727,
    11.289393901824951,
    11.273038387298584,
    11.301660537719727,
    11.297571659088135,
    11.293482780456543,
    11.289393901824951,
    11.318016052246094,
    11.256682872772217,
    12.638723850250244,
    11.289393901824951,
    11.277127265930176,
    12.687790393829346,
    12.667346000671387,
    11.2648606300354,
    11.289393901824951,
    11.252593994140625,
    12.671434879302979,
    10.970461368560791,
    10.909128189086914,
    10.962283611297607,
    10.905039310455322,
    12.323880195617676,
    12.3116135597229,
    12.315702438354492,
    12.634634971618652,
    12.69596815109253,
    14.069831371307373,
    12.352502346038818,
    12.319791316986084,
    12.33205795288086,
    12.33205795288086,
    12.327969074249268,
    12.28708028793335,
    12.299346923828125
  ],
  "timestamps": [
    0.008063793182373047,
    0.03629422187805176,
    0.06456351280212402,
    0.09290623664855957,
    0.12116384506225586,
    0.14940667152404785,
    0.17768120765686035,
    0.20611262321472168,
    0.23438811302185059,
    0.2626495361328125,
    0.29081130027770996,
    0.31907057762145996,
    0.347301721572876,
    0.3755319118499756,
    0.40375351905822754,
    0.4319765567779541,
    0.46030426025390625,
    0.488631010055542,
    0.5169365406036377,
    0.5452702045440674,
    0.5736544132232666,
    0.6018855571746826,
    0.6301193237304688,
    0.6584594249725342,
    0.6867146492004395,
    0.7149679660797119,
    0.7431337833404541,
    0.7713007926940918,
    0.7994692325592041,
    0.8277914524078369,
    0.8561139106750488,
    0.8844387531280518,
    0.9126231670379639,
    0.9407694339752197,
    0.9689404964447021,
    0.997349739074707,
    1.0256752967834473,
    1.0540509223937988,
    1.0824849605560303,
    1.1106574535369873,
    1.1388225555419922,
    1.166994333267212,
    1.1953656673431396,
    1.2237839698791504,
    1.2519795894622803,
    1.2801642417907715,
    1.3083374500274658,
    1.3365135192871094,
    1.3647887706756592,
    1.3930389881134033,
    1.4212875366210938,
    1.449615478515625,
    1.4780786037445068,
    1.506434440612793,
    1.5347824096679688,
    1.5629708766937256,
    1.5911645889282227,
    1.6193552017211914,
    1.6475491523742676,
    1.6758003234863281,
    1.7040274143218994,
    1.732241153717041,
    1.7605159282684326,
    1.7887344360351562,
    1.817009449005127,
    1.8452613353729248,
    1.8735287189483643,
    1.9018750190734863,
    1.9300415515899658,
    1.958209753036499,
    1.9863994121551514,
    2.0146684646606445,
    2.0429344177246094,
    2.071199655532837,
    2.099468469619751,
    2.127732992172241,
    2.1558969020843506,
    2.184140920639038,
    2.212463855743408,
    2.240671396255493,
    2.268831968307495,
    2.2970001697540283,
    2.3251583576202393,
    2.353330612182617,
    2.381477117538452,
    2.4096429347991943,
    2.437807321548462,
    2.4659698009490967,
    2.4941351413726807,
    2.5223000049591064,
    2.5504648685455322,
    2.578632354736328,
    2.6069064140319824,
    2.63515567779541,
    2.6633195877075195,
    2.6915669441223145,
    2.719811201095581,
    2.748136043548584,
    2.776458978652954,
    2.804762601852417,
    2.833047389984131,
    2.861351490020752,
    2.889634847640991,
    2.918039321899414,
    2.9463438987731934,
    2.974571943283081,
    3.0027942657470703,
    3.0310161113739014,
    3.0592424869537354,
    3.0874671936035156,
    3.1157121658325195,
    3.143932819366455,
    3.1721651554107666,
    3.200505256652832,
    3.228827953338623,
    3.2570362091064453,
    3.2852466106414795,
    3.313480854034424,
    3.341702699661255,
    3.3699324131011963,
    3.3981597423553467,
    3.4263856410980225,
    3.454606533050537,
    3.4828789234161377,
    3.5111873149871826,
    3.5394139289855957,
    3.5676400661468506,
    3.59594464302063,
    3.624276876449585,
    3.65250563621521,
    3.680757761001587,
    3.7090306282043457,
    3.7373523712158203,
    3.7655389308929443,
    3.7937467098236084,
    3.8219494819641113,
    3.850152015686035,
    3.878434658050537,
    3.90671706199646,
    3.934997320175171,
    3.963298797607422,
    3.9916017055511475,
    4.019982814788818,
    4.048261880874634,
    4.076545476913452,
    4.104858160018921,
    4.133157968521118,
    4.161444425582886,
    4.189763784408569,
    4.21823787689209
  ]
}