{
  "gesture_id": 7,
  "gesture_name": "hover",
  "timestamp": "2025-12-24T14:40:34.553156",
  "sample_rate": 50,
  "duration": 3.0,
  "distances": [
    16.47409200668335,
    17.7457332611084,
    16.425025463104248,
    16.396403312683105,
    16.13062620162964,
    16.118359565734863,
    15.055251121520996,
    16.425025463104248,
    15.398716926574707,
    15.443694591522217,
    14.388763904571533,
    14.401030540466309,
    16.073381900787354,
    16.118359565734863,
    14.384675025939941,
    14.372408390045166,
    14.401030540466309,
    14.401030540466309,
    14.417386054992676,
    14.409208297729492,
    14.372408390045166,
    14.376497268676758,
    14.384675025939941,
    14.401030540466309,
    14.433741569519043,
    14.392852783203125,
    14.433741569519043,
    14.401030540466309,
    16.057026386260986,
    14.74449634552002,
    14.715874195098877,
    14.773118495941162,
    14.78947401046753,
    14.756762981414795,
    14.74449634552002,
    14.740407466888428,
    14.756762981414795,
    14.703607559204102,
    14.69951868057251,
    14.74449634552002,
    14.752674102783203,
    14.74449634552002,
    14.736318588256836,
    14.740407466888428,
    14.74449634552002,
    14.74449634552002,
    14.69951868057251,
    14.740407466888428,
    14.732229709625244,
    14.756762981414795,
    14.76902961730957,
    14.60956335067749,
    14.740407466888428,
    14.719963073730469,
    14.728140830993652,
    14.785385131835938,
    14.78947401046753,
    14.732229709625244,
    14.703607559204102,
    14.736318588256836,
    16.08973741531372,
    14.756762981414795,
    14.711785316467285,
    14.736318588256836,
    14.719963073730469,
    14.797651767730713,
    14.748585224151611,
    14.76902961730957,
    14.76902961730957,
    14.74449634552002,
    14.752674102783203,
    16.13062620162964,
    15.08796215057373,
    15.075695514678955,
    15.100228786468506,
    15.100228786468506,
    15.055251121520996,
    15.104317665100098,
    15.034806728363037,
    15.083873271942139,
    15.08796215057373,
    15.092051029205322,
    15.047073364257812,
    15.116584300994873,
    15.104317665100098,
    15.071606636047363,
    15.092051029205322,
    15.096139907836914,
    15.104317665100098,
    15.079784393310547,
    15.067517757415771,
    15.051162242889404,
    15.100228786468506,
    15.075695514678955,
    16.38413667678833,
    16.416847705841064,
    16.425025463104248,
    15.22289514541626,
    16.400492191314697,
    16.38413667678833,
    16.38413667678833,
    15.419161319732666,
    16.70306921005249,
    16.719424724578857,
    18.031954765319824,
    17.04244613647461,
    17.0465350151062,
    17.06289052963257,
    18.04831027984619,
    15.734004974365234,
    15.77080488204956,
    15.754449367523193,
    15.762627124786377,
    15.803515911102295,
    15.758538246154785,
    15.750360488891602,
    15.754449367523193,
    16.756224632263184,
    16.715335845947266,
    15.500938892364502,
    15.435516834259033,
    15.42733907699585,
    15.38236141204834,
    15.38236141204834,
    16.707158088684082,
    15.762627124786377,
    15.758538246154785,
    15.758538246154785,
    15.795338153839111,
    16.72760248184204,
    16.780757904052734,
    16.68262481689453,
    16.760313510894775,
    16.6989803314209,
    16.596758365631104,
    16.731691360473633,
    16.748046875,
    16.76849126815796,
    16.70306921005249,
    16.707158088684082,
    16.70306921005249,
    16.715335845947266,
    16.719424724578857,
    16.690802574157715,
    16.735780239105225,
    16.77258014678955,
    16.72760248184204,
    16.748046875,
    16.400492191314697,
    15.893471240997314
  ],
  "timestamps": [
    0.00844264030456543,
    0.037085771560668945,
    0.06565690040588379,
    0.0942084789276123,
    0.12272143363952637,
    0.15123271942138672,
    0.17967987060546875,
    0.20821452140808105,
    0.2366633415222168,
    0.26511478424072266,
    0.29354047775268555,
    0.3220336437225342,
    0.35071873664855957,
    0.37926316261291504,
    0.40768885612487793,
    0.4360849857330322,
    0.4644761085510254,
    0.49286746978759766,
    0.5213022232055664,
    0.5497133731842041,
    0.578129768371582,
    0.6065394878387451,
    0.6349468231201172,
    0.663348913192749,
    0.6917891502380371,
    0.7201871871948242,
    0.7485747337341309,
    0.7769618034362793,
    0.8055040836334229,
    0.8339426517486572,
    0.8623793125152588,
    0.8908061981201172,
    0.9192376136779785,
    0.9476649761199951,
    0.9760887622833252,
    1.0045080184936523,
    1.032942295074463,
    1.0613696575164795,
    1.0898017883300781,
    1.118224859237671,
    1.146650791168213,
    1.1750783920288086,
    1.2035019397735596,
    1.231914758682251,
    1.26031494140625,
    1.2887425422668457,
    1.3172342777252197,
    1.3457145690917969,
    1.374150037765503,
    1.402578592300415,
    1.4310073852539062,
    1.4594652652740479,
    1.4879071712493896,
    1.5163321495056152,
    1.5447642803192139,
    1.5731968879699707,
    1.601633071899414,
    1.630056381225586,
    1.6584677696228027,
    1.6868727207183838,
    1.7153534889221191,
    1.7438440322875977,
    1.7722773551940918,
    1.8007030487060547,
    1.8291313648223877,
    1.8575670719146729,
    1.8860018253326416,
    1.914426326751709,
    1.9428513050079346,
    1.9712753295898438,
    1.999725103378296,
    2.0282328128814697,
    2.0566816329956055,
    2.085120916366577,
    2.1135506629943848,
    2.1419806480407715,
    2.170410394668579,
    2.198859214782715,
    2.2272980213165283,
    2.255740165710449,
    2.284166097640991,
    2.3126864433288574,
    2.3411638736724854,
    2.369743824005127,
    2.3982932567596436,
    2.426762104034424,
    2.4552149772644043,
    2.4836602210998535,
    2.5120797157287598,
    2.5405759811401367,
    2.569030284881592,
    2.5974721908569336,
    2.625908136367798,
    2.654329538345337,
    2.682835102081299,
    2.711357831954956,
    2.739889144897461,
    2.7683331966400146,
    2.796844005584717,
    2.825345993041992,
    2.8538496494293213,
    2.8823578357696533,
    2.9109129905700684,
    2.9394545555114746,
    2.968050241470337,
    2.9965970516204834,
    3.0251317024230957,
    3.05366849899292,
    3.082324743270874,
    3.110790252685547,
    3.1392712593078613,
    3.1677753925323486,
    3.1962287425994873,
    3.2246944904327393,
    3.2531542778015137,
    3.2816193103790283,
    3.3101930618286133,
    3.3387794494628906,
    3.367316722869873,
    3.3958334922790527,
    3.4242935180664062,
    3.4527626037597656,
    3.48122501373291,
    3.50968337059021,
    3.538203716278076,
    3.5666966438293457,
    3.595216989517212,
    3.623704195022583,
    3.652205467224121,
    3.680752754211426,
    3.7092952728271484,
    3.7378313541412354,
    3.7663707733154297,
    3.794905662536621,
    3.8234469890594482,
    3.851971387863159,
    3.88049054145813,
    3.9090237617492676,
    3.9375662803649902,
    3.9661056995391846,
    3.994658946990967,
    4.023181438446045,
    4.051693439483643,
    4.080214262008667,
    4.108784914016724,
    4.1373302936553955,
    4.165869235992432,
    4.1944098472595215,
    4.222936153411865,
    4.251459836959839
  ]
}