{
  "gesture_id": 7,
  "gesture_name": "hover",
  "timestamp": "2025-12-24T14:40:10.968677",
  "sample_rate": 50,
  "duration": 3.0,
  "distances": [
    10.639262199401855,
    10.26308536529541,
    10.246729850769043,
    9.980952739715576,
    9.911441802978516,
    10.954105854034424,
    10.9663724899292,
    10.598373413085938,
    10.614728927612305,
    10.58201789855957,
    10.586106777191162,
    10.55748462677002,
    10.618817806243896,
    10.655617713928223,
    10.60246229171753,
    10.573840141296387,
    10.561573505401611,
    10.594284534454346,
    9.576153755187988,
    9.539353847503662,
    9.60477590560913,
    9.567975997924805,
    9.547531604766846,
    9.55570936203003,
    9.576153755187988,
    9.629309177398682,
    9.559798240661621,
    9.584331512451172,
    9.563887119293213,
    9.58024263381958,
    9.551620483398438,
    9.55570936203003,
    10.941839218139648,
    10.954105854034424,
    10.958194732666016,
    10.92139482498169,
    10.94592809677124,
    10.941839218139648,
    11.203527450561523,
    9.55570936203003,
    9.55570936203003,
    9.53526496887207,
    9.592509269714355,
    9.584331512451172,
    9.608864784240723,
    9.62522029876709,
    10.933661460876465,
    10.954105854034424,
    10.92139482498169,
    10.933661460876465,
    10.994994640350342,
    10.950016975402832,
    10.913217067718506,
    10.999083518981934,
    10.913217067718506,
    10.917305946350098,
    10.941839218139648,
    10.937750339508057,
    10.982728004455566,
    10.954105854034424,
    10.92139482498169,
    9.592509269714355,
    9.62522029876709,
    9.617042541503906,
    10.958194732666016,
    10.970461368560791,
    9.890997409820557,
    9.895086288452148,
    9.956419467926025,
    9.935975074768066,
    9.915530681610107,
    9.956419467926025,
    9.952330589294434,
    9.940063953399658,
    9.895086288452148,
    9.878730773925781,
    9.935975074768066,
    9.952330589294434,
    9.915530681610107,
    9.907352924346924,
    9.923708438873291,
    9.9196195602417,
    9.907352924346924,
    9.931886196136475,
    9.923708438873291,
    9.890997409820557,
    9.911441802978516,
    9.927797317504883,
    9.911441802978516,
    9.903264045715332,
    9.9196195602417,
    10.267174243927002,
    10.254907608032227,
    10.275352001190186,
    10.242640972137451,
    10.254907608032227,
    10.250818729400635,
    10.299885272979736,
    10.254907608032227,
    10.287618637084961,
    10.28352975845337,
    10.250818729400635,
    10.28352975845337,
    10.254907608032227,
    10.291707515716553,
    10.291707515716553,
    10.267174243927002,
    10.230374336242676,
    10.242640972137451,
    10.271263122558594,
    10.254907608032227,
    10.26308536529541,
    10.214018821716309,
    10.275352001190186,
    10.258996486663818,
    10.271263122558594,
    10.26308536529541,
    10.267174243927002,
    10.287618637084961,
    10.287618637084961,
    10.254907608032227,
    10.275352001190186,
    10.287618637084961,
    10.271263122558594,
    10.209929943084717,
    10.258996486663818,
    10.271263122558594,
    10.295796394348145,
    10.23855209350586,
    10.28352975845337,
    9.882819652557373,
    9.903264045715332,
    9.923708438873291,
    9.927797317504883,
    10.30806303024292,
    10.254907608032227,
    10.295796394348145,
    10.275352001190186,
    9.952330589294434,
    9.89917516708374,
    9.915530681610107,
    9.907352924346924,
    9.9686861038208,
    9.972774982452393,
    9.9196195602417,
    9.94415283203125,
    9.927797317504883,
    9.940063953399658,
    9.9196195602417,
    9.935975074768066
  ],
  "timestamps": [
    0.008076190948486328,
    0.0363614559173584,
    0.06457853317260742,
    0.09294772148132324,
    0.12113738059997559,
    0.1493992805480957,
    0.17761611938476562,
    0.20580244064331055,
    0.23398470878601074,
    0.26216626167297363,
    0.2903473377227783,
    0.3185575008392334,
    0.3467447757720947,
    0.3749403953552246,
    0.40310049057006836,
    0.43128061294555664,
    0.45946264266967773,
    0.4876408576965332,
    0.5157649517059326,
    0.5438828468322754,
    0.5720272064208984,
    0.6001694202423096,
    0.6282918453216553,
    0.6564140319824219,
    0.6845400333404541,
    0.7126650810241699,
    0.7407858371734619,
    0.7689077854156494,
    0.7970285415649414,
    0.8251602649688721,
    0.8534209728240967,
    0.8816061019897461,
    0.9098207950592041,
    0.9380433559417725,
    0.96624755859375,
    0.994481086730957,
    1.0226669311523438,
    1.0508697032928467,
    1.0790693759918213,
    1.107222080230713,
    1.1353545188903809,
    1.163506031036377,
    1.191629409790039,
    1.2197470664978027,
    1.2478687763214111,
    1.276000738143921,
    1.3042142391204834,
    1.3324203491210938,
    1.3606250286102295,
    1.3888378143310547,
    1.417043924331665,
    1.4452447891235352,
    1.4734432697296143,
    1.5016438961029053,
    1.5298457145690918,
    1.5580499172210693,
    1.5862677097320557,
    1.614511489868164,
    1.6426935195922852,
    1.6709001064300537,
    1.6990814208984375,
    1.7272050380706787,
    1.755335807800293,
    1.7834608554840088,
    1.8116648197174072,
    1.839916467666626,
    1.8681788444519043,
    1.896594762802124,
    1.9248366355895996,
    1.9529902935028076,
    1.9811198711395264,
    2.009255886077881,
    2.037405014038086,
    2.0655505657196045,
    2.0937118530273438,
    2.1218714714050293,
    2.1500158309936523,
    2.17815899848938,
    2.2063255310058594,
    2.2345025539398193,
    2.2626287937164307,
    2.290771722793579,
    2.318891763687134,
    2.347036600112915,
    2.375157594680786,
    2.4032981395721436,
    2.431440591812134,
    2.459585428237915,
    2.4877259731292725,
    2.515862226486206,
    2.544004440307617,
    2.572185754776001,
    2.6003739833831787,
    2.628539562225342,
    2.6567158699035645,
    2.684880495071411,
    2.713045358657837,
    2.74122953414917,
    2.7693932056427,
    2.797553539276123,
    2.8257923126220703,
    2.854041337966919,
    2.882237434387207,
    2.91040301322937,
    2.9385743141174316,
    2.9667489528656006,
    2.994900703430176,
    3.023066282272339,
    3.0512137413024902,
    3.0794026851654053,
    3.1075921058654785,
    3.1357600688934326,
    3.163921356201172,
    3.192082643508911,
    3.2202446460723877,
    3.2484290599823,
    3.2765910625457764,
    3.3047502040863037,
    3.332911729812622,
    3.361074924468994,
    3.3892390727996826,
    3.4173991680145264,
    3.4455578327178955,
    3.4737164974212646,
    3.5018765926361084,
    3.5300371646881104,
    3.558194875717163,
    3.5863778591156006,
    3.614579916000366,
    3.642730474472046,
    3.6708691120147705,
    3.6989893913269043,
    3.727130651473999,
    3.7552525997161865,
    3.783411741256714,
    3.8115715980529785,
    3.8397769927978516,
    3.8680620193481445,
    3.896235704421997,
    3.9243948459625244,
    3.952521800994873,
    3.980705976486206,
    4.008871555328369,
    4.037020921707153,
    4.065161228179932,
    4.093325138092041,
    4.121487855911255,
    4.149630784988403,
    4.17777943611145,
    4.205920696258545
  ]
}