{
  "gesture_id": 7,
  "gesture_name": "hover",
  "timestamp": "2025-12-23T16:17:57.629363",
  "sample_rate": 50,
  "duration": 3.0,
  "distances": [
    9.62522029876709,
    9.584331512451172,
    9.584331512451172,
    9.617042541503906,
    9.58024263381958,
    9.895086288452148,
    10.23855209350586,
    8.504867553710938,
    10.242640972137451,
    8.8728666305542,
    8.856511116027832,
    8.893311023712158,
    8.9219331741333,
    8.901488780975342,
    10.299885272979736,
    10.254907608032227,
    8.905577659606934,
    8.868777751922607,
    8.889222145080566,
    8.889222145080566,
    8.876955509185791,
    10.246729850769043,
    10.23855209350586,
    10.279440879821777,
    10.226285457611084,
    10.295796394348145,
    10.275352001190186,
    8.517134189605713,
    8.537578582763672,
    9.882819652557373,
    9.960508346557617,
    8.525311946868896,
    8.521223068237305,
    8.537578582763672,
    8.529400825500488,
    8.492600917816162,
    8.513045310974121,
    8.525311946868896,
    8.517134189605713,
    8.545756340026855,
    8.541667461395264,
    8.529400825500488,
    8.525311946868896,
    9.866464138031006,
    9.948241710662842,
    9.927797317504883,
    9.952330589294434,
    9.923708438873291,
    8.545756340026855,
    8.55802297592163,
    8.53348970413208,
    8.521223068237305,
    8.492600917816162,
    8.529400825500488,
    8.517134189605713,
    8.864688873291016,
    8.9219331741333,
    8.889222145080566,
    8.876955509185791,
    8.8728666305542,
    8.934199810028076,
    8.930110931396484,
    8.930110931396484,
    8.881044387817383,
    8.860599994659424,
    8.905577659606934,
    8.881044387817383,
    8.885133266448975,
    8.8728666305542,
    8.881044387817383,
    8.848333358764648,
    8.901488780975342,
    8.85242223739624,
    8.917844295501709,
    8.930110931396484,
    8.893311023712158,
    8.913755416870117,
    8.570289611816406,
    8.529400825500488,
    8.504867553710938,
    8.517134189605713,
    8.521223068237305,
    8.537578582763672,
    8.53348970413208,
    8.529400825500488,
    8.513045310974121,
    8.570289611816406,
    8.521223068237305,
    8.85242223739624,
    8.876955509185791,
    8.881044387817383,
    8.885133266448975,
    8.860599994659424,
    8.864688873291016,
    8.82788896560669,
    8.864688873291016,
    8.934199810028076,
    8.864688873291016,
    8.9219331741333,
    8.500778675079346,
    8.484423160552979,
    8.435356616973877,
    8.582556247711182,
    8.848333358764648,
    8.901488780975342,
    8.885133266448975,
    8.9219331741333,
    8.885133266448975,
    8.860599994659424,
    8.889222145080566,
    8.893311023712158,
    8.885133266448975,
    8.864688873291016,
    8.8728666305542,
    8.905577659606934,
    8.848333358764648,
    8.521223068237305,
    8.50895643234253,
    8.541667461395264,
    8.50895643234253,
    8.521223068237305,
    8.492600917816162,
    8.529400825500488,
    8.496689796447754,
    8.529400825500488,
    8.55802297592163,
    8.55802297592163,
    8.496689796447754,
    8.492600917816162,
    8.50895643234253,
    8.566200733184814,
    8.537578582763672,
    8.545756340026855,
    8.574378490447998,
    8.504867553710938,
    8.517134189605713,
    8.513045310974121,
    8.860599994659424,
    8.831977844238281,
    8.889222145080566,
    8.89739990234375,
    8.901488780975342,
    8.864688873291016,
    8.889222145080566,
    8.94237756729126,
    8.917844295501709,
    8.876955509185791,
    8.8728666305542,
    8.860599994659424,
    8.909666538238525
  ],
  "timestamps": [
    0.008020401000976562,
    0.036237239837646484,
    0.06441259384155273,
    0.09256553649902344,
    0.12071037292480469,
    0.1488666534423828,
    0.17705178260803223,
    0.20512151718139648,
    0.2332930564880371,
    0.26140880584716797,
    0.28952717781066895,
    0.31761765480041504,
    0.34576892852783203,
    0.3740720748901367,
    0.4022822380065918,
    0.430483341217041,
    0.4585576057434082,
    0.48665404319763184,
    0.5147302150726318,
    0.5428252220153809,
    0.570913553237915,
    0.5990800857543945,
    0.6272659301757812,
    0.6554336547851562,
    0.683598518371582,
    0.711787223815918,
    0.7399551868438721,
    0.7680284976959229,
    0.7960953712463379,
    0.824242353439331,
    0.8523917198181152,
    0.8804624080657959,
    0.9085497856140137,
    0.9366166591644287,
    0.9646792411804199,
    0.9927432537078857,
    1.0208063125610352,
    1.0488708019256592,
    1.076955795288086,
    1.1050169467926025,
    1.133080244064331,
    1.1611418724060059,
    1.1892039775848389,
    1.21736741065979,
    1.2455391883850098,
    1.2736961841583252,
    1.3018438816070557,
    1.3299939632415771,
    1.3582212924957275,
    1.3863601684570312,
    1.414426326751709,
    1.4425301551818848,
    1.4705867767333984,
    1.498655080795288,
    1.5266988277435303,
    1.5547854900360107,
    1.582848072052002,
    1.6109306812286377,
    1.6390125751495361,
    1.667097568511963,
    1.6951806545257568,
    1.723271131515503,
    1.7513790130615234,
    1.7794749736785889,
    1.8075621128082275,
    1.8356554508209229,
    1.8637378215789795,
    1.8918209075927734,
    1.9199039936065674,
    1.9479906558990479,
    1.9760761260986328,
    2.0041661262512207,
    2.0322487354278564,
    2.060333013534546,
    2.0884158611297607,
    2.1164984703063965,
    2.1445820331573486,
    2.1726481914520264,
    2.200709819793701,
    2.2287707328796387,
    2.256831645965576,
    2.2848963737487793,
    2.312954902648926,
    2.3410680294036865,
    2.3692805767059326,
    2.397371292114258,
    2.4254391193389893,
    2.4535014629364014,
    2.4815921783447266,
    2.509674072265625,
    2.537755250930786,
    2.565836191177368,
    2.593942403793335,
    2.6220593452453613,
    2.6501624584198,
    2.678244113922119,
    2.7063076496124268,
    2.7343897819519043,
    2.762458086013794,
    2.790519952774048,
    2.8185606002807617,
    2.846630334854126,
    2.8746728897094727,
    2.902754545211792,
    2.9308180809020996,
    2.9589030742645264,
    2.9869861602783203,
    3.015087604522705,
    3.0431740283966064,
    3.071262836456299,
    3.0993447303771973,
    3.127427339553833,
    3.1555089950561523,
    3.183593511581421,
    3.211674690246582,
    3.2397565841674805,
    3.267822027206421,
    3.295881986618042,
    3.3239657878875732,
    3.3520779609680176,
    3.3802130222320557,
    3.4084293842315674,
    3.4366753101348877,
    3.4647624492645264,
    3.492816925048828,
    3.520878791809082,
    3.548938512802124,
    3.577000617980957,
    3.6050710678100586,
    3.6331357955932617,
    3.661196231842041,
    3.6892569065093994,
    3.7173140048980713,
    3.7453742027282715,
    3.7734365463256836,
    3.80149507522583,
    3.8295533657073975,
    3.857633352279663,
    3.8857109546661377,
    3.913787841796875,
    3.941866874694824,
    3.9699485301971436,
    3.998054265975952,
    4.026158571243286,
    4.054224252700806,
    4.082309007644653,
    4.110378980636597,
    4.1384642124176025,
    4.166529655456543,
    4.194617033004761
  ]
}