{
  "gesture_id": 7,
  "gesture_name": "hover",
  "timestamp": "2025-12-24T14:29:46.884116",
  "sample_rate": 50,
  "duration": 3.0,
  "distances": [
    17.65577793121338,
    17.721199989318848,
    17.692577838897705,
    17.70484447479248,
    16.711246967315674,
    16.715335845947266,
    18.02377700805664,
    18.027865886688232,
    18.036043643951416,
    16.715335845947266,
    16.72760248184204,
    16.731691360473633,
    16.756224632263184,
    16.735780239105225,
    16.760313510894775,
    16.735780239105225,
    16.739869117736816,
    18.015599250793457,
    18.06466579437256,
    16.735780239105225,
    16.743957996368408,
    16.719424724578857,
    16.756224632263184,
    18.031954765319824,
    18.0442214012146,
    18.00333261489868,
    18.052399158477783,
    17.97471046447754,
    18.031954765319824,
    18.02377700805664,
    18.036043643951416,
    16.776669025421143,
    17.986977100372314,
    18.04831027984619,
    18.02377700805664,
    17.97879934310913,
    17.991065979003906,
    18.027865886688232,
    18.031954765319824,
    17.991065979003906,
    18.007421493530273,
    18.01968812942505,
    17.995154857635498,
    18.02377700805664,
    18.01968812942505,
    16.760313510894775,
    18.027865886688232,
    17.99924373626709,
    17.01791286468506,
    17.058801651000977,
    17.079246044158936,
    17.026090621948242,
    17.02200174331665,
    17.075157165527344,
    17.06289052963257,
    17.06289052963257,
    17.04244613647461,
    17.06289052963257,
    17.058801651000977,
    17.06289052963257,
    17.0465350151062,
    17.071068286895752,
    17.050623893737793,
    17.079246044158936,
    17.079246044158936,
    17.038357257843018,
    17.058801651000977,
    17.038357257843018,
    18.36724281311035,
    17.06697940826416,
    17.06289052963257,
    17.08742380142212,
    17.050623893737793,
    17.083334922790527,
    17.054712772369385,
    17.005646228790283,
    17.030179500579834,
    17.08742380142212,
    17.026090621948242,
    17.04244613647461,
    17.06289052963257,
    17.026090621948242,
    17.075157165527344,
    17.079246044158936,
    17.04244613647461,
    17.0465350151062,
    17.026090621948242,
    17.071068286895752,
    17.11195707321167,
    17.054712772369385,
    17.04244613647461,
    17.054712772369385,
    17.06697940826416,
    17.050623893737793,
    17.075157165527344,
    17.02200174331665,
    17.034268379211426,
    17.030179500579834,
    17.050623893737793,
    17.034268379211426,
    17.083334922790527,
    17.038357257843018,
    17.058801651000977,
    17.095601558685303,
    17.075157165527344,
    17.06697940826416,
    17.038357257843018,
    17.054712772369385,
    17.06289052963257,
    17.058801651000977,
    17.083334922790527,
    17.06289052963257,
    17.06289052963257,
    17.128312587738037,
    17.08742380142212,
    17.099690437316895,
    17.013823986053467,
    17.038357257843018,
    17.071068286895752,
    17.095601558685303,
    17.030179500579834,
    17.030179500579834,
    17.09151268005371,
    17.08742380142212,
    17.054712772369385,
    17.058801651000977,
    17.034268379211426,
    17.054712772369385,
    17.071068286895752,
    17.058801651000977,
    17.050623893737793,
    17.071068286895752,
    17.058801651000977,
    17.04244613647461,
    17.075157165527344,
    17.075157165527344,
    17.0465350151062,
    17.04244613647461,
    17.09151268005371,
    17.0465350151062,
    17.04244613647461,
    17.08742380142212,
    17.06289052963257,
    17.026090621948242,
    17.009735107421875,
    17.06289052963257,
    17.06697940826416,
    17.095601558685303,
    17.058801651000977,
    17.050623893737793
  ],
  "timestamps": [
    0.008489608764648438,
    0.03716564178466797,
    0.06576752662658691,
    0.09435629844665527,
    0.12288808822631836,
    0.15142035484313965,
    0.1800224781036377,
    0.20862460136413574,
    0.23724985122680664,
    0.26578736305236816,
    0.2943718433380127,
    0.3228871822357178,
    0.3513951301574707,
    0.3799560070037842,
    0.40848326683044434,
    0.43700647354125977,
    0.465531587600708,
    0.4941282272338867,
    0.5227305889129639,
    0.5512490272521973,
    0.5797727108001709,
    0.6083216667175293,
    0.6368594169616699,
    0.6654667854309082,
    0.6940646171569824,
    0.722681999206543,
    0.7524623870849609,
    0.781059980392456,
    0.809746503829956,
    0.8383991718292236,
    0.8670134544372559,
    0.8955488204956055,
    0.9241461753845215,
    0.9527149200439453,
    0.9812941551208496,
    1.0098674297332764,
    1.0384547710418701,
    1.0670280456542969,
    1.0956039428710938,
    1.1241941452026367,
    1.1528043746948242,
    1.1814026832580566,
    1.2099997997283936,
    1.2386069297790527,
    1.2672038078308105,
    1.2957282066345215,
    1.324347972869873,
    1.3529448509216309,
    1.3814842700958252,
    1.4100232124328613,
    1.4385545253753662,
    1.4670815467834473,
    1.4956037998199463,
    1.5241196155548096,
    1.5526411533355713,
    1.5811641216278076,
    1.60968017578125,
    1.6382601261138916,
    1.6668086051940918,
    1.6953544616699219,
    1.7239093780517578,
    1.7525460720062256,
    1.7811148166656494,
    1.8096458911895752,
    1.8381702899932861,
    1.8667168617248535,
    1.8952574729919434,
    1.9238226413726807,
    1.9524400234222412,
    1.9809808731079102,
    2.009519338607788,
    2.038057565689087,
    2.066594362258911,
    2.095128059387207,
    2.123661756515503,
    2.1522350311279297,
    2.1807539463043213,
    2.2092742919921875,
    2.2377920150756836,
    2.2663211822509766,
    2.2948591709136963,
    2.323397397994995,
    2.351933717727661,
    2.3805131912231445,
    2.409034490585327,
    2.4375529289245605,
    2.4660723209381104,
    2.4946117401123047,
    2.523155450820923,
    2.551689624786377,
    2.5802197456359863,
    2.6087393760681152,
    2.6372597217559814,
    2.6658337116241455,
    2.6943774223327637,
    2.7229268550872803,
    2.751591444015503,
    2.7801856994628906,
    2.808741331100464,
    2.8372950553894043,
    2.865849018096924,
    2.894383192062378,
    2.922902822494507,
    2.9514224529266357,
    2.979952573776245,
    3.0084714889526367,
    3.0370094776153564,
    3.0655477046966553,
    3.0940797328948975,
    3.1226003170013428,
    3.151132822036743,
    3.1797068119049072,
    3.2082746028900146,
    3.2367963790893555,
    3.2653403282165527,
    3.293879508972168,
    3.322416305541992,
    3.35099720954895,
    3.3796210289001465,
    3.4081737995147705,
    3.436685085296631,
    3.465212106704712,
    3.493753433227539,
    3.5223002433776855,
    3.550842761993408,
    3.579385757446289,
    3.6079235076904297,
    3.636443853378296,
    3.6649978160858154,
    3.6935391426086426,
    3.7221264839172363,
    3.7507524490356445,
    3.7793362140655518,
    3.807875871658325,
    3.8364410400390625,
    3.8649919033050537,
    3.8935370445251465,
    3.9220669269561768,
    3.950591564178467,
    3.97912335395813,
    4.007690906524658,
    4.036238431930542,
    4.064764499664307,
    4.093298673629761,
    4.121836423873901,
    4.150370121002197,
    4.178912162780762,
    4.207448244094849,
    4.235988140106201,
    4.264502286911011
  ]
}