{
  "gesture_id": 7,
  "gesture_name": "hover",
  "timestamp": "2025-12-23T16:19:24.536015",
  "sample_rate": 50,
  "duration": 3.0,
  "distances": [
    4.240167140960693,
    4.354655742645264,
    4.2565226554870605,
    4.342389106750488,
    4.2974114418029785,
    4.2974114418029785,
    5.250120162963867,
    5.258297920227051,
    3.945767879486084,
    3.9539456367492676,
    3.9989233016967773,
    3.9580345153808594,
    3.945767879486084,
    3.9580345153808594,
    3.986656665802002,
    4.0152788162231445,
    3.98256778717041,
    3.966212272644043,
    3.986656665802002,
    3.9580345153808594,
    3.9784789085388184,
    4.007101058959961,
    3.941679000854492,
    3.966212272644043,
    4.923009872436523,
    4.910743236541748,
    4.943454265594482,
    4.898476600646973,
    4.923009872436523,
    4.931187629699707,
    4.9843430519104,
    4.935276508331299,
    4.963898658752441,
    4.955720901489258,
    4.939365386962891,
    4.967987537384033,
    4.963898658752441,
    4.927098751068115,
    4.935276508331299,
    4.906654357910156,
    4.963898658752441,
    4.992520809173584,
    4.955720901489258,
    4.935276508331299,
    4.951632022857666,
    4.947543144226074,
    4.963898658752441,
    4.939365386962891,
    4.951632022857666,
    4.91483211517334,
    4.988431930541992,
    4.947543144226074,
    4.943454265594482,
    5.896162986755371,
    4.923009872436523,
    4.972076416015625,
    4.972076416015625,
    4.931187629699707,
    4.947543144226074,
    4.976165294647217,
    4.95980978012085,
    5.896162986755371,
    5.945229530334473,
    5.892074108123779,
    4.931187629699707,
    4.95980978012085,
    4.963898658752441,
    4.947543144226074,
    4.943454265594482,
    4.967987537384033,
    4.931187629699707,
    4.927098751068115,
    5.953407287597656,
    5.937051773071289,
    5.937051773071289,
    5.957496166229248,
    5.900251865386963,
    5.924785137176514,
    5.9084296226501465,
    5.937051773071289,
    5.9084296226501465,
    5.875718593597412,
    5.953407287597656,
    5.932962894439697,
    5.941140651702881,
    5.892074108123779,
    4.644966125488281,
    4.632699489593506,
    4.575455188751221,
    4.616343975067139,
    4.616343975067139,
    4.612255096435547,
    4.608166217803955,
    4.616343975067139,
    4.608166217803955,
    4.6408772468566895,
    4.632699489593506,
    4.571366310119629,
    4.624521732330322,
    4.628610610961914,
    4.575455188751221,
    5.973851680755615,
    5.896162986755371,
    5.896162986755371,
    4.910743236541748,
    4.95980978012085,
    6.288695335388184,
    5.9493184089660645,
    5.883896350860596,
    5.969762802124023,
    5.91660737991333,
    5.924785137176514,
    5.937051773071289,
    5.965673923492432,
    4.624521732330322,
    4.612255096435547,
    4.632699489593506,
    5.953407287597656,
    5.932962894439697,
    5.9084296226501465,
    5.957496166229248,
    4.898476600646973,
    4.980254173278809,
    4.918920993804932,
    4.955720901489258,
    4.918920993804932,
    4.947543144226074,
    4.955720901489258,
    4.951632022857666,
    4.91483211517334,
    4.923009872436523,
    4.927098751068115,
    4.947543144226074,
    4.935276508331299,
    4.947543144226074,
    4.927098751068115,
    4.931187629699707,
    4.918920993804932,
    4.918920993804932,
    4.923009872436523,
    4.5795440673828125,
    4.980254173278809,
    4.939365386962891,
    4.955720901489258,
    4.910743236541748,
    4.943454265594482,
    4.898476600646973,
    4.923009872436523,
    5.920696258544922,
    4.612255096435547
  ],
  "timestamps": [
    0.007705211639404297,
    0.03567647933959961,
    0.06356620788574219,
    0.09143447875976562,
    0.119293212890625,
    0.14713096618652344,
    0.17501044273376465,
    0.20288467407226562,
    0.23070788383483887,
    0.258512020111084,
    0.2863140106201172,
    0.3141155242919922,
    0.3419342041015625,
    0.3697319030761719,
    0.39760375022888184,
    0.42559242248535156,
    0.4534456729888916,
    0.4813241958618164,
    0.5091938972473145,
    0.5370047092437744,
    0.5648183822631836,
    0.5926194190979004,
    0.6204173564910889,
    0.6482369899749756,
    0.676095724105835,
    0.7039492130279541,
    0.7318031787872314,
    0.7596631050109863,
    0.7875185012817383,
    0.8153738975524902,
    0.8432328701019287,
    0.8710904121398926,
    0.898951530456543,
    0.9268176555633545,
    0.9546775817871094,
    0.9825425148010254,
    1.0104029178619385,
    1.0382652282714844,
    1.0661394596099854,
    1.094005823135376,
    1.121866226196289,
    1.149723768234253,
    1.177577257156372,
    1.2054319381713867,
    1.2332823276519775,
    1.2611360549926758,
    1.288992166519165,
    1.3168480396270752,
    1.344700813293457,
    1.3725531101226807,
    1.4005088806152344,
    1.4285449981689453,
    1.4565870761871338,
    1.4845359325408936,
    1.5124053955078125,
    1.5402789115905762,
    1.568145990371704,
    1.5960290431976318,
    1.6238892078399658,
    1.6517455577850342,
    1.679600715637207,
    1.7075138092041016,
    1.735426902770996,
    1.763338565826416,
    1.7911949157714844,
    1.8190529346466064,
    1.8469126224517822,
    1.874767780303955,
    1.9026422500610352,
    1.930521011352539,
    1.958380937576294,
    1.9862418174743652,
    2.0141592025756836,
    2.0420737266540527,
    2.0700082778930664,
    2.097939968109131,
    2.1258604526519775,
    2.153775215148926,
    2.1816866397857666,
    2.2096006870269775,
    2.2375144958496094,
    2.2654285430908203,
    2.2933430671691895,
    2.3212554454803467,
    2.349168300628662,
    2.377082109451294,
    2.405022621154785,
    2.4330873489379883,
    2.4609603881835938,
    2.4888062477111816,
    2.516658067703247,
    2.5445101261138916,
    2.572364091873169,
    2.6002185344696045,
    2.628056764602661,
    2.6558961868286133,
    2.6837315559387207,
    2.7115674018859863,
    2.73940110206604,
    2.7672343254089355,
    2.795069694519043,
    2.822981595993042,
    2.8509161472320557,
    2.8788254261016846,
    2.906698226928711,
    2.9345741271972656,
    2.962491035461426,
    2.9903886318206787,
    3.0183053016662598,
    3.046201705932617,
    3.0741167068481445,
    3.10202956199646,
    3.1299448013305664,
    3.1578574180603027,
    3.1856954097747803,
    3.213526487350464,
    3.2413594722747803,
    3.269270658493042,
    3.2971832752227783,
    3.325090169906616,
    3.3529975414276123,
    3.3808481693267822,
    3.4087955951690674,
    3.4367620944976807,
    3.4646966457366943,
    3.4925615787506104,
    3.5204029083251953,
    3.5482406616210938,
    3.5761334896087646,
    3.603994369506836,
    3.631852865219116,
    3.6597108840942383,
    3.6875672340393066,
    3.7154228687286377,
    3.743279457092285,
    3.7711310386657715,
    3.7989845275878906,
    3.826838970184326,
    3.854694366455078,
    3.882547378540039,
    3.9104225635528564,
    3.9383020401000977,
    3.966163396835327,
    3.994044065475464,
    4.021917104721069,
    4.049771308898926,
    4.077628135681152,
    4.105480909347534,
    4.133391380310059,
    4.161226987838745
  ]
}