{
  "gesture_id": 7,
  "gesture_name": "hover",
  "timestamp": "2025-12-24T14:43:29.883660",
  "sample_rate": 50,
  "duration": 3.0,
  "distances": [
    12.352502346038818,
    12.291169166564941,
    14.020764827728271,
    14.033031463623047,
    14.01667594909668,
    12.3116135597229,
    12.336146831512451,
    13.705921173095703,
    13.685476779937744,
    15.030717849731445,
    15.034806728363037,
    15.08796215057373,
    16.40458106994629,
    13.726365566253662,
    15.455961227416992,
    14.04120922088623,
    14.024853706359863,
    14.033031463623047,
    14.049386978149414,
    14.053475856781006,
    13.656854629516602,
    13.689565658569336,
    13.681387901306152,
    13.714098930358887,
    13.665032386779785,
    13.69774341583252,
    14.057564735412598,
    14.01667594909668,
    14.06165361404419,
    14.053475856781006,
    14.045298099517822,
    14.04120922088623,
    13.99623155593872,
    12.659168243408203,
    12.667346000671387,
    12.671434879302979,
    12.679612636566162,
    12.646901607513428,
    12.65099048614502,
    12.642812728881836,
    12.659168243408203,
    12.638723850250244,
    12.659168243408203,
    12.659168243408203,
    12.626457214355469,
    12.667346000671387,
    12.642812728881836,
    12.671434879302979,
    12.634634971618652,
    12.618279457092285,
    12.618279457092285,
    12.642812728881836,
    12.642812728881836,
    12.69596815109253,
    12.683701515197754,
    12.655079364776611,
    12.679612636566162,
    12.704145908355713,
    14.049386978149414,
    14.033031463623047,
    14.033031463623047,
    12.655079364776611,
    12.626457214355469,
    12.63054609298706,
    12.655079364776611,
    12.671434879302979,
    12.69596815109253,
    12.63054609298706,
    12.659168243408203,
    12.67552375793457,
    12.646901607513428,
    12.683701515197754,
    12.667346000671387,
    12.683701515197754,
    12.659168243408203,
    12.704145908355713,
    12.646901607513428,
    12.65099048614502,
    12.700057029724121,
    12.65099048614502,
    12.704145908355713,
    12.634634971618652,
    12.667346000671387,
    12.646901607513428,
    12.642812728881836,
    14.000320434570312,
    12.65099048614502,
    12.655079364776611,
    12.708234786987305,
    12.704145908355713,
    12.642812728881836,
    12.667346000671387,
    12.700057029724121,
    12.679612636566162,
    12.679612636566162,
    12.667346000671387,
    12.67552375793457,
    12.642812728881836,
    12.728679180145264,
    12.67552375793457,
    12.687790393829346,
    12.69596815109253,
    12.704145908355713,
    12.716412544250488,
    12.687790393829346,
    12.687790393829346,
    12.716412544250488,
    12.671434879302979,
    12.642812728881836,
    12.65099048614502,
    12.655079364776611,
    12.655079364776611,
    14.06165361404419,
    14.04120922088623,
    14.028942584991455,
    12.319791316986084,
    12.340235710144043,
    12.372946739196777,
    14.082098007202148,
    14.012587070465088,
    14.045298099517822,
    14.049386978149414,
    14.057564735412598,
    14.012587070465088,
    14.04120922088623,
    14.065742492675781,
    14.057564735412598,
    14.053475856781006,
    14.012587070465088,
    14.073920249938965,
    14.049386978149414,
    14.094364643096924,
    14.053475856781006,
    14.04120922088623,
    14.049386978149414,
    12.679612636566162,
    12.69596815109253,
    12.679612636566162,
    12.646901607513428,
    12.700057029724121,
    14.057564735412598,
    12.307524681091309,
    12.352502346038818,
    12.327969074249268,
    14.073920249938965,
    14.045298099517822,
    14.090275764465332,
    14.078009128570557,
    14.024853706359863,
    12.3116135597229
  ],
  "timestamps": [
    0.008161544799804688,
    0.03650498390197754,
    0.06490731239318848,
    0.09332489967346191,
    0.12171626091003418,
    0.15000128746032715,
    0.17827463150024414,
    0.20664072036743164,
    0.2349855899810791,
    0.2634308338165283,
    0.2918732166290283,
    0.32031822204589844,
    0.34883880615234375,
    0.37720704078674316,
    0.40567708015441895,
    0.4340546131134033,
    0.46240758895874023,
    0.4907705783843994,
    0.5191202163696289,
    0.5475084781646729,
    0.5758709907531738,
    0.6042323112487793,
    0.6325938701629639,
    0.6609561443328857,
    0.689321756362915,
    0.7176826000213623,
    0.7460510730743408,
    0.7743985652923584,
    0.802762508392334,
    0.8311166763305664,
    0.8594992160797119,
    0.8878839015960693,
    0.9162766933441162,
    0.9446134567260742,
    0.9729933738708496,
    1.0015811920166016,
    1.0308141708374023,
    1.059194803237915,
    1.0875108242034912,
    1.115816354751587,
    1.1441245079040527,
    1.172431230545044,
    1.2007339000701904,
    1.2290666103363037,
    1.257368564605713,
    1.2856690883636475,
    1.3139703273773193,
    1.3422760963439941,
    1.3705780506134033,
    1.3988893032073975,
    1.4271879196166992,
    1.4554879665374756,
    1.4837920665740967,
    1.5120925903320312,
    1.540419578552246,
    1.5687222480773926,
    1.5970180034637451,
    1.6253199577331543,
    1.653700590133667,
    1.6820883750915527,
    1.7104742527008057,
    1.7387783527374268,
    1.767075538635254,
    1.7953729629516602,
    1.823676347732544,
    1.851978063583374,
    1.8802964687347412,
    1.9085972309112549,
    1.9369356632232666,
    1.9655117988586426,
    1.9938836097717285,
    2.0222442150115967,
    2.050556182861328,
    2.078853130340576,
    2.1071364879608154,
    2.1354167461395264,
    2.1637604236602783,
    2.192072868347168,
    2.2203807830810547,
    2.248683214187622,
    2.2769863605499268,
    2.3052847385406494,
    2.333585262298584,
    2.3618829250335693,
    2.3902339935302734,
    2.4186201095581055,
    2.4469265937805176,
    2.475229024887085,
    2.5035343170166016,
    2.5318384170532227,
    2.5601391792297363,
    2.58844256401062,
    2.616746425628662,
    2.6450510025024414,
    2.6733508110046387,
    2.701653003692627,
    2.729952096939087,
    2.7582569122314453,
    2.786562204360962,
    2.8148627281188965,
    2.843172311782837,
    2.87147855758667,
    2.899789810180664,
    2.9280946254730225,
    2.9564273357391357,
    2.9848146438598633,
    3.013134479522705,
    3.041440486907959,
    3.0697503089904785,
    3.0980827808380127,
    3.1263890266418457,
    3.1546897888183594,
    3.1830737590789795,
    3.2114570140838623,
    3.2398438453674316,
    3.2681267261505127,
    3.2964084148406982,
    3.324686288833618,
    3.353070020675659,
    3.3814520835876465,
    3.4098610877990723,
    3.438274383544922,
    3.4666600227355957,
    3.495039939880371,
    3.5234227180480957,
    3.551809072494507,
    3.5801918506622314,
    3.6085753440856934,
    3.636955976486206,
    3.6653242111206055,
    3.6936895847320557,
    3.7220635414123535,
    3.75045108795166,
    3.7788336277008057,
    3.80721378326416,
    3.835508108139038,
    3.863799810409546,
    3.892082452774048,
    3.920427083969116,
    3.94879150390625,
    3.977257490158081,
    4.005553960800171,
    4.033856630325317,
    4.062163591384888,
    4.090541362762451,
    4.118930101394653,
    4.1473329067230225,
    4.175718307495117,
    4.20411229133606,
    4.2323949337005615
  ]
}