{
  "gesture_id": 7,
  "gesture_name": "hover",
  "timestamp": "2025-12-24T14:39:01.763826",
  "sample_rate": 50,
  "duration": 3.0,
  "distances": [
    13.03943395614624,
    13.023078441619873,
    13.01490068435669,
    14.413297176361084,
    12.704145908355713,
    12.704145908355713,
    12.691879272460938,
    12.626457214355469,
    14.413297176361084,
    13.006722927093506,
    13.043522834777832,
    13.043522834777832,
    12.63054609298706,
    12.687790393829346,
    12.667346000671387,
    12.671434879302979,
    12.65099048614502,
    12.724590301513672,
    12.638723850250244,
    14.343786239624023,
    13.002634048461914,
    13.03943395614624,
    13.023078441619873,
    11.988592147827148,
    11.976325511932373,
    13.362455368041992,
    12.974011898040771,
    13.031256198883057,
    13.051700592041016,
    13.051700592041016,
    12.998545169830322,
    13.01490068435669,
    13.37881088256836,
    13.346099853515625,
    13.3583664894104,
    13.3583664894104,
    13.386988639831543,
    13.370633125305176,
    13.37881088256836,
    13.043522834777832,
    13.031256198883057,
    12.99445629119873,
    12.974011898040771,
    13.023078441619873,
    13.346099853515625,
    13.321566581726074,
    13.325655460357666,
    13.346099853515625,
    13.40334415435791,
    13.317477703094482,
    13.370633125305176,
    13.370633125305176,
    13.374722003936768,
    13.31338882446289,
    11.988592147827148,
    13.301122188568115,
    12.340235710144043,
    12.33205795288086,
    12.659168243408203,
    12.691879272460938,
    12.646901607513428,
    12.663257122039795,
    13.002634048461914,
    12.63054609298706,
    12.683701515197754,
    12.67552375793457,
    12.683701515197754,
    12.671434879302979,
    13.002634048461914,
    13.027167320251465,
    13.002634048461914,
    13.043522834777832,
    12.974011898040771,
    12.69596815109253,
    12.659168243408203,
    12.716412544250488,
    13.01490068435669,
    12.99445629119873,
    13.023078441619873,
    12.96992301940918,
    12.998545169830322,
    13.027167320251465,
    13.0598783493042,
    13.010811805725098,
    13.043522834777832,
    12.998545169830322,
    13.006722927093506,
    12.99445629119873,
    13.018989562988281,
    12.96992301940918,
    13.01490068435669,
    13.03943395614624,
    12.986278533935547,
    11.96814775466919,
    11.976325511932373,
    12.35659122467041,
    12.3116135597229,
    12.372946739196777,
    11.984503269195557,
    11.976325511932373,
    11.980414390563965,
    13.3583664894104,
    13.337922096252441,
    11.984503269195557,
    11.959969997406006,
    11.96814775466919,
    13.374722003936768,
    12.990367412567139,
    13.023078441619873,
    12.978100776672363,
    13.010811805725098,
    13.051700592041016,
    13.018989562988281,
    13.018989562988281,
    13.01490068435669,
    13.047611713409424,
    13.023078441619873,
    12.998545169830322,
    12.998545169830322,
    12.998545169830322,
    12.99445629119873,
    13.010811805725098,
    12.998545169830322,
    13.055789470672607,
    13.027167320251465,
    13.047611713409424,
    12.99445629119873,
    12.998545169830322,
    12.978100776672363,
    12.974011898040771,
    13.002634048461914,
    13.035345077514648,
    13.01490068435669,
    12.965834140777588,
    13.043522834777832,
    12.99445629119873,
    13.031256198883057,
    13.010811805725098,
    13.002634048461914,
    13.018989562988281,
    12.998545169830322,
    13.010811805725098,
    13.231611251831055,
    13.010811805725098,
    13.0598783493042,
    13.01490068435669,
    13.051700592041016,
    13.018989562988281,
    13.33383321762085,
    13.010811805725098
  ],
  "timestamps": [
    0.008255481719970703,
    0.036676645278930664,
    0.06514430046081543,
    0.09365463256835938,
    0.12200069427490234,
    0.15037822723388672,
    0.17869973182678223,
    0.2070157527923584,
    0.2354292869567871,
    0.2637624740600586,
    0.2921333312988281,
    0.3204925060272217,
    0.3488340377807617,
    0.3771548271179199,
    0.4054534435272217,
    0.4337453842163086,
    0.46209049224853516,
    0.49040722846984863,
    0.5187196731567383,
    0.5471322536468506,
    0.5754671096801758,
    0.6037747859954834,
    0.6321067810058594,
    0.6603777408599854,
    0.6886496543884277,
    0.7170069217681885,
    0.7453305721282959,
    0.7736661434173584,
    0.8019955158233643,
    0.830322265625,
    0.8586492538452148,
    0.8869783878326416,
    0.9153330326080322,
    0.9436929225921631,
    0.9720399379730225,
    1.0003716945648193,
    1.028724193572998,
    1.05712890625,
    1.0856544971466064,
    1.113992691040039,
    1.1423258781433105,
    1.1706457138061523,
    1.1989796161651611,
    1.2273104190826416,
    1.2556817531585693,
    1.2840194702148438,
    1.3123724460601807,
    1.3407363891601562,
    1.3690869808197021,
    1.397432565689087,
    1.425783634185791,
    1.4541356563568115,
    1.4825077056884766,
    1.5108561515808105,
    1.5391273498535156,
    1.567474365234375,
    1.5957434177398682,
    1.6240324974060059,
    1.65232253074646,
    1.6806297302246094,
    1.7089488506317139,
    1.7372565269470215,
    1.765580654144287,
    1.7938919067382812,
    1.8222010135650635,
    1.8505430221557617,
    1.8788487911224365,
    1.9071524143218994,
    1.935474157333374,
    1.9638044834136963,
    1.992133378982544,
    2.020463228225708,
    2.0487890243530273,
    2.077169418334961,
    2.1055569648742676,
    2.1338717937469482,
    2.1622111797332764,
    2.1905429363250732,
    2.21889591217041,
    2.247225284576416,
    2.275562047958374,
    2.303894281387329,
    2.3322253227233887,
    2.3605499267578125,
    2.388873338699341,
    2.417196273803711,
    2.4455153942108154,
    2.473843812942505,
    2.502166986465454,
    2.530496835708618,
    2.558825969696045,
    2.5871570110321045,
    2.6154956817626953,
    2.643766403198242,
    2.6720383167266846,
    2.7003068923950195,
    2.728619337081909,
    2.756908893585205,
    2.7851767539978027,
    2.813444137573242,
    2.841710090637207,
    2.8700547218322754,
    2.8984134197235107,
    2.926680088043213,
    2.9549407958984375,
    2.9832046031951904,
    3.0115489959716797,
    3.0398502349853516,
    3.0682287216186523,
    3.096606731414795,
    3.124948740005493,
    3.1532790660858154,
    3.181614398956299,
    3.209946632385254,
    3.238274335861206,
    3.2665998935699463,
    3.2949297428131104,
    3.3232531547546387,
    3.351604461669922,
    3.379913806915283,
    3.4082419872283936,
    3.4365453720092773,
    3.4648680686950684,
    3.493194341659546,
    3.5215210914611816,
    3.549851417541504,
    3.578176498413086,
    3.6065001487731934,
    3.6348304748535156,
    3.6631743907928467,
    3.691502809524536,
    3.7198102474212646,
    3.7481372356414795,
    3.7764410972595215,
    3.8047661781311035,
    3.833092212677002,
    3.8614161014556885,
    3.889740228652954,
    3.918060302734375,
    3.946429967880249,
    3.974754571914673,
    4.003079891204834,
    4.031419992446899,
    4.059787034988403,
    4.088296413421631,
    4.116642475128174,
    4.1449902057647705,
    4.173318386077881,
    4.201686143875122,
    4.2300190925598145
  ]
}