{
  "gesture_id": 7,
  "gesture_name": "hover",
  "timestamp": "2025-12-24T14:39:52.489553",
  "sample_rate": 50,
  "duration": 3.0,
  "distances": [
    12.049925327301025,
    13.043522834777832,
    11.64921522140503,
    11.645126342773438,
    11.681926250457764,
    11.624681949615479,
    12.986278533935547,
    12.998545169830322,
    13.023078441619873,
    13.031256198883057,
    14.707696437835693,
    13.305211067199707,
    13.370633125305176,
    13.342010974884033,
    12.004947662353516,
    11.984503269195557,
    11.99268102645874,
    11.939525604248047,
    12.0131254196167,
    11.964058876037598,
    12.009036540985107,
    12.021303176879883,
    11.96814775466919,
    12.000858783721924,
    11.943614482879639,
    11.976325511932373,
    11.988592147827148,
    11.976325511932373,
    12.021303176879883,
    11.96814775466919,
    11.984503269195557,
    11.94770336151123,
    12.025392055511475,
    11.939525604248047,
    12.025392055511475,
    11.980414390563965,
    11.959969997406006,
    11.99268102645874,
    11.955881118774414,
    11.976325511932373,
    11.964058876037598,
    10.631084442138672,
    10.594284534454346,
    10.504329204559326,
    10.610640048980713,
    10.622906684875488,
    10.639262199401855,
    12.009036540985107,
    11.951792240142822,
    12.025392055511475,
    12.009036540985107,
    11.988592147827148,
    10.60246229171753,
    11.988592147827148,
    10.561573505401611,
    10.622906684875488,
    12.004947662353516,
    10.974550247192383,
    10.958194732666016,
    10.933661460876465,
    10.941839218139648,
    10.937750339508057,
    10.941839218139648,
    10.941839218139648,
    10.941839218139648,
    10.896861553192139,
    10.929572582244873,
    10.978639125823975,
    10.986816883087158,
    10.925483703613281,
    10.92139482498169,
    10.978639125823975,
    10.933661460876465,
    10.962283611297607,
    10.905039310455322,
    10.954105854034424,
    10.94592809677124,
    10.958194732666016,
    10.929572582244873,
    10.950016975402832,
    10.982728004455566,
    11.207616329193115,
    10.905039310455322,
    10.941839218139648,
    10.958194732666016,
    9.9196195602417,
    9.915530681610107,
    9.89917516708374,
    9.927797317504883,
    9.878730773925781,
    9.9196195602417,
    10.937750339508057,
    9.923708438873291,
    9.9196195602417,
    9.927797317504883,
    9.886908531188965,
    9.89917516708374,
    9.911441802978516,
    9.940063953399658,
    9.94415283203125,
    9.923708438873291,
    9.878730773925781,
    9.911441802978516,
    9.960508346557617,
    9.903264045715332,
    9.972774982452393,
    9.907352924346924,
    9.89917516708374,
    9.890997409820557,
    9.931886196136475,
    11.277127265930176,
    11.281216144561768,
    10.26308536529541,
    10.23855209350586,
    10.246729850769043,
    10.295796394348145,
    10.275352001190186,
    10.271263122558594,
    10.291707515716553,
    10.299885272979736,
    10.271263122558594,
    10.271263122558594,
    10.246729850769043,
    10.275352001190186,
    10.279440879821777,
    10.312151908874512,
    10.271263122558594,
    10.234463214874268,
    10.287618637084961,
    10.299885272979736,
    10.267174243927002,
    10.271263122558594,
    10.279440879821777,
    10.28352975845337,
    10.258996486663818,
    10.279440879821777,
    10.254907608032227,
    10.222196578979492,
    10.254907608032227,
    10.622906684875488,
    10.62699556350708,
    10.569751262664795,
    10.610640048980713,
    10.586106777191162,
    10.618817806243896,
    10.643351078033447,
    10.618817806243896,
    10.577929019927979,
    10.606551170349121,
    10.60246229171753
  ],
  "timestamps": [
    0.008134126663208008,
    0.036548614501953125,
    0.06483149528503418,
    0.09308052062988281,
    0.12132883071899414,
    0.14960002899169922,
    0.17792630195617676,
    0.2062513828277588,
    0.23457741737365723,
    0.26290202140808105,
    0.2913215160369873,
    0.3197200298309326,
    0.34813570976257324,
    0.3764975070953369,
    0.4047555923461914,
    0.43301939964294434,
    0.46128225326538086,
    0.4895439147949219,
    0.517798662185669,
    0.5460612773895264,
    0.5743317604064941,
    0.6025936603546143,
    0.6308498382568359,
    0.6591260433197021,
    0.6873829364776611,
    0.7156500816345215,
    0.7439103126525879,
    0.7721498012542725,
    0.8004095554351807,
    0.8286714553833008,
    0.85693359375,
    0.8851985931396484,
    0.9134624004364014,
    0.9417228698730469,
    0.9699816703796387,
    0.9982407093048096,
    1.026498556137085,
    1.0547587871551514,
    1.0830421447753906,
    1.111299753189087,
    1.1395626068115234,
    1.1677191257476807,
    1.1958951950073242,
    1.2240514755249023,
    1.2522313594818115,
    1.2804126739501953,
    1.308610439300537,
    1.3369691371917725,
    1.3652796745300293,
    1.393549919128418,
    1.4218225479125977,
    1.4500830173492432,
    1.4782688617706299,
    1.5065269470214844,
    1.5346953868865967,
    1.562873125076294,
    1.5911359786987305,
    1.619330883026123,
    1.6475558280944824,
    1.6757392883300781,
    1.7039151191711426,
    1.7321100234985352,
    1.760289192199707,
    1.7884960174560547,
    1.8167197704315186,
    1.8449223041534424,
    1.8731186389923096,
    1.9013142585754395,
    1.929520606994629,
    1.9577200412750244,
    1.9859123229980469,
    2.0141072273254395,
    2.042318344116211,
    2.070526599884033,
    2.0987253189086914,
    2.126920461654663,
    2.155120372772217,
    2.183321952819824,
    2.211520195007324,
    2.239699602127075,
    2.267897605895996,
    2.2960727214813232,
    2.324329376220703,
    2.3526062965393066,
    2.380854606628418,
    2.4090797901153564,
    2.4372398853302,
    2.465388298034668,
    2.4935314655303955,
    2.521669864654541,
    2.5498247146606445,
    2.578030586242676,
    2.606173038482666,
    2.634343385696411,
    2.662487268447876,
    2.6906192302703857,
    2.7187485694885254,
    2.7468769550323486,
    2.7750086784362793,
    2.8031423091888428,
    2.8313040733337402,
    2.8594436645507812,
    2.8875792026519775,
    2.9157185554504395,
    2.9438586235046387,
    2.971997022628784,
    3.000136137008667,
    3.028270959854126,
    3.056411027908325,
    3.0845532417297363,
    3.1127727031707764,
    3.140986919403076,
    3.1691441535949707,
    3.197300910949707,
    3.225456714630127,
    3.253612995147705,
    3.281771421432495,
    3.3099822998046875,
    3.3382370471954346,
    3.3664352893829346,
    3.394601345062256,
    3.4227609634399414,
    3.450944185256958,
    3.4791030883789062,
    3.507258892059326,
    3.535442590713501,
    3.563603162765503,
    3.5917625427246094,
    3.619931221008301,
    3.648099184036255,
    3.6762564182281494,
    3.7044124603271484,
    3.732571840286255,
    3.760751247406006,
    3.788907051086426,
    3.8170626163482666,
    3.8452188968658447,
    3.8733749389648438,
    3.901531457901001,
    3.929708957672119,
    3.957890510559082,
    3.9860622882843018,
    4.014237880706787,
    4.0424110889434814,
    4.070613622665405,
    4.098801136016846,
    4.126983165740967,
    4.155157804489136,
    4.183339595794678,
    4.211570501327515
  ]
}