{
  "gesture_id": 7,
  "gesture_name": "hover",
  "timestamp": "2025-12-24T14:42:36.312300",
  "sample_rate": 50,
  "duration": 3.0,
  "distances": [
    13.730454444885254,
    13.665032386779785,
    15.038895606994629,
    15.4518723487854,
    15.419161319732666,
    15.774893760681152,
    17.038357257843018,
    17.04244613647461,
    16.06929302215576,
    16.106092929840088,
    16.118359565734863,
    17.04244613647461,
    17.06697940826416,
    17.026090621948242,
    17.06697940826416,
    15.742182731628418,
    15.599071979522705,
    17.083334922790527,
    17.013823986053467,
    17.075157165527344,
    15.742182731628418,
    15.758538246154785,
    15.74627161026001,
    15.783071517944336,
    15.783071517944336,
    15.783071517944336,
    15.819871425628662,
    15.766716003417969,
    15.766716003417969,
    15.762627124786377,
    15.754449367523193,
    15.897560119628906,
    15.787160396575928,
    15.77080488204956,
    15.762627124786377,
    15.754449367523193,
    15.762627124786377,
    15.778982639312744,
    15.742182731628418,
    15.81578254699707,
    15.766716003417969,
    15.750360488891602,
    15.762627124786377,
    15.762627124786377,
    15.783071517944336,
    15.742182731628418,
    15.750360488891602,
    15.754449367523193,
    16.743957996368408,
    16.72760248184204,
    15.415072441101074,
    15.390539169311523,
    15.443694591522217,
    15.394628047943115,
    15.402805805206299,
    15.38236141204834,
    15.443694591522217,
    15.415072441101074,
    15.370094776153564,
    15.42733907699585,
    15.468227863311768,
    16.748046875,
    16.70306921005249,
    15.378272533416748,
    15.402805805206299,
    15.415072441101074,
    15.415072441101074,
    15.398716926574707,
    15.386450290679932,
    15.443694591522217,
    15.386450290679932,
    15.4518723487854,
    16.76849126815796,
    16.719424724578857,
    16.6989803314209,
    15.439605712890625,
    15.38236141204834,
    15.386450290679932,
    15.386450290679932,
    15.402805805206299,
    15.386450290679932,
    15.40689468383789,
    15.431427955627441,
    15.4518723487854,
    15.42733907699585,
    15.410983562469482,
    15.374183654785156,
    15.415072441101074,
    16.760313510894775,
    16.735780239105225,
    16.735780239105225,
    16.76849126815796,
    15.4518723487854,
    15.415072441101074,
    15.378272533416748,
    15.415072441101074,
    15.419161319732666,
    15.435516834259033,
    15.447783470153809,
    15.415072441101074,
    15.402805805206299,
    15.443694591522217,
    15.398716926574707,
    15.468227863311768,
    16.748046875,
    16.719424724578857,
    16.76849126815796,
    16.70306921005249,
    16.760313510894775,
    16.752135753631592,
    16.719424724578857,
    16.690802574157715,
    16.715335845947266,
    15.795338153839111,
    15.778982639312744,
    15.738093852996826,
    15.74627161026001,
    15.77080488204956,
    15.799427032470703,
    15.783071517944336,
    15.79124927520752,
    15.774893760681152,
    15.738093852996826,
    15.778982639312744,
    15.74627161026001,
    16.780757904052734,
    16.739869117736816,
    16.719424724578857,
    15.774893760681152,
    15.811693668365479,
    15.386450290679932,
    15.443694591522217,
    15.394628047943115,
    15.410983562469482,
    15.374183654785156,
    15.443694591522217,
    15.4518723487854,
    16.719424724578857,
    16.756224632263184,
    15.394628047943115,
    15.431427955627441,
    15.402805805206299,
    16.72760248184204,
    16.72760248184204,
    16.70306921005249,
    15.738093852996826,
    16.690802574157715,
    16.72760248184204,
    15.431427955627441,
    15.415072441101074
  ],
  "timestamps": [
    0.008255720138549805,
    0.03670382499694824,
    0.06519055366516113,
    0.09369969367980957,
    0.12223672866821289,
    0.1507101058959961,
    0.17925143241882324,
    0.20780682563781738,
    0.23632478713989258,
    0.2648310661315918,
    0.2933363914489746,
    0.32189393043518066,
    0.35045433044433594,
    0.3790154457092285,
    0.4075963497161865,
    0.43616485595703125,
    0.46460986137390137,
    0.4931933879852295,
    0.5217609405517578,
    0.550344705581665,
    0.5789284706115723,
    0.6074974536895752,
    0.636141300201416,
    0.6646413803100586,
    0.6931180953979492,
    0.7216441631317139,
    0.750145435333252,
    0.7786331176757812,
    0.8071205615997314,
    0.8356072902679443,
    0.86411452293396,
    0.8926000595092773,
    0.9210865497589111,
    0.9495718479156494,
    0.9780411720275879,
    1.0065052509307861,
    1.035020112991333,
    1.0635137557983398,
    1.0920190811157227,
    1.1205122470855713,
    1.1489880084991455,
    1.1774566173553467,
    1.2059197425842285,
    1.2344322204589844,
    1.2629303932189941,
    1.2914178371429443,
    1.3199000358581543,
    1.3483867645263672,
    1.376929521560669,
    1.4054737091064453,
    1.4339842796325684,
    1.462449073791504,
    1.4908995628356934,
    1.5193395614624023,
    1.5478684902191162,
    1.5764193534851074,
    1.6049063205718994,
    1.6333978176116943,
    1.661867380142212,
    1.6903390884399414,
    1.7188024520874023,
    1.7473444938659668,
    1.7758805751800537,
    1.8043458461761475,
    1.832815170288086,
    1.861281394958496,
    1.8897345066070557,
    1.918184757232666,
    1.9466314315795898,
    1.9751379489898682,
    2.0036070346832275,
    2.0320968627929688,
    2.0606398582458496,
    2.0891778469085693,
    2.117716073989868,
    2.1461801528930664,
    2.174644947052002,
    2.2031078338623047,
    2.2315757274627686,
    2.260040044784546,
    2.288503646850586,
    2.3169567584991455,
    2.3454034328460693,
    2.373844861984253,
    2.4023430347442627,
    2.4308347702026367,
    2.4593074321746826,
    2.4877729415893555,
    2.51631498336792,
    2.5448808670043945,
    2.573498249053955,
    2.6020519733428955,
    2.6305441856384277,
    2.6590042114257812,
    2.6874501705169678,
    2.715946674346924,
    2.7444205284118652,
    2.7728867530822754,
    2.8013486862182617,
    2.8298163414001465,
    2.858278274536133,
    2.8867406845092773,
    2.915199041366577,
    2.943665027618408,
    2.972236394882202,
    3.0007808208465576,
    3.029322385787964,
    3.0578489303588867,
    3.0863749980926514,
    3.1148955821990967,
    3.143465280532837,
    3.172008991241455,
    3.2005491256713867,
    3.229033946990967,
    3.2575063705444336,
    3.2859694957733154,
    3.314429998397827,
    3.342942476272583,
    3.3714730739593506,
    3.3999669551849365,
    3.4284422397613525,
    3.4569618701934814,
    3.4854354858398438,
    3.513904333114624,
    3.542414426803589,
    3.5709993839263916,
    3.5995445251464844,
    3.628070116043091,
    3.656562089920044,
    3.68505859375,
    3.713528871536255,
    3.7419939041137695,
    3.770462989807129,
    3.798926591873169,
    3.827385902404785,
    3.855844259262085,
    3.8843486309051514,
    3.9128732681274414,
    3.9414052963256836,
    3.9698598384857178,
    3.9983317852020264,
    4.026795387268066,
    4.055332660675049,
    4.083859205245972,
    4.112382411956787,
    4.1408421993255615,
    4.169371604919434,
    4.197915315628052,
    4.226398229598999,
    4.254865407943726
  ]
}