{
  "gesture_id": 7,
  "gesture_name": "hover",
  "timestamp": "2025-12-24T14:31:30.044884",
  "sample_rate": 50,
  "duration": 3.0,
  "distances": [
    12.299346923828125,
    12.340235710144043,
    12.278902530670166,
    12.708234786987305,
    12.69596815109253,
    12.708234786987305,
    12.667346000671387,
    12.655079364776611,
    12.67552375793457,
    12.618279457092285,
    12.67552375793457,
    12.663257122039795,
    12.683701515197754,
    12.634634971618652,
    12.663257122039795,
    12.642812728881836,
    12.679612636566162,
    12.659168243408203,
    12.671434879302979,
    12.646901607513428,
    12.663257122039795,
    12.65099048614502,
    12.65099048614502,
    12.667346000671387,
    12.659168243408203,
    12.67552375793457,
    12.65099048614502,
    12.336146831512451,
    12.3116135597229,
    12.344324588775635,
    12.303435802459717,
    12.307524681091309,
    12.352502346038818,
    12.295258045196533,
    12.352502346038818,
    12.348413467407227,
    12.291169166564941,
    12.278902530670166,
    12.352502346038818,
    12.299346923828125,
    12.33205795288086,
    12.364768981933594,
    12.323880195617676,
    12.319791316986084,
    12.336146831512451,
    12.295258045196533,
    12.307524681091309,
    12.3116135597229,
    12.327969074249268,
    12.364768981933594,
    12.323880195617676,
    12.299346923828125,
    12.340235710144043,
    12.360680103302002,
    12.33205795288086,
    12.3116135597229,
    12.33205795288086,
    12.33205795288086,
    12.307524681091309,
    12.3116135597229,
    12.299346923828125,
    12.323880195617676,
    12.344324588775635,
    12.315702438354492,
    12.315702438354492,
    12.278902530670166,
    12.323880195617676,
    12.348413467407227,
    12.336146831512451,
    12.307524681091309,
    12.319791316986084,
    12.319791316986084,
    12.336146831512451,
    12.348413467407227,
    12.364768981933594,
    12.295258045196533,
    12.315702438354492,
    12.327969074249268,
    12.327969074249268,
    12.327969074249268,
    12.303435802459717,
    13.69774341583252,
    13.718187808990479,
    13.689565658569336,
    12.319791316986084,
    12.35659122467041,
    12.340235710144043,
    12.307524681091309,
    12.33205795288086,
    12.274813652038574,
    12.295258045196533,
    12.299346923828125,
    12.323880195617676,
    12.336146831512451,
    12.33205795288086,
    12.307524681091309,
    12.33205795288086,
    12.307524681091309,
    12.35659122467041,
    12.336146831512451,
    12.323880195617676,
    12.372946739196777,
    12.278902530670166,
    12.3116135597229,
    12.348413467407227,
    12.3116135597229,
    12.299346923828125,
    12.352502346038818,
    12.63054609298706,
    12.700057029724121,
    14.06165361404419,
    12.655079364776611,
    12.69596815109253,
    12.69596815109253,
    12.72050142288208,
    12.659168243408203,
    12.691879272460938,
    12.659168243408203,
    12.679612636566162,
    12.655079364776611,
    12.667346000671387,
    12.307524681091309,
    12.336146831512451,
    12.33205795288086,
    12.323880195617676,
    12.344324588775635,
    12.360680103302002,
    12.307524681091309,
    12.687790393829346,
    12.67552375793457,
    12.65099048614502,
    14.073920249938965,
    12.65099048614502,
    12.626457214355469,
    12.663257122039795,
    12.655079364776611,
    14.073920249938965,
    12.671434879302979,
    12.65099048614502,
    12.72050142288208,
    12.65099048614502,
    12.691879272460938,
    12.655079364776611,
    12.638723850250244,
    12.679612636566162,
    12.667346000671387,
    12.704145908355713,
    12.687790393829346,
    12.687790393829346,
    12.679612636566162
  ],
  "timestamps": [
    0.008175849914550781,
    0.03654623031616211,
    0.06493663787841797,
    0.09329628944396973,
    0.12163329124450684,
    0.14994430541992188,
    0.17824649810791016,
    0.20655012130737305,
    0.2348616123199463,
    0.2631707191467285,
    0.29147815704345703,
    0.3197810649871826,
    0.3480846881866455,
    0.37641406059265137,
    0.40471959114074707,
    0.43301892280578613,
    0.46132469177246094,
    0.48962926864624023,
    0.5179307460784912,
    0.546295166015625,
    0.5747284889221191,
    0.603043794631958,
    0.6313498020172119,
    0.6596288681030273,
    0.6879820823669434,
    0.7163095474243164,
    0.7446188926696777,
    0.772902250289917,
    0.8011877536773682,
    0.8294756412506104,
    0.8577508926391602,
    0.8860299587249756,
    0.9143176078796387,
    0.9426040649414062,
    0.9708888530731201,
    0.9991910457611084,
    1.0274691581726074,
    1.0557479858398438,
    1.0840344429016113,
    1.112321138381958,
    1.1406021118164062,
    1.168867588043213,
    1.197171926498413,
    1.2254540920257568,
    1.2537364959716797,
    1.2820165157318115,
    1.3103015422821045,
    1.3385798931121826,
    1.3668639659881592,
    1.3951389789581299,
    1.423419713973999,
    1.4517018795013428,
    1.4800164699554443,
    1.508321762084961,
    1.5366501808166504,
    1.565030574798584,
    1.5933301448822021,
    1.6216251850128174,
    1.649909257888794,
    1.6781949996948242,
    1.7064754962921143,
    1.734755039215088,
    1.7630317211151123,
    1.7913074493408203,
    1.8196110725402832,
    1.8478968143463135,
    1.8761568069458008,
    1.904442548751831,
    1.9327044486999512,
    1.9609878063201904,
    1.989269733428955,
    2.0175533294677734,
    2.045835256576538,
    2.0741164684295654,
    2.10239839553833,
    2.1307003498077393,
    2.1589810848236084,
    2.1872591972351074,
    2.215536117553711,
    2.243811845779419,
    2.2720699310302734,
    2.300429105758667,
    2.328765630722046,
    2.357128620147705,
    2.3854074478149414,
    2.4136877059936523,
    2.4419682025909424,
    2.470257520675659,
    2.4985363483428955,
    2.5268430709838867,
    2.555220365524292,
    2.5835540294647217,
    2.611870050430298,
    2.640157699584961,
    2.668440103530884,
    2.6967248916625977,
    2.725006580352783,
    2.7532877922058105,
    2.7815732955932617,
    2.8098530769348145,
    2.8381333351135254,
    2.8664088249206543,
    2.8946890830993652,
    2.9229624271392822,
    2.9512603282928467,
    2.9795351028442383,
    3.007812976837158,
    3.0360984802246094,
    3.064403772354126,
    3.092712163925171,
    3.121098279953003,
    3.1493937969207764,
    3.1776950359344482,
    3.205991268157959,
    3.234295129776001,
    3.2625925540924072,
    3.2908928394317627,
    3.3191874027252197,
    3.347484827041626,
    3.375805377960205,
    3.404110908508301,
    3.4323930740356445,
    3.460679054260254,
    3.488962411880493,
    3.5172438621520996,
    3.5455482006073,
    3.573913335800171,
    3.602233648300171,
    3.630587339401245,
    3.658902645111084,
    3.6872365474700928,
    3.7156219482421875,
    3.7439138889312744,
    3.772217273712158,
    3.800520420074463,
    3.8288233280181885,
    3.8572092056274414,
    3.885509490966797,
    3.9138100147247314,
    3.9421157836914062,
    3.9704177379608154,
    3.998723268508911,
    4.02702260017395,
    4.055320978164673,
    4.083614349365234,
    4.1119465827941895,
    4.140257358551025,
    4.168565988540649,
    4.196850061416626,
    4.225158214569092
  ]
}