{
  "gesture_id": 7,
  "gesture_name": "hover",
  "timestamp": "2025-12-24T14:47:52.778946",
  "sample_rate": 50,
  "duration": 3.0,
  "distances": [
    14.008498191833496,
    14.090275764465332,
    14.429652690887451,
    14.4051194190979,
    13.068056106567383,
    12.986278533935547,
    14.376497268676758,
    14.401030540466309,
    14.392852783203125,
    14.396941661834717,
    14.409208297729492,
    14.42556381225586,
    14.396941661834717,
    14.413297176361084,
    14.114809036254883,
    14.417386054992676,
    14.36014175415039,
    14.433741569519043,
    14.384675025939941,
    14.401030540466309,
    14.433741569519043,
    14.413297176361084,
    14.446008205413818,
    14.446008205413818,
    14.388763904571533,
    14.413297176361084,
    14.356052875518799,
    14.413297176361084,
    14.384675025939941,
    14.38058614730835,
    14.413297176361084,
    14.04120922088623,
    14.065742492675781,
    12.704145908355713,
    12.671434879302979,
    12.69596815109253,
    14.065742492675781,
    14.053475856781006,
    14.053475856781006,
    14.069831371307373,
    12.655079364776611,
    12.716412544250488,
    12.704145908355713,
    12.679612636566162,
    12.67552375793457,
    12.63054609298706,
    12.687790393829346,
    12.69596815109253,
    12.716412544250488,
    12.712323665618896,
    12.634634971618652,
    12.679612636566162,
    14.049386978149414,
    14.401030540466309,
    13.055789470672607,
    12.998545169830322,
    13.010811805725098,
    13.023078441619873,
    14.388763904571533,
    12.67552375793457,
    12.667346000671387,
    12.679612636566162,
    12.667346000671387,
    14.057564735412598,
    14.000320434570312,
    12.642812728881836,
    12.67552375793457,
    12.691879272460938,
    12.655079364776611,
    14.06165361404419,
    13.023078441619873,
    13.023078441619873,
    13.006722927093506,
    12.986278533935547,
    13.010811805725098,
    13.03943395614624,
    13.027167320251465,
    13.002634048461914,
    13.027167320251465,
    14.777207374572754,
    14.74449634552002,
    14.719963073730469,
    13.395166397094727,
    13.366544246673584,
    13.382899761199951,
    13.395166397094727,
    13.362455368041992,
    13.386988639831543,
    13.370633125305176,
    13.419699668884277,
    13.354277610778809,
    13.342010974884033,
    13.342010974884033,
    13.366544246673584,
    14.711785316467285,
    14.797651767730713,
    14.732229709625244,
    14.781296253204346,
    14.76902961730957,
    14.760851860046387,
    14.74449634552002,
    14.760851860046387,
    15.079784393310547,
    15.104317665100098,
    15.08796215057373,
    14.752674102783203,
    14.715874195098877,
    14.736318588256836,
    14.74449634552002,
    14.719963073730469,
    14.719963073730469,
    15.055251121520996,
    15.071606636047363,
    15.067517757415771,
    15.100228786468506,
    15.096139907836914,
    15.08796215057373,
    15.075695514678955,
    15.075695514678955,
    15.141117572784424,
    14.752674102783203,
    14.74449634552002,
    14.760851860046387,
    14.69951868057251,
    14.760851860046387,
    14.76902961730957,
    15.071606636047363,
    15.075695514678955,
    15.06342887878418,
    15.08796215057373,
    15.08796215057373,
    15.112495422363281,
    15.051162242889404,
    15.079784393310547,
    15.047073364257812,
    15.124762058258057,
    15.083873271942139,
    15.051162242889404,
    15.100228786468506,
    15.079784393310547,
    15.04298448562622,
    15.104317665100098,
    15.075695514678955,
    15.10840654373169,
    16.073381900787354,
    14.764940738677979,
    14.732229709625244,
    14.719963073730469,
    14.740407466888428,
    14.728140830993652
  ],
  "timestamps": [
    0.008275032043457031,
    0.03677535057067871,
    0.06527352333068848,
    0.09380292892456055,
    0.1221628189086914,
    0.15053534507751465,
    0.17894983291625977,
    0.2073349952697754,
    0.23574256896972656,
    0.26413846015930176,
    0.292588472366333,
    0.3210110664367676,
    0.34943127632141113,
    0.377849817276001,
    0.40627121925354004,
    0.4346637725830078,
    0.4630746841430664,
    0.49146509170532227,
    0.5198607444763184,
    0.5482494831085205,
    0.5766470432281494,
    0.605083703994751,
    0.6334996223449707,
    0.6619117259979248,
    0.690324068069458,
    0.7187087535858154,
    0.7471013069152832,
    0.775470495223999,
    0.8038532733917236,
    0.8322710990905762,
    0.8606855869293213,
    0.8890771865844727,
    0.9174726009368896,
    0.9457871913909912,
    0.9740941524505615,
    1.0024077892303467,
    1.0307731628417969,
    1.0592126846313477,
    1.0876638889312744,
    1.1160831451416016,
    1.144418478012085,
    1.1727445125579834,
    1.2010629177093506,
    1.2293877601623535,
    1.2577106952667236,
    1.2860314846038818,
    1.314344882965088,
    1.342639446258545,
    1.3709523677825928,
    1.399242877960205,
    1.4275500774383545,
    1.4558615684509277,
    1.4842538833618164,
    1.5126640796661377,
    1.5409963130950928,
    1.5693402290344238,
    1.5976738929748535,
    1.626021146774292,
    1.6544299125671387,
    1.6827266216278076,
    1.7110388278961182,
    1.7393391132354736,
    1.7676455974578857,
    1.7960317134857178,
    1.8244194984436035,
    1.8527281284332275,
    1.8810365200042725,
    1.9093472957611084,
    1.9376726150512695,
    1.9660592079162598,
    1.9943900108337402,
    2.022698402404785,
    2.051070213317871,
    2.0795483589172363,
    2.1079092025756836,
    2.136345863342285,
    2.1647677421569824,
    2.193105697631836,
    2.2214207649230957,
    2.2498929500579834,
    2.278341293334961,
    2.3067610263824463,
    2.3351151943206787,
    2.36344575881958,
    2.391796112060547,
    2.4201464653015137,
    2.448498487472534,
    2.4768495559692383,
    2.5052013397216797,
    2.5335495471954346,
    2.561894416809082,
    2.590237617492676,
    2.618593454360962,
    2.6469457149505615,
    2.6753759384155273,
    2.703810453414917,
    2.732240676879883,
    2.760676860809326,
    2.789168357849121,
    2.8176043033599854,
    2.8460335731506348,
    2.8744664192199707,
    2.9029242992401123,
    2.931346893310547,
    2.9597842693328857,
    2.988243818283081,
    3.016685724258423,
    3.045124053955078,
    3.073669910430908,
    3.1021597385406494,
    3.1306121349334717,
    3.1590256690979004,
    3.1875250339508057,
    3.2159626483917236,
    3.2443995475769043,
    3.272834062576294,
    3.301316738128662,
    3.3297746181488037,
    3.3582282066345215,
    3.386737585067749,
    3.41516375541687,
    3.443577289581299,
    3.471989631652832,
    3.5004396438598633,
    3.5288760662078857,
    3.5573127269744873,
    3.585765838623047,
    3.6142072677612305,
    3.642669677734375,
    3.671102523803711,
    3.6995315551757812,
    3.7279655933380127,
    3.7564048767089844,
    3.7848377227783203,
    3.8133180141448975,
    3.841771125793457,
    3.8702232837677,
    3.8986825942993164,
    3.9271047115325928,
    3.9555368423461914,
    3.98396897315979,
    4.0124452114105225,
    4.0409064292907715,
    4.069390773773193,
    4.097980260848999,
    4.126416921615601,
    4.154825448989868,
    4.183242321014404,
    4.211646795272827,
    4.240084886550903
  ]
}