{
  "gesture_id": 7,
  "gesture_name": "hover",
  "timestamp": "2025-12-23T16:22:20.185436",
  "sample_rate": 50,
  "duration": 3.0,
  "distances": [
    52.65249013900757,
    51.86742544174194,
    52.337646484375,
    52.538001537323,
    52.664756774902344,
    52.86511182785034,
    52.74244546890259,
    52.8855562210083,
    53.56839895248413,
    53.38031053543091,
    54.034531116485596,
    54.238975048065186,
    54.05906438827515,
    54.758262634277344,
    54.92590665817261,
    55.13443946838379,
    55.63328266143799,
    55.59648275375366,
    55.61692714691162,
    55.580127239227295,
    55.25301694869995,
    55.24483919143677,
    55.77230453491211,
    55.78866004943848,
    55.79274892807007,
    55.81319332122803,
    55.445194244384766,
    55.43292760848999,
    55.93585968017578,
    55.63328266143799,
    55.58830499649048,
    55.625104904174805,
    55.58421611785889,
    55.600571632385254,
    55.5760383605957,
    55.600571632385254,
    55.59239387512207,
    55.60874938964844,
    55.604660511016846,
    55.077195167541504,
    55.10581731796265,
    55.445194244384766,
    55.445194244384766,
    54.942262172698975,
    55.24483919143677,
    55.30208349227905,
    55.24892807006836,
    55.23257255554199,
    54.7296404838562,
    54.75008487701416,
    55.101728439331055,
    54.53746318817139,
    54.92590665817261,
    54.74190711975098,
    54.259419441223145,
    54.56608533859253,
    54.0835976600647,
    54.37799692153931,
    54.418885707855225,
    53.87915372848511,
    54.418885707855225,
    53.875064849853516,
    53.85870933532715,
    53.92822027206421,
    53.899598121643066,
    53.875064849853516,
    54.24306392669678,
    54.214441776275635,
    54.26759719848633,
    54.21035289764404,
    53.740131855010986,
    53.71968746185303,
    53.74830961227417,
    54.079508781433105,
    53.552043437957764,
    53.56022119522095,
    53.920042514801025,
    53.870975971221924,
    53.3843994140625,
    53.70742082595825,
    53.72377634048462,
    53.74422073364258,
    53.22902202606201,
    53.760576248168945,
    53.691065311431885,
    53.71968746185303,
    53.72377634048462,
    53.7319540977478,
    53.715598583221436,
    53.736042976379395,
    53.71968746185303,
    53.72786521911621,
    53.69924306869507,
    53.72786521911621,
    53.72377634048462,
    53.75239849090576,
    53.74422073364258,
    53.19631099700928,
    53.17995548248291,
    53.212666511535645,
    53.17995548248291,
    53.2331109046936,
    54.09177541732788,
    53.69924306869507,
    53.740131855010986,
    53.7319540977478,
    54.25124168395996,
    53.86279821395874,
    53.895509243011475,
    53.54386568069458,
    54.09177541732788,
    53.711509704589844,
    54.22670841217041,
    54.04679775238037,
    54.72146272659302,
    54.70510721206665,
    54.40253019332886,
    54.41070795059204,
    54.74190711975098,
    53.870975971221924,
    54.263508319854736,
    54.24715280532837,
    54.238975048065186,
    54.263508319854736,
    54.24715280532837,
    54.0835976600647,
    54.04679775238037,
    54.03861999511719,
    54.394352436065674,
    54.06315326690674,
    54.079508781433105,
    54.06724214553833,
    54.054975509643555,
    54.598796367645264,
    54.5824408531189,
    54.56199645996094,
    54.26759719848633,
    53.70742082595825,
    54.598796367645264,
    54.01817560195923,
    54.04270887374878,
    54.09586429595947,
    54.05088663101196,
    54.054975509643555,
    54.6805739402771,
    54.030442237854004,
    54.075419902801514,
    54.030442237854004,
    54.0835976600647,
    54.06315326690674
  ],
  "timestamps": [
    0.010560989379882812,
    0.04124593734741211,
    0.07190918922424316,
    0.10258078575134277,
    0.1332552433013916,
    0.1638936996459961,
    0.19454669952392578,
    0.2252814769744873,
    0.25595736503601074,
    0.28662657737731934,
    0.3173346519470215,
    0.3480546474456787,
    0.37874698638916016,
    0.40947699546813965,
    0.44022488594055176,
    0.4709892272949219,
    0.5017821788787842,
    0.5325913429260254,
    0.5633821487426758,
    0.5941693782806396,
    0.6249368190765381,
    0.6556973457336426,
    0.6864922046661377,
    0.7172744274139404,
    0.7480685710906982,
    0.7788698673248291,
    0.8096494674682617,
    0.8404324054718018,
    0.8712437152862549,
    0.9020328521728516,
    0.9328172206878662,
    0.9636187553405762,
    0.994420051574707,
    1.0251986980438232,
    1.0559821128845215,
    1.0867722034454346,
    1.1175615787506104,
    1.1483721733093262,
    1.1792199611663818,
    1.2101185321807861,
    1.2409169673919678,
    1.2717111110687256,
    1.3024837970733643,
    1.333230972290039,
    1.3640024662017822,
    1.3947839736938477,
    1.4255540370941162,
    1.4563395977020264,
    1.4870808124542236,
    1.5178172588348389,
    1.5485727787017822,
    1.579287052154541,
    1.610029935836792,
    1.6407520771026611,
    1.6714539527893066,
    1.7021851539611816,
    1.7328836917877197,
    1.7636175155639648,
    1.794334888458252,
    1.8250224590301514,
    1.8557426929473877,
    1.8864336013793945,
    1.9171199798583984,
    1.9478108882904053,
    1.978555679321289,
    2.009247303009033,
    2.039982795715332,
    2.070716381072998,
    2.1014459133148193,
    2.132162094116211,
    2.162842273712158,
    2.193559408187866,
    2.224339246749878,
    2.2550833225250244,
    2.2858166694641113,
    2.316591262817383,
    2.347316265106201,
    2.378028631210327,
    2.408701181411743,
    2.4393880367279053,
    2.4700708389282227,
    2.500762701034546,
    2.531433582305908,
    2.5621306896209717,
    2.5928218364715576,
    2.6235220432281494,
    2.6542201042175293,
    2.6849143505096436,
    2.7155985832214355,
    2.746276617050171,
    2.7769548892974854,
    2.8076462745666504,
    2.8383445739746094,
    2.8690435886383057,
    2.8997464179992676,
    2.9304447174072266,
    2.9611399173736572,
    2.991804361343384,
    3.0224688053131104,
    3.053112268447876,
    3.083737373352051,
    3.114384889602661,
    3.1450886726379395,
    3.1757795810699463,
    3.2066478729248047,
    3.23736572265625,
    3.26806378364563,
    3.2987544536590576,
    3.3294661045074463,
    3.3601222038269043,
    3.390895128250122,
    3.421609878540039,
    3.452303171157837,
    3.4830143451690674,
    3.513753890991211,
    3.544471502304077,
    3.5751895904541016,
    3.605905771255493,
    3.63665771484375,
    3.667323112487793,
    3.6980316638946533,
    3.7287399768829346,
    3.7594192028045654,
    3.7901124954223633,
    3.8208014965057373,
    3.8514811992645264,
    3.8821849822998047,
    3.9128851890563965,
    3.9436111450195312,
    3.974313974380493,
    4.005008697509766,
    4.035691738128662,
    4.066403150558472,
    4.09713077545166,
    4.127850294113159,
    4.158592462539673,
    4.189340114593506,
    4.22007155418396,
    4.250819206237793,
    4.281522274017334,
    4.312203407287598,
    4.342911958694458,
    4.373631238937378,
    4.4043121337890625,
    4.435027599334717,
    4.465723991394043,
    4.4963953495025635,
    4.527078628540039,
    4.5577638149261475,
    4.588440895080566
  ]
}