{
  "gesture_id": 7,
  "gesture_name": "hover",
  "timestamp": "2025-12-24T14:39:25.339802",
  "sample_rate": 50,
  "duration": 3.0,
  "distances": [
    11.972236633300781,
    12.029480934143066,
    11.661481857299805,
    12.72050142288208,
    11.346638202667236,
    11.301660537719727,
    11.342549324035645,
    11.632859706878662,
    11.67374849319458,
    11.96814775466919,
    12.0131254196167,
    12.009036540985107,
    11.96814775466919,
    11.988592147827148,
    11.980414390563965,
    11.939525604248047,
    11.620593070983887,
    11.624681949615479,
    11.624681949615479,
    11.645126342773438,
    11.60423755645752,
    12.679612636566162,
    11.28530502319336,
    11.313927173614502,
    12.728679180145264,
    12.67552375793457,
    12.712323665618896,
    12.3116135597229,
    12.28708028793335,
    12.307524681091309,
    12.017214298248291,
    12.021303176879883,
    12.033569812774658,
    11.951792240142822,
    11.988592147827148,
    12.336146831512451,
    12.344324588775635,
    12.364768981933594,
    12.295258045196533,
    12.33205795288086,
    12.307524681091309,
    12.348413467407227,
    12.35659122467041,
    12.360680103302002,
    11.972236633300781,
    12.278902530670166,
    12.360680103302002,
    12.315702438354492,
    12.340235710144043,
    12.364768981933594,
    12.327969074249268,
    12.368857860565186,
    12.323880195617676,
    12.348413467407227,
    12.327969074249268,
    12.319791316986084,
    12.381124496459961,
    12.131702899932861,
    12.319791316986084,
    12.655079364776611,
    12.704145908355713,
    12.638723850250244,
    12.352502346038818,
    12.691879272460938,
    12.69596815109253,
    12.67552375793457,
    12.364768981933594,
    12.646901607513428,
    12.671434879302979,
    12.327969074249268,
    12.319791316986084,
    12.67552375793457,
    11.305749416351318,
    12.667346000671387,
    11.322104930877686,
    12.679612636566162,
    12.315702438354492,
    12.364768981933594,
    12.299346923828125,
    12.683701515197754,
    12.655079364776611,
    12.307524681091309,
    12.368857860565186,
    12.327969074249268,
    12.336146831512451,
    12.352502346038818,
    12.323880195617676,
    12.315702438354492,
    12.340235710144043,
    12.295258045196533,
    12.352502346038818,
    12.364768981933594,
    12.336146831512451,
    12.327969074249268,
    12.327969074249268,
    12.708234786987305,
    12.344324588775635,
    12.364768981933594,
    12.303435802459717,
    12.336146831512451,
    12.683701515197754,
    12.655079364776611,
    12.655079364776611,
    12.69596815109253,
    12.659168243408203,
    12.667346000671387,
    12.679612636566162,
    12.704145908355713,
    11.48974895477295,
    11.318016052246094,
    11.334371566772461,
    12.663257122039795,
    11.293482780456543,
    11.338460445404053,
    11.30983829498291,
    11.322104930877686,
    12.679612636566162,
    12.704145908355713,
    11.636948585510254,
    11.636948585510254,
    11.620593070983887,
    11.653304100036621,
    11.641037464141846,
    11.612415313720703,
    11.681926250457764,
    11.624681949615479,
    11.665570735931396,
    11.64921522140503,
    11.669659614562988,
    11.694192886352539,
    11.661481857299805,
    11.657392978668213,
    11.657392978668213,
    11.665570735931396,
    11.62877082824707,
    11.60423755645752,
    11.669659614562988,
    11.624681949615479,
    11.677837371826172,
    11.64921522140503,
    11.669659614562988,
    11.653304100036621,
    11.632859706878662,
    11.669659614562988,
    11.641037464141846,
    11.64921522140503,
    11.641037464141846,
    11.669659614562988,
    11.677837371826172,
    11.669659614562988
  ],
  "timestamps": [
    0.008179187774658203,
    0.03654623031616211,
    0.06482934951782227,
    0.09314751625061035,
    0.12137627601623535,
    0.14960217475891113,
    0.1778430938720703,
    0.20612883567810059,
    0.23440170288085938,
    0.26265573501586914,
    0.29093050956726074,
    0.31919026374816895,
    0.3474268913269043,
    0.3757314682006836,
    0.40404367446899414,
    0.4323089122772217,
    0.4605522155761719,
    0.48882222175598145,
    0.5171542167663574,
    0.5454204082489014,
    0.5736827850341797,
    0.6019871234893799,
    0.6302087306976318,
    0.6584315299987793,
    0.686697244644165,
    0.7150008678436279,
    0.7432994842529297,
    0.7715747356414795,
    0.7998449802398682,
    0.8281209468841553,
    0.8563776016235352,
    0.8846333026885986,
    0.912895679473877,
    0.9411518573760986,
    0.9694099426269531,
    0.9976868629455566,
    1.0259618759155273,
    1.0542356967926025,
    1.0825166702270508,
    1.1107962131500244,
    1.1390724182128906,
    1.1673498153686523,
    1.1956264972686768,
    1.2241597175598145,
    1.2524073123931885,
    1.2806928157806396,
    1.3089773654937744,
    1.3372623920440674,
    1.3655402660369873,
    1.3938186168670654,
    1.4220960140228271,
    1.450376033782959,
    1.4786927700042725,
    1.5070531368255615,
    1.5354907512664795,
    1.563826560974121,
    1.592125654220581,
    1.6204183101654053,
    1.6487054824829102,
    1.6770074367523193,
    1.705322265625,
    1.7336251735687256,
    1.7619061470031738,
    1.7902023792266846,
    1.8185086250305176,
    1.8468027114868164,
    1.875082015991211,
    1.9033780097961426,
    1.9317092895507812,
    1.9600718021392822,
    1.9883818626403809,
    2.0166845321655273,
    2.044908046722412,
    2.073209762573242,
    2.1014297008514404,
    2.1297314167022705,
    2.1580116748809814,
    2.186295509338379,
    2.2145795822143555,
    2.242875337600708,
    2.2711756229400635,
    2.2994487285614014,
    2.327730655670166,
    2.356009006500244,
    2.3843419551849365,
    2.4126362800598145,
    2.4409241676330566,
    2.46923565864563,
    2.497621774673462,
    2.5259737968444824,
    2.5542843341827393,
    2.582587480545044,
    2.6108970642089844,
    2.6392018795013428,
    2.6675021648406982,
    2.6958227157592773,
    2.7241175174713135,
    2.7523951530456543,
    2.780670642852783,
    2.8089499473571777,
    2.837268114089966,
    2.865583658218384,
    2.8939051628112793,
    2.922217607498169,
    2.9505319595336914,
    2.9788458347320557,
    3.0071654319763184,
    3.0354743003845215,
    3.063714027404785,
    3.091928720474243,
    3.1201565265655518,
    3.1484665870666504,
    3.1767525672912598,
    3.204995632171631,
    3.23323392868042,
    3.261478900909424,
    3.28979754447937,
    3.318117380142212,
    3.346360921859741,
    3.3745977878570557,
    3.4028289318084717,
    3.43107533454895,
    3.4593324661254883,
    3.48762583732605,
    3.516007423400879,
    3.5442655086517334,
    3.572514772415161,
    3.6007328033447266,
    3.6290366649627686,
    3.6573102474212646,
    3.685572385787964,
    3.713841199874878,
    3.7421023845672607,
    3.7703633308410645,
    3.798621654510498,
    3.826876163482666,
    3.855132818222046,
    3.8833847045898438,
    3.911640167236328,
    3.939923048019409,
    3.9681878089904785,
    3.9964311122894287,
    4.024670362472534,
    4.0529091358184814,
    4.081146955490112,
    4.109379053115845,
    4.137616395950317,
    4.165851354598999,
    4.194100618362427,
    4.222345590591431
  ]
}