{
  "gesture_id": 7,
  "gesture_name": "hover",
  "timestamp": "2025-12-24T14:27:09.895952",
  "sample_rate": 50,
  "duration": 3.0,
  "distances": [
    14.76902961730957,
    14.764940738677979,
    14.781296253204346,
    14.785385131835938,
    14.740407466888428,
    14.392852783203125,
    14.764940738677979,
    14.76902961730957,
    15.116584300994873,
    13.759076595306396,
    14.944851398468018,
    14.736318588256836,
    14.36014175415039,
    14.069831371307373,
    14.057564735412598,
    14.065742492675781,
    14.065742492675781,
    14.396941661834717,
    14.364230632781982,
    14.384675025939941,
    14.4051194190979,
    14.413297176361084,
    14.376497268676758,
    14.409208297729492,
    14.364230632781982,
    14.446008205413818,
    14.364230632781982,
    14.401030540466309,
    14.396941661834717,
    14.409208297729492,
    14.396941661834717,
    14.364230632781982,
    14.388763904571533,
    14.376497268676758,
    14.421474933624268,
    14.384675025939941,
    14.384675025939941,
    14.441919326782227,
    14.392852783203125,
    14.413297176361084,
    14.392852783203125,
    14.396941661834717,
    14.372408390045166,
    14.392852783203125,
    14.38058614730835,
    14.74449634552002,
    14.72405195236206,
    14.38058614730835,
    14.421474933624268,
    14.409208297729492,
    14.409208297729492,
    14.356052875518799,
    14.392852783203125,
    14.396941661834717,
    14.388763904571533,
    14.409208297729492,
    14.421474933624268,
    14.368319511413574,
    14.351963996887207,
    14.364230632781982,
    14.033031463623047,
    14.069831371307373,
    14.049386978149414,
    14.028942584991455,
    14.04120922088623,
    14.065742492675781,
    14.049386978149414,
    15.807604789733887,
    15.799427032470703,
    14.364230632781982,
    14.388763904571533,
    14.401030540466309,
    14.421474933624268,
    14.413297176361084,
    14.421474933624268,
    14.396941661834717,
    14.421474933624268,
    14.388763904571533,
    14.42556381225586,
    14.364230632781982,
    14.42556381225586,
    14.433741569519043,
    14.429652690887451,
    14.396941661834717,
    14.396941661834717,
    15.758538246154785,
    15.742182731628418,
    15.77080488204956,
    15.807604789733887,
    14.090275764465332,
    14.033031463623047,
    14.024853706359863,
    14.057564735412598,
    14.06165361404419,
    14.028942584991455,
    14.053475856781006,
    14.037120342254639,
    14.057564735412598,
    14.049386978149414,
    14.057564735412598,
    14.057564735412598,
    14.053475856781006,
    14.078009128570557,
    14.073920249938965,
    14.082098007202148,
    14.082098007202148,
    14.028942584991455,
    14.04120922088623,
    14.004409313201904,
    14.057564735412598,
    14.090275764465332,
    14.028942584991455,
    15.787160396575928,
    15.811693668365479,
    15.74627161026001,
    15.74627161026001,
    15.766716003417969,
    15.774893760681152,
    14.033031463623047,
    14.073920249938965,
    14.028942584991455,
    14.06165361404419,
    14.057564735412598,
    14.06165361404419,
    14.06165361404419,
    14.045298099517822,
    14.078009128570557,
    14.045298099517822,
    14.073920249938965,
    14.069831371307373,
    14.045298099517822,
    15.783071517944336,
    15.79124927520752,
    14.396941661834717,
    14.356052875518799,
    14.433741569519043,
    15.762627124786377,
    15.778982639312744,
    15.750360488891602,
    15.734004974365234,
    15.799427032470703,
    14.122986793518066,
    14.069831371307373,
    14.065742492675781,
    14.04120922088623,
    15.79124927520752,
    14.421474933624268,
    14.42556381225586,
    14.38058614730835,
    14.372408390045166
  ],
  "timestamps": [
    0.008321523666381836,
    0.036849021911621094,
    0.06533145904541016,
    0.09388113021850586,
    0.12235283851623535,
    0.15078067779541016,
    0.17922544479370117,
    0.20767450332641602,
    0.23613381385803223,
    0.2645106315612793,
    0.29294610023498535,
    0.32136964797973633,
    0.3497602939605713,
    0.37813687324523926,
    0.40656447410583496,
    0.4349639415740967,
    0.4633662700653076,
    0.4917871952056885,
    0.5201880931854248,
    0.5485894680023193,
    0.5769891738891602,
    0.605438232421875,
    0.6338582038879395,
    0.6622738838195801,
    0.6906924247741699,
    0.7192144393920898,
    0.7476706504821777,
    0.7760953903198242,
    0.8044764995574951,
    0.8328745365142822,
    0.8612945079803467,
    0.8897049427032471,
    0.9181239604949951,
    0.9465458393096924,
    0.974961519241333,
    1.0033793449401855,
    1.0317769050598145,
    1.060175895690918,
    1.088569164276123,
    1.1170141696929932,
    1.1454377174377441,
    1.173854112625122,
    1.2022638320922852,
    1.230665922164917,
    1.2590563297271729,
    1.2874696254730225,
    1.3159208297729492,
    1.3443419933319092,
    1.3727355003356934,
    1.4012646675109863,
    1.4297006130218506,
    1.4581120014190674,
    1.4865291118621826,
    1.5149414539337158,
    1.5433542728424072,
    1.5717666149139404,
    1.6001756191253662,
    1.6285669803619385,
    1.6569757461547852,
    1.6853630542755127,
    1.7137691974639893,
    1.7422575950622559,
    1.7707023620605469,
    1.799178123474121,
    1.8275835514068604,
    1.855980396270752,
    1.8844034671783447,
    1.9128971099853516,
    1.9414141178131104,
    1.9698219299316406,
    1.9982376098632812,
    2.0266518592834473,
    2.055070638656616,
    2.0834832191467285,
    2.1118922233581543,
    2.140302896499634,
    2.1687700748443604,
    2.197166681289673,
    2.2255570888519287,
    2.2539916038513184,
    2.2824065685272217,
    2.3108162879943848,
    2.339191198348999,
    2.3676021099090576,
    2.396005868911743,
    2.424644947052002,
    2.4531359672546387,
    2.4816272258758545,
    2.510122537612915,
    2.5385165214538574,
    2.5669102668762207,
    2.595301628112793,
    2.6237010955810547,
    2.6521518230438232,
    2.6805827617645264,
    2.709010601043701,
    2.737478494644165,
    2.765951633453369,
    2.794386386871338,
    2.822803258895874,
    2.851238250732422,
    2.8796420097351074,
    2.9080286026000977,
    2.9364523887634277,
    2.964829206466675,
    2.9932138919830322,
    3.0215871334075928,
    3.0499603748321533,
    3.0783462524414062,
    3.1067404747009277,
    3.1351566314697266,
    3.1635446548461914,
    3.192020893096924,
    3.2205114364624023,
    3.24898099899292,
    3.2774555683135986,
    3.3059496879577637,
    3.334442138671875,
    3.3628299236297607,
    3.391239881515503,
    3.4196271896362305,
    3.4480154514312744,
    3.4764277935028076,
    3.504855155944824,
    3.5332324504852295,
    3.5616047382354736,
    3.5899856090545654,
    3.6184241771698,
    3.6468307971954346,
    3.675227165222168,
    3.703655958175659,
    3.7322001457214355,
    3.7606921195983887,
    3.789187431335449,
    3.817610740661621,
    3.8460285663604736,
    3.874521017074585,
    3.9030160903930664,
    3.9315037727355957,
    3.959988832473755,
    3.9885032176971436,
    4.01689887046814,
    4.045303821563721,
    4.073707818984985,
    4.102110147476196,
    4.1306421756744385,
    4.159079074859619,
    4.187515735626221,
    4.2159504890441895,
    4.2443695068359375
  ]
}