{
  "gesture_id": 7,
  "gesture_name": "hover",
  "timestamp": "2025-12-23T16:20:33.302664",
  "sample_rate": 50,
  "duration": 3.0,
  "distances": [
    10.937750339508057,
    9.572064876556396,
    9.563887119293213,
    9.576153755187988,
    9.617042541503906,
    9.567975997924805,
    10.978639125823975,
    9.187710285186768,
    9.228599071502686,
    9.21633243560791,
    9.249043464660645,
    10.606551170349121,
    10.610640048980713,
    10.618817806243896,
    10.23855209350586,
    10.275352001190186,
    10.26308536529541,
    10.254907608032227,
    10.279440879821777,
    10.23855209350586,
    10.267174243927002,
    10.299885272979736,
    10.271263122558594,
    10.254907608032227,
    10.299885272979736,
    10.23855209350586,
    10.254907608032227,
    8.901488780975342,
    10.258996486663818,
    10.23855209350586,
    10.230374336242676,
    10.23855209350586,
    10.258996486663818,
    10.279440879821777,
    10.2181077003479,
    10.291707515716553,
    10.28352975845337,
    10.275352001190186,
    10.28352975845337,
    10.28352975845337,
    10.295796394348145,
    10.258996486663818,
    10.246729850769043,
    10.258996486663818,
    10.275352001190186,
    10.299885272979736,
    10.267174243927002,
    10.226285457611084,
    10.250818729400635,
    10.287618637084961,
    10.295796394348145,
    10.291707515716553,
    10.279440879821777,
    10.275352001190186,
    10.242640972137451,
    10.279440879821777,
    10.271263122558594,
    10.230374336242676,
    10.254907608032227,
    10.267174243927002,
    10.287618637084961,
    10.275352001190186,
    10.254907608032227,
    10.312151908874512,
    10.303974151611328,
    10.258996486663818,
    10.267174243927002,
    10.291707515716553,
    10.242640972137451,
    10.254907608032227,
    10.516595840454102,
    10.250818729400635,
    10.242640972137451,
    10.28352975845337,
    10.271263122558594,
    10.242640972137451,
    10.254907608032227,
    10.258996486663818,
    10.271263122558594,
    10.295796394348145,
    10.23855209350586,
    10.291707515716553,
    10.271263122558594,
    9.956419467926025,
    9.923708438873291,
    9.915530681610107,
    10.267174243927002,
    10.234463214874268,
    10.26308536529541,
    10.299885272979736,
    10.254907608032227,
    9.993219375610352,
    10.242640972137451,
    10.267174243927002,
    10.26308536529541,
    10.222196578979492,
    10.234463214874268,
    10.254907608032227,
    10.267174243927002,
    10.271263122558594,
    10.271263122558594,
    10.258996486663818,
    10.258996486663818,
    10.209929943084717,
    10.254907608032227,
    10.250818729400635,
    10.271263122558594,
    10.279440879821777,
    10.222196578979492,
    10.295796394348145,
    10.28352975845337,
    10.254907608032227,
    10.303974151611328,
    10.30806303024292,
    10.242640972137451,
    10.26308536529541,
    10.258996486663818,
    10.28352975845337,
    10.258996486663818,
    10.26308536529541,
    10.275352001190186,
    10.246729850769043,
    10.250818729400635,
    10.242640972137451,
    10.254907608032227,
    10.242640972137451,
    10.303974151611328,
    10.275352001190186,
    10.254907608032227,
    10.279440879821777,
    10.226285457611084,
    10.287618637084961,
    10.275352001190186,
    10.279440879821777,
    10.230374336242676,
    10.267174243927002,
    10.246729850769043,
    10.303974151611328,
    10.250818729400635,
    10.254907608032227,
    10.295796394348145,
    10.287618637084961,
    10.254907608032227,
    10.267174243927002,
    10.271263122558594,
    10.287618637084961,
    10.246729850769043,
    10.234463214874268,
    10.267174243927002,
    10.254907608032227
  ],
  "timestamps": [
    0.008103609085083008,
    0.03632235527038574,
    0.06450986862182617,
    0.0926823616027832,
    0.12093210220336914,
    0.14905214309692383,
    0.17726492881774902,
    0.20538806915283203,
    0.23351001739501953,
    0.26163339614868164,
    0.2897458076477051,
    0.31793856620788574,
    0.3461310863494873,
    0.3743295669555664,
    0.40250349044799805,
    0.43067431449890137,
    0.458845853805542,
    0.48702049255371094,
    0.5151984691619873,
    0.543372631072998,
    0.5715479850769043,
    0.5997180938720703,
    0.6278984546661377,
    0.6560707092285156,
    0.6843287944793701,
    0.7126929759979248,
    0.7409727573394775,
    0.769113302230835,
    0.7972683906555176,
    0.8254413604736328,
    0.8535988330841064,
    0.8817734718322754,
    0.9099481105804443,
    0.9381237030029297,
    0.9663503170013428,
    0.9945259094238281,
    1.0226950645446777,
    1.050884485244751,
    1.07905912399292,
    1.1072280406951904,
    1.1353976726531982,
    1.1635680198669434,
    1.1917357444763184,
    1.2199058532714844,
    1.2480788230895996,
    1.2762572765350342,
    1.304422378540039,
    1.3325929641723633,
    1.36082124710083,
    1.3889732360839844,
    1.4171454906463623,
    1.445300817489624,
    1.4734773635864258,
    1.5016305446624756,
    1.5297985076904297,
    1.5579698085784912,
    1.5861389636993408,
    1.6143076419830322,
    1.6424715518951416,
    1.6706364154815674,
    1.6994194984436035,
    1.7276906967163086,
    1.7559025287628174,
    1.784083366394043,
    1.8122875690460205,
    1.8404841423034668,
    1.8686723709106445,
    1.8968605995178223,
    1.9250404834747314,
    1.9532012939453125,
    1.9813995361328125,
    2.0095739364624023,
    2.037754774093628,
    2.065932512283325,
    2.0940942764282227,
    2.122248888015747,
    2.1504037380218506,
    2.178560256958008,
    2.206711769104004,
    2.2348647117614746,
    2.263124704360962,
    2.291287422180176,
    2.3194754123687744,
    2.3476414680480957,
    2.375789165496826,
    2.4040510654449463,
    2.4322125911712646,
    2.4603686332702637,
    2.488677501678467,
    2.517043113708496,
    2.5452232360839844,
    2.573399305343628,
    2.6015799045562744,
    2.629732608795166,
    2.6578786373138428,
    2.6860992908477783,
    2.7144358158111572,
    2.7426352500915527,
    2.7708094120025635,
    2.7990317344665527,
    2.8272600173950195,
    2.855429172515869,
    2.8836019039154053,
    2.9117705821990967,
    2.939943790435791,
    2.9681105613708496,
    2.996274948120117,
    3.0244436264038086,
    3.052612543106079,
    3.0808019638061523,
    3.1089491844177246,
    3.1371169090270996,
    3.1652655601501465,
    3.1934361457824707,
    3.2216012477874756,
    3.249919891357422,
    3.278104305267334,
    3.3062779903411865,
    3.3344671726226807,
    3.3626549243927,
    3.390836477279663,
    3.419006109237671,
    3.4471800327301025,
    3.475351333618164,
    3.5035250186920166,
    3.53165602684021,
    3.5598249435424805,
    3.5879905223846436,
    3.6161625385284424,
    3.644331693649292,
    3.6747119426727295,
    3.703098773956299,
    3.7313811779022217,
    3.7596192359924316,
    3.7878594398498535,
    3.816026449203491,
    3.8442459106445312,
    3.872424602508545,
    3.9005961418151855,
    3.9287681579589844,
    3.956979751586914,
    3.985154151916504,
    4.013327360153198,
    4.041502952575684,
    4.069664716720581,
    4.097820997238159,
    4.125967741012573,
    4.154157876968384,
    4.1823341846466064,
    4.210507154464722
  ]
}