{
  "gesture_id": 7,
  "gesture_name": "hover",
  "timestamp": "2025-12-24T14:46:22.553179",
  "sample_rate": 50,
  "duration": 3.0,
  "distances": [
    7.867002487182617,
    7.936513423919678,
    7.875180244445801,
    9.228599071502686,
    8.9219331741333,
    8.549845218658447,
    9.911441802978516,
    9.890997409820557,
    9.931886196136475,
    9.036421775817871,
    8.517134189605713,
    8.541667461395264,
    8.917844295501709,
    8.55802297592163,
    8.537578582763672,
    8.513045310974121,
    8.553934097290039,
    8.545756340026855,
    10.610640048980713,
    8.541667461395264,
    8.553934097290039,
    8.53348970413208,
    8.263623714447021,
    8.537578582763672,
    8.537578582763672,
    8.517134189605713,
    8.545756340026855,
    9.927797317504883,
    8.545756340026855,
    8.529400825500488,
    8.500778675079346,
    8.574378490447998,
    8.525311946868896,
    8.566200733184814,
    8.537578582763672,
    8.48851203918457,
    9.964597225189209,
    8.53348970413208,
    8.574378490447998,
    8.529400825500488,
    8.541667461395264,
    8.513045310974121,
    8.529400825500488,
    8.541667461395264,
    8.570289611816406,
    8.504867553710938,
    8.537578582763672,
    8.94237756729126,
    8.909666538238525,
    8.868777751922607,
    8.566200733184814,
    8.574378490447998,
    8.566200733184814,
    8.590734004974365,
    8.553934097290039,
    8.570289611816406,
    8.496689796447754,
    8.541667461395264,
    8.566200733184814,
    8.517134189605713,
    8.53348970413208,
    8.553934097290039,
    8.541667461395264,
    8.549845218658447,
    8.545756340026855,
    8.492600917816162,
    8.521223068237305,
    8.562111854553223,
    8.50895643234253,
    8.582556247711182,
    8.55802297592163,
    8.55802297592163,
    8.574378490447998,
    8.864688873291016,
    8.885133266448975,
    8.85242223739624,
    8.889222145080566,
    8.545756340026855,
    8.549845218658447,
    8.549845218658447,
    8.55802297592163,
    8.537578582763672,
    8.53348970413208,
    9.9686861038208,
    9.9196195602417,
    9.903264045715332,
    9.9196195602417,
    8.566200733184814,
    8.525311946868896,
    8.562111854553223,
    8.570289611816406,
    8.570289611816406,
    8.537578582763672,
    8.566200733184814,
    8.549845218658447,
    8.553934097290039,
    8.566200733184814,
    8.566200733184814,
    8.566200733184814,
    8.590734004974365,
    8.525311946868896,
    8.53348970413208,
    8.537578582763672,
    8.562111854553223,
    8.545756340026855,
    8.541667461395264,
    8.53348970413208,
    8.484423160552979,
    8.55802297592163,
    8.541667461395264,
    8.521223068237305,
    8.513045310974121,
    8.541667461395264,
    8.566200733184814,
    8.541667461395264,
    8.553934097290039,
    8.53348970413208,
    8.529400825500488,
    8.553934097290039,
    8.525311946868896,
    8.57846736907959,
    8.529400825500488,
    8.545756340026855,
    8.513045310974121,
    8.537578582763672,
    8.55802297592163,
    8.562111854553223,
    8.513045310974121,
    8.50895643234253,
    8.50895643234253,
    8.549845218658447,
    8.517134189605713,
    8.566200733184814,
    8.566200733184814,
    8.562111854553223,
    8.566200733184814,
    8.562111854553223,
    8.541667461395264,
    8.570289611816406,
    8.545756340026855,
    8.545756340026855,
    8.574378490447998,
    8.525311946868896,
    8.537578582763672,
    8.496689796447754,
    8.541667461395264,
    8.545756340026855,
    8.586645126342773,
    8.562111854553223,
    8.541667461395264
  ],
  "timestamps": [
    0.007921218872070312,
    0.036040544509887695,
    0.0641181468963623,
    0.09227204322814941,
    0.12041258811950684,
    0.14852643013000488,
    0.1766817569732666,
    0.20482397079467773,
    0.233170747756958,
    0.26145458221435547,
    0.289642333984375,
    0.3177483081817627,
    0.34586262702941895,
    0.3739612102508545,
    0.40215134620666504,
    0.43036508560180664,
    0.45844388008117676,
    0.48650407791137695,
    0.5147082805633545,
    0.5428431034088135,
    0.5709221363067627,
    0.5989954471588135,
    0.6270723342895508,
    0.6551496982574463,
    0.683225154876709,
    0.7113039493560791,
    0.7393755912780762,
    0.7675373554229736,
    0.7956109046936035,
    0.8237078189849854,
    0.8518784046173096,
    0.8799471855163574,
    0.9080049991607666,
    0.9360618591308594,
    0.9641625881195068,
    0.9922864437103271,
    1.0204124450683594,
    1.0484976768493652,
    1.0765817165374756,
    1.1046650409698486,
    1.132749319076538,
    1.1608362197875977,
    1.1889159679412842,
    1.2169973850250244,
    1.2451069355010986,
    1.2732713222503662,
    1.3013701438903809,
    1.329479694366455,
    1.3575947284698486,
    1.3857035636901855,
    1.413783073425293,
    1.441859245300293,
    1.4699413776397705,
    1.49802565574646,
    1.5261008739471436,
    1.5541789531707764,
    1.5822579860687256,
    1.6103391647338867,
    1.6384260654449463,
    1.6665146350860596,
    1.6946227550506592,
    1.7227301597595215,
    1.75079345703125,
    1.778876781463623,
    1.8069324493408203,
    1.8350212574005127,
    1.8630902767181396,
    1.8911693096160889,
    1.9192225933074951,
    1.9473061561584473,
    1.9753918647766113,
    2.003474712371826,
    2.0315773487091064,
    2.0596823692321777,
    2.087794303894043,
    2.1159002780914307,
    2.144007444381714,
    2.172089099884033,
    2.200165271759033,
    2.228280544281006,
    2.256453037261963,
    2.284580707550049,
    2.3126845359802246,
    2.3409080505371094,
    2.3690850734710693,
    2.397251844406128,
    2.425415277481079,
    2.4535164833068848,
    2.4815921783447266,
    2.5096681118011475,
    2.5377466678619385,
    2.565842390060425,
    2.593925714492798,
    2.6220085620880127,
    2.650087356567383,
    2.6781861782073975,
    2.706263542175293,
    2.734339952468872,
    2.762415647506714,
    2.790510654449463,
    2.818610191345215,
    2.8466689586639404,
    2.874743938446045,
    2.902799129486084,
    2.9308829307556152,
    2.95894193649292,
    2.9870212078094482,
    3.015083074569702,
    3.043168783187866,
    3.0712273120880127,
    3.099302291870117,
    3.127399444580078,
    3.155489683151245,
    3.183575391769409,
    3.2116782665252686,
    3.2398078441619873,
    3.267960548400879,
    3.2960495948791504,
    3.324147939682007,
    3.3522346019744873,
    3.380317449569702,
    3.408396005630493,
    3.4364748001098633,
    3.4645564556121826,
    3.492628812789917,
    3.5207278728485107,
    3.548811674118042,
    3.5768885612487793,
    3.6049771308898926,
    3.63305926322937,
    3.6611382961273193,
    3.6892168521881104,
    3.7172956466674805,
    3.745335578918457,
    3.773411273956299,
    3.801485300064087,
    3.8295822143554688,
    3.8576605319976807,
    3.8857390880584717,
    3.9138147830963135,
    3.9418869018554688,
    3.9699606895446777,
    3.998034954071045,
    4.026110887527466,
    4.054184436798096,
    4.082257032394409,
    4.1103315353393555,
    4.138402700424194,
    4.166527986526489,
    4.194617748260498
  ]
}