{
  "gesture_id": 7,
  "gesture_name": "hover",
  "timestamp": "2025-12-24T14:44:47.464443",
  "sample_rate": 50,
  "duration": 3.0,
  "distances": [
    9.21633243560791,
    9.253132343292236,
    9.572064876556396,
    9.563887119293213,
    9.621131420135498,
    9.572064876556396,
    9.596598148345947,
    9.244954586029053,
    9.249043464660645,
    9.240865707397461,
    9.232687950134277,
    9.224510192871094,
    9.257221221923828,
    9.567975997924805,
    9.572064876556396,
    9.563887119293213,
    8.500778675079346,
    8.48851203918457,
    8.562111854553223,
    8.504867553710938,
    9.956419467926025,
    9.584331512451172,
    9.60477590560913,
    9.584331512451172,
    9.948241710662842,
    8.55802297592163,
    8.549845218658447,
    8.566200733184814,
    8.525311946868896,
    8.570289611816406,
    8.562111854553223,
    8.590734004974365,
    8.525311946868896,
    8.504867553710938,
    8.504867553710938,
    9.911441802978516,
    9.89917516708374,
    9.89917516708374,
    9.935975074768066,
    8.889222145080566,
    8.938288688659668,
    8.89739990234375,
    8.905577659606934,
    8.905577659606934,
    8.905577659606934,
    8.876955509185791,
    10.271263122558594,
    10.230374336242676,
    10.291707515716553,
    10.271263122558594,
    10.287618637084961,
    10.287618637084961,
    10.250818729400635,
    10.303974151611328,
    10.242640972137451,
    10.230374336242676,
    10.303974151611328,
    9.923708438873291,
    10.230374336242676,
    10.242640972137451,
    10.267174243927002,
    10.258996486663818,
    8.909666538238525,
    8.85242223739624,
    8.89739990234375,
    8.85242223739624,
    8.889222145080566,
    8.913755416870117,
    8.856511116027832,
    8.8728666305542,
    8.881044387817383,
    10.246729850769043,
    10.250818729400635,
    10.287618637084961,
    10.254907608032227,
    10.569751262664795,
    10.569751262664795,
    10.267174243927002,
    10.214018821716309,
    10.275352001190186,
    10.287618637084961,
    10.28352975845337,
    10.242640972137451,
    10.614728927612305,
    10.569751262664795,
    10.275352001190186,
    10.267174243927002,
    10.197663307189941,
    10.246729850769043,
    10.275352001190186,
    10.26308536529541,
    10.258996486663818,
    10.246729850769043,
    10.258996486663818,
    10.275352001190186,
    10.250818729400635,
    10.234463214874268,
    10.279440879821777,
    10.287618637084961,
    10.312151908874512,
    10.2181077003479,
    10.299885272979736,
    10.242640972137451,
    10.291707515716553,
    10.246729850769043,
    10.258996486663818,
    10.258996486663818,
    10.254907608032227,
    10.279440879821777,
    10.222196578979492,
    10.26308536529541,
    10.038197040557861,
    10.258996486663818,
    10.279440879821777,
    10.254907608032227,
    10.291707515716553,
    10.209929943084717,
    10.279440879821777,
    10.28352975845337,
    10.250818729400635,
    10.254907608032227,
    10.299885272979736,
    10.234463214874268,
    10.26308536529541,
    10.234463214874268,
    10.26308536529541,
    10.254907608032227,
    8.885133266448975,
    8.885133266448975,
    10.30806303024292,
    10.271263122558594,
    10.30806303024292,
    10.258996486663818,
    10.28352975845337,
    10.250818729400635,
    10.303974151611328,
    10.246729850769043,
    10.258996486663818,
    10.258996486663818,
    10.250818729400635,
    10.258996486663818,
    10.254907608032227,
    10.26308536529541,
    10.287618637084961,
    10.267174243927002,
    10.246729850769043,
    10.287618637084961,
    10.271263122558594,
    10.242640972137451,
    10.271263122558594
  ],
  "timestamps": [
    0.008000612258911133,
    0.036208391189575195,
    0.06436443328857422,
    0.09250831604003906,
    0.12064576148986816,
    0.14878177642822266,
    0.17691540718078613,
    0.20502042770385742,
    0.2331387996673584,
    0.2612481117248535,
    0.28935670852661133,
    0.3174614906311035,
    0.34559035301208496,
    0.37381696701049805,
    0.40199923515319824,
    0.43013930320739746,
    0.4582347869873047,
    0.48630738258361816,
    0.514376163482666,
    0.5424399375915527,
    0.5705873966217041,
    0.598712682723999,
    0.6268360614776611,
    0.6549577713012695,
    0.6831018924713135,
    0.7111649513244629,
    0.739224910736084,
    0.7672936916351318,
    0.7953891754150391,
    0.8234624862670898,
    0.8515317440032959,
    0.8796308040618896,
    0.9076988697052002,
    0.9357664585113525,
    0.9638311862945557,
    0.9919822216033936,
    1.0201280117034912,
    1.0482702255249023,
    1.0764150619506836,
    1.1044998168945312,
    1.1325924396514893,
    1.160679817199707,
    1.188767433166504,
    1.216850996017456,
    1.2449681758880615,
    1.273054599761963,
    1.3012189865112305,
    1.3294367790222168,
    1.357797384262085,
    1.3859941959381104,
    1.4142332077026367,
    1.4424564838409424,
    1.4706366062164307,
    1.4988317489624023,
    1.5270016193389893,
    1.555168867111206,
    1.5833375453948975,
    1.611518144607544,
    1.6396846771240234,
    1.6678485870361328,
    1.6960155963897705,
    1.7241837978363037,
    1.7522737979888916,
    1.7803571224212646,
    1.8084344863891602,
    1.836524486541748,
    1.8646180629730225,
    1.8927056789398193,
    1.920788288116455,
    1.9488661289215088,
    1.97694730758667,
    2.005108594894409,
    2.0332722663879395,
    2.0614376068115234,
    2.089597463607788,
    2.117794990539551,
    2.145982265472412,
    2.174151659011841,
    2.2023115158081055,
    2.230475425720215,
    2.2586398124694824,
    2.286811590194702,
    2.314976453781128,
    2.3431789875030518,
    2.371445417404175,
    2.3996102809906006,
    2.4278182983398438,
    2.4559717178344727,
    2.484142541885376,
    2.512310743331909,
    2.540482997894287,
    2.568648338317871,
    2.5968174934387207,
    2.6249868869781494,
    2.6531519889831543,
    2.6813154220581055,
    2.7094767093658447,
    2.7376391887664795,
    2.7658069133758545,
    2.7939693927764893,
    2.8221330642700195,
    2.850301504135132,
    2.878471612930298,
    2.9066336154937744,
    2.934814691543579,
    2.962975263595581,
    2.9911389350891113,
    3.0192959308624268,
    3.047515630722046,
    3.075662612915039,
    3.1038262844085693,
    3.1319680213928223,
    3.1601366996765137,
    3.188302516937256,
    3.2164645195007324,
    3.2446939945220947,
    3.2728610038757324,
    3.3010246753692627,
    3.3292455673217773,
    3.357602119445801,
    3.385918140411377,
    3.414123773574829,
    3.4423043727874756,
    3.4704763889312744,
    3.498638391494751,
    3.5267984867095947,
    3.5549569129943848,
    3.5830376148223877,
    3.6111292839050293,
    3.6392948627471924,
    3.6675126552581787,
    3.6956799030303955,
    3.723843812942505,
    3.7520062923431396,
    3.7801671028137207,
    3.8083298206329346,
    3.836491107940674,
    3.864652633666992,
    3.892826795578003,
    3.920990228652954,
    3.949174165725708,
    3.97733736038208,
    4.005498647689819,
    4.033662796020508,
    4.061824798583984,
    4.089983701705933,
    4.1181511878967285,
    4.146334409713745,
    4.174506664276123,
    4.20267915725708
  ]
}