{
  "gesture_id": 7,
  "gesture_name": "hover",
  "timestamp": "2025-12-24T14:45:56.343712",
  "sample_rate": 50,
  "duration": 3.0,
  "distances": [
    8.94237756729126,
    9.948241710662842,
    9.956419467926025,
    9.915530681610107,
    9.952330589294434,
    9.980952739715576,
    9.9686861038208,
    9.9686861038208,
    10.254907608032227,
    8.934199810028076,
    8.876955509185791,
    8.889222145080566,
    8.89739990234375,
    10.287618637084961,
    10.291707515716553,
    9.28584337234497,
    9.281754493713379,
    10.303974151611328,
    10.299885272979736,
    10.312151908874512,
    10.26308536529541,
    10.28352975845337,
    10.26308536529541,
    10.30806303024292,
    10.234463214874268,
    10.267174243927002,
    10.291707515716553,
    10.26308536529541,
    10.291707515716553,
    10.291707515716553,
    10.295796394348145,
    10.246729850769043,
    10.226285457611084,
    10.275352001190186,
    12.000858783721924,
    11.99268102645874,
    12.0131254196167,
    12.0131254196167,
    10.279440879821777,
    10.23855209350586,
    10.291707515716553,
    10.312151908874512,
    10.242640972137451,
    10.312151908874512,
    10.275352001190186,
    10.312151908874512,
    10.30806303024292,
    10.258996486663818,
    10.28352975845337,
    10.254907608032227,
    10.299885272979736,
    10.275352001190186,
    10.316240787506104,
    10.291707515716553,
    10.287618637084961,
    10.287618637084961,
    10.254907608032227,
    10.33259630203247,
    9.76015329360962,
    10.242640972137451,
    10.320329666137695,
    10.316240787506104,
    10.312151908874512,
    10.275352001190186,
    10.299885272979736,
    10.312151908874512,
    10.287618637084961,
    10.316240787506104,
    10.279440879821777,
    10.279440879821777,
    10.291707515716553,
    10.26308536529541,
    10.275352001190186,
    10.299885272979736,
    10.254907608032227,
    10.254907608032227,
    10.312151908874512,
    10.336685180664062,
    10.26308536529541,
    10.287618637084961,
    10.295796394348145,
    10.30806303024292,
    10.287618637084961,
    10.287618637084961,
    10.287618637084961,
    11.661481857299805,
    11.636948585510254,
    11.686015129089355,
    9.915530681610107,
    9.960508346557617,
    9.9196195602417,
    9.960508346557617,
    11.301660537719727,
    11.313927173614502,
    9.935975074768066,
    9.94415283203125,
    9.923708438873291,
    9.976863861083984,
    9.931886196136475,
    9.952330589294434,
    9.935975074768066,
    9.903264045715332,
    9.94415283203125,
    11.293482780456543,
    9.940063953399658,
    9.956419467926025,
    9.960508346557617,
    9.972774982452393,
    9.94415283203125,
    9.89917516708374,
    9.895086288452148,
    9.907352924346924,
    9.964597225189209,
    9.952330589294434,
    9.94415283203125,
    9.964597225189209,
    9.952330589294434,
    9.94415283203125,
    9.923708438873291,
    9.935975074768066,
    9.976863861083984,
    9.960508346557617,
    9.952330589294434,
    11.313927173614502,
    11.334371566772461,
    11.281216144561768,
    11.338460445404053,
    11.313927173614502,
    11.346638202667236,
    11.305749416351318,
    11.326193809509277,
    11.297571659088135,
    11.313927173614502,
    11.305749416351318,
    11.338460445404053,
    11.301660537719727,
    11.33028268814087,
    11.322104930877686,
    11.277127265930176,
    11.322104930877686,
    11.338460445404053,
    11.305749416351318,
    11.318016052246094,
    10.929572582244873,
    10.941839218139648,
    10.994994640350342,
    10.986816883087158,
    10.99090576171875,
    10.950016975402832,
    10.925483703613281
  ],
  "timestamps": [
    0.007984638214111328,
    0.036218881607055664,
    0.06444478034973145,
    0.09265327453613281,
    0.12085938453674316,
    0.14905357360839844,
    0.1772298812866211,
    0.2053983211517334,
    0.23358964920043945,
    0.2617051601409912,
    0.28981685638427734,
    0.31792593002319336,
    0.34606099128723145,
    0.37426257133483887,
    0.4024693965911865,
    0.4306001663208008,
    0.4587855339050293,
    0.48716306686401367,
    0.5153820514678955,
    0.543614387512207,
    0.5717878341674805,
    0.5999810695648193,
    0.6281585693359375,
    0.6563470363616943,
    0.6845364570617676,
    0.7127268314361572,
    0.7409186363220215,
    0.7691066265106201,
    0.7972955703735352,
    0.8254773616790771,
    0.8536622524261475,
    0.8818478584289551,
    0.9100358486175537,
    0.9382214546203613,
    0.9665093421936035,
    0.9947941303253174,
    1.0230779647827148,
    1.051367998123169,
    1.0795817375183105,
    1.1077454090118408,
    1.1359312534332275,
    1.164097785949707,
    1.1922862529754639,
    1.220473051071167,
    1.2487173080444336,
    1.2769272327423096,
    1.3051161766052246,
    1.3333065509796143,
    1.3615036010742188,
    1.3896946907043457,
    1.4178810119628906,
    1.4460694789886475,
    1.474287748336792,
    1.5025601387023926,
    1.5307667255401611,
    1.558971881866455,
    1.587170124053955,
    1.6153628826141357,
    1.643552303314209,
    1.6717171669006348,
    1.6999053955078125,
    1.7280793190002441,
    1.7562682628631592,
    1.7844574451446533,
    1.8126490116119385,
    1.8408362865447998,
    1.8690242767333984,
    1.8972113132476807,
    1.9253969192504883,
    1.9535801410675049,
    1.981766939163208,
    2.009950876235962,
    2.0381383895874023,
    2.0663259029388428,
    2.094531774520874,
    2.1227188110351562,
    2.150904655456543,
    2.1790900230407715,
    2.2072913646698,
    2.2354726791381836,
    2.26367449760437,
    2.2918431758880615,
    2.320030450820923,
    2.348193645477295,
    2.3763835430145264,
    2.4046459197998047,
    2.432908535003662,
    2.461225748062134,
    2.4894676208496094,
    2.517651319503784,
    2.545847177505493,
    2.5740180015563965,
    2.602276563644409,
    2.6305625438690186,
    2.65873122215271,
    2.686906099319458,
    2.7150957584381104,
    2.7432844638824463,
    2.7714552879333496,
    2.7996411323547363,
    2.8277859687805176,
    2.855947256088257,
    2.884091854095459,
    2.912332057952881,
    2.9404754638671875,
    2.9686431884765625,
    2.996809482574463,
    3.0249762535095215,
    3.053178548812866,
    3.081345558166504,
    3.1095101833343506,
    3.1376736164093018,
    3.1658413410186768,
    3.194004535675049,
    3.2221693992614746,
    3.2503323554992676,
    3.2784953117370605,
    3.306661605834961,
    3.334825277328491,
    3.362995147705078,
    3.391157865524292,
    3.419325828552246,
    3.4474916458129883,
    3.4757702350616455,
    3.504096746444702,
    3.532332420349121,
    3.560591697692871,
    3.588860273361206,
    3.617125988006592,
    3.6453726291656494,
    3.6736185550689697,
    3.7018604278564453,
    3.730104446411133,
    3.7583446502685547,
    3.786592960357666,
    3.8148555755615234,
    3.8431034088134766,
    3.8713409900665283,
    3.899606227874756,
    3.9278295040130615,
    3.9560747146606445,
    3.9842960834503174,
    4.01253867149353,
    4.04075813293457,
    4.068987846374512,
    4.097207069396973,
    4.125430345535278,
    4.153651237487793,
    4.18188214302063,
    4.210104703903198
  ]
}