{
  "gesture_id": 7,
  "gesture_name": "hover",
  "timestamp": "2025-12-24T14:40:51.446869",
  "sample_rate": 50,
  "duration": 3.0,
  "distances": [
    11.636948585510254,
    11.624681949615479,
    11.608326435089111,
    11.616504192352295,
    11.657392978668213,
    11.657392978668213,
    11.612415313720703,
    11.661481857299805,
    11.62877082824707,
    11.64921522140503,
    11.99268102645874,
    12.025392055511475,
    10.622906684875488,
    10.65152883529663,
    10.590195655822754,
    10.929572582244873,
    10.986816883087158,
    11.33028268814087,
    11.2648606300354,
    11.318016052246094,
    12.659168243408203,
    10.994994640350342,
    10.970461368560791,
    10.99090576171875,
    10.94592809677124,
    10.970461368560791,
    12.381124496459961,
    12.344324588775635,
    10.958194732666016,
    10.58201789855957,
    10.643351078033447,
    10.631084442138672,
    10.606551170349121,
    10.610640048980713,
    10.647439956665039,
    10.631084442138672,
    10.594284534454346,
    10.614728927612305,
    10.65152883529663,
    10.614728927612305,
    10.635173320770264,
    10.639262199401855,
    10.606551170349121,
    10.62699556350708,
    10.58201789855957,
    10.614728927612305,
    10.62699556350708,
    10.65152883529663,
    10.618817806243896,
    10.659706592559814,
    10.62699556350708,
    10.586106777191162,
    10.643351078033447,
    10.635173320770264,
    10.594284534454346,
    10.565662384033203,
    12.009036540985107,
    11.988592147827148,
    11.959969997406006,
    11.690104007720947,
    11.653304100036621,
    11.665570735931396,
    11.67374849319458,
    11.641037464141846,
    11.632859706878662,
    11.665570735931396,
    11.665570735931396,
    11.653304100036621,
    11.69828176498413,
    11.60423755645752,
    11.612415313720703,
    11.669659614562988,
    11.64921522140503,
    11.653304100036621,
    11.669659614562988,
    11.620593070983887,
    11.653304100036621,
    11.661481857299805,
    11.681926250457764,
    11.612415313720703,
    11.612415313720703,
    11.64921522140503,
    11.62877082824707,
    11.653304100036621,
    11.636948585510254,
    11.641037464141846,
    11.636948585510254,
    11.612415313720703,
    11.657392978668213,
    11.620593070983887,
    11.64921522140503,
    11.645126342773438,
    11.636948585510254,
    11.64921522140503,
    11.661481857299805,
    11.67374849319458,
    11.645126342773438,
    11.669659614562988,
    11.661481857299805,
    11.620593070983887,
    11.632859706878662,
    11.677837371826172,
    11.686015129089355,
    11.665570735931396,
    11.653304100036621,
    11.645126342773438,
    11.681926250457764,
    11.608326435089111,
    11.645126342773438,
    11.64921522140503,
    11.657392978668213,
    11.62877082824707,
    11.636948585510254,
    11.661481857299805,
    11.608326435089111,
    11.616504192352295,
    11.62877082824707,
    11.64921522140503,
    11.62877082824707,
    11.641037464141846,
    11.620593070983887,
    11.653304100036621,
    11.632859706878662,
    11.661481857299805,
    11.690104007720947,
    11.661481857299805,
    11.657392978668213,
    11.677837371826172,
    11.661481857299805,
    11.657392978668213,
    11.677837371826172,
    12.990367412567139,
    13.018989562988281,
    11.653304100036621,
    11.632859706878662,
    11.67374849319458,
    11.669659614562988,
    11.686015129089355,
    11.608326435089111,
    11.669659614562988,
    11.645126342773438,
    11.620593070983887,
    11.67374849319458,
    11.636948585510254,
    11.64921522140503,
    11.641037464141846,
    11.665570735931396,
    11.620593070983887,
    11.665570735931396,
    11.653304100036621
  ],
  "timestamps": [
    0.008159875869750977,
    0.03653836250305176,
    0.06487441062927246,
    0.0931861400604248,
    0.12147378921508789,
    0.14974665641784668,
    0.17800593376159668,
    0.20626425743103027,
    0.23451495170593262,
    0.26276397705078125,
    0.2910432815551758,
    0.31932759284973145,
    0.3475191593170166,
    0.3757305145263672,
    0.40399599075317383,
    0.43222498893737793,
    0.4604520797729492,
    0.4886932373046875,
    0.5169260501861572,
    0.5451552867889404,
    0.5734899044036865,
    0.6017005443572998,
    0.6299057006835938,
    0.6581170558929443,
    0.6863353252410889,
    0.7145419120788574,
    0.7428300380706787,
    0.7711172103881836,
    0.7993245124816895,
    0.827488899230957,
    0.8556747436523438,
    0.8838391304016113,
    0.9120259284973145,
    0.9401991367340088,
    0.9683859348297119,
    0.9965696334838867,
    1.0247540473937988,
    1.0529382228851318,
    1.081148386001587,
    1.109337568283081,
    1.1375179290771484,
    1.1657090187072754,
    1.193892240524292,
    1.222074031829834,
    1.2502617835998535,
    1.2784500122070312,
    1.3066327571868896,
    1.3348205089569092,
    1.3630504608154297,
    1.3914716243743896,
    1.4196622371673584,
    1.4478487968444824,
    1.476020097732544,
    1.5042085647583008,
    1.5323951244354248,
    1.5605783462524414,
    1.5888667106628418,
    1.6171350479125977,
    1.6454029083251953,
    1.673651933670044,
    1.7018992900848389,
    1.7301428318023682,
    1.7583858966827393,
    1.7866249084472656,
    1.8148670196533203,
    1.8431105613708496,
    1.8713502883911133,
    1.8995957374572754,
    1.9278438091278076,
    1.9560678005218506,
    1.9843106269836426,
    2.0125532150268555,
    2.040797472000122,
    2.0690386295318604,
    2.0972845554351807,
    2.1255271434783936,
    2.153770923614502,
    2.1820144653320312,
    2.2102603912353516,
    2.2384984493255615,
    2.2667391300201416,
    2.294985055923462,
    2.323227643966675,
    2.351496696472168,
    2.3797426223754883,
    2.4080934524536133,
    2.4363391399383545,
    2.4646174907684326,
    2.49287486076355,
    2.521129608154297,
    2.5493829250335693,
    2.5776283740997314,
    2.6058802604675293,
    2.6341257095336914,
    2.66237211227417,
    2.6906180381774902,
    2.718885660171509,
    2.747131586074829,
    2.7754065990448,
    2.803632974624634,
    2.8318777084350586,
    2.8601019382476807,
    2.888345718383789,
    2.9165918827056885,
    2.944840431213379,
    2.973086357116699,
    3.001331090927124,
    3.029572010040283,
    3.0578227043151855,
    3.0860652923583984,
    3.114309072494507,
    3.1425492763519287,
    3.170790672302246,
    3.199033737182617,
    3.2272722721099854,
    3.2555477619171143,
    3.2837796211242676,
    3.312023639678955,
    3.340243101119995,
    3.368543863296509,
    3.3968608379364014,
    3.425896644592285,
    3.4542629718780518,
    3.482513189315796,
    3.5107421875,
    3.5389811992645264,
    3.567230463027954,
    3.5955255031585693,
    3.623762845993042,
    3.652015447616577,
    3.6802451610565186,
    3.7085683345794678,
    3.7369213104248047,
    3.7651712894439697,
    3.7934186458587646,
    3.8216636180877686,
    3.849911689758301,
    3.8781533241271973,
    3.9063920974731445,
    3.9346325397491455,
    3.9628751277923584,
    3.9911155700683594,
    4.019357204437256,
    4.047583103179932,
    4.075830459594727,
    4.10405421257019,
    4.132299184799194,
    4.1605446338653564,
    4.188803672790527,
    4.217050075531006
  ]
}