{
  "gesture_id": 7,
  "gesture_name": "hover",
  "timestamp": "2025-12-23T16:18:59.493489",
  "sample_rate": 50,
  "duration": 3.0,
  "distances": [
    6.922471523284912,
    6.885671615600586,
    6.926560401916504,
    8.198201656341553,
    8.230912685394287,
    7.2168707847595215,
    7.220959663391113,
    8.206379413604736,
    8.177757263183594,
    6.902027130126953,
    7.883358001708984,
    9.21633243560791,
    9.232687950134277,
    7.879269123077393,
    7.887446880340576,
    7.899713516235352,
    8.218646049499512,
    8.218646049499512,
    8.198201656341553,
    8.247268199920654,
    8.230912685394287,
    9.576153755187988,
    8.206379413604736,
    8.21455717086792,
    8.198201656341553,
    8.28406810760498,
    8.194112777709961,
    8.21455717086792,
    8.206379413604736,
    8.210468292236328,
    8.206379413604736,
    8.185935020446777,
    8.177757263183594,
    7.241404056549072,
    8.545756340026855,
    7.564425468444824,
    9.28584337234497,
    7.871091365814209,
    7.924246788024902,
    7.911980152130127,
    9.21633243560791,
    9.228599071502686,
    9.265398979187012,
    7.89562463760376,
    7.911980152130127,
    9.60477590560913,
    7.89562463760376,
    9.240865707397461,
    8.905577659606934,
    7.548069953918457,
    7.53171443939209,
    7.527625560760498,
    7.552158832550049,
    7.53171443939209,
    7.53171443939209,
    8.55802297592163,
    8.521223068237305,
    7.233226299285889,
    8.202290534973145,
    8.206379413604736,
    8.206379413604736,
    8.19002389907837,
    8.198201656341553,
    8.23909044265747,
    9.903264045715332,
    9.915530681610107,
    9.886908531188965,
    9.903264045715332,
    9.985041618347168,
    8.537578582763672,
    8.549845218658447,
    7.270026206970215,
    7.249581813812256,
    7.204604148864746,
    7.225048542022705,
    9.940063953399658,
    9.89917516708374,
    8.541667461395264,
    8.53348970413208,
    8.529400825500488,
    8.504867553710938,
    8.53348970413208,
    8.513045310974121,
    8.55802297592163,
    7.233226299285889,
    7.233226299285889,
    8.206379413604736,
    8.243179321289062,
    8.21455717086792,
    8.222734928131104,
    8.16957950592041,
    9.903264045715332,
    9.846019744873047,
    9.952330589294434,
    9.89917516708374,
    9.9196195602417,
    8.562111854553223,
    8.574378490447998,
    8.517134189605713,
    8.500778675079346,
    8.513045310974121,
    8.57846736907959,
    8.537578582763672,
    7.253670692443848,
    7.225048542022705,
    8.529400825500488,
    8.586645126342773,
    8.537578582763672,
    8.504867553710938,
    8.484423160552979,
    7.208693027496338,
    7.261848449707031,
    7.233226299285889,
    7.249581813812256,
    7.270026206970215,
    7.233226299285889,
    8.521223068237305,
    8.513045310974121,
    8.50895643234253,
    8.562111854553223,
    8.562111854553223,
    8.50895643234253,
    8.55802297592163,
    8.570289611816406,
    8.570289611816406,
    8.566200733184814,
    8.562111854553223,
    8.500778675079346,
    8.513045310974121,
    8.50895643234253,
    8.541667461395264,
    8.492600917816162,
    8.525311946868896,
    8.570289611816406,
    8.55802297592163,
    8.570289611816406,
    8.513045310974121,
    8.521223068237305,
    8.496689796447754,
    8.55802297592163,
    8.087801933288574,
    8.541667461395264,
    8.513045310974121,
    8.517134189605713,
    8.901488780975342,
    8.885133266448975,
    8.868777751922607,
    8.893311023712158,
    8.549845218658447,
    8.57846736907959
  ],
  "timestamps": [
    0.007858037948608398,
    0.03591609001159668,
    0.06393003463745117,
    0.09199953079223633,
    0.12006020545959473,
    0.14807748794555664,
    0.1760694980621338,
    0.20411419868469238,
    0.2321605682373047,
    0.2601315975189209,
    0.28818440437316895,
    0.3162963390350342,
    0.34440064430236816,
    0.3724336624145508,
    0.4004645347595215,
    0.4284982681274414,
    0.45655345916748047,
    0.4846620559692383,
    0.512789249420166,
    0.5408680438995361,
    0.5689172744750977,
    0.5970487594604492,
    0.6251039505004883,
    0.6531548500061035,
    0.6812100410461426,
    0.7093241214752197,
    0.7373542785644531,
    0.7654049396514893,
    0.7934300899505615,
    0.821481466293335,
    0.8495028018951416,
    0.8775475025177002,
    0.9055726528167725,
    0.9335620403289795,
    0.9616198539733887,
    0.9896328449249268,
    1.0177192687988281,
    1.0457520484924316,
    1.0737614631652832,
    1.1018149852752686,
    1.1299028396606445,
    1.1580102443695068,
    1.1861133575439453,
    1.2141404151916504,
    1.2421669960021973,
    1.270291805267334,
    1.298313856124878,
    1.3264188766479492,
    1.3545074462890625,
    1.3825159072875977,
    1.4105379581451416,
    1.438544750213623,
    1.466599941253662,
    1.4947099685668945,
    1.5228056907653809,
    1.5509564876556396,
    1.5791077613830566,
    1.6071255207061768,
    1.6351780891418457,
    1.6632258892059326,
    1.6912751197814941,
    1.7193222045898438,
    1.7473671436309814,
    1.7754180431365967,
    1.8035650253295898,
    1.8317174911499023,
    1.859858512878418,
    1.8880045413970947,
    1.9161503314971924,
    1.9442150592803955,
    1.9722857475280762,
    2.0002753734588623,
    2.0282645225524902,
    2.056277275085449,
    2.084261894226074,
    2.112405776977539,
    2.140547037124634,
    2.1686289310455322,
    2.196688175201416,
    2.224745988845825,
    2.2528040409088135,
    2.2808644771575928,
    2.3089239597320557,
    2.3369858264923096,
    2.3649742603302,
    2.3929595947265625,
    2.421008348464966,
    2.4490532875061035,
    2.4772281646728516,
    2.5054781436920166,
    2.53356671333313,
    2.5617494583129883,
    2.589904308319092,
    2.618067502975464,
    2.6462180614471436,
    2.674368143081665,
    2.702430009841919,
    2.730496883392334,
    2.7585575580596924,
    2.7866220474243164,
    2.8146841526031494,
    2.842750072479248,
    2.8708133697509766,
    2.898824691772461,
    2.926809310913086,
    2.9548728466033936,
    2.982938766479492,
    3.0110108852386475,
    3.0390782356262207,
    3.067147731781006,
    3.0951342582702637,
    3.1231236457824707,
    3.1511096954345703,
    3.1790971755981445,
    3.2070844173431396,
    3.235069513320923,
    3.2631311416625977,
    3.291195869445801,
    3.319254159927368,
    3.3473165035247803,
    3.375380039215088,
    3.4034457206726074,
    3.431504487991333,
    3.459578037261963,
    3.4877889156341553,
    3.51596736907959,
    3.544085741043091,
    3.572183609008789,
    3.600282669067383,
    3.6283724308013916,
    3.6564574241638184,
    3.684544801712036,
    3.712625503540039,
    3.740717649459839,
    3.7687995433807373,
    3.796884298324585,
    3.8249671459198,
    3.8530514240264893,
    3.88112735748291,
    3.909237861633301,
    3.937354803085327,
    3.96541690826416,
    3.9934871196746826,
    4.021533727645874,
    4.049628019332886,
    4.077692985534668,
    4.105778217315674,
    4.133818864822388,
    4.161889553070068,
    4.189934253692627
  ]
}