{
  "gesture_id": 7,
  "gesture_name": "hover",
  "timestamp": "2025-12-24T14:28:00.694357",
  "sample_rate": 50,
  "duration": 3.0,
  "distances": [
    10.925483703613281,
    12.35659122467041,
    12.679612636566162,
    12.683701515197754,
    10.937750339508057,
    10.925483703613281,
    12.33205795288086,
    12.340235710144043,
    10.954105854034424,
    10.941839218139648,
    10.974550247192383,
    11.99268102645874,
    11.980414390563965,
    11.612415313720703,
    11.677837371826172,
    12.67552375793457,
    12.659168243408203,
    12.642812728881836,
    12.679612636566162,
    12.728679180145264,
    12.69596815109253,
    12.295258045196533,
    12.295258045196533,
    12.69596815109253,
    12.708234786987305,
    11.62877082824707,
    11.69828176498413,
    11.600148677825928,
    12.671434879302979,
    12.655079364776611,
    12.348413467407227,
    12.327969074249268,
    12.352502346038818,
    12.67552375793457,
    11.322104930877686,
    12.687790393829346,
    11.620593070983887,
    11.645126342773438,
    12.687790393829346,
    11.33028268814087,
    10.933661460876465,
    12.704145908355713,
    12.691879272460938,
    11.297571659088135,
    11.297571659088135,
    12.687790393829346,
    12.663257122039795,
    12.663257122039795,
    12.716412544250488,
    12.67552375793457,
    12.99445629119873,
    11.645126342773438,
    11.636948585510254,
    11.653304100036621,
    11.67374849319458,
    11.62877082824707,
    11.645126342773438,
    11.636948585510254,
    11.636948585510254,
    11.661481857299805,
    11.60423755645752,
    11.665570735931396,
    11.661481857299805,
    11.686015129089355,
    11.645126342773438,
    11.60423755645752,
    13.395166397094727,
    13.350188732147217,
    13.366544246673584,
    11.616504192352295,
    11.677837371826172,
    11.665570735931396,
    11.657392978668213,
    11.657392978668213,
    11.612415313720703,
    11.694192886352539,
    11.669659614562988,
    13.366544246673584,
    12.000858783721924,
    12.029480934143066,
    12.000858783721924,
    11.988592147827148,
    13.370633125305176,
    13.386988639831543,
    12.017214298248291,
    11.984503269195557,
    11.972236633300781,
    12.03765869140625,
    11.988592147827148,
    12.029480934143066,
    11.959969997406006,
    12.009036540985107,
    11.951792240142822,
    11.996769905090332,
    11.980414390563965,
    11.99268102645874,
    11.996769905090332,
    12.000858783721924,
    11.984503269195557,
    12.025392055511475,
    11.94770336151123,
    12.025392055511475,
    11.951792240142822,
    11.951792240142822,
    12.017214298248291,
    11.951792240142822,
    12.03765869140625,
    12.025392055511475,
    12.03765869140625,
    12.03765869140625,
    12.009036540985107,
    11.99268102645874,
    11.996769905090332,
    11.988592147827148,
    11.976325511932373,
    11.980414390563965,
    12.017214298248291,
    12.029480934143066,
    11.996769905090332,
    11.976325511932373,
    12.017214298248291,
    11.959969997406006,
    12.004947662353516,
    11.980414390563965,
    11.980414390563965,
    12.000858783721924,
    11.976325511932373,
    11.951792240142822,
    11.996769905090332,
    11.988592147827148,
    12.009036540985107,
    11.964058876037598,
    12.03765869140625,
    11.959969997406006,
    11.951792240142822,
    11.972236633300781,
    12.0131254196167,
    12.025392055511475,
    11.972236633300781,
    11.980414390563965,
    13.354277610778809,
    13.3583664894104,
    13.374722003936768,
    11.984503269195557,
    11.996769905090332,
    11.976325511932373,
    11.96814775466919,
    12.017214298248291,
    11.951792240142822,
    11.980414390563965
  ],
  "timestamps": [
    0.008140802383422852,
    0.03653407096862793,
    0.06489849090576172,
    0.09325385093688965,
    0.12148118019104004,
    0.14968490600585938,
    0.1779630184173584,
    0.20629358291625977,
    0.23452210426330566,
    0.26274633407592773,
    0.290966272354126,
    0.3192434310913086,
    0.3475189208984375,
    0.375777006149292,
    0.40401220321655273,
    0.4323296546936035,
    0.46062469482421875,
    0.48894405364990234,
    0.5172562599182129,
    0.5455684661865234,
    0.5738799571990967,
    0.6021711826324463,
    0.6304590702056885,
    0.6587703227996826,
    0.6870810985565186,
    0.7153286933898926,
    0.7435822486877441,
    0.7718427181243896,
    0.8001382350921631,
    0.828453540802002,
    0.8567254543304443,
    0.885077714920044,
    0.9134471416473389,
    0.9417972564697266,
    0.9700648784637451,
    0.9983916282653809,
    1.0266475677490234,
    1.0549051761627197,
    1.0832164287567139,
    1.1114466190338135,
    1.139707088470459,
    1.1680047512054443,
    1.1963152885437012,
    1.2245235443115234,
    1.252758264541626,
    1.2810742855072021,
    1.3093838691711426,
    1.337698221206665,
    1.3660202026367188,
    1.3943331241607666,
    1.4226608276367188,
    1.4509100914001465,
    1.4791667461395264,
    1.5074210166931152,
    1.5356993675231934,
    1.5639536380767822,
    1.5922026634216309,
    1.6204338073730469,
    1.6486854553222656,
    1.6769390106201172,
    1.7051887512207031,
    1.7334425449371338,
    1.7617149353027344,
    1.789980411529541,
    1.8182296752929688,
    1.8464875221252441,
    1.874885082244873,
    1.9034535884857178,
    1.9318156242370605,
    1.960059404373169,
    1.988306999206543,
    2.016566276550293,
    2.044818639755249,
    2.0730690956115723,
    2.1013176441192627,
    2.1295700073242188,
    2.157825231552124,
    2.1861796379089355,
    2.2144463062286377,
    2.2427172660827637,
    2.2709860801696777,
    2.2992799282073975,
    2.327625274658203,
    2.355999231338501,
    2.3842577934265137,
    2.412529468536377,
    2.4407739639282227,
    2.469048023223877,
    2.497316837310791,
    2.525588035583496,
    2.5538525581359863,
    2.582125663757324,
    2.6103951930999756,
    2.6386678218841553,
    2.6669349670410156,
    2.6952011585235596,
    2.7234671115875244,
    2.7517306804656982,
    2.7800333499908447,
    2.8082973957061768,
    2.8365654945373535,
    2.864839553833008,
    2.8931326866149902,
    2.921482801437378,
    2.9497642517089844,
    2.978048801422119,
    3.006349563598633,
    3.03462815284729,
    3.062908172607422,
    3.09118390083313,
    3.119447708129883,
    3.147740125656128,
    3.175992250442505,
    3.2042601108551025,
    3.232508659362793,
    3.2607882022857666,
    3.289065361022949,
    3.317338466644287,
    3.345609664916992,
    3.373889923095703,
    3.4021646976470947,
    3.4304356575012207,
    3.45872163772583,
    3.4870004653930664,
    3.515281915664673,
    3.5435521602630615,
    3.5718207359313965,
    3.6000726222991943,
    3.628354549407959,
    3.6566102504730225,
    3.684882402420044,
    3.713150978088379,
    3.741420269012451,
    3.7697038650512695,
    3.7980027198791504,
    3.826286554336548,
    3.8545634746551514,
    3.8828818798065186,
    3.911236047744751,
    3.939523458480835,
    3.9679081439971924,
    3.996272563934326,
    4.024626970291138,
    4.052898406982422,
    4.081169128417969,
    4.109438896179199,
    4.137707471847534,
    4.165974378585815,
    4.1942527294158936,
    4.222524404525757
  ]
}