{
  "gesture_id": 7,
  "gesture_name": "hover",
  "timestamp": "2025-12-24T14:31:04.426970",
  "sample_rate": 50,
  "duration": 3.0,
  "distances": [
    15.79124927520752,
    15.738093852996826,
    15.742182731628418,
    15.803515911102295,
    15.729916095733643,
    16.048848628997803,
    14.74449634552002,
    16.081559658050537,
    15.038895606994629,
    16.097915172576904,
    16.081559658050537,
    16.093826293945312,
    15.055251121520996,
    15.055251121520996,
    15.410983562469482,
    15.415072441101074,
    15.423250198364258,
    15.075695514678955,
    15.038895606994629,
    15.055251121520996,
    15.06342887878418,
    15.051162242889404,
    16.08973741531372,
    15.783071517944336,
    15.738093852996826,
    15.77080488204956,
    17.013823986053467,
    16.081559658050537,
    16.052937507629395,
    14.691340923309326,
    17.058801651000977,
    15.738093852996826,
    15.774893760681152,
    15.766716003417969,
    15.72582721710205,
    15.807604789733887,
    15.758538246154785,
    15.74627161026001,
    17.034268379211426,
    17.06697940826416,
    16.106092929840088,
    16.093826293945312,
    16.097915172576904,
    17.071068286895752,
    15.762627124786377,
    15.750360488891602,
    15.766716003417969,
    15.570449829101562,
    17.009735107421875,
    16.093826293945312,
    16.081559658050537,
    16.102004051208496,
    16.057026386260986,
    16.097915172576904,
    17.013823986053467,
    17.034268379211426,
    17.079246044158936,
    17.075157165527344,
    16.057026386260986,
    16.052937507629395,
    17.058801651000977,
    15.758538246154785,
    15.778982639312744,
    15.762627124786377,
    15.734004974365234,
    17.075157165527344,
    16.08564853668213,
    16.106092929840088,
    16.061115264892578,
    16.08564853668213,
    14.728140830993652,
    16.077470779418945,
    16.077470779418945,
    16.081559658050537,
    16.06520414352417,
    16.06520414352417,
    16.093826293945312,
    16.081559658050537,
    16.097915172576904,
    16.102004051208496,
    15.067517757415771,
    15.06342887878418,
    15.067517757415771,
    15.04298448562622,
    15.092051029205322,
    15.038895606994629,
    15.079784393310547,
    15.04298448562622,
    15.100228786468506,
    15.04298448562622,
    15.071606636047363,
    15.047073364257812,
    15.096139907836914,
    16.40866994857788,
    16.420936584472656,
    15.394628047943115,
    15.378272533416748,
    15.398716926574707,
    15.378272533416748,
    15.40689468383789,
    15.394628047943115,
    15.415072441101074,
    15.439605712890625,
    15.435516834259033,
    15.721738338470459,
    15.762627124786377,
    15.758538246154785,
    15.79124927520752,
    15.77080488204956,
    15.787160396575928,
    17.77026653289795,
    16.08564853668213,
    14.69951868057251,
    14.74449634552002,
    16.061115264892578,
    16.081559658050537,
    17.02200174331665,
    17.0465350151062,
    17.09151268005371,
    17.034268379211426,
    15.774893760681152,
    15.750360488891602,
    15.734004974365234,
    15.799427032470703,
    15.742182731628418,
    15.766716003417969,
    15.774893760681152,
    15.774893760681152,
    15.766716003417969,
    17.054712772369385,
    17.06289052963257,
    17.050623893737793,
    15.74627161026001,
    15.799427032470703,
    15.79124927520752,
    15.778982639312744,
    15.742182731628418,
    17.058801651000977,
    17.038357257843018,
    17.0465350151062,
    16.077470779418945,
    16.057026386260986,
    16.081559658050537,
    17.054712772369385,
    17.06697940826416,
    17.054712772369385,
    17.038357257843018,
    17.04244613647461,
    16.08973741531372,
    16.097915172576904
  ],
  "timestamps": [
    0.008373737335205078,
    0.03694033622741699,
    0.06545782089233398,
    0.09398770332336426,
    0.12252235412597656,
    0.15105986595153809,
    0.17989444732666016,
    0.2086167335510254,
    0.23707962036132812,
    0.2655775547027588,
    0.29405736923217773,
    0.32257509231567383,
    0.35102391242980957,
    0.3794693946838379,
    0.4079575538635254,
    0.4364287853240967,
    0.4648933410644531,
    0.4933359622955322,
    0.5217759609222412,
    0.5502152442932129,
    0.5786511898040771,
    0.6070849895477295,
    0.6355650424957275,
    0.6640236377716064,
    0.692481279373169,
    0.7209610939025879,
    0.7495248317718506,
    0.7780313491821289,
    0.8065307140350342,
    0.8349416255950928,
    0.8634812831878662,
    0.8919577598571777,
    0.9204726219177246,
    0.9489603042602539,
    0.9774372577667236,
    1.0059223175048828,
    1.0344083309173584,
    1.0628721714019775,
    1.091400384902954,
    1.1199302673339844,
    1.1484313011169434,
    1.1769959926605225,
    1.2057113647460938,
    1.234393835067749,
    1.2629430294036865,
    1.291473150253296,
    1.3199644088745117,
    1.348428726196289,
    1.3769659996032715,
    1.4054415225982666,
    1.4339313507080078,
    1.4624295234680176,
    1.4909281730651855,
    1.5194227695465088,
    1.5480427742004395,
    1.5765790939331055,
    1.6051087379455566,
    1.6336517333984375,
    1.6621747016906738,
    1.6906962394714355,
    1.719245433807373,
    1.7477121353149414,
    1.776172399520874,
    1.8046350479125977,
    1.8331146240234375,
    1.8616788387298584,
    1.890174150466919,
    1.9186863899230957,
    1.9471676349639893,
    1.9756431579589844,
    2.0040383338928223,
    2.0325210094451904,
    2.0610179901123047,
    2.089510917663574,
    2.1180081367492676,
    2.146493434906006,
    2.1750051975250244,
    2.203658103942871,
    2.232170820236206,
    2.2606894969940186,
    2.28913950920105,
    2.3175857067108154,
    2.3460144996643066,
    2.3744466304779053,
    2.4028656482696533,
    2.4313366413116455,
    2.459803819656372,
    2.4882442951202393,
    2.5166807174682617,
    2.5451059341430664,
    2.5735204219818115,
    2.6019351482391357,
    2.6303951740264893,
    2.658914089202881,
    2.687429904937744,
    2.715902805328369,
    2.744351387023926,
    2.772787570953369,
    2.801218032836914,
    2.8296542167663574,
    2.8580920696258545,
    2.886531352996826,
    2.9149649143218994,
    2.943448781967163,
    2.9719607830047607,
    3.0004372596740723,
    3.028913974761963,
    3.0573813915252686,
    3.085841417312622,
    3.1142988204956055,
    3.1429150104522705,
    3.1714353561401367,
    3.2000083923339844,
    3.228473663330078,
    3.2569689750671387,
    3.285447120666504,
    3.313979148864746,
    3.3425121307373047,
    3.3710453510284424,
    3.3995778560638428,
    3.4280154705047607,
    3.456476926803589,
    3.4849326610565186,
    3.513413190841675,
    3.541891574859619,
    3.5703721046447754,
    3.598846912384033,
    3.6273210048675537,
    3.655806541442871,
    3.684332847595215,
    3.7128663063049316,
    3.741401195526123,
    3.7698662281036377,
    3.798344850540161,
    3.826819658279419,
    3.855299949645996,
    3.883765935897827,
    3.9122941493988037,
    3.9408421516418457,
    3.9694204330444336,
    3.997946262359619,
    4.02646803855896,
    4.054980516433716,
    4.083539962768555,
    4.112089395523071,
    4.140634536743164,
    4.169187068939209,
    4.197856903076172,
    4.226464033126831,
    4.255002021789551
  ]
}