{
  "gesture_id": 7,
  "gesture_name": "hover",
  "timestamp": "2025-12-23T16:16:09.213532",
  "sample_rate": 50,
  "duration": 3.0,
  "distances": [
    11.984503269195557,
    13.701832294464111,
    13.738632202148438,
    12.319791316986084,
    12.28708028793335,
    12.307524681091309,
    12.323880195617676,
    12.291169166564941,
    13.648676872253418,
    11.99268102645874,
    11.955881118774414,
    12.000858783721924,
    11.964058876037598,
    11.931347846984863,
    12.004947662353516,
    11.988592147827148,
    11.677837371826172,
    11.620593070983887,
    11.612415313720703,
    11.657392978668213,
    11.653304100036621,
    11.608326435089111,
    11.612415313720703,
    11.62877082824707,
    11.616504192352295,
    11.645126342773438,
    11.612415313720703,
    11.612415313720703,
    11.669659614562988,
    11.677837371826172,
    11.632859706878662,
    11.62877082824707,
    11.641037464141846,
    11.87819242477417,
    11.587882041931152,
    11.608326435089111,
    11.60423755645752,
    12.986278533935547,
    12.974011898040771,
    13.002634048461914,
    13.010811805725098,
    12.982189655303955,
    14.356052875518799,
    12.704145908355713,
    12.671434879302979,
    12.671434879302979,
    12.691879272460938,
    12.67552375793457,
    12.679612636566162,
    12.683701515197754,
    12.708234786987305,
    12.687790393829346,
    12.638723850250244,
    12.638723850250244,
    12.691879272460938,
    12.655079364776611,
    12.671434879302979,
    12.348413467407227,
    12.340235710144043,
    12.63054609298706,
    12.671434879302979,
    12.67552375793457,
    12.687790393829346,
    12.667346000671387,
    12.679612636566162,
    12.646901607513428,
    12.65099048614502,
    12.634634971618652,
    12.422013282775879,
    12.671434879302979,
    12.667346000671387,
    12.667346000671387,
    12.671434879302979,
    12.667346000671387,
    12.667346000671387,
    12.683701515197754,
    12.67552375793457,
    12.663257122039795,
    12.712323665618896,
    12.667346000671387,
    12.671434879302979,
    12.683701515197754,
    12.646901607513428,
    12.691879272460938,
    12.303435802459717,
    12.336146831512451,
    12.323880195617676,
    14.045298099517822,
    14.004409313201904,
    12.663257122039795,
    12.67552375793457,
    14.024853706359863,
    12.327969074249268,
    12.156236171722412,
    12.319791316986084,
    12.364768981933594,
    12.319791316986084,
    12.28708028793335,
    12.299346923828125,
    12.33205795288086,
    12.315702438354492,
    12.315702438354492,
    12.295258045196533,
    12.3116135597229,
    12.28708028793335,
    12.307524681091309,
    12.344324588775635,
    12.319791316986084,
    12.315702438354492,
    12.327969074249268,
    12.303435802459717,
    12.323880195617676,
    12.344324588775635,
    12.368857860565186,
    12.303435802459717,
    12.33205795288086,
    12.360680103302002,
    12.303435802459717,
    12.360680103302002,
    12.319791316986084,
    12.33205795288086,
    12.327969074249268,
    12.323880195617676,
    12.319791316986084,
    12.323880195617676,
    12.315702438354492,
    12.299346923828125,
    12.327969074249268,
    12.299346923828125,
    12.3116135597229,
    10.994994640350342,
    12.303435802459717,
    12.3116135597229,
    12.319791316986084,
    12.344324588775635,
    12.315702438354492,
    12.254369258880615,
    12.340235710144043,
    12.319791316986084,
    12.33205795288086,
    12.352502346038818,
    12.33205795288086,
    12.299346923828125,
    12.319791316986084,
    12.28708028793335,
    12.315702438354492,
    12.348413467407227,
    12.340235710144043,
    12.336146831512451,
    12.319791316986084
  ],
  "timestamps": [
    0.00816035270690918,
    0.036650896072387695,
    0.06502008438110352,
    0.09334921836853027,
    0.1216728687286377,
    0.1499803066253662,
    0.17827773094177246,
    0.20656657218933105,
    0.23493504524230957,
    0.2632009983062744,
    0.29146456718444824,
    0.3197329044342041,
    0.3480052947998047,
    0.37627148628234863,
    0.404541015625,
    0.43280816078186035,
    0.46108484268188477,
    0.4893350601196289,
    0.5175786018371582,
    0.5458486080169678,
    0.574091911315918,
    0.6023428440093994,
    0.6305921077728271,
    0.6588394641876221,
    0.6870982646942139,
    0.7153470516204834,
    0.7435941696166992,
    0.7718391418457031,
    0.8001406192779541,
    0.8284668922424316,
    0.8567631244659424,
    0.8850593566894531,
    0.9132976531982422,
    0.9415514469146729,
    0.9698002338409424,
    0.9980461597442627,
    1.026287317276001,
    1.054612636566162,
    1.0829384326934814,
    1.1112682819366455,
    1.1395978927612305,
    1.1679682731628418,
    1.1963841915130615,
    1.2246906757354736,
    1.2530157566070557,
    1.2813236713409424,
    1.3096351623535156,
    1.337944746017456,
    1.366260051727295,
    1.3945844173431396,
    1.4228906631469727,
    1.4511981010437012,
    1.4795076847076416,
    1.5078144073486328,
    1.5361249446868896,
    1.564429759979248,
    1.5927374362945557,
    1.6210312843322754,
    1.6493215560913086,
    1.6776509284973145,
    1.7059612274169922,
    1.734271764755249,
    1.7625758647918701,
    1.7909765243530273,
    1.8195326328277588,
    1.8478689193725586,
    1.8761851787567139,
    1.9045722484588623,
    1.9328839778900146,
    1.9611852169036865,
    1.9894945621490479,
    2.0178072452545166,
    2.046114683151245,
    2.074425220489502,
    2.10274338722229,
    2.13106107711792,
    2.1593737602233887,
    2.187711000442505,
    2.2160284519195557,
    2.2443392276763916,
    2.2726471424102783,
    2.300955295562744,
    2.3292646408081055,
    2.3575706481933594,
    2.3858578205108643,
    2.414201259613037,
    2.4424924850463867,
    2.470881223678589,
    2.499269485473633,
    2.527576208114624,
    2.5558862686157227,
    2.5842714309692383,
    2.6125826835632324,
    2.640922784805298,
    2.6692147254943848,
    2.697483539581299,
    2.725773572921753,
    2.7540624141693115,
    2.782402992248535,
    2.8108956813812256,
    2.839215040206909,
    2.8674912452697754,
    2.895761251449585,
    2.9240384101867676,
    2.952329397201538,
    2.980616569519043,
    3.008899688720703,
    3.0371665954589844,
    3.0654420852661133,
    3.0937321186065674,
    3.1220288276672363,
    3.150315046310425,
    3.178605079650879,
    3.206895589828491,
    3.2351839542388916,
    3.263470411300659,
    3.291759967803955,
    3.320047378540039,
    3.348339796066284,
    3.3766252994537354,
    3.4049108028411865,
    3.4331798553466797,
    3.4614644050598145,
    3.489732027053833,
    3.518017053604126,
    3.5463037490844727,
    3.5745937824249268,
    3.60288405418396,
    3.6312010288238525,
    3.6594889163970947,
    3.6877095699310303,
    3.7160000801086426,
    3.7442822456359863,
    3.772564172744751,
    3.8009045124053955,
    3.8292453289031982,
    3.8576104640960693,
    3.885977268218994,
    3.9142818450927734,
    3.9426114559173584,
    3.9709081649780273,
    3.9992101192474365,
    4.027498245239258,
    4.05578875541687,
    4.084074020385742,
    4.112364053726196,
    4.140653610229492,
    4.168947696685791,
    4.197231292724609,
    4.2255260944366455
  ]
}