{
  "gesture_id": 7,
  "gesture_name": "hover",
  "timestamp": "2025-12-23T16:16:51.941092",
  "sample_rate": 50,
  "duration": 3.0,
  "distances": [
    16.08564853668213,
    16.102004051208496,
    16.061115264892578,
    16.093826293945312,
    16.08973741531372,
    16.06929302215576,
    16.06929302215576,
    16.077470779418945,
    16.457736492156982,
    16.102004051208496,
    16.052937507629395,
    16.06929302215576,
    16.106092929840088,
    16.118359565734863,
    16.138803958892822,
    16.106092929840088,
    16.40458106994629,
    16.392314434051514,
    16.093826293945312,
    16.118359565734863,
    16.06929302215576,
    16.420936584472656,
    16.425025463104248,
    16.437292098999023,
    16.36369228363037,
    16.425025463104248,
    16.392314434051514,
    16.40866994857788,
    16.102004051208496,
    16.11018180847168,
    16.08973741531372,
    16.420936584472656,
    16.445469856262207,
    16.142892837524414,
    16.106092929840088,
    16.102004051208496,
    16.11018180847168,
    16.102004051208496,
    16.11018180847168,
    16.45364761352539,
    16.43320322036743,
    16.08973741531372,
    16.11018180847168,
    16.093826293945312,
    16.04475975036621,
    16.102004051208496,
    16.08564853668213,
    16.081559658050537,
    16.097915172576904,
    16.126537322998047,
    16.118359565734863,
    16.118359565734863,
    16.093826293945312,
    16.122448444366455,
    16.11018180847168,
    16.036581993103027,
    16.102004051208496,
    16.118359565734863,
    16.06929302215576,
    16.093826293945312,
    16.048848628997803,
    16.06929302215576,
    16.118359565734863,
    16.093826293945312,
    16.036581993103027,
    16.077470779418945,
    16.048848628997803,
    16.106092929840088,
    16.11018180847168,
    16.052937507629395,
    16.048848628997803,
    16.06929302215576,
    16.04475975036621,
    16.093826293945312,
    16.073381900787354,
    16.08973741531372,
    16.106092929840088,
    16.081559658050537,
    16.06929302215576,
    16.11427068710327,
    16.073381900787354,
    16.06929302215576,
    16.097915172576904,
    15.100228786468506,
    15.026628971099854,
    14.805829524993896,
    15.079784393310547,
    15.034806728363037,
    16.420936584472656,
    16.400492191314697,
    16.441380977630615,
    16.40458106994629,
    15.051162242889404,
    15.08796215057373,
    15.079784393310547,
    16.420936584472656,
    16.437292098999023,
    16.441380977630615,
    16.425025463104248,
    16.416847705841064,
    16.40866994857788,
    16.56404733657837,
    16.437292098999023,
    16.412758827209473,
    15.04298448562622,
    15.092051029205322,
    15.075695514678955,
    15.104317665100098,
    15.079784393310547,
    16.425025463104248,
    16.400492191314697,
    16.416847705841064,
    16.42911434173584,
    15.100228786468506,
    15.112495422363281,
    15.059340000152588,
    15.104317665100098,
    15.08796215057373,
    15.06342887878418,
    15.051162242889404,
    15.059340000152588,
    16.457736492156982,
    16.42911434173584,
    16.4495587348938,
    15.030717849731445,
    15.051162242889404,
    15.067517757415771,
    15.067517757415771,
    15.096139907836914,
    15.079784393310547,
    15.075695514678955,
    15.01845121383667,
    15.067517757415771,
    15.10840654373169,
    15.059340000152588,
    15.075695514678955,
    15.055251121520996,
    15.055251121520996,
    15.079784393310547,
    15.079784393310547,
    15.04298448562622,
    15.022540092468262,
    15.08796215057373,
    15.051162242889404,
    15.079784393310547,
    15.067517757415771,
    15.079784393310547,
    15.067517757415771,
    15.06342887878418,
    15.071606636047363
  ],
  "timestamps": [
    0.008394956588745117,
    0.036994218826293945,
    0.06565618515014648,
    0.09426403045654297,
    0.12297606468200684,
    0.1515355110168457,
    0.18007206916809082,
    0.2085893154144287,
    0.23713445663452148,
    0.2656209468841553,
    0.2941155433654785,
    0.3226034641265869,
    0.35109996795654297,
    0.37961745262145996,
    0.40813183784484863,
    0.4366624355316162,
    0.4652059078216553,
    0.4937009811401367,
    0.5221972465515137,
    0.5506982803344727,
    0.5792121887207031,
    0.6077547073364258,
    0.6362853050231934,
    0.6648130416870117,
    0.6933407783508301,
    0.721851110458374,
    0.7505435943603516,
    0.7790963649749756,
    0.8076138496398926,
    0.8361220359802246,
    0.8646299839019775,
    0.8931560516357422,
    0.9216833114624023,
    0.9502203464508057,
    0.9787280559539795,
    1.0072205066680908,
    1.0357105731964111,
    1.0642061233520508,
    1.0930228233337402,
    1.1218345165252686,
    1.1504006385803223,
    1.1789531707763672,
    1.2074828147888184,
    1.235996961593628,
    1.2645080089569092,
    1.293015956878662,
    1.32155179977417,
    1.350053071975708,
    1.378535270690918,
    1.4070570468902588,
    1.435575008392334,
    1.4641156196594238,
    1.492630958557129,
    1.5211470127105713,
    1.5496575832366943,
    1.5781641006469727,
    1.6066808700561523,
    1.635190725326538,
    1.6636996269226074,
    1.6921968460083008,
    1.7206826210021973,
    1.7491660118103027,
    1.7776567935943604,
    1.8061633110046387,
    1.8346703052520752,
    1.863180160522461,
    1.8916852474212646,
    1.9201931953430176,
    1.9487299919128418,
    1.977278470993042,
    2.0057992935180664,
    2.0343129634857178,
    2.0628206729888916,
    2.0914578437805176,
    2.120168447494507,
    2.1488757133483887,
    2.1774396896362305,
    2.2059736251831055,
    2.234489917755127,
    2.2629804611206055,
    2.291516065597534,
    2.3200550079345703,
    2.3485703468322754,
    2.377023220062256,
    2.40547513961792,
    2.4339303970336914,
    2.4623591899871826,
    2.4908034801483154,
    2.519324779510498,
    2.5478355884552,
    2.57633900642395,
    2.604893922805786,
    2.633354425430298,
    2.661790370941162,
    2.690241813659668,
    2.718770980834961,
    2.7472994327545166,
    2.7758560180664062,
    2.8044087886810303,
    2.8329484462738037,
    2.86149263381958,
    2.890002727508545,
    2.918509006500244,
    2.947021007537842,
    2.975449323654175,
    3.0039167404174805,
    3.032402753829956,
    3.060856819152832,
    3.089418411254883,
    3.118140459060669,
    3.1467151641845703,
    3.1753644943237305,
    3.203979730606079,
    3.2325334548950195,
    3.2609739303588867,
    3.28942608833313,
    3.317859649658203,
    3.346283435821533,
    3.37471866607666,
    3.403141498565674,
    3.4315695762634277,
    3.460090160369873,
    3.488616466522217,
    3.517138957977295,
    3.5455870628356934,
    3.574033498764038,
    3.60248064994812,
    3.630925416946411,
    3.6593868732452393,
    3.6878371238708496,
    3.716278553009033,
    3.7447221279144287,
    3.7731645107269287,
    3.8016116619110107,
    3.830064058303833,
    3.858527421951294,
    3.886979341506958,
    3.915435314178467,
    3.9438886642456055,
    3.972343921661377,
    4.000791788101196,
    4.029245853424072,
    4.057699680328369,
    4.086237907409668,
    4.11485743522644,
    4.143325328826904,
    4.1717870235443115,
    4.200258731842041,
    4.228718280792236,
    4.25717568397522
  ]
}