{
  "gesture_id": 7,
  "gesture_name": "hover",
  "timestamp": "2025-12-24T14:42:54.773629",
  "sample_rate": 50,
  "duration": 3.0,
  "distances": [
    7.879269123077393,
    7.903802394866943,
    7.867002487182617,
    9.224510192871094,
    8.89739990234375,
    8.889222145080566,
    8.848333358764648,
    8.856511116027832,
    8.881044387817383,
    9.257221221923828,
    9.228599071502686,
    7.883358001708984,
    7.85064697265625,
    7.887446880340576,
    7.879269123077393,
    7.903802394866943,
    7.875180244445801,
    7.879269123077393,
    7.826113700866699,
    7.875180244445801,
    7.842469215393066,
    7.907891273498535,
    7.9201579093933105,
    7.846558094024658,
    7.605314254760742,
    9.228599071502686,
    9.23677682876587,
    8.21455717086792,
    8.210468292236328,
    8.173668384552002,
    7.208693027496338,
    7.2373151779174805,
    7.184159755706787,
    7.249581813812256,
    8.177757263183594,
    8.206379413604736,
    8.157312870025635,
    8.194112777709961,
    8.206379413604736,
    8.206379413604736,
    8.235001564025879,
    8.181846141815186,
    8.206379413604736,
    8.210468292236328,
    8.210468292236328,
    8.206379413604736,
    8.230912685394287,
    8.210468292236328,
    8.226823806762695,
    7.229137420654297,
    7.274115085601807,
    7.245492935180664,
    7.220959663391113,
    7.204604148864746,
    7.245492935180664,
    7.2373151779174805,
    7.208693027496338,
    7.171893119812012,
    7.241404056549072,
    7.200515270233154,
    7.253670692443848,
    7.21278190612793,
    7.180070877075195,
    7.229137420654297,
    7.192337512969971,
    7.253670692443848,
    7.261848449707031,
    7.249581813812256,
    7.204604148864746,
    7.21278190612793,
    8.553934097290039,
    8.553934097290039,
    8.541667461395264,
    7.184159755706787,
    7.233226299285889,
    7.2373151779174805,
    7.2373151779174805,
    7.220959663391113,
    8.235001564025879,
    8.198201656341553,
    7.249581813812256,
    7.2373151779174805,
    7.253670692443848,
    8.210468292236328,
    8.243179321289062,
    8.226823806762695,
    8.181846141815186,
    8.206379413604736,
    8.173668384552002,
    8.202290534973145,
    8.185935020446777,
    8.198201656341553,
    8.161401748657227,
    8.210468292236328,
    8.23909044265747,
    8.230912685394287,
    8.177757263183594,
    8.218646049499512,
    8.206379413604736,
    8.21455717086792,
    8.194112777709961,
    8.194112777709961,
    8.202290534973145,
    8.206379413604736,
    8.149135112762451,
    8.218646049499512,
    8.206379413604736,
    8.173668384552002,
    8.157312870025635,
    8.222734928131104,
    8.226823806762695,
    8.251357078552246,
    8.210468292236328,
    8.222734928131104,
    8.161401748657227,
    8.194112777709961,
    8.181846141815186,
    8.202290534973145,
    8.235001564025879,
    8.206379413604736,
    8.173668384552002,
    8.23909044265747,
    8.210468292236328,
    8.177757263183594,
    9.23677682876587,
    8.21455717086792,
    8.202290534973145,
    8.206379413604736,
    8.173668384552002,
    8.210468292236328,
    8.21455717086792,
    8.19002389907837,
    9.249043464660645,
    9.249043464660645,
    9.195888042449951,
    9.204065799713135,
    9.23677682876587,
    9.232687950134277,
    9.228599071502686,
    9.240865707397461,
    9.240865707397461,
    9.212243556976318,
    8.235001564025879,
    8.161401748657227,
    8.202290534973145,
    9.228599071502686,
    9.187710285186768,
    9.212243556976318,
    9.26131010055542,
    9.249043464660645
  ],
  "timestamps": [
    0.007967948913574219,
    0.03627419471740723,
    0.0643913745880127,
    0.0927586555480957,
    0.12154960632324219,
    0.149824857711792,
    0.17794132232666016,
    0.20603680610656738,
    0.2341301441192627,
    0.26224255561828613,
    0.29034852981567383,
    0.31850123405456543,
    0.3465251922607422,
    0.3745431900024414,
    0.4026014804840088,
    0.4311943054199219,
    0.45925140380859375,
    0.48730015754699707,
    0.5153286457061768,
    0.543358564376831,
    0.571385383605957,
    0.599421501159668,
    0.6274816989898682,
    0.6555345058441162,
    0.6836519241333008,
    0.7118909358978271,
    0.7400038242340088,
    0.7680509090423584,
    0.7961008548736572,
    0.824143648147583,
    0.8521366119384766,
    0.880124568939209,
    0.9081244468688965,
    0.9361755847930908,
    0.9642384052276611,
    0.9922926425933838,
    1.0203888416290283,
    1.0484952926635742,
    1.0765445232391357,
    1.104609489440918,
    1.1326231956481934,
    1.1606800556182861,
    1.1887292861938477,
    1.2167794704437256,
    1.2448310852050781,
    1.272876501083374,
    1.3009223937988281,
    1.3289639949798584,
    1.3570139408111572,
    1.385010004043579,
    1.4130041599273682,
    1.4411170482635498,
    1.4691133499145508,
    1.4971044063568115,
    1.5250906944274902,
    1.5530807971954346,
    1.5810704231262207,
    1.6090567111968994,
    1.6370441913604736,
    1.665034532546997,
    1.6930458545684814,
    1.721053123474121,
    1.7490670680999756,
    1.7770659923553467,
    1.8050599098205566,
    1.833054780960083,
    1.8610479831695557,
    1.8890380859375,
    1.9170312881469727,
    1.9450299739837646,
    1.973099946975708,
    2.001302719116211,
    2.029500722885132,
    2.0575714111328125,
    2.0855801105499268,
    2.113574743270874,
    2.141571521759033,
    2.169589042663574,
    2.1976382732391357,
    2.2256789207458496,
    2.2536673545837402,
    2.2816755771636963,
    2.3096675872802734,
    2.3377139568328857,
    2.3657827377319336,
    2.3938469886779785,
    2.4219133853912354,
    2.449963331222534,
    2.478008270263672,
    2.5060508251190186,
    2.5340936183929443,
    2.562136650085449,
    2.590184211730957,
    2.618232011795044,
    2.6462764739990234,
    2.6743180751800537,
    2.7023766040802,
    2.7304372787475586,
    2.758484125137329,
    2.786527156829834,
    2.814572334289551,
    2.842616319656372,
    2.8706629276275635,
    2.8987088203430176,
    2.926795244216919,
    2.954846143722534,
    2.982891798019409,
    3.0109875202178955,
    3.039118528366089,
    3.067186117172241,
    3.095259666442871,
    3.1233129501342773,
    3.1513671875,
    3.1794161796569824,
    3.2074637413024902,
    3.235504388809204,
    3.263549566268921,
    3.2915942668914795,
    3.319640874862671,
    3.347679615020752,
    3.3757803440093994,
    3.403827667236328,
    3.431880235671997,
    3.4599242210388184,
    3.4880282878875732,
    3.516077995300293,
    3.5441195964813232,
    3.572160482406616,
    3.6002299785614014,
    3.628283739089966,
    3.6563243865966797,
    3.684394359588623,
    3.7125282287597656,
    3.740668535232544,
    3.7687714099884033,
    3.7968733310699463,
    3.8249754905700684,
    3.853076219558716,
    3.8811774253845215,
    3.9092795848846436,
    3.937382698059082,
    3.965484142303467,
    3.993544816970825,
    4.021612882614136,
    4.049774646759033,
    4.077924966812134,
    4.106028318405151,
    4.134154319763184,
    4.162256479263306,
    4.190372467041016
  ]
}