{
  "gesture_id": 7,
  "gesture_name": "hover",
  "timestamp": "2025-12-24T14:27:00.877546",
  "sample_rate": 50,
  "duration": 3.0,
  "distances": [
    14.04120922088623,
    14.057564735412598,
    13.701832294464111,
    13.65276575088501,
    13.718187808990479,
    14.073920249938965,
    13.002634048461914,
    13.03943395614624,
    14.752674102783203,
    13.74272108078003,
    12.683701515197754,
    12.99445629119873,
    13.317477703094482,
    12.348413467407227,
    12.28708028793335,
    12.299346923828125,
    12.315702438354492,
    12.315702438354492,
    12.336146831512451,
    12.360680103302002,
    12.33205795288086,
    14.078009128570557,
    12.671434879302979,
    13.010811805725098,
    13.01490068435669,
    13.018989562988281,
    12.986278533935547,
    13.3583664894104,
    13.370633125305176,
    13.391077518463135,
    13.317477703094482,
    11.99268102645874,
    12.033569812774658,
    13.701832294464111,
    13.726365566253662,
    12.327969074249268,
    12.336146831512451,
    12.319791316986084,
    12.291169166564941,
    12.327969074249268,
    12.291169166564941,
    12.327969074249268,
    12.360680103302002,
    12.35659122467041,
    12.372946739196777,
    12.704145908355713,
    12.683701515197754,
    13.023078441619873,
    12.990367412567139,
    13.076233863830566,
    13.018989562988281,
    13.080322742462158,
    12.998545169830322,
    13.031256198883057,
    13.010811805725098,
    13.027167320251465,
    13.01490068435669,
    13.010811805725098,
    13.055789470672607,
    13.018989562988281,
    13.006722927093506,
    13.035345077514648,
    13.051700592041016,
    13.047611713409424,
    13.035345077514648,
    12.982189655303955,
    13.027167320251465,
    12.986278533935547,
    13.395166397094727,
    13.362455368041992,
    12.03765869140625,
    12.009036540985107,
    12.017214298248291,
    12.029480934143066,
    12.017214298248291,
    13.395166397094727,
    13.362455368041992,
    11.955881118774414,
    11.955881118774414,
    11.972236633300781,
    11.951792240142822,
    11.996769905090332,
    11.964058876037598,
    12.029480934143066,
    13.669121265411377,
    13.67729902267456,
    13.714098930358887,
    13.718187808990479,
    13.705921173095703,
    12.009036540985107,
    11.984503269195557,
    11.959969997406006,
    13.386988639831543,
    13.346099853515625,
    13.366544246673584,
    11.984503269195557,
    11.988592147827148,
    11.951792240142822,
    13.37881088256836,
    13.391077518463135,
    13.382899761199951,
    13.374722003936768,
    13.350188732147217,
    13.350188732147217,
    13.399255275726318,
    13.37881088256836,
    13.37881088256836,
    13.37881088256836,
    13.366544246673584,
    13.395166397094727,
    11.99268102645874,
    13.710010051727295,
    13.988053798675537,
    13.759076595306396,
    13.693654537200928,
    13.67729902267456,
    13.746809959411621,
    12.364768981933594,
    12.336146831512451,
    12.37703561782837,
    12.348413467407227,
    12.360680103302002,
    13.69774341583252,
    15.079784393310547,
    13.366544246673584,
    13.366544246673584,
    13.342010974884033,
    13.346099853515625,
    13.3583664894104,
    13.342010974884033,
    13.362455368041992,
    14.74449634552002,
    12.986278533935547,
    13.006722927093506,
    12.978100776672363,
    13.0598783493042,
    13.023078441619873,
    13.043522834777832,
    12.986278533935547,
    12.982189655303955,
    12.982189655303955,
    12.99445629119873,
    13.002634048461914,
    12.982189655303955,
    12.986278533935547,
    13.354277610778809,
    13.321566581726074,
    13.37881088256836,
    13.37881088256836,
    13.346099853515625
  ],
  "timestamps": [
    0.00827479362487793,
    0.036769866943359375,
    0.06520271301269531,
    0.0935981273651123,
    0.12198257446289062,
    0.15038156509399414,
    0.1787421703338623,
    0.2070786952972412,
    0.2355186939239502,
    0.2638981342315674,
    0.2922177314758301,
    0.32055211067199707,
    0.3489048480987549,
    0.3771951198577881,
    0.40548229217529297,
    0.4337742328643799,
    0.4620659351348877,
    0.4903576374053955,
    0.5186662673950195,
    0.5469794273376465,
    0.5752708911895752,
    0.6036653518676758,
    0.6319811344146729,
    0.6603152751922607,
    0.6886439323425293,
    0.717012882232666,
    0.7455439567565918,
    0.7739291191101074,
    0.8023755550384521,
    0.8307178020477295,
    0.8590500354766846,
    0.8873052597045898,
    0.9155833721160889,
    0.9439587593078613,
    0.9723293781280518,
    1.0006203651428223,
    1.0289573669433594,
    1.0572702884674072,
    1.0855603218078613,
    1.1138529777526855,
    1.142129898071289,
    1.1704216003417969,
    1.1986937522888184,
    1.2269787788391113,
    1.2552714347839355,
    1.2835848331451416,
    1.3119175434112549,
    1.3402509689331055,
    1.3685810565948486,
    1.3969135284423828,
    1.4252469539642334,
    1.4535789489746094,
    1.4819083213806152,
    1.5102155208587646,
    1.5385630130767822,
    1.5668864250183105,
    1.5952198505401611,
    1.6235566139221191,
    1.6518871784210205,
    1.6802220344543457,
    1.7086279392242432,
    1.7370641231536865,
    1.765409231185913,
    1.7937445640563965,
    1.822110652923584,
    1.8504514694213867,
    1.8787651062011719,
    1.9070916175842285,
    1.9354407787322998,
    1.9637866020202637,
    1.9920570850372314,
    2.020341634750366,
    2.048638343811035,
    2.076914072036743,
    2.105189561843872,
    2.133563756942749,
    2.1619160175323486,
    2.1901700496673584,
    2.218435764312744,
    2.2466859817504883,
    2.2749557495117188,
    2.303227663040161,
    2.331498622894287,
    2.3597686290740967,
    2.388139009475708,
    2.416506052017212,
    2.444896697998047,
    2.473266124725342,
    2.501631021499634,
    2.529940128326416,
    2.5581939220428467,
    2.5864644050598145,
    2.6147961616516113,
    2.643167018890381,
    2.6715197563171387,
    2.7004847526550293,
    2.728881597518921,
    2.75719952583313,
    2.78554368019104,
    2.813906192779541,
    2.8422555923461914,
    2.870603084564209,
    2.898955821990967,
    2.927306890487671,
    2.9556589126586914,
    2.984020709991455,
    3.012373447418213,
    3.040722131729126,
    3.069077968597412,
    3.097430467605591,
    3.125692844390869,
    3.154125452041626,
    3.1825337409973145,
    3.2109391689300537,
    3.2393429279327393,
    3.2677254676818848,
    3.29610276222229,
    3.3243966102600098,
    3.3527021408081055,
    3.3810040950775146,
    3.4093234539031982,
    3.4376349449157715,
    3.466050863265991,
    3.4945263862609863,
    3.5228989124298096,
    3.5512826442718506,
    3.579643726348877,
    3.607996702194214,
    3.6363537311553955,
    3.6647188663482666,
    3.693091869354248,
    3.7215793132781982,
    3.7500369548797607,
    3.7783823013305664,
    3.8067171573638916,
    3.8350563049316406,
    3.8633878231048584,
    3.891716480255127,
    3.9200422763824463,
    3.94836688041687,
    3.976665735244751,
    4.004993677139282,
    4.033319473266602,
    4.061645746231079,
    4.089997053146362,
    4.118359088897705,
    4.1467063426971436,
    4.175052881240845,
    4.2034032344818115,
    4.231749534606934
  ]
}