{
  "gesture_id": 7,
  "gesture_name": "hover",
  "timestamp": "2025-12-24T14:25:03.967793",
  "sample_rate": 50,
  "duration": 3.0,
  "distances": [
    27.5140643119812,
    26.57771110534668,
    26.62677764892578,
    27.48953104019165,
    27.460908889770508,
    27.452731132507324,
    29.231393337249756,
    29.223215579986572,
    29.24365997314453,
    29.227304458618164,
    29.72205877304077,
    28.05379629135132,
    28.070151805877686,
    29.734325408935547,
    29.76703643798828,
    28.368639945983887,
    27.53041982650757,
    27.493619918823242,
    27.448642253875732,
    27.48544216156006,
    27.493619918823242,
    27.4649977684021,
    27.428197860717773,
    27.5140643119812,
    27.477264404296875,
    28.340017795562744,
    29.223215579986572,
    29.202771186828613,
    29.247748851776123,
    29.26410436630249,
    29.73841428756714,
    29.754769802093506,
    29.758858680725098,
    28.061974048614502,
    29.754769802093506,
    29.23957109451294,
    27.501797676086426,
    27.481353282928467,
    27.48544216156006,
    27.448642253875732,
    27.505886554718018,
    27.50997543334961,
    27.48953104019165,
    27.481353282928467,
    27.477264404296875,
    27.473175525665283,
    28.380906581878662,
    29.272282123565674,
    28.32775115966797,
    27.493619918823242,
    27.46908664703369,
    27.481353282928467,
    28.35637331008911,
    29.2600154876709,
    29.21503782272339,
    29.231393337249756,
    29.206860065460205,
    29.223215579986572,
    28.35637331008911,
    28.389084339141846,
    28.348195552825928,
    29.227304458618164,
    29.76294755935669,
    28.070151805877686,
    28.086507320404053,
    29.76294755935669,
    29.223215579986572,
    29.251837730407715,
    29.227304458618164,
    29.223215579986572,
    29.223215579986572,
    29.231393337249756,
    29.19868230819702,
    29.247748851776123,
    29.255926609039307,
    28.380906581878662,
    27.46908664703369,
    27.432286739349365,
    27.4649977684021,
    27.522242069244385,
    27.477264404296875,
    27.456820011138916,
    27.44455337524414,
    27.50997543334961,
    27.460908889770508,
    27.505886554718018,
    27.501797676086426,
    27.473175525665283,
    27.53450870513916,
    27.5140643119812,
    27.477264404296875,
    27.48544216156006,
    27.493619918823242,
    27.538597583770752,
    27.48953104019165,
    27.48544216156006,
    27.493619918823242,
    27.501797676086426,
    27.4649977684021,
    27.53041982650757,
    27.526330947875977,
    27.538597583770752,
    27.50997543334961,
    27.456820011138916,
    27.526330947875977,
    27.505886554718018,
    27.538597583770752,
    27.505886554718018,
    27.5140643119812,
    27.542686462402344,
    27.526330947875977,
    27.497708797454834,
    27.542686462402344,
    27.48953104019165,
    27.493619918823242,
    27.50997543334961,
    27.497708797454834,
    27.493619918823242,
    27.456820011138916,
    27.522242069244385,
    27.546775341033936,
    27.526330947875977,
    27.5140643119812,
    27.493619918823242,
    27.50997543334961,
    27.497708797454834,
    27.50997543334961,
    27.518153190612793,
    27.497708797454834,
    27.505886554718018,
    27.497708797454834,
    27.50997543334961,
    27.501797676086426,
    28.389084339141846,
    27.526330947875977,
    27.5140643119812,
    27.48953104019165,
    27.5140643119812,
    27.50997543334961,
    27.526330947875977,
    28.384995460510254,
    27.518153190612793,
    27.48953104019165,
    27.477264404296875,
    27.497708797454834,
    27.473175525665283,
    27.53450870513916,
    27.497708797454834,
    27.48544216156006,
    27.53450870513916
  ],
  "timestamps": [
    0.009062051773071289,
    0.03827095031738281,
    0.06743288040161133,
    0.09672355651855469,
    0.12589073181152344,
    0.15505385398864746,
    0.18430185317993164,
    0.21354341506958008,
    0.24282383918762207,
    0.2720954418182373,
    0.3013730049133301,
    0.3306150436401367,
    0.35980772972106934,
    0.3890845775604248,
    0.41837024688720703,
    0.44759130477905273,
    0.476790189743042,
    0.5059595108032227,
    0.5351612567901611,
    0.5643088817596436,
    0.5934536457061768,
    0.622607946395874,
    0.6517801284790039,
    0.6809444427490234,
    0.7101118564605713,
    0.7393589019775391,
    0.7687890529632568,
    0.7980606555938721,
    0.8273353576660156,
    0.8566114902496338,
    0.885911226272583,
    0.915217399597168,
    0.9445624351501465,
    0.9737505912780762,
    1.0030310153961182,
    1.0322885513305664,
    1.06146240234375,
    1.0906364917755127,
    1.1198089122772217,
    1.148977279663086,
    1.1781437397003174,
    1.2073278427124023,
    1.2364890575408936,
    1.265636920928955,
    1.2947800159454346,
    1.323937177658081,
    1.3531525135040283,
    1.382420301437378,
    1.4116325378417969,
    1.4407899379730225,
    1.4699375629425049,
    1.499096393585205,
    1.528350830078125,
    1.557626485824585,
    1.5868935585021973,
    1.6161608695983887,
    1.6454198360443115,
    1.6746714115142822,
    1.7038686275482178,
    1.7330679893493652,
    1.7623684406280518,
    1.79172682762146,
    1.8211016654968262,
    1.8503694534301758,
    1.8795685768127441,
    1.908811330795288,
    1.9381279945373535,
    1.9674131870269775,
    1.9966890811920166,
    2.0259575843811035,
    2.0552268028259277,
    2.084484338760376,
    2.1137290000915527,
    2.14298939704895,
    2.1722705364227295,
    2.2014899253845215,
    2.2306575775146484,
    2.2598187923431396,
    2.28896427154541,
    2.3181099891662598,
    2.3473024368286133,
    2.376476526260376,
    2.405641794204712,
    2.434807538986206,
    2.463963508605957,
    2.4931180477142334,
    2.522270679473877,
    2.551422119140625,
    2.580592155456543,
    2.6097590923309326,
    2.638930559158325,
    2.6680872440338135,
    2.6972408294677734,
    2.7263870239257812,
    2.7555718421936035,
    2.7848217487335205,
    2.8140101432800293,
    2.8431904315948486,
    2.872408866882324,
    2.901564121246338,
    2.930713653564453,
    2.9598710536956787,
    2.989046096801758,
    3.0182111263275146,
    3.0473811626434326,
    3.0765342712402344,
    3.1056861877441406,
    3.134840965270996,
    3.163992404937744,
    3.193155527114868,
    3.2223048210144043,
    3.251448631286621,
    3.280606746673584,
    3.309777021408081,
    3.3389484882354736,
    3.368137836456299,
    3.397306442260742,
    3.4264731407165527,
    3.455639600753784,
    3.484802722930908,
    3.513953685760498,
    3.543105363845825,
    3.5722529888153076,
    3.6013989448547363,
    3.630547523498535,
    3.6596975326538086,
    3.688875913619995,
    3.7180442810058594,
    3.747269868850708,
    3.7765250205993652,
    3.805704116821289,
    3.83486008644104,
    3.864008903503418,
    3.893220901489258,
    3.922396659851074,
    3.9515652656555176,
    3.9807369709014893,
    4.0099570751190186,
    4.039113521575928,
    4.068265199661255,
    4.097472906112671,
    4.126645565032959,
    4.155818462371826,
    4.184983015060425,
    4.21424674987793,
    4.243396759033203,
    4.2725465297698975,
    4.301708221435547,
    4.330879211425781,
    4.360049486160278
  ]
}