{
  "gesture_id": 7,
  "gesture_name": "hover",
  "timestamp": "2025-12-24T14:46:55.951812",
  "sample_rate": 50,
  "duration": 3.0,
  "distances": [
    16.425025463104248,
    16.45364761352539,
    16.388225555419922,
    16.400492191314697,
    16.4495587348938,
    16.40866994857788,
    16.40866994857788,
    16.416847705841064,
    16.752135753631592,
    16.776669025421143,
    16.743957996368408,
    16.70306921005249,
    16.780757904052734,
    16.694891452789307,
    16.72760248184204,
    16.764402389526367,
    16.76849126815796,
    16.731691360473633,
    16.735780239105225,
    16.756224632263184,
    16.731691360473633,
    16.76849126815796,
    16.711246967315674,
    16.756224632263184,
    16.748046875,
    17.692577838897705,
    16.38004779815674,
    16.43320322036743,
    16.4495587348938,
    16.45364761352539,
    16.441380977630615,
    16.118359565734863,
    16.06929302215576,
    16.097915172576904,
    16.081559658050537,
    17.103779315948486,
    17.058801651000977,
    17.04244613647461,
    17.06289052963257,
    17.050623893737793,
    17.06289052963257,
    17.083334922790527,
    17.034268379211426,
    17.075157165527344,
    17.071068286895752,
    16.08973741531372,
    16.106092929840088,
    16.11018180847168,
    16.061115264892578,
    17.06289052963257,
    17.06697940826416,
    17.050623893737793,
    17.04244613647461,
    17.038357257843018,
    16.764402389526367,
    16.739869117736816,
    16.694891452789307,
    16.731691360473633,
    16.731691360473633,
    16.719424724578857,
    16.739869117736816,
    16.739869117736816,
    16.70306921005249,
    16.748046875,
    16.752135753631592,
    16.739869117736816,
    16.719424724578857,
    16.715335845947266,
    16.72760248184204,
    16.764402389526367,
    16.72351360321045,
    16.72760248184204,
    16.70306921005249,
    16.756224632263184,
    16.694891452789307,
    16.711246967315674,
    16.756224632263184,
    16.756224632263184,
    16.760313510894775,
    16.76849126815796,
    16.77258014678955,
    16.735780239105225,
    16.780757904052734,
    17.0465350151062,
    17.103779315948486,
    17.09151268005371,
    16.76849126815796,
    16.731691360473633,
    16.715335845947266,
    16.72351360321045,
    16.77258014678955,
    16.731691360473633,
    16.735780239105225,
    16.76849126815796,
    16.760313510894775,
    16.748046875,
    16.748046875,
    16.760313510894775,
    16.715335845947266,
    16.748046875,
    16.707158088684082,
    16.719424724578857,
    16.764402389526367,
    16.715335845947266,
    16.735780239105225,
    16.77258014678955,
    16.735780239105225,
    16.715335845947266,
    16.719424724578857,
    16.6989803314209,
    16.731691360473633,
    16.743957996368408,
    16.711246967315674,
    16.72351360321045,
    16.707158088684082,
    16.694891452789307,
    16.76849126815796,
    16.735780239105225,
    16.739869117736816,
    16.760313510894775,
    16.715335845947266,
    16.739869117736816,
    16.756224632263184,
    16.743957996368408,
    16.68262481689453,
    16.735780239105225,
    16.711246967315674,
    16.743957996368408,
    16.735780239105225,
    16.780757904052734,
    16.752135753631592,
    16.743957996368408,
    16.739869117736816,
    17.74982213973999,
    17.692577838897705,
    17.72528886795044,
    17.68031120300293,
    16.40458106994629,
    16.441380977630615,
    16.425025463104248,
    16.412758827209473,
    16.416847705841064,
    16.396403312683105,
    16.420936584472656,
    16.400492191314697,
    16.43320322036743,
    16.412758827209473,
    16.396403312683105,
    16.45364761352539,
    16.445469856262207
  ],
  "timestamps": [
    0.008414745330810547,
    0.03722953796386719,
    0.06583404541015625,
    0.09440970420837402,
    0.1229865550994873,
    0.15152740478515625,
    0.18004631996154785,
    0.20857739448547363,
    0.2371211051940918,
    0.26568174362182617,
    0.2942352294921875,
    0.3227834701538086,
    0.3513338565826416,
    0.37988853454589844,
    0.40844011306762695,
    0.4369940757751465,
    0.4655447006225586,
    0.49410080909729004,
    0.5226633548736572,
    0.5512406826019287,
    0.5797889232635498,
    0.6083223819732666,
    0.6368532180786133,
    0.665438175201416,
    0.6939997673034668,
    0.7226054668426514,
    0.7511353492736816,
    0.7796690464019775,
    0.8082044124603271,
    0.8367419242858887,
    0.8652796745300293,
    0.893817663192749,
    0.9223775863647461,
    0.950993537902832,
    0.9795312881469727,
    1.008103609085083,
    1.0366339683532715,
    1.0652093887329102,
    1.09378981590271,
    1.1223480701446533,
    1.150902271270752,
    1.1794593334197998,
    1.208073377609253,
    1.2366313934326172,
    1.2652053833007812,
    1.293736219406128,
    1.322248935699463,
    1.350766897201538,
    1.3792753219604492,
    1.4078497886657715,
    1.4364104270935059,
    1.464966058731079,
    1.4935121536254883,
    1.5221302509307861,
    1.5507104396820068,
    1.5792770385742188,
    1.6078336238861084,
    1.6363897323608398,
    1.6649415493011475,
    1.6934928894042969,
    1.7220444679260254,
    1.750581979751587,
    1.779111385345459,
    1.8076794147491455,
    1.836216688156128,
    1.8647887706756592,
    1.8933451175689697,
    1.9219658374786377,
    1.9506220817565918,
    1.9791667461395264,
    2.0077285766601562,
    2.0362696647644043,
    2.0648200511932373,
    2.0933918952941895,
    2.1219446659088135,
    2.150496006011963,
    2.1790952682495117,
    2.2076337337493896,
    2.23616623878479,
    2.2647032737731934,
    2.2932519912719727,
    2.3217999935150146,
    2.350370168685913,
    2.3789281845092773,
    2.4074759483337402,
    2.436025857925415,
    2.4646053314208984,
    2.4931559562683105,
    2.521705150604248,
    2.5502572059631348,
    2.5788004398345947,
    2.6073241233825684,
    2.6358561515808105,
    2.664384603500366,
    2.692929983139038,
    2.7214577198028564,
    2.7499845027923584,
    2.778521776199341,
    2.8070759773254395,
    2.835627555847168,
    2.864185094833374,
    2.8927342891693115,
    2.9213011264801025,
    2.9499611854553223,
    2.978512763977051,
    3.007079601287842,
    3.0356240272521973,
    3.064164161682129,
    3.092757225036621,
    3.121306896209717,
    3.1498756408691406,
    3.178407669067383,
    3.2069571018218994,
    3.2355072498321533,
    3.264056444168091,
    3.2926034927368164,
    3.32114839553833,
    3.349698543548584,
    3.3782262802124023,
    3.406773805618286,
    3.435321092605591,
    3.4638800621032715,
    3.492431640625,
    3.520989179611206,
    3.5495617389678955,
    3.5781373977661133,
    3.6067020893096924,
    3.635253667831421,
    3.6638145446777344,
    3.6923587322235107,
    3.720919609069824,
    3.7494843006134033,
    3.778080701828003,
    3.8067057132720947,
    3.8353214263916016,
    3.863933801651001,
    3.8925390243530273,
    3.9210927486419678,
    3.949700117111206,
    3.978243112564087,
    4.006775617599487,
    4.035362482070923,
    4.063930034637451,
    4.092485666275024,
    4.121041774749756,
    4.14957594871521,
    4.178115606307983,
    4.206621170043945,
    4.2351460456848145,
    4.263792037963867
  ]
}