{
  "gesture_id": 7,
  "gesture_name": "hover",
  "timestamp": "2025-12-24T14:44:01.961524",
  "sample_rate": 50,
  "duration": 3.0,
  "distances": [
    10.320329666137695,
    10.267174243927002,
    10.271263122558594,
    10.271263122558594,
    10.320329666137695,
    11.636948585510254,
    11.681926250457764,
    11.665570735931396,
    11.665570735931396,
    11.661481857299805,
    9.923708438873291,
    9.915530681610107,
    9.952330589294434,
    9.907352924346924,
    9.94415283203125,
    9.923708438873291,
    9.964597225189209,
    9.915530681610107,
    9.927797317504883,
    9.94415283203125,
    9.890997409820557,
    9.907352924346924,
    9.964597225189209,
    9.9686861038208,
    9.940063953399658,
    9.9196195602417,
    9.940063953399658,
    9.9196195602417,
    9.911441802978516,
    9.890997409820557,
    9.940063953399658,
    9.895086288452148,
    9.907352924346924,
    9.948241710662842,
    9.927797317504883,
    9.911441802978516,
    9.923708438873291,
    10.267174243927002,
    10.287618637084961,
    10.279440879821777,
    9.923708438873291,
    9.940063953399658,
    9.931886196136475,
    9.931886196136475,
    9.940063953399658,
    9.956419467926025,
    9.89917516708374,
    9.886908531188965,
    9.948241710662842,
    9.915530681610107,
    9.952330589294434,
    9.903264045715332,
    9.948241710662842,
    9.911441802978516,
    9.915530681610107,
    9.907352924346924,
    9.94415283203125,
    10.30806303024292,
    10.320329666137695,
    10.267174243927002,
    10.299885272979736,
    10.246729850769043,
    10.299885272979736,
    10.279440879821777,
    10.30806303024292,
    11.277127265930176,
    9.956419467926025,
    9.948241710662842,
    9.915530681610107,
    9.911441802978516,
    9.931886196136475,
    9.907352924346924,
    9.94415283203125,
    9.94415283203125,
    9.657931327819824,
    9.895086288452148,
    9.952330589294434,
    10.303974151611328,
    10.303974151611328,
    10.23855209350586,
    10.287618637084961,
    10.28352975845337,
    10.254907608032227,
    10.26308536529541,
    10.226285457611084,
    10.250818729400635,
    10.226285457611084,
    10.246729850769043,
    10.254907608032227,
    10.234463214874268,
    10.30806303024292,
    10.267174243927002,
    10.295796394348145,
    10.279440879821777,
    10.26308536529541,
    10.30806303024292,
    10.23855209350586,
    10.246729850769043,
    10.267174243927002,
    10.299885272979736,
    10.250818729400635,
    10.250818729400635,
    10.287618637084961,
    9.26131010055542,
    9.232687950134277,
    9.240865707397461,
    10.60246229171753,
    10.234463214874268,
    10.275352001190186,
    10.299885272979736,
    10.246729850769043,
    10.598373413085938,
    10.586106777191162,
    10.234463214874268,
    10.258996486663818,
    10.275352001190186,
    10.28352975845337,
    10.246729850769043,
    10.267174243927002,
    10.23855209350586,
    10.271263122558594,
    10.287618637084961,
    10.279440879821777,
    10.271263122558594,
    10.275352001190186,
    10.312151908874512,
    10.312151908874512,
    10.26308536529541,
    9.232687950134277,
    9.220421314239502,
    9.228599071502686,
    9.249043464660645,
    10.271263122558594,
    10.275352001190186,
    9.212243556976318,
    9.244954586029053,
    9.265398979187012,
    9.249043464660645,
    9.240865707397461,
    9.224510192871094,
    10.275352001190186,
    10.295796394348145,
    10.254907608032227,
    10.267174243927002,
    10.275352001190186,
    9.240865707397461,
    10.299885272979736,
    10.312151908874512,
    10.287618637084961,
    10.246729850769043
  ],
  "timestamps": [
    0.008057594299316406,
    0.03633427619934082,
    0.06455135345458984,
    0.09275627136230469,
    0.12094545364379883,
    0.14919710159301758,
    0.1774461269378662,
    0.20569086074829102,
    0.23394513130187988,
    0.26219797134399414,
    0.29035425186157227,
    0.3185298442840576,
    0.3466827869415283,
    0.3748319149017334,
    0.40297627449035645,
    0.4311201572418213,
    0.45926785469055176,
    0.4874138832092285,
    0.5155560970306396,
    0.5436961650848389,
    0.5718367099761963,
    0.600003719329834,
    0.6281521320343018,
    0.6563012599945068,
    0.6844279766082764,
    0.7125811576843262,
    0.740703821182251,
    0.7688486576080322,
    0.7969942092895508,
    0.8251478672027588,
    0.8534018993377686,
    0.8816468715667725,
    0.9098098278045654,
    0.9380111694335938,
    0.9661657810211182,
    0.9943232536315918,
    1.0224738121032715,
    1.0506389141082764,
    1.0788073539733887,
    1.1069705486297607,
    1.1351163387298584,
    1.1632599830627441,
    1.1913988590240479,
    1.2195396423339844,
    1.2476837635040283,
    1.275829792022705,
    1.3040072917938232,
    1.3321444988250732,
    1.3602943420410156,
    1.3884167671203613,
    1.416571855545044,
    1.4446957111358643,
    1.4728641510009766,
    1.5010104179382324,
    1.5291540622711182,
    1.5573008060455322,
    1.5854451656341553,
    1.613614797592163,
    1.6417815685272217,
    1.6699469089508057,
    1.6981110572814941,
    1.7262754440307617,
    1.754439353942871,
    1.7826237678527832,
    1.8107898235321045,
    1.839059829711914,
    1.867283582687378,
    1.8954436779022217,
    1.9235870838165283,
    1.951730728149414,
    1.97987961769104,
    2.008075714111328,
    2.0362229347229004,
    2.064347982406616,
    2.0924901962280273,
    2.1206138134002686,
    2.1487622261047363,
    2.1769323348999023,
    2.20509672164917,
    2.233259677886963,
    2.261420249938965,
    2.28961181640625,
    2.317777156829834,
    2.3459506034851074,
    2.374113082885742,
    2.4022765159606934,
    2.4304373264312744,
    2.458603858947754,
    2.4867663383483887,
    2.514925718307495,
    2.5430896282196045,
    2.571246862411499,
    2.59942889213562,
    2.6275906562805176,
    2.655745506286621,
    2.6839325428009033,
    2.712078809738159,
    2.7402501106262207,
    2.7683935165405273,
    2.796558141708374,
    2.8247017860412598,
    2.8529133796691895,
    2.881155252456665,
    2.909301996231079,
    2.9374074935913086,
    2.9655163288116455,
    2.99371075630188,
    3.021892786026001,
    3.0500659942626953,
    3.0782358646392822,
    3.1063971519470215,
    3.13458514213562,
    3.1627819538116455,
    3.1909427642822266,
    3.219123601913452,
    3.2472851276397705,
    3.275440216064453,
    3.3035998344421387,
    3.3317666053771973,
    3.359935760498047,
    3.388078451156616,
    3.4162447452545166,
    3.444385528564453,
    3.4725499153137207,
    3.5006954669952393,
    3.528862237930298,
    3.5570311546325684,
    3.585198163986206,
    3.6133220195770264,
    3.641434669494629,
    3.669538974761963,
    3.6976406574249268,
    3.725799798965454,
    3.753970146179199,
    3.7820751667022705,
    3.8101806640625,
    3.838325262069702,
    3.8665082454681396,
    3.8946242332458496,
    3.9227123260498047,
    3.9508800506591797,
    3.9790499210357666,
    4.007207870483398,
    4.035369873046875,
    4.063530445098877,
    4.091632604598999,
    4.119798183441162,
    4.147985458374023,
    4.1761415004730225,
    4.2043092250823975
  ]
}