{
  "gesture_id": 7,
  "gesture_name": "hover",
  "timestamp": "2025-12-24T14:41:46.089196",
  "sample_rate": 50,
  "duration": 3.0,
  "distances": [
    18.665730953216553,
    17.369556427001953,
    18.359065055847168,
    18.371331691741943,
    17.43088960647583,
    18.698441982269287,
    17.741644382476807,
    19.017374515533447,
    17.995154857635498,
    17.075157165527344,
    18.3427095413208,
    17.414534091949463,
    18.649375438690186,
    17.696666717529297,
    17.72937774658203,
    17.36137866973877,
    17.41044521331787,
    17.02200174331665,
    17.06697940826416,
    17.079246044158936,
    18.060576915740967,
    18.0442214012146,
    18.040132522583008,
    17.99924373626709,
    18.0442214012146,
    18.036043643951416,
    19.009196758270264,
    17.696666717529297,
    17.708933353424072,
    17.72937774658203,
    17.717111110687256,
    17.757999897003174,
    17.72528886795044,
    17.717111110687256,
    17.70075559616089,
    17.688488960266113,
    17.733466625213623,
    17.737555503845215,
    17.70075559616089,
    17.713022232055664,
    17.688488960266113,
    17.688488960266113,
    17.70484447479248,
    17.717111110687256,
    19.34448480606079,
    17.692577838897705,
    17.713022232055664,
    17.72528886795044,
    17.708933353424072,
    18.690264225006104,
    18.710708618164062,
    17.38182306289673,
    17.43088960647583,
    17.394089698791504,
    17.402267456054688,
    17.443156242370605,
    17.398178577423096,
    17.394089698791504,
    17.369556427001953,
    17.394089698791504,
    17.414534091949463,
    17.41044521331787,
    17.41044521331787,
    17.377734184265137,
    17.414534091949463,
    17.357289791107178,
    17.369556427001953,
    17.41044521331787,
    17.414534091949463,
    17.414534091949463,
    17.353200912475586,
    17.369556427001953,
    19.671595096588135,
    18.3427095413208,
    18.36724281311035,
    19.303596019744873,
    19.307684898376465,
    19.328129291534424,
    19.31586265563965,
    19.266796112060547,
    19.307684898376465,
    19.34448480606079,
    19.311773777008057,
    19.262707233428955,
    18.052399158477783,
    18.056488037109375,
    18.02377700805664,
    18.031954765319824,
    18.015599250793457,
    17.995154857635498,
    19.287240505218506,
    19.31995153427124,
    19.31586265563965,
    19.324040412902832,
    19.307684898376465,
    19.332218170166016,
    19.311773777008057,
    19.291329383850098,
    19.283151626586914,
    19.283151626586914,
    19.27497386932373,
    19.31995153427124,
    19.291329383850098,
    19.31586265563965,
    19.332218170166016,
    17.995154857635498,
    18.031954765319824,
    18.011510372161865,
    18.052399158477783,
    18.031954765319824,
    19.332218170166016,
    19.332218170166016,
    19.352662563323975,
    19.3403959274292,
    19.311773777008057,
    18.036043643951416,
    18.040132522583008,
    18.036043643951416,
    18.04831027984619,
    18.06875467300415,
    18.06875467300415,
    18.031954765319824,
    18.081021308898926,
    18.04831027984619,
    18.052399158477783,
    18.040132522583008,
    18.166887760162354,
    18.06466579437256,
    18.01968812942505,
    18.056488037109375,
    18.060576915740967,
    18.06466579437256,
    18.027865886688232,
    18.060576915740967,
    18.0442214012146,
    18.015599250793457,
    18.06466579437256,
    18.04831027984619,
    18.040132522583008,
    18.056488037109375,
    18.02377700805664,
    18.04831027984619,
    18.007421493530273,
    18.02377700805664,
    19.29950714111328,
    19.369018077850342,
    19.336307048797607,
    19.328129291534424,
    19.31586265563965,
    19.324040412902832
  ],
  "timestamps": [
    0.008555412292480469,
    0.03723287582397461,
    0.06599164009094238,
    0.09459114074707031,
    0.12315821647644043,
    0.15183472633361816,
    0.18044018745422363,
    0.20911955833435059,
    0.23773980140686035,
    0.2662966251373291,
    0.2949233055114746,
    0.323469877243042,
    0.3521158695220947,
    0.3807218074798584,
    0.4093461036682129,
    0.43795347213745117,
    0.46657371520996094,
    0.49512243270874023,
    0.5236825942993164,
    0.5522239208221436,
    0.5808312892913818,
    0.6094300746917725,
    0.6380293369293213,
    0.6666338443756104,
    0.695244550704956,
    0.7238712310791016,
    0.7525441646575928,
    0.7811970710754395,
    0.8099515438079834,
    0.8386712074279785,
    0.8672688007354736,
    0.8958728313446045,
    0.9244565963745117,
    0.953033447265625,
    0.9816207885742188,
    1.0102770328521729,
    1.038879156112671,
    1.0674762725830078,
    1.0960743427276611,
    1.1246726512908936,
    1.1532766819000244,
    1.1818420886993408,
    1.2104275226593018,
    1.2390120029449463,
    1.2676680088043213,
    1.2962546348571777,
    1.3248722553253174,
    1.3534722328186035,
    1.3820645809173584,
    1.4107117652893066,
    1.4393503665924072,
    1.467911958694458,
    1.4964749813079834,
    1.5250444412231445,
    1.553602933883667,
    1.5821614265441895,
    1.6107299327850342,
    1.639317512512207,
    1.6678955554962158,
    1.6964762210845947,
    1.7250597476959229,
    1.75364351272583,
    1.7822601795196533,
    1.8109185695648193,
    1.8395228385925293,
    1.868112564086914,
    1.896695613861084,
    1.9252848625183105,
    1.9538238048553467,
    1.9824025630950928,
    2.011004686355591,
    2.0395944118499756,
    2.068310022354126,
    2.0969440937042236,
    2.1255669593811035,
    2.1542422771453857,
    2.182910442352295,
    2.211601972579956,
    2.240297794342041,
    2.2689881324768066,
    2.2976765632629395,
    2.326352119445801,
    2.3550171852111816,
    2.383683681488037,
    2.4123289585113525,
    2.440950393676758,
    2.469562530517578,
    2.4981741905212402,
    2.5267741680145264,
    2.555368185043335,
    2.584031343460083,
    2.6126976013183594,
    2.6413800716400146,
    2.6700479984283447,
    2.6987156867980957,
    2.7274019718170166,
    2.756096601486206,
    2.784834623336792,
    2.813607692718506,
    2.842313766479492,
    2.8710312843322754,
    2.8997154235839844,
    2.9284439086914062,
    2.9571444988250732,
    2.9858319759368896,
    3.0144457817077637,
    3.04305100440979,
    3.071652412414551,
    3.100252151489258,
    3.1288504600524902,
    3.1575355529785156,
    3.1862075328826904,
    3.214876890182495,
    3.243565797805786,
    3.272265911102295,
    3.3008840084075928,
    3.329498529434204,
    3.3581032752990723,
    3.386695146560669,
    3.4152944087982178,
    3.4439377784729004,
    3.4725565910339355,
    3.501176595687866,
    3.5298032760620117,
    3.558406352996826,
    3.5870046615600586,
    3.615600824356079,
    3.6442008018493652,
    3.672814130783081,
    3.701413869857788,
    3.7300057411193848,
    3.758615255355835,
    3.787362575531006,
    3.816068410873413,
    3.844698667526245,
    3.8733372688293457,
    3.901961088180542,
    3.9305825233459473,
    3.959280014038086,
    3.9879000186920166,
    4.016517639160156,
    4.0451343059539795,
    4.073737621307373,
    4.102338552474976,
    4.13103461265564,
    4.159730672836304,
    4.188425779342651,
    4.217116594314575,
    4.2458178997039795,
    4.274508714675903
  ]
}