{
  "gesture_id": 7,
  "gesture_name": "hover",
  "timestamp": "2025-12-24T14:47:25.153595",
  "sample_rate": 50,
  "duration": 3.0,
  "distances": [
    15.419161319732666,
    15.402805805206299,
    15.729916095733643,
    16.72760248184204,
    15.402805805206299,
    15.40689468383789,
    15.47231674194336,
    15.410983562469482,
    15.398716926574707,
    15.42733907699585,
    15.419161319732666,
    15.394628047943115,
    15.415072441101074,
    15.439605712890625,
    15.42733907699585,
    15.394628047943115,
    15.386450290679932,
    15.460050106048584,
    16.416847705841064,
    16.416847705841064,
    16.437292098999023,
    16.38413667678833,
    16.38004779815674,
    15.390539169311523,
    15.378272533416748,
    15.410983562469482,
    15.439605712890625,
    16.38413667678833,
    16.38004779815674,
    15.439605712890625,
    15.460050106048584,
    15.42733907699585,
    15.419161319732666,
    15.644049644470215,
    15.443694591522217,
    15.398716926574707,
    16.420936584472656,
    16.40458106994629,
    16.457736492156982,
    16.400492191314697,
    16.40458106994629,
    16.11427068710327,
    16.061115264892578,
    16.081559658050537,
    16.11018180847168,
    16.081559658050537,
    16.081559658050537,
    16.118359565734863,
    17.071068286895752,
    17.058801651000977,
    15.795338153839111,
    15.783071517944336,
    16.739869117736816,
    16.711246967315674,
    15.758538246154785,
    15.762627124786377,
    16.08973741531372,
    16.106092929840088,
    16.081559658050537,
    16.097915172576904,
    16.08973741531372,
    16.052937507629395,
    16.081559658050537,
    17.107868194580078,
    17.071068286895752,
    16.06929302215576,
    16.081559658050537,
    16.073381900787354,
    16.097915172576904,
    16.061115264892578,
    16.08564853668213,
    16.06929302215576,
    16.08564853668213,
    16.097915172576904,
    16.097915172576904,
    16.13062620162964,
    16.06520414352417,
    16.11018180847168,
    16.11427068710327,
    16.097915172576904,
    16.102004051208496,
    16.11427068710327,
    16.097915172576904,
    16.08564853668213,
    16.061115264892578,
    16.052937507629395,
    16.08564853668213,
    16.061115264892578,
    16.052937507629395,
    16.077470779418945,
    16.06520414352417,
    17.083334922790527,
    17.01791286468506,
    17.038357257843018,
    17.06697940826416,
    16.106092929840088,
    16.093826293945312,
    16.077470779418945,
    16.097915172576904,
    16.04475975036621,
    16.08564853668213,
    16.11427068710327,
    16.077470779418945,
    16.118359565734863,
    16.077470779418945,
    17.034268379211426,
    16.08973741531372,
    16.077470779418945,
    16.077470779418945,
    16.08973741531372,
    16.102004051208496,
    16.06929302215576,
    16.081559658050537,
    16.08973741531372,
    16.097915172576904,
    16.06929302215576,
    16.106092929840088,
    16.106092929840088,
    16.04067087173462,
    16.08564853668213,
    16.11018180847168,
    16.08564853668213,
    16.06520414352417,
    16.04475975036621,
    16.11427068710327,
    16.093826293945312,
    16.08973741531372,
    16.081559658050537,
    16.061115264892578,
    16.126537322998047,
    16.077470779418945,
    16.08973741531372,
    16.08973741531372,
    16.093826293945312,
    16.126537322998047,
    16.08973741531372,
    16.102004051208496,
    16.077470779418945,
    16.126537322998047,
    16.081559658050537,
    16.08973741531372,
    16.08973741531372,
    16.118359565734863,
    16.073381900787354,
    16.08973741531372,
    16.08564853668213,
    16.11018180847168,
    16.093826293945312,
    16.073381900787354,
    16.11018180847168
  ],
  "timestamps": [
    0.008353471755981445,
    0.03690457344055176,
    0.06542778015136719,
    0.09399700164794922,
    0.12247443199157715,
    0.1509556770324707,
    0.17943358421325684,
    0.20790839195251465,
    0.23638129234313965,
    0.2648501396179199,
    0.29331469535827637,
    0.3217732906341553,
    0.35022854804992676,
    0.378739595413208,
    0.40723419189453125,
    0.4357171058654785,
    0.4641873836517334,
    0.49266767501831055,
    0.5211899280548096,
    0.5497109889984131,
    0.578272819519043,
    0.60691237449646,
    0.6354460716247559,
    0.6639199256896973,
    0.6924362182617188,
    0.7210047245025635,
    0.7495660781860352,
    0.778111457824707,
    0.8066353797912598,
    0.8350989818572998,
    0.8635597229003906,
    0.8920783996582031,
    0.9205636978149414,
    0.9490566253662109,
    0.9775316715240479,
    1.0060033798217773,
    1.0345335006713867,
    1.0630700588226318,
    1.091604471206665,
    1.1201238632202148,
    1.1486363410949707,
    1.1771280765533447,
    1.205615758895874,
    1.2341203689575195,
    1.26263427734375,
    1.2911419868469238,
    1.3196706771850586,
    1.3481824398040771,
    1.3767566680908203,
    1.4053208827972412,
    1.4338138103485107,
    1.4623055458068848,
    1.4908497333526611,
    1.5193939208984375,
    1.5478706359863281,
    1.5763473510742188,
    1.6048345565795898,
    1.633399486541748,
    1.6619133949279785,
    1.690448522567749,
    1.7190625667572021,
    1.7476215362548828,
    1.7761385440826416,
    1.8047163486480713,
    1.8332915306091309,
    1.861797571182251,
    1.890286922454834,
    1.918795108795166,
    1.9473657608032227,
    1.9758858680725098,
    2.0043962001800537,
    2.0329015254974365,
    2.061415433883667,
    2.0899267196655273,
    2.1184380054473877,
    2.1469483375549316,
    2.175447463989258,
    2.203934669494629,
    2.232419013977051,
    2.260946273803711,
    2.2895445823669434,
    2.3180532455444336,
    2.346564769744873,
    2.3750765323638916,
    2.4035847187042236,
    2.432090997695923,
    2.4605958461761475,
    2.489102363586426,
    2.517609119415283,
    2.546116828918457,
    2.574643850326538,
    2.6032114028930664,
    2.6317789554595947,
    2.660360813140869,
    2.688936710357666,
    2.717583656311035,
    2.746136426925659,
    2.7746331691741943,
    2.803182363510132,
    2.8316972255706787,
    2.860219717025757,
    2.888727903366089,
    2.9172348976135254,
    2.945744752883911,
    2.9742560386657715,
    3.0028181076049805,
    3.0313687324523926,
    3.059858798980713,
    3.088351249694824,
    3.1168532371520996,
    3.145385503768921,
    3.1738951206207275,
    3.2024035453796387,
    3.2309012413024902,
    3.259392023086548,
    3.287879705429077,
    3.3164114952087402,
    3.34492564201355,
    3.3734405040740967,
    3.4019510746002197,
    3.4304635524749756,
    3.458974838256836,
    3.4874842166900635,
    3.5159897804260254,
    3.544485092163086,
    3.5729689598083496,
    3.601506233215332,
    3.6300461292266846,
    3.6585683822631836,
    3.6870906352996826,
    3.7157082557678223,
    3.744309663772583,
    3.7728281021118164,
    3.8013358116149902,
    3.8298556804656982,
    3.8583734035491943,
    3.8868918418884277,
    3.9153993129730225,
    3.943915367126465,
    3.9724204540252686,
    4.000923156738281,
    4.029428482055664,
    4.057917833328247,
    4.0864174365997314,
    4.114906549453735,
    4.143394708633423,
    4.171935558319092,
    4.200451612472534,
    4.228967905044556,
    4.257505178451538
  ]
}