{
  "gesture_id": 7,
  "gesture_name": "hover",
  "timestamp": "2025-12-24T14:27:41.432891",
  "sample_rate": 50,
  "duration": 3.0,
  "distances": [
    12.315702438354492,
    12.282991409301758,
    12.315702438354492,
    12.49152421951294,
    12.65099048614502,
    11.632859706878662,
    11.955881118774414,
    11.980414390563965,
    11.964058876037598,
    11.951792240142822,
    12.000858783721924,
    11.980414390563965,
    11.984503269195557,
    12.000858783721924,
    11.984503269195557,
    12.009036540985107,
    13.342010974884033,
    11.641037464141846,
    13.374722003936768,
    11.964058876037598,
    12.303435802459717,
    12.3116135597229,
    12.315702438354492,
    12.352502346038818,
    11.972236633300781,
    12.009036540985107,
    13.362455368041992,
    13.386988639831543,
    13.350188732147217,
    13.325655460357666,
    13.337922096252441,
    12.017214298248291,
    11.980414390563965,
    13.40334415435791,
    12.986278533935547,
    13.027167320251465,
    12.655079364776611,
    12.299346923828125,
    13.734543323516846,
    11.984503269195557,
    11.984503269195557,
    11.497926712036133,
    13.705921173095703,
    12.28708028793335,
    12.307524681091309,
    12.319791316986084,
    12.319791316986084,
    12.278902530670166,
    12.319791316986084,
    12.340235710144043,
    12.368857860565186,
    12.700057029724121,
    12.72050142288208,
    12.663257122039795,
    12.67552375793457,
    12.655079364776611,
    12.687790393829346,
    12.663257122039795,
    12.634634971618652,
    14.06165361404419,
    12.37703561782837,
    12.303435802459717,
    14.028942584991455,
    12.646901607513428,
    12.655079364776611,
    12.67552375793457,
    12.708234786987305,
    12.679612636566162,
    12.646901607513428,
    12.704145908355713,
    12.683701515197754,
    12.691879272460938,
    12.638723850250244,
    12.663257122039795,
    14.065742492675781,
    12.704145908355713,
    12.663257122039795,
    13.023078441619873,
    11.955881118774414,
    11.870014667510986,
    11.96814775466919,
    11.951792240142822,
    13.673210144042969,
    12.303435802459717,
    12.295258045196533,
    12.352502346038818,
    12.274813652038574,
    12.344324588775635,
    13.693654537200928,
    11.943614482879639,
    13.689565658569336,
    12.323880195617676,
    12.319791316986084,
    12.28708028793335,
    12.28708028793335,
    12.323880195617676,
    12.352502346038818,
    12.299346923828125,
    12.323880195617676,
    13.705921173095703,
    13.746809959411621,
    12.336146831512451,
    12.344324588775635,
    12.340235710144043,
    12.360680103302002,
    12.323880195617676,
    12.340235710144043,
    12.33205795288086,
    12.323880195617676,
    12.323880195617676,
    12.3116135597229,
    12.683701515197754,
    12.352502346038818,
    12.319791316986084,
    11.964058876037598,
    11.939525604248047,
    12.009036540985107,
    12.025392055511475,
    13.660943508148193,
    12.340235710144043,
    11.988592147827148,
    13.366544246673584,
    12.986278533935547,
    13.018989562988281,
    13.33383321762085,
    12.368857860565186,
    11.62877082824707,
    11.984503269195557,
    12.340235710144043,
    12.319791316986084,
    12.021303176879883,
    11.616504192352295,
    12.487435340881348,
    12.982189655303955,
    11.653304100036621,
    13.382899761199951,
    12.009036540985107,
    12.017214298248291,
    11.964058876037598,
    11.980414390563965,
    11.972236633300781,
    13.370633125305176,
    13.382899761199951,
    11.976325511932373,
    11.951792240142822,
    11.964058876037598,
    11.972236633300781,
    12.323880195617676,
    12.687790393829346,
    11.334371566772461
  ],
  "timestamps": [
    0.008176326751708984,
    0.036554813385009766,
    0.06487870216369629,
    0.09322404861450195,
    0.1215353012084961,
    0.14982938766479492,
    0.17815089225769043,
    0.20647239685058594,
    0.23483014106750488,
    0.263103723526001,
    0.2914011478424072,
    0.31967759132385254,
    0.3479495048522949,
    0.3762345314025879,
    0.4045119285583496,
    0.4327859878540039,
    0.461165189743042,
    0.4894251823425293,
    0.5177795886993408,
    0.5460309982299805,
    0.5743222236633301,
    0.602611780166626,
    0.6309072971343994,
    0.6591994762420654,
    0.6874690055847168,
    0.7157421112060547,
    0.7440905570983887,
    0.7724413871765137,
    0.800795316696167,
    0.8291423320770264,
    0.8575773239135742,
    0.8858287334442139,
    0.914116621017456,
    0.9424827098846436,
    0.9708175659179688,
    0.9991486072540283,
    1.027470588684082,
    1.055769443511963,
    1.0841436386108398,
    1.1124107837677002,
    1.1407420635223389,
    1.169224500656128,
    1.1976044178009033,
    1.2258853912353516,
    1.2541890144348145,
    1.2825279235839844,
    1.3108444213867188,
    1.3391327857971191,
    1.3674256801605225,
    1.3957126140594482,
    1.4240055084228516,
    1.4523131847381592,
    1.4806225299835205,
    1.5089302062988281,
    1.5372402667999268,
    1.5655477046966553,
    1.5938606262207031,
    1.6221485137939453,
    1.6504600048065186,
    1.6788532733917236,
    1.7071468830108643,
    1.7354345321655273,
    1.7638218402862549,
    1.792130947113037,
    1.8204407691955566,
    1.848747968673706,
    1.8770537376403809,
    1.905360221862793,
    1.9336488246917725,
    1.9619569778442383,
    1.9902448654174805,
    2.018556594848633,
    2.046870708465576,
    2.0751798152923584,
    2.1035678386688232,
    2.1319024562835693,
    2.1602418422698975,
    2.1886484622955322,
    2.2169318199157715,
    2.245232582092285,
    2.27349591255188,
    2.301753520965576,
    2.330120801925659,
    2.3583879470825195,
    2.386678695678711,
    2.414968967437744,
    2.4432806968688965,
    2.4715733528137207,
    2.499943256378174,
    2.528233528137207,
    2.5566015243530273,
    2.584886312484741,
    2.6131811141967773,
    2.641486644744873,
    2.66977596282959,
    2.698050022125244,
    2.7263424396514893,
    2.754652976989746,
    2.7829437255859375,
    2.8113136291503906,
    2.839679479598999,
    2.867966651916504,
    2.8962533473968506,
    2.9245388507843018,
    2.9528281688690186,
    2.9811127185821533,
    3.0094292163848877,
    3.037705421447754,
    3.065997838973999,
    3.094269275665283,
    3.122556686401367,
    3.1509170532226562,
    3.179288625717163,
    3.207599639892578,
    3.2358717918395996,
    3.2641513347625732,
    3.292437791824341,
    3.3207082748413086,
    3.3490777015686035,
    3.377366065979004,
    3.4056177139282227,
    3.433966875076294,
    3.4622719287872314,
    3.4906005859375,
    3.5189499855041504,
    3.547248125076294,
    3.575493812561035,
    3.603761672973633,
    3.6320648193359375,
    3.660358428955078,
    3.6886487007141113,
    3.7168962955474854,
    3.7452261447906494,
    3.773533821105957,
    3.8017830848693848,
    3.830108165740967,
    3.85837721824646,
    3.8866443634033203,
    3.914910078048706,
    3.9431777000427246,
    3.9714443683624268,
    3.999790906906128,
    4.028166055679321,
    4.056431531906128,
    4.0846967697143555,
    4.1130077838897705,
    4.141355037689209,
    4.169828414916992,
    4.198283433914185,
    4.226558446884155
  ]
}