{
  "gesture_id": 7,
  "gesture_name": "hover",
  "timestamp": "2025-12-24T14:43:12.551659",
  "sample_rate": 50,
  "duration": 3.0,
  "distances": [
    13.72227668762207,
    13.689565658569336,
    13.74272108078003,
    13.72227668762207,
    13.69774341583252,
    13.399255275726318,
    13.395166397094727,
    13.701832294464111,
    13.681387901306152,
    12.340235710144043,
    12.336146831512451,
    12.303435802459717,
    12.315702438354492,
    12.336146831512451,
    12.344324588775635,
    12.348413467407227,
    12.344324588775635,
    12.344324588775635,
    12.319791316986084,
    12.348413467407227,
    12.372946739196777,
    12.315702438354492,
    12.315702438354492,
    12.307524681091309,
    12.315702438354492,
    12.344324588775635,
    12.839078903198242,
    12.323880195617676,
    12.315702438354492,
    12.323880195617676,
    12.344324588775635,
    12.360680103302002,
    12.348413467407227,
    12.319791316986084,
    12.340235710144043,
    12.35659122467041,
    14.38058614730835,
    13.370633125305176,
    13.366544246673584,
    13.386988639831543,
    13.374722003936768,
    13.362455368041992,
    13.342010974884033,
    13.382899761199951,
    13.325655460357666,
    13.382899761199951,
    13.317477703094482,
    13.350188732147217,
    12.323880195617676,
    12.336146831512451,
    13.710010051727295,
    13.337922096252441,
    13.685476779937744,
    12.348413467407227,
    12.299346923828125,
    14.004409313201904,
    12.683701515197754,
    12.659168243408203,
    12.679612636566162,
    14.037120342254639,
    12.319791316986084,
    12.291169166564941,
    12.340235710144043,
    13.714098930358887,
    14.078009128570557,
    12.679612636566162,
    12.683701515197754,
    12.716412544250488,
    12.667346000671387,
    13.816320896148682,
    12.69596815109253,
    14.045298099517822,
    14.033031463623047,
    14.078009128570557,
    14.004409313201904,
    13.69774341583252,
    13.673210144042969,
    14.045298099517822,
    14.078009128570557,
    14.028942584991455,
    14.053475856781006,
    14.053475856781006,
    13.730454444885254,
    13.714098930358887,
    14.090275764465332,
    14.049386978149414,
    12.642812728881836,
    12.67552375793457,
    12.691879272460938,
    12.663257122039795,
    12.712323665618896,
    12.655079364776611,
    12.683701515197754,
    12.642812728881836,
    12.667346000671387,
    12.634634971618652,
    12.72050142288208,
    12.65099048614502,
    14.037120342254639,
    14.049386978149414,
    14.020764827728271,
    14.08618688583374,
    14.06165361404419,
    14.045298099517822,
    14.000320434570312,
    14.004409313201904,
    14.057564735412598,
    14.037120342254639,
    12.683701515197754,
    14.078009128570557,
    14.069831371307373,
    14.000320434570312,
    14.045298099517822,
    14.012587070465088,
    14.024853706359863,
    14.033031463623047,
    14.008498191833496,
    14.01667594909668,
    14.065742492675781,
    14.033031463623047,
    14.053475856781006,
    14.049386978149414,
    14.045298099517822,
    14.033031463623047,
    14.082098007202148,
    14.028942584991455,
    14.06165361404419,
    14.012587070465088,
    14.028942584991455,
    15.803515911102295,
    15.774893760681152,
    15.77080488204956,
    14.073920249938965,
    14.04120922088623,
    14.028942584991455,
    14.033031463623047,
    14.008498191833496,
    14.057564735412598,
    14.045298099517822,
    14.012587070465088,
    14.028942584991455,
    14.057564735412598,
    14.045298099517822,
    14.053475856781006,
    14.04120922088623,
    14.049386978149414,
    14.033031463623047,
    14.024853706359863,
    14.028942584991455,
    14.033031463623047
  ],
  "timestamps": [
    0.00825953483581543,
    0.03671598434448242,
    0.06517696380615234,
    0.09355998039245605,
    0.1219489574432373,
    0.15030741691589355,
    0.178757905960083,
    0.2071373462677002,
    0.23552179336547852,
    0.2638063430786133,
    0.29210758209228516,
    0.32042908668518066,
    0.34874773025512695,
    0.37709999084472656,
    0.4054701328277588,
    0.43375468254089355,
    0.46208691596984863,
    0.4903860092163086,
    0.5186812877655029,
    0.5469779968261719,
    0.5752904415130615,
    0.6037092208862305,
    0.6319847106933594,
    0.6602764129638672,
    0.6885478496551514,
    0.716850996017456,
    0.7452921867370605,
    0.7735655307769775,
    0.8018577098846436,
    0.8301482200622559,
    0.8584604263305664,
    0.8867471218109131,
    0.9150314331054688,
    0.9433064460754395,
    0.9715967178344727,
    0.9998776912689209,
    1.0282464027404785,
    1.056609869003296,
    1.084920883178711,
    1.113281488418579,
    1.141641616821289,
    1.1700029373168945,
    1.1983518600463867,
    1.226698875427246,
    1.2550363540649414,
    1.2833826541900635,
    1.3118157386779785,
    1.3402135372161865,
    1.3685226440429688,
    1.3968164920806885,
    1.4251878261566162,
    1.453535795211792,
    1.4819049835205078,
    1.5101959705352783,
    1.5384833812713623,
    1.5668723583221436,
    1.595182180404663,
    1.6235125064849854,
    1.6518187522888184,
    1.6802074909210205,
    1.7084908485412598,
    1.7367873191833496,
    1.765075922012329,
    1.7934410572052002,
    1.821826457977295,
    1.8501343727111816,
    1.878438949584961,
    1.9067416191101074,
    1.9350414276123047,
    1.9634337425231934,
    1.99174165725708,
    2.0201308727264404,
    2.048513889312744,
    2.0768961906433105,
    2.105275869369507,
    2.133636951446533,
    2.16207218170166,
    2.1904802322387695,
    2.218869686126709,
    2.2472541332244873,
    2.2757039070129395,
    2.3042776584625244,
    2.3326663970947266,
    2.3610591888427734,
    2.3894429206848145,
    2.4178144931793213,
    2.4460983276367188,
    2.4744420051574707,
    2.502756118774414,
    2.5310628414154053,
    2.5593669414520264,
    2.5877022743225098,
    2.6160106658935547,
    2.644317865371704,
    2.6726183891296387,
    2.7009191513061523,
    2.7292356491088867,
    2.7575390338897705,
    2.7859458923339844,
    2.814332962036133,
    2.8427135944366455,
    2.8710951805114746,
    2.8994743824005127,
    2.927858829498291,
    2.956242561340332,
    2.984633684158325,
    3.013073205947876,
    3.0414540767669678,
    3.069740056991577,
    3.0981171131134033,
    3.1265087127685547,
    3.15488862991333,
    3.183274269104004,
    3.2116494178771973,
    3.240046977996826,
    3.268432378768921,
    3.2969603538513184,
    3.3253960609436035,
    3.353790283203125,
    3.382176160812378,
    3.4105618000030518,
    3.4389421939849854,
    3.4673216342926025,
    3.4957261085510254,
    3.524151086807251,
    3.5525155067443848,
    3.580876350402832,
    3.60925030708313,
    3.6376471519470215,
    3.6661391258239746,
    3.69462251663208,
    3.723094940185547,
    3.7514564990997314,
    3.7798209190368652,
    3.8081963062286377,
    3.8365769386291504,
    3.864957332611084,
    3.8933377265930176,
    3.921708345413208,
    3.9500699043273926,
    3.978429079055786,
    4.006806135177612,
    4.03518533706665,
    4.063567876815796,
    4.0919508934021,
    4.120323419570923,
    4.1487038135528564,
    4.177063465118408,
    4.205488204956055,
    4.2338831424713135
  ]
}