{
  "gesture_id": 7,
  "gesture_name": "hover",
  "timestamp": "2025-12-24T14:44:29.832737",
  "sample_rate": 50,
  "duration": 3.0,
  "distances": [
    12.352502346038818,
    12.033569812774658,
    11.988592147827148,
    12.009036540985107,
    12.000858783721924,
    12.033569812774658,
    11.99268102645874,
    11.980414390563965,
    12.0131254196167,
    11.955881118774414,
    11.64921522140503,
    11.624681949615479,
    11.624681949615479,
    11.293482780456543,
    11.28530502319336,
    11.301660537719727,
    11.350727081298828,
    11.277127265930176,
    11.293482780456543,
    11.281216144561768,
    10.929572582244873,
    11.99268102645874,
    11.976325511932373,
    11.64921522140503,
    13.002634048461914,
    11.297571659088135,
    13.063967227935791,
    11.661481857299805,
    11.653304100036621,
    11.681926250457764,
    12.0131254196167,
    11.96814775466919,
    11.984503269195557,
    11.665570735931396,
    11.645126342773438,
    11.620593070983887,
    11.60423755645752,
    11.677837371826172,
    11.988592147827148,
    11.988592147827148,
    11.984503269195557,
    11.608326435089111,
    11.641037464141846,
    11.64921522140503,
    11.624681949615479,
    11.620593070983887,
    11.99268102645874,
    11.980414390563965,
    10.606551170349121,
    11.976325511932373,
    11.980414390563965,
    12.017214298248291,
    12.004947662353516,
    11.624681949615479,
    11.632859706878662,
    11.624681949615479,
    11.849570274353027,
    11.64921522140503,
    11.616504192352295,
    11.976325511932373,
    12.004947662353516,
    11.96814775466919,
    11.980414390563965,
    11.632859706878662,
    11.657392978668213,
    11.653304100036621,
    11.636948585510254,
    12.0131254196167,
    11.972236633300781,
    11.959969997406006,
    12.000858783721924,
    10.680150985717773,
    10.659706592559814,
    10.647439956665039,
    12.291169166564941,
    12.381124496459961,
    10.937750339508057,
    10.962283611297607,
    10.917305946350098,
    10.970461368560791,
    12.69596815109253,
    11.281216144561768,
    11.305749416351318,
    11.273038387298584,
    12.708234786987305,
    10.823261737823486,
    10.950016975402832,
    10.9663724899292,
    10.9663724899292,
    10.99090576171875,
    10.941839218139648,
    10.99090576171875,
    11.322104930877686,
    11.313927173614502,
    11.289393901824951,
    11.268949508666992,
    11.30983829498291,
    11.326193809509277,
    11.334371566772461,
    11.289393901824951,
    11.260771751403809,
    11.297571659088135,
    11.293482780456543,
    11.313927173614502,
    11.33028268814087,
    11.608326435089111,
    11.641037464141846,
    11.612415313720703,
    11.616504192352295,
    11.657392978668213,
    11.645126342773438,
    11.67374849319458,
    11.677837371826172,
    11.60423755645752,
    11.653304100036621,
    11.624681949615479,
    11.657392978668213,
    13.010811805725098,
    11.305749416351318,
    11.33028268814087,
    11.358904838562012,
    13.002634048461914,
    11.661481857299805,
    11.686015129089355,
    11.67374849319458,
    11.60423755645752,
    11.665570735931396,
    11.653304100036621,
    11.661481857299805,
    11.657392978668213,
    11.636948585510254,
    11.645126342773438,
    11.632859706878662,
    11.67374849319458,
    11.313927173614502,
    11.645126342773438,
    11.661481857299805,
    11.60423755645752,
    11.620593070983887,
    11.64921522140503,
    11.645126342773438,
    11.653304100036621,
    11.2648606300354,
    11.30983829498291,
    11.334371566772461,
    11.277127265930176,
    11.326193809509277,
    11.289393901824951,
    11.260771751403809,
    11.289393901824951
  ],
  "timestamps": [
    0.008178949356079102,
    0.03656363487243652,
    0.06489443778991699,
    0.09318804740905762,
    0.12147378921508789,
    0.1497492790222168,
    0.17801952362060547,
    0.20628666877746582,
    0.23456239700317383,
    0.26286792755126953,
    0.29114532470703125,
    0.31941795349121094,
    0.34771299362182617,
    0.3759572505950928,
    0.40418553352355957,
    0.43241238594055176,
    0.46064305305480957,
    0.4888761043548584,
    0.5171184539794922,
    0.5453500747680664,
    0.573559045791626,
    0.6018490791320801,
    0.6301159858703613,
    0.6583621501922607,
    0.6866903305053711,
    0.7149233818054199,
    0.7432599067687988,
    0.7715084552764893,
    0.7997584342956543,
    0.8280260562896729,
    0.8562912940979004,
    0.8845570087432861,
    0.9128453731536865,
    0.9410934448242188,
    0.9693434238433838,
    0.997715950012207,
    1.0260324478149414,
    1.0543315410614014,
    1.0826761722564697,
    1.1109619140625,
    1.139230728149414,
    1.1674675941467285,
    1.1957004070281982,
    1.2239842414855957,
    1.2522428035736084,
    1.2804899215698242,
    1.3087539672851562,
    1.3370215892791748,
    1.3652098178863525,
    1.3934733867645264,
    1.4217398166656494,
    1.4500060081481934,
    1.4782733917236328,
    1.506526231765747,
    1.5348241329193115,
    1.5630505084991455,
    1.5912940502166748,
    1.619516372680664,
    1.6477646827697754,
    1.6760334968566895,
    1.704298496246338,
    1.7325615882873535,
    1.760828971862793,
    1.7890803813934326,
    1.8173258304595947,
    1.8455617427825928,
    1.8738107681274414,
    1.9020767211914062,
    1.9303383827209473,
    1.9586293697357178,
    1.986983060836792,
    2.01525616645813,
    2.0434441566467285,
    2.0716476440429688,
    2.099943161010742,
    2.1282365322113037,
    2.1564483642578125,
    2.184659719467163,
    2.2128660678863525,
    2.241079807281494,
    2.269418239593506,
    2.297645092010498,
    2.325873613357544,
    2.3540968894958496,
    2.3824031352996826,
    2.4106292724609375,
    2.438819169998169,
    2.46702241897583,
    2.495206117630005,
    2.5234220027923584,
    2.5516319274902344,
    2.579860210418701,
    2.6080939769744873,
    2.6363227367401123,
    2.664550542831421,
    2.692774772644043,
    2.7210023403167725,
    2.7492260932922363,
    2.7774553298950195,
    2.805683135986328,
    2.8339061737060547,
    2.8621256351470947,
    2.8903684616088867,
    2.918591022491455,
    2.946868658065796,
    2.975142002105713,
    3.0035719871520996,
    3.031836748123169,
    3.0600924491882324,
    3.0883469581604004,
    3.1166000366210938,
    3.144850254058838,
    3.173097610473633,
    3.201369524002075,
    3.229637384414673,
    3.2578814029693604,
    3.2861251831054688,
    3.3144474029541016,
    3.3426952362060547,
    3.3708996772766113,
    3.3991217613220215,
    3.4274239540100098,
    3.4556660652160645,
    3.4839112758636475,
    3.5121634006500244,
    3.540408134460449,
    3.568652868270874,
    3.5968949794769287,
    3.6251471042633057,
    3.65339732170105,
    3.681638717651367,
    3.7098963260650635,
    3.73813796043396,
    3.7663793563842773,
    3.7946362495422363,
    3.8228652477264404,
    3.851111650466919,
    3.8793318271636963,
    3.9075732231140137,
    3.9358158111572266,
    3.9640631675720215,
    3.9923293590545654,
    4.0206334590911865,
    4.048873662948608,
    4.0771119594573975,
    4.1053454875946045,
    4.13354229927063,
    4.161766529083252,
    4.189999341964722,
    4.218225479125977
  ]
}