{
  "gesture_id": 7,
  "gesture_name": "hover",
  "timestamp": "2025-12-23T16:15:19.490894",
  "sample_rate": 50,
  "duration": 3.0,
  "distances": [
    19.29541826248169,
    18.38359832763672,
    18.36724281311035,
    18.63301992416382,
    18.65755319595337,
    19.622528553009033,
    19.3403959274292,
    18.972396850585938,
    19.610261917114258,
    20.579326152801514,
    19.31586265563965,
    19.602084159851074,
    18.690264225006104,
    19.328129291534424,
    18.68617534637451,
    19.283151626586914,
    19.929194450378418,
    18.359065055847168,
    17.36137866973877,
    17.676222324371338,
    17.696666717529297,
    17.68031120300293,
    17.692577838897705,
    18.645286560058594,
    18.66164207458496,
    18.665730953216553,
    17.34093427658081,
    18.354976177215576,
    17.075157165527344,
    17.071068286895752,
    18.052399158477783,
    18.036043643951416,
    17.982888221740723,
    18.01968812942505,
    18.972396850585938,
    17.647600173950195,
    18.66164207458496,
    18.608486652374268,
    18.653464317321777,
    18.33862066268921,
    18.66164207458496,
    18.645286560058594,
    18.61666440963745,
    18.63710880279541,
    18.63710880279541,
    18.620753288269043,
    18.68617534637451,
    19.630706310272217,
    18.305909633636475,
    18.330442905426025,
    18.33862066268921,
    19.287240505218506,
    18.01968812942505,
    17.962443828582764,
    18.95195245742798,
    18.61666440963745,
    18.68617534637451,
    18.649375438690186,
    18.641197681427002,
    18.65755319595337,
    18.665730953216553,
    19.949638843536377,
    18.677997589111328,
    18.65755319595337,
    18.326354026794434,
    18.330442905426025,
    18.346798419952393,
    18.326354026794434,
    19.311773777008057,
    19.29950714111328,
    19.324040412902832,
    19.303596019744873,
    18.964219093322754,
    19.013285636901855,
    18.673908710479736,
    18.690264225006104,
    19.671595096588135,
    20.558881759643555,
    19.25452947616577,
    19.303596019744873,
    20.260393619537354,
    20.284926891326904,
    20.244038105010986,
    20.280838012695312,
    20.289015769958496,
    19.974172115325928,
    19.95372772216797,
    19.95372772216797,
    19.921016693115234,
    19.929194450378418,
    19.941461086273193,
    19.86786127090454,
    19.929194450378418,
    19.900572299957275,
    19.95372772216797,
    19.95781660079956,
    19.961905479431152,
    19.93328332901001,
    19.945549964904785,
    20.906436443328857,
    19.59390640258789,
    19.651150703430176,
    19.610261917114258,
    20.894169807434082,
    19.925105571746826,
    19.95781660079956,
    19.949638843536377,
    19.97826099395752,
    19.941461086273193,
    19.965994358062744,
    19.93328332901001,
    19.904661178588867,
    19.9373722076416,
    19.929194450378418,
    19.916927814483643,
    19.896483421325684,
    19.945549964904785,
    19.921016693115234,
    19.921016693115234,
    20.898258686065674,
    19.610261917114258,
    19.585728645324707,
    19.647061824798584,
    19.651150703430176,
    19.585728645324707,
    19.5898175239563,
    19.602084159851074,
    19.630706310272217,
    19.626617431640625,
    19.610261917114258,
    19.630706310272217,
    19.651150703430176,
    19.610261917114258,
    19.61435079574585,
    19.610261917114258,
    19.622528553009033,
    19.602084159851074,
    19.63479518890381,
    19.61843967437744,
    19.59390640258789,
    19.59390640258789,
    19.61435079574585,
    19.630706310272217,
    19.610261917114258,
    19.610261917114258,
    19.602084159851074,
    19.577550888061523,
    19.626617431640625,
    19.577550888061523,
    19.585728645324707
  ],
  "timestamps": [
    0.00858306884765625,
    0.037343502044677734,
    0.0660245418548584,
    0.09472250938415527,
    0.12338900566101074,
    0.15212011337280273,
    0.180800199508667,
    0.20945405960083008,
    0.23814749717712402,
    0.26689767837524414,
    0.2955484390258789,
    0.32425832748413086,
    0.35293078422546387,
    0.3816401958465576,
    0.41030216217041016,
    0.4389832019805908,
    0.4677238464355469,
    0.4963874816894531,
    0.5249724388122559,
    0.5535335540771484,
    0.5822658538818359,
    0.6109623908996582,
    0.6396102905273438,
    0.6682674884796143,
    0.6969137191772461,
    0.7255797386169434,
    0.7541961669921875,
    0.7828536033630371,
    0.8114449977874756,
    0.8400382995605469,
    0.8686552047729492,
    0.8972592353820801,
    0.9258618354797363,
    0.9544599056243896,
    0.9830985069274902,
    1.0116751194000244,
    1.0403079986572266,
    1.0689480304718018,
    1.0976037979125977,
    1.1262686252593994,
    1.1549229621887207,
    1.1835687160491943,
    1.2122013568878174,
    1.2408318519592285,
    1.2695131301879883,
    1.298168659210205,
    1.326859474182129,
    1.3555691242218018,
    1.3842015266418457,
    1.412841558456421,
    1.4414787292480469,
    1.4701707363128662,
    1.4988563060760498,
    1.527453899383545,
    1.5561225414276123,
    1.5848770141601562,
    1.613621473312378,
    1.6423039436340332,
    1.6709849834442139,
    1.6996381282806396,
    1.7282829284667969,
    1.7569973468780518,
    1.7857246398925781,
    1.814422845840454,
    1.843062162399292,
    1.8717083930969238,
    1.9003472328186035,
    1.928978443145752,
    1.9576575756072998,
    1.986335277557373,
    2.01499080657959,
    2.043663501739502,
    2.0723142623901367,
    2.1010165214538574,
    2.1296823024749756,
    2.158337116241455,
    2.187032461166382,
    2.2157907485961914,
    2.244460344314575,
    2.2731289863586426,
    2.3018646240234375,
    2.3305954933166504,
    2.3593099117279053,
    2.3880348205566406,
    2.4167697429656982,
    2.4455084800720215,
    2.474263906478882,
    2.5029702186584473,
    2.531738519668579,
    2.560478448867798,
    2.5892832279205322,
    2.6182827949523926,
    2.6470746994018555,
    2.67582106590271,
    2.704557180404663,
    2.7332894802093506,
    2.76200532913208,
    2.7907121181488037,
    2.819471836090088,
    2.8483269214630127,
    2.877044677734375,
    2.905755043029785,
    2.9344513416290283,
    2.9632203578948975,
    2.991926670074463,
    3.020634412765503,
    3.0493507385253906,
    3.0780577659606934,
    3.1067659854888916,
    3.1354968547821045,
    3.1642348766326904,
    3.1929690837860107,
    3.221665382385254,
    3.2503881454467773,
    3.279099702835083,
    3.3078083992004395,
    3.33656644821167,
    3.3653006553649902,
    3.394030809402466,
    3.4228322505950928,
    3.4515368938446045,
    3.480231761932373,
    3.5089261531829834,
    3.537635087966919,
    3.5663881301879883,
    3.5952489376068115,
    3.623964786529541,
    3.652676582336426,
    3.681410551071167,
    3.710130453109741,
    3.738849401473999,
    3.767531394958496,
    3.7962305545806885,
    3.824928045272827,
    3.8536784648895264,
    3.8823959827423096,
    3.9110922813415527,
    3.9398086071014404,
    3.9685134887695312,
    3.9972054958343506,
    4.025896310806274,
    4.054590940475464,
    4.083294153213501,
    4.111981391906738,
    4.140673875808716,
    4.169371128082275,
    4.198080778121948,
    4.2268147468566895,
    4.255532503128052,
    4.284237384796143
  ]
}