{
  "gesture_id": 7,
  "gesture_name": "hover",
  "timestamp": "2025-12-24T14:30:41.289684",
  "sample_rate": 50,
  "duration": 3.0,
  "distances": [
    16.11018180847168,
    16.097915172576904,
    16.032493114471436,
    16.38413667678833,
    16.367781162261963,
    16.38004779815674,
    16.776669025421143,
    15.77080488204956,
    15.74627161026001,
    16.715335845947266,
    16.756224632263184,
    16.739869117736816,
    16.739869117736816,
    16.719424724578857,
    16.72351360321045,
    16.400492191314697,
    16.412758827209473,
    16.392314434051514,
    16.416847705841064,
    16.38413667678833,
    16.388225555419922,
    16.416847705841064,
    16.412758827209473,
    16.425025463104248,
    16.388225555419922,
    16.748046875,
    16.711246967315674,
    16.68262481689453,
    16.70306921005249,
    16.735780239105225,
    16.72351360321045,
    16.715335845947266,
    16.756224632263184,
    16.719424724578857,
    16.686713695526123,
    16.735780239105225,
    16.748046875,
    16.72760248184204,
    16.694891452789307,
    16.711246967315674,
    15.750360488891602,
    15.787160396575928,
    15.803515911102295,
    15.734004974365234,
    15.803515911102295,
    15.742182731628418,
    15.754449367523193,
    15.766716003417969,
    15.811693668365479,
    15.79124927520752,
    17.06697940826416,
    17.071068286895752,
    17.054712772369385,
    17.058801651000977,
    17.050623893737793,
    15.766716003417969,
    15.758538246154785,
    15.799427032470703,
    15.74627161026001,
    15.754449367523193,
    15.787160396575928,
    15.787160396575928,
    15.783071517944336,
    15.774893760681152,
    15.795338153839111,
    15.795338153839111,
    15.758538246154785,
    15.811693668365479,
    15.77080488204956,
    15.783071517944336,
    15.738093852996826,
    15.74627161026001,
    15.778982639312744,
    15.754449367523193,
    15.742182731628418,
    15.766716003417969,
    15.774893760681152,
    15.77080488204956,
    15.623605251312256,
    15.74627161026001,
    16.77258014678955,
    16.748046875,
    16.760313510894775,
    16.72760248184204,
    16.711246967315674,
    16.694891452789307,
    16.731691360473633,
    16.756224632263184,
    16.731691360473633,
    16.707158088684082,
    16.739869117736816,
    16.686713695526123,
    16.735780239105225,
    16.72351360321045,
    16.752135753631592,
    16.776669025421143,
    16.739869117736816,
    16.756224632263184,
    16.6989803314209,
    16.743957996368408,
    16.77258014678955,
    15.750360488891602,
    15.79124927520752,
    15.803515911102295,
    15.758538246154785,
    15.738093852996826,
    16.748046875,
    16.776669025421143,
    16.70306921005249,
    16.748046875,
    15.787160396575928,
    15.750360488891602,
    16.756224632263184,
    16.72760248184204,
    16.719424724578857,
    16.760313510894775,
    16.760313510894775,
    16.735780239105225,
    16.756224632263184,
    16.760313510894775,
    16.711246967315674,
    16.756224632263184,
    16.739869117736816,
    16.739869117736816,
    16.690802574157715,
    16.715335845947266,
    16.731691360473633,
    16.707158088684082,
    16.68262481689453,
    16.694891452789307,
    16.743957996368408,
    16.40866994857788,
    16.416847705841064,
    16.6989803314209,
    16.72760248184204,
    16.752135753631592,
    16.715335845947266,
    15.795338153839111,
    15.734004974365234,
    15.758538246154785,
    15.807604789733887,
    15.766716003417969,
    15.783071517944336,
    15.787160396575928,
    15.795338153839111,
    16.690802574157715,
    16.711246967315674,
    16.40866994857788,
    16.77258014678955,
    16.715335845947266
  ],
  "timestamps": [
    0.008386373519897461,
    0.036988019943237305,
    0.06552958488464355,
    0.09407281875610352,
    0.12262344360351562,
    0.15116429328918457,
    0.1797008514404297,
    0.20818114280700684,
    0.2366807460784912,
    0.26521801948547363,
    0.2937486171722412,
    0.32231688499450684,
    0.35093045234680176,
    0.379488468170166,
    0.40814638137817383,
    0.4366748332977295,
    0.4651813507080078,
    0.4936866760253906,
    0.5221817493438721,
    0.5507440567016602,
    0.5792651176452637,
    0.6077814102172852,
    0.6363162994384766,
    0.6648266315460205,
    0.6933250427246094,
    0.7218341827392578,
    0.7503974437713623,
    0.7789947986602783,
    0.8075287342071533,
    0.836085319519043,
    0.8646271228790283,
    0.8931622505187988,
    0.9216971397399902,
    0.9502315521240234,
    0.9787659645080566,
    1.0072972774505615,
    1.0358250141143799,
    1.0643324851989746,
    1.092912197113037,
    1.1214344501495361,
    1.1498897075653076,
    1.1783900260925293,
    1.206890344619751,
    1.2353615760803223,
    1.263845443725586,
    1.292311191558838,
    1.320807695388794,
    1.349344253540039,
    1.377826452255249,
    1.4063398838043213,
    1.4348976612091064,
    1.4634654521942139,
    1.4920310974121094,
    1.5205774307250977,
    1.5491113662719727,
    1.5775654315948486,
    1.6060328483581543,
    1.6344883441925049,
    1.6629462242126465,
    1.6914067268371582,
    1.719876766204834,
    1.7483537197113037,
    1.7768280506134033,
    1.8053004741668701,
    1.8337724208831787,
    1.8622567653656006,
    1.8907392024993896,
    1.9192171096801758,
    1.947690725326538,
    1.9761650562286377,
    2.0046350955963135,
    2.0331149101257324,
    2.061594247817993,
    2.0900845527648926,
    2.1185622215270996,
    2.1470375061035156,
    2.1755142211914062,
    2.2041244506835938,
    2.232602596282959,
    2.261009693145752,
    2.289590358734131,
    2.3181796073913574,
    2.3468096256256104,
    2.3753912448883057,
    2.403926134109497,
    2.4324491024017334,
    2.4609696865081787,
    2.4894840717315674,
    2.5180068016052246,
    2.5465195178985596,
    2.5750317573547363,
    2.6035516262054443,
    2.6321163177490234,
    2.6606595516204834,
    2.689192771911621,
    2.7177271842956543,
    2.746260166168213,
    2.774794578552246,
    2.8033270835876465,
    2.8318564891815186,
    2.8603885173797607,
    2.888866662979126,
    2.917344331741333,
    2.945824146270752,
    2.9743049144744873,
    3.0027832984924316,
    3.0313236713409424,
    3.05985689163208,
    3.0883936882019043,
    3.1169283390045166,
    3.1454036235809326,
    3.173877239227295,
    3.202406644821167,
    3.230938196182251,
    3.259469747543335,
    3.288027048110962,
    3.3166022300720215,
    3.3452870845794678,
    3.373823404312134,
    3.4023540019989014,
    3.4308533668518066,
    3.459393262863159,
    3.4879233837127686,
    3.5164976119995117,
    3.545011520385742,
    3.5735208988189697,
    3.6020419597625732,
    3.630577564239502,
    3.6591203212738037,
    3.6876537799835205,
    3.7162325382232666,
    3.744727373123169,
    3.7732162475585938,
    3.801736831665039,
    3.8302693367004395,
    3.858804225921631,
    3.887341022491455,
    3.91581392288208,
    3.944286823272705,
    3.972766637802124,
    4.001241683959961,
    4.029718399047852,
    4.05819296836853,
    4.086666822433472,
    4.115146160125732,
    4.14367413520813,
    4.172202825546265,
    4.200733661651611,
    4.22927188873291,
    4.257805347442627
  ]
}