{
  "gesture_id": 7,
  "gesture_name": "hover",
  "timestamp": "2025-12-24T14:28:21.321934",
  "sample_rate": 50,
  "duration": 3.0,
  "distances": [
    12.307524681091309,
    10.94592809677124,
    12.663257122039795,
    11.318016052246094,
    11.289393901824951,
    11.301660537719727,
    12.683701515197754,
    12.990367412567139,
    13.002634048461914,
    11.645126342773438,
    11.653304100036621,
    11.600148677825928,
    11.694192886352539,
    11.632859706878662,
    11.62877082824707,
    11.641037464141846,
    11.632859706878662,
    12.646901607513428,
    11.326193809509277,
    11.326193809509277,
    11.30983829498291,
    11.33028268814087,
    11.305749416351318,
    11.301660537719727,
    11.30983829498291,
    12.978100776672363,
    11.657392978668213,
    11.657392978668213,
    11.608326435089111,
    11.686015129089355,
    11.62877082824707,
    11.624681949615479,
    11.657392978668213,
    11.624681949615479,
    11.653304100036621,
    11.24032735824585,
    11.62877082824707,
    11.64921522140503,
    12.000858783721924,
    11.943614482879639,
    11.976325511932373,
    11.996769905090332,
    10.643351078033447,
    10.622906684875488,
    10.598373413085938,
    10.62699556350708,
    10.614728927612305,
    10.586106777191162,
    10.659706592559814,
    10.610640048980713,
    10.614728927612305,
    10.610640048980713,
    10.618817806243896,
    12.348413467407227,
    10.99090576171875,
    10.970461368560791,
    10.954105854034424,
    10.99090576171875,
    10.974550247192383,
    10.905039310455322,
    10.941839218139648,
    10.933661460876465,
    10.958194732666016,
    12.663257122039795,
    11.334371566772461,
    11.289393901824951,
    11.641037464141846,
    11.632859706878662,
    11.64921522140503,
    11.305749416351318,
    11.342549324035645,
    11.297571659088135,
    11.297571659088135,
    11.256682872772217,
    11.2648606300354,
    11.653304100036621,
    11.600148677825928,
    11.62877082824707,
    11.657392978668213,
    11.661481857299805,
    11.636948585510254,
    11.636948585510254,
    11.641037464141846,
    11.653304100036621,
    11.657392978668213,
    11.596059799194336,
    10.26308536529541,
    10.242640972137451,
    10.250818729400635,
    10.271263122558594,
    10.30806303024292,
    10.258996486663818,
    10.279440879821777,
    10.258996486663818,
    11.645126342773438,
    10.279440879821777,
    10.291707515716553,
    10.299885272979736,
    10.26308536529541,
    10.26308536529541,
    10.226285457611084,
    11.996769905090332,
    10.614728927612305,
    10.598373413085938,
    10.635173320770264,
    10.631084442138672,
    10.598373413085938,
    10.614728927612305,
    10.614728927612305,
    10.577929019927979,
    10.635173320770264,
    10.62699556350708,
    10.586106777191162,
    10.986816883087158,
    10.986816883087158,
    10.974550247192383,
    10.962283611297607,
    10.950016975402832,
    10.913217067718506,
    10.986816883087158,
    10.9663724899292,
    10.9663724899292,
    10.970461368560791,
    10.9663724899292,
    10.954105854034424,
    10.94592809677124,
    10.958194732666016,
    11.007261276245117,
    10.958194732666016,
    10.958194732666016,
    10.950016975402832,
    10.9663724899292,
    10.92139482498169,
    10.94592809677124,
    10.9663724899292,
    10.958194732666016,
    10.9663724899292,
    10.99090576171875,
    10.929572582244873,
    10.937750339508057,
    10.986816883087158,
    10.950016975402832,
    10.929572582244873,
    10.614728927612305,
    10.598373413085938,
    10.631084442138672,
    10.610640048980713,
    10.958194732666016,
    10.999083518981934,
    10.974550247192383
  ],
  "timestamps": [
    0.008172988891601562,
    0.03648018836975098,
    0.06486630439758301,
    0.09314203262329102,
    0.1213994026184082,
    0.14965200424194336,
    0.17798352241516113,
    0.20629453659057617,
    0.23462891578674316,
    0.2629358768463135,
    0.2912917137145996,
    0.31960320472717285,
    0.34789299964904785,
    0.3761563301086426,
    0.4044158458709717,
    0.43266892433166504,
    0.4609231948852539,
    0.48923587799072266,
    0.5174689292907715,
    0.5457050800323486,
    0.5739562511444092,
    0.6021678447723389,
    0.6304187774658203,
    0.6586349010467529,
    0.6868972778320312,
    0.7152705192565918,
    0.7435421943664551,
    0.7718019485473633,
    0.8000519275665283,
    0.8283052444458008,
    0.8565542697906494,
    0.884803056716919,
    0.9130477905273438,
    0.9412992000579834,
    0.9695496559143066,
    0.9978055953979492,
    1.0260400772094727,
    1.0542900562286377,
    1.0825388431549072,
    1.1108076572418213,
    1.139101266860962,
    1.1674079895019531,
    1.1956048011779785,
    1.223792552947998,
    1.2520339488983154,
    1.280299186706543,
    1.3085012435913086,
    1.3367090225219727,
    1.3649301528930664,
    1.3931238651275635,
    1.421311378479004,
    1.449498176574707,
    1.4776902198791504,
    1.5060153007507324,
    1.5342013835906982,
    1.5624122619628906,
    1.5906012058258057,
    1.6188139915466309,
    1.6470224857330322,
    1.6752591133117676,
    1.7034680843353271,
    1.7316813468933105,
    1.7598927021026611,
    1.7882053852081299,
    1.8164353370666504,
    1.8446805477142334,
    1.8729281425476074,
    1.9011707305908203,
    1.9294211864471436,
    1.957646369934082,
    1.985872745513916,
    2.014080286026001,
    2.042309284210205,
    2.070516347885132,
    2.0987637042999268,
    2.1270158290863037,
    2.1552677154541016,
    2.183520555496216,
    2.2117724418640137,
    2.240065574645996,
    2.2684342861175537,
    2.296724557876587,
    2.3250417709350586,
    2.353393793106079,
    2.3816609382629395,
    2.4099459648132324,
    2.438100814819336,
    2.466273069381714,
    2.494422197341919,
    2.522594451904297,
    2.5507640838623047,
    2.5789332389831543,
    2.607100486755371,
    2.6352710723876953,
    2.663545608520508,
    2.6917355060577393,
    2.7199089527130127,
    2.7480874061584473,
    2.7762563228607178,
    2.804428815841675,
    2.8326408863067627,
    2.8609137535095215,
    2.8891022205352783,
    2.9172861576080322,
    2.9454755783081055,
    2.973663806915283,
    3.0018527507781982,
    3.030043601989746,
    3.0582475662231445,
    3.0864439010620117,
    3.1146552562713623,
    3.1428821086883545,
    3.1711132526397705,
    3.199350118637085,
    3.2275876998901367,
    3.2558529376983643,
    3.284165382385254,
    3.312417507171631,
    3.3406896591186523,
    3.368929147720337,
    3.3971643447875977,
    3.425396203994751,
    3.4536147117614746,
    3.4818484783172607,
    3.510059356689453,
    3.53826642036438,
    3.5664889812469482,
    3.5947279930114746,
    3.6229748725891113,
    3.65122652053833,
    3.6794652938842773,
    3.7077016830444336,
    3.735933303833008,
    3.764171838760376,
    3.7924015522003174,
    3.820631980895996,
    3.848870277404785,
    3.8770968914031982,
    3.9053218364715576,
    3.933546304702759,
    3.9617950916290283,
    3.990020275115967,
    4.018248081207275,
    4.046459674835205,
    4.0746705532073975,
    4.1028831005096436,
    4.1310954093933105,
    4.1593241691589355,
    4.187566518783569,
    4.215803861618042
  ]
}