{
  "gesture_id": 7,
  "gesture_name": "hover",
  "timestamp": "2025-12-24T14:26:16.030872",
  "sample_rate": 50,
  "duration": 3.0,
  "distances": [
    10.573840141296387,
    10.643351078033447,
    10.586106777191162,
    10.60246229171753,
    10.614728927612305,
    10.577929019927979,
    10.606551170349121,
    10.643351078033447,
    10.62699556350708,
    10.60246229171753,
    10.60246229171753,
    10.58201789855957,
    10.9663724899292,
    10.905039310455322,
    11.313927173614502,
    11.301660537719727,
    11.305749416351318,
    9.935975074768066,
    9.882819652557373,
    11.277127265930176,
    9.608864784240723,
    9.596598148345947,
    9.551620483398438,
    9.592509269714355,
    9.584331512451172,
    9.612953662872314,
    9.60477590560913,
    11.252593994140625,
    9.952330589294434,
    9.94415283203125,
    9.907352924346924,
    9.964597225189209,
    9.935975074768066,
    9.935975074768066,
    9.940063953399658,
    9.923708438873291,
    9.927797317504883,
    9.915530681610107,
    9.923708438873291,
    9.882819652557373,
    9.935975074768066,
    9.903264045715332,
    9.960508346557617,
    9.911441802978516,
    9.952330589294434,
    9.9196195602417,
    9.931886196136475,
    9.923708438873291,
    9.907352924346924,
    9.931886196136475,
    9.931886196136475,
    9.952330589294434,
    9.903264045715332,
    9.935975074768066,
    9.903264045715332,
    9.907352924346924,
    9.923708438873291,
    10.05864143371582,
    9.9686861038208,
    9.940063953399658,
    9.956419467926025,
    9.923708438873291,
    9.935975074768066,
    9.903264045715332,
    9.940063953399658,
    9.9196195602417,
    9.903264045715332,
    10.299885272979736,
    10.254907608032227,
    10.23855209350586,
    10.312151908874512,
    10.26308536529541,
    10.295796394348145,
    10.28352975845337,
    10.28352975845337,
    10.279440879821777,
    10.279440879821777,
    10.230374336242676,
    10.279440879821777,
    10.26308536529541,
    10.250818729400635,
    10.26308536529541,
    10.074996948242188,
    10.242640972137451,
    10.291707515716553,
    10.28352975845337,
    10.246729850769043,
    10.299885272979736,
    9.895086288452148,
    9.890997409820557,
    9.923708438873291,
    9.927797317504883,
    9.870553016662598,
    9.907352924346924,
    10.267174243927002,
    10.271263122558594,
    10.226285457611084,
    10.275352001190186,
    10.291707515716553,
    10.267174243927002,
    10.28352975845337,
    10.291707515716553,
    10.299885272979736,
    10.267174243927002,
    10.267174243927002,
    10.246729850769043,
    10.312151908874512,
    10.287618637084961,
    9.940063953399658,
    9.903264045715332,
    9.931886196136475,
    9.911441802978516,
    9.931886196136475,
    9.927797317504883,
    9.940063953399658,
    9.956419467926025,
    9.923708438873291,
    9.9196195602417,
    9.923708438873291,
    9.895086288452148,
    9.923708438873291,
    9.882819652557373,
    9.886908531188965,
    9.9196195602417,
    9.931886196136475,
    9.911441802978516,
    9.89917516708374,
    9.82966423034668,
    9.895086288452148,
    9.907352924346924,
    9.923708438873291,
    9.927797317504883,
    9.890997409820557,
    9.956419467926025,
    9.972774982452393,
    9.923708438873291,
    9.915530681610107,
    9.9196195602417,
    9.931886196136475,
    9.915530681610107,
    9.952330589294434,
    11.281216144561768,
    9.58024263381958,
    9.55570936203003,
    9.551620483398438,
    9.58024263381958,
    9.55570936203003,
    11.28530502319336,
    9.935975074768066,
    9.911441802978516
  ],
  "timestamps": [
    0.008093595504760742,
    0.036374568939208984,
    0.06460309028625488,
    0.09283161163330078,
    0.12103962898254395,
    0.1492314338684082,
    0.17741894721984863,
    0.20560908317565918,
    0.2338237762451172,
    0.2619955539703369,
    0.29018378257751465,
    0.3183770179748535,
    0.3466298580169678,
    0.37485718727111816,
    0.4030916690826416,
    0.43132472038269043,
    0.4595630168914795,
    0.4877157211303711,
    0.5158679485321045,
    0.5442044734954834,
    0.5724186897277832,
    0.6005773544311523,
    0.6287407875061035,
    0.6568751335144043,
    0.6850135326385498,
    0.7131450176239014,
    0.7412703037261963,
    0.7694978713989258,
    0.7976465225219727,
    0.8257994651794434,
    0.853950023651123,
    0.8820953369140625,
    0.9102468490600586,
    0.9384150505065918,
    0.9665608406066895,
    0.994704008102417,
    1.0228469371795654,
    1.0509974956512451,
    1.07914400100708,
    1.1072895526885986,
    1.1354343891143799,
    1.1635768413543701,
    1.1917216777801514,
    1.2198665142059326,
    1.2480356693267822,
    1.276179552078247,
    1.304328441619873,
    1.3324987888336182,
    1.360692024230957,
    1.388850450515747,
    1.4170010089874268,
    1.4451522827148438,
    1.4732980728149414,
    1.5014405250549316,
    1.5296342372894287,
    1.5579028129577637,
    1.5861365795135498,
    1.6143558025360107,
    1.6425237655639648,
    1.6706748008728027,
    1.6988277435302734,
    1.7269697189331055,
    1.7551124095916748,
    1.7832562923431396,
    1.8114070892333984,
    1.83955717086792,
    1.8677301406860352,
    1.895900011062622,
    1.924072504043579,
    1.9522361755371094,
    1.9804039001464844,
    2.0085647106170654,
    2.036726713180542,
    2.0648937225341797,
    2.0930569171905518,
    2.1212174892425537,
    2.1493849754333496,
    2.1775460243225098,
    2.205706834793091,
    2.2338874340057373,
    2.2620511054992676,
    2.290212631225586,
    2.318376064300537,
    2.3465380668640137,
    2.3747036457061768,
    2.4028680324554443,
    2.4310319423675537,
    2.459202766418457,
    2.4873485565185547,
    2.5154922008514404,
    2.543724298477173,
    2.571950912475586,
    2.600111484527588,
    2.6282875537872314,
    2.656464099884033,
    2.6846418380737305,
    2.712815046310425,
    2.740933656692505,
    2.7691006660461426,
    2.7972609996795654,
    2.825432300567627,
    2.8536009788513184,
    2.8817949295043945,
    2.909987688064575,
    2.938159704208374,
    2.9663236141204834,
    2.9944937229156494,
    3.0226593017578125,
    3.0508065223693848,
    3.0789523124694824,
    3.1071009635925293,
    3.135244846343994,
    3.163391590118408,
    3.1915340423583984,
    3.2197017669677734,
    3.24784779548645,
    3.2759947776794434,
    3.30414080619812,
    3.3322904109954834,
    3.3604342937469482,
    3.3886027336120605,
    3.416743278503418,
    3.44488525390625,
    3.4730327129364014,
    3.501178503036499,
    3.52937388420105,
    3.5576024055480957,
    3.5857956409454346,
    3.6139609813690186,
    3.642111301422119,
    3.6702661514282227,
    3.698416233062744,
    3.726566791534424,
    3.754711866378784,
    3.7828598022460938,
    3.8110063076019287,
    3.839158296585083,
    3.867305040359497,
    3.8954544067382812,
    3.9235992431640625,
    3.951768636703491,
    3.980001926422119,
    4.008131504058838,
    4.036255836486816,
    4.064379453659058,
    4.092503070831299,
    4.120593309402466,
    4.148817300796509,
    4.1769702434539795,
    4.205119848251343
  ]
}