{
  "gesture_id": 7,
  "gesture_name": "hover",
  "timestamp": "2025-12-24T14:46:39.060651",
  "sample_rate": 50,
  "duration": 3.0,
  "distances": [
    8.864688873291016,
    8.864688873291016,
    8.905577659606934,
    9.935975074768066,
    9.895086288452148,
    9.907352924346924,
    9.895086288452148,
    8.889222145080566,
    8.9219331741333,
    9.940063953399658,
    9.903264045715332,
    8.525311946868896,
    8.513045310974121,
    8.521223068237305,
    8.521223068237305,
    9.960508346557617,
    9.931886196136475,
    8.500778675079346,
    8.537578582763672,
    8.517134189605713,
    8.525311946868896,
    9.903264045715332,
    9.907352924346924,
    9.9196195602417,
    9.9686861038208,
    9.890997409820557,
    9.931886196136475,
    9.9686861038208,
    8.917844295501709,
    8.889222145080566,
    8.889222145080566,
    8.893311023712158,
    8.893311023712158,
    10.254907608032227,
    10.291707515716553,
    9.935975074768066,
    9.940063953399658,
    9.94415283203125,
    9.94415283203125,
    9.911441802978516,
    9.952330589294434,
    9.931886196136475,
    9.94415283203125,
    9.915530681610107,
    9.940063953399658,
    9.895086288452148,
    9.956419467926025,
    9.915530681610107,
    9.911441802978516,
    9.927797317504883,
    9.94415283203125,
    9.927797317504883,
    9.886908531188965,
    9.940063953399658,
    9.927797317504883,
    9.911441802978516,
    10.291707515716553,
    10.271263122558594,
    10.28352975845337,
    10.267174243927002,
    10.250818729400635,
    10.271263122558594,
    10.254907608032227,
    10.271263122558594,
    10.295796394348145,
    10.258996486663818,
    10.299885272979736,
    10.28352975845337,
    10.320329666137695,
    10.28352975845337,
    10.279440879821777,
    10.279440879821777,
    10.312151908874512,
    10.28352975845337,
    10.279440879821777,
    10.28352975845337,
    10.303974151611328,
    10.275352001190186,
    10.287618637084961,
    10.28352975845337,
    10.28352975845337,
    10.258996486663818,
    9.915530681610107,
    9.931886196136475,
    9.903264045715332,
    9.62522029876709,
    9.960508346557617,
    11.69828176498413,
    10.30806303024292,
    10.23855209350586,
    10.250818729400635,
    10.279440879821777,
    10.230374336242676,
    10.242640972137451,
    10.242640972137451,
    10.299885272979736,
    10.287618637084961,
    10.271263122558594,
    10.287618637084961,
    10.291707515716553,
    10.271263122558594,
    10.28352975845337,
    10.320329666137695,
    10.26308536529541,
    10.246729850769043,
    10.320329666137695,
    10.357129573822021,
    10.291707515716553,
    10.30806303024292,
    10.279440879821777,
    9.9686861038208,
    9.964597225189209,
    9.948241710662842,
    9.89917516708374,
    9.952330589294434,
    10.267174243927002,
    10.230374336242676,
    10.267174243927002,
    10.28352975845337,
    9.94415283203125,
    9.907352924346924,
    9.915530681610107,
    9.948241710662842,
    9.960508346557617,
    10.291707515716553,
    10.250818729400635,
    10.254907608032227,
    9.948241710662842,
    10.246729850769043,
    11.641037464141846,
    10.287618637084961,
    10.26308536529541,
    10.275352001190186,
    10.267174243927002,
    9.952330589294434,
    9.948241710662842,
    9.927797317504883,
    9.948241710662842,
    9.903264045715332,
    9.960508346557617,
    9.911441802978516,
    9.89917516708374,
    9.948241710662842,
    9.952330589294434,
    9.940063953399658,
    9.9686861038208,
    9.9196195602417,
    9.927797317504883,
    9.915530681610107,
    9.972774982452393
  ],
  "timestamps": [
    0.007978200912475586,
    0.036191701889038086,
    0.06439375877380371,
    0.09257173538208008,
    0.12073993682861328,
    0.14890193939208984,
    0.1770617961883545,
    0.20515799522399902,
    0.23325634002685547,
    0.26141810417175293,
    0.28957462310791016,
    0.31765031814575195,
    0.34572911262512207,
    0.37381458282470703,
    0.40192079544067383,
    0.430084228515625,
    0.4582657814025879,
    0.48635053634643555,
    0.5144329071044922,
    0.5425126552581787,
    0.570591926574707,
    0.5987489223480225,
    0.6269042491912842,
    0.655064582824707,
    0.6832389831542969,
    0.7114036083221436,
    0.7395968437194824,
    0.7678647041320801,
    0.795982837677002,
    0.8242676258087158,
    0.852421760559082,
    0.8805606365203857,
    0.9086718559265137,
    0.9368610382080078,
    0.9650423526763916,
    0.9932026863098145,
    1.021362543106079,
    1.0495240688323975,
    1.077702283859253,
    1.105860948562622,
    1.1340463161468506,
    1.1622068881988525,
    1.1903672218322754,
    1.2185266017913818,
    1.24668288230896,
    1.2748405933380127,
    1.3030023574829102,
    1.331160545349121,
    1.3593223094940186,
    1.387479305267334,
    1.4156591892242432,
    1.4438176155090332,
    1.4719765186309814,
    1.5001335144042969,
    1.5282881259918213,
    1.5564463138580322,
    1.584625005722046,
    1.6127641201019287,
    1.6409387588500977,
    1.6691162586212158,
    1.6973280906677246,
    1.7255175113677979,
    1.7537214756011963,
    1.7819833755493164,
    1.8102073669433594,
    1.8383920192718506,
    1.8665814399719238,
    1.8947641849517822,
    1.9229443073272705,
    1.9511280059814453,
    1.9793057441711426,
    2.0074827671051025,
    2.0356597900390625,
    2.0638420581817627,
    2.092019557952881,
    2.120201826095581,
    2.1484055519104004,
    2.1765847206115723,
    2.2047641277313232,
    2.232937812805176,
    2.261111259460449,
    2.289285659790039,
    2.317440986633301,
    2.3456013202667236,
    2.3737595081329346,
    2.4019155502319336,
    2.430098056793213,
    2.458362579345703,
    2.4865407943725586,
    2.5147149562835693,
    2.5428903102874756,
    2.5710678100585938,
    2.5992465019226074,
    2.6274266242980957,
    2.655604124069214,
    2.6837847232818604,
    2.7119641304016113,
    2.7401936054229736,
    2.7684459686279297,
    2.7966389656066895,
    2.8248374462127686,
    2.8530216217041016,
    2.881211042404175,
    2.909390687942505,
    2.9375643730163574,
    2.965738296508789,
    2.993926525115967,
    3.0221056938171387,
    3.050286293029785,
    3.078465700149536,
    3.106623411178589,
    3.1347768306732178,
    3.162936210632324,
    3.1910932064056396,
    3.219250202178955,
    3.2474236488342285,
    3.27559757232666,
    3.3037750720977783,
    3.3319551944732666,
    3.3601198196411133,
    3.388280153274536,
    3.4164340496063232,
    3.4445929527282715,
    3.472750663757324,
    3.500943422317505,
    3.529116630554199,
    3.557291030883789,
    3.585449695587158,
    3.6136295795440674,
    3.641887903213501,
    3.6701207160949707,
    3.6982996463775635,
    3.726478338241577,
    3.7546613216400146,
    3.782897472381592,
    3.8110883235931396,
    3.8393259048461914,
    3.8674979209899902,
    3.895670175552368,
    3.9238333702087402,
    3.9519946575164795,
    3.980149030685425,
    4.008312940597534,
    4.0364744663238525,
    4.0646326541900635,
    4.092788219451904,
    4.120944499969482,
    4.149096965789795,
    4.177264451980591,
    4.20542311668396
  ]
}