{
  "gesture_id": 7,
  "gesture_name": "hover",
  "timestamp": "2025-12-24T14:41:19.355916",
  "sample_rate": 50,
  "duration": 3.0,
  "distances": [
    19.67977285385132,
    19.63479518890381,
    19.626617431640625,
    19.63479518890381,
    19.675683975219727,
    19.671595096588135,
    20.632481575012207,
    19.328129291534424,
    20.59568166732788,
    20.624303817749023,
    20.575237274169922,
    19.647061824798584,
    19.687950611114502,
    19.671595096588135,
    19.671595096588135,
    19.67977285385132,
    19.65932846069336,
    19.651150703430176,
    19.647061824798584,
    18.33862066268921,
    18.330442905426025,
    18.375420570373535,
    18.371331691741943,
    20.587503910064697,
    19.356751441955566,
    19.3403959274292,
    19.324040412902832,
    19.360840320587158,
    19.29950714111328,
    19.324040412902832,
    19.348573684692383,
    19.336307048797607,
    19.29950714111328,
    19.303596019744873,
    19.348573684692383,
    19.34448480606079,
    19.348573684692383,
    19.287240505218506,
    19.311773777008057,
    19.332218170166016,
    19.3403959274292,
    19.332218170166016,
    19.303596019744873,
    19.303596019744873,
    19.29950714111328,
    19.29541826248169,
    19.31995153427124,
    19.3403959274292,
    19.36492919921875,
    19.291329383850098,
    19.324040412902832,
    19.328129291534424,
    19.332218170166016,
    19.31586265563965,
    19.31995153427124,
    19.311773777008057,
    19.360840320587158,
    19.29541826248169,
    19.31586265563965,
    19.31995153427124,
    19.332218170166016,
    19.29950714111328,
    19.336307048797607,
    19.29541826248169,
    19.311773777008057,
    19.291329383850098,
    19.332218170166016,
    19.27497386932373,
    19.29541826248169,
    19.307684898376465,
    19.27088499069214,
    19.29541826248169,
    19.311773777008057,
    19.283151626586914,
    19.31586265563965,
    19.303596019744873,
    19.31995153427124,
    19.29950714111328,
    19.307684898376465,
    19.31586265563965,
    19.3403959274292,
    19.291329383850098,
    19.279062747955322,
    19.291329383850098,
    19.303596019744873,
    19.324040412902832,
    19.29541826248169,
    19.303596019744873,
    19.31995153427124,
    19.283151626586914,
    19.328129291534424,
    19.3403959274292,
    19.31586265563965,
    19.332218170166016,
    19.307684898376465,
    19.332218170166016,
    19.291329383850098,
    19.29541826248169,
    18.988752365112305,
    18.808841705322266,
    18.968307971954346,
    18.984663486480713,
    19.352662563323975,
    19.336307048797607,
    19.348573684692383,
    19.324040412902832,
    19.324040412902832,
    19.31995153427124,
    19.279062747955322,
    19.332218170166016,
    19.303596019744873,
    19.311773777008057,
    19.352662563323975,
    19.29950714111328,
    19.307684898376465,
    19.332218170166016,
    19.332218170166016,
    19.31586265563965,
    20.32172679901123,
    20.280838012695312,
    20.27266025543213,
    20.27266025543213,
    20.264482498168945,
    20.268571376800537,
    19.291329383850098,
    19.311773777008057,
    19.336307048797607,
    19.29541826248169,
    19.31995153427124,
    19.31995153427124,
    19.324040412902832,
    19.29950714111328,
    19.328129291534424,
    19.328129291534424,
    19.27497386932373,
    19.02555227279663,
    19.332218170166016,
    19.283151626586914,
    19.307684898376465,
    19.291329383850098,
    19.336307048797607,
    19.311773777008057,
    19.283151626586914,
    19.3403959274292,
    19.31586265563965,
    19.291329383850098,
    19.3403959274292,
    19.324040412902832,
    19.29541826248169,
    19.303596019744873
  ],
  "timestamps": [
    0.008621931076049805,
    0.03768205642700195,
    0.06645417213439941,
    0.0952150821685791,
    0.12399029731750488,
    0.15274286270141602,
    0.18153095245361328,
    0.21023058891296387,
    0.23909640312194824,
    0.2679412364959717,
    0.2967374324798584,
    0.32546329498291016,
    0.35419774055480957,
    0.3829326629638672,
    0.4116530418395996,
    0.4403495788574219,
    0.4691181182861328,
    0.49782824516296387,
    0.5265688896179199,
    0.5552875995635986,
    0.5839600563049316,
    0.6126081943511963,
    0.6412458419799805,
    0.670055627822876,
    0.6987388134002686,
    0.7274200916290283,
    0.7561116218566895,
    0.7848284244537354,
    0.8135800361633301,
    0.8422868251800537,
    0.8709542751312256,
    0.8996374607086182,
    0.9283134937286377,
    0.9570047855377197,
    0.9857027530670166,
    1.0143988132476807,
    1.0430922508239746,
    1.0717735290527344,
    1.1004464626312256,
    1.1291849613189697,
    1.157871961593628,
    1.186572790145874,
    1.2152669429779053,
    1.243962287902832,
    1.2726454734802246,
    1.301321029663086,
    1.32999587059021,
    1.3587336540222168,
    1.3874554634094238,
    1.416191577911377,
    1.4448935985565186,
    1.4735848903656006,
    1.502262830734253,
    1.5313763618469238,
    1.5601377487182617,
    1.5888688564300537,
    1.6175696849822998,
    1.6463031768798828,
    1.6750476360321045,
    1.7037363052368164,
    1.7326221466064453,
    1.7613184452056885,
    1.7900002002716064,
    1.818673849105835,
    1.8473544120788574,
    1.8761136531829834,
    1.9048240184783936,
    1.9335174560546875,
    1.9622087478637695,
    1.990891933441162,
    2.019582509994507,
    2.048252582550049,
    2.07692813873291,
    2.105618953704834,
    2.134312868118286,
    2.1630325317382812,
    2.1917176246643066,
    2.2203891277313232,
    2.2490592002868652,
    2.2777369022369385,
    2.306428909301758,
    2.335120677947998,
    2.36381459236145,
    2.3924758434295654,
    2.4211416244506836,
    2.4498093128204346,
    2.4785258769989014,
    2.5072200298309326,
    2.5359315872192383,
    2.564678907394409,
    2.5933709144592285,
    2.62207293510437,
    2.6507489681243896,
    2.679471492767334,
    2.7081987857818604,
    2.7368953227996826,
    2.7655839920043945,
    2.7942652702331543,
    2.8229165077209473,
    2.8515875339508057,
    2.880239725112915,
    2.9088947772979736,
    2.9375674724578857,
    2.966242551803589,
    2.9949233531951904,
    3.023613691329956,
    3.052281379699707,
    3.080958604812622,
    3.109652280807495,
    3.1383485794067383,
    3.1670422554016113,
    3.1957314014434814,
    3.2243971824645996,
    3.2530882358551025,
    3.2817769050598145,
    3.3104662895202637,
    3.339153289794922,
    3.367847442626953,
    3.3965725898742676,
    3.425321102142334,
    3.454069137573242,
    3.4828155040740967,
    3.5115511417388916,
    3.540301561355591,
    3.569047451019287,
    3.597745895385742,
    3.6264989376068115,
    3.6552023887634277,
    3.683906078338623,
    3.712594985961914,
    3.7412667274475098,
    3.7699403762817383,
    3.7986152172088623,
    3.8273074626922607,
    3.8560004234313965,
    3.884694814682007,
    3.9133899211883545,
    3.9420783519744873,
    3.970766544342041,
    3.9994523525238037,
    4.028131723403931,
    4.0568015575408936,
    4.085468292236328,
    4.114142656326294,
    4.142840147018433,
    4.171527862548828,
    4.200246572494507,
    4.228924751281738,
    4.257603406906128,
    4.286276340484619
  ]
}