{
  "gesture_id": 7,
  "gesture_name": "hover",
  "timestamp": "2025-12-24T14:45:20.998174",
  "sample_rate": 50,
  "duration": 3.0,
  "distances": [
    7.928335666656494,
    8.89739990234375,
    7.564425468444824,
    8.513045310974121,
    8.235001564025879,
    9.26131010055542,
    9.110021591186523,
    8.513045310974121,
    8.562111854553223,
    8.23909044265747,
    9.220421314239502,
    10.299885272979736,
    9.886908531188965,
    9.204065799713135,
    10.271263122558594,
    10.303974151611328,
    11.653304100036621,
    11.30983829498291,
    9.952330589294434,
    9.935975074768066,
    9.895086288452148,
    9.903264045715332,
    10.299885272979736,
    8.881044387817383,
    10.23855209350586,
    10.279440879821777,
    9.9196195602417,
    9.923708438873291,
    9.895086288452148,
    9.907352924346924,
    9.923708438873291,
    10.28352975845337,
    10.414373874664307,
    10.226285457611084,
    9.94415283203125,
    9.87464189529419,
    9.927797317504883,
    9.911441802978516,
    9.9196195602417,
    9.931886196136475,
    9.935975074768066,
    9.927797317504883,
    9.94415283203125,
    9.923708438873291,
    9.911441802978516,
    9.915530681610107,
    9.931886196136475,
    9.94415283203125,
    9.923708438873291,
    9.927797317504883,
    9.964597225189209,
    9.935975074768066,
    9.940063953399658,
    9.890997409820557,
    9.927797317504883,
    9.931886196136475,
    9.915530681610107,
    9.94415283203125,
    9.935975074768066,
    9.952330589294434,
    9.940063953399658,
    9.935975074768066,
    9.907352924346924,
    9.89917516708374,
    9.907352924346924,
    9.956419467926025,
    9.960508346557617,
    9.915530681610107,
    9.931886196136475,
    9.895086288452148,
    9.948241710662842,
    9.948241710662842,
    9.940063953399658,
    9.9196195602417,
    9.923708438873291,
    9.886908531188965,
    9.927797317504883,
    9.940063953399658,
    9.911441802978516,
    9.935975074768066,
    9.923708438873291,
    9.588420391082764,
    9.588420391082764,
    9.543442726135254,
    9.940063953399658,
    9.895086288452148,
    9.952330589294434,
    9.952330589294434,
    9.567975997924805,
    9.588420391082764,
    11.313927173614502,
    9.927797317504883,
    9.948241710662842,
    9.923708438873291,
    9.915530681610107,
    11.313927173614502,
    10.937750339508057,
    10.929572582244873,
    11.277127265930176,
    11.252593994140625,
    9.907352924346924,
    9.911441802978516,
    11.305749416351318,
    11.277127265930176,
    11.297571659088135,
    9.935975074768066,
    9.94415283203125,
    11.318016052246094,
    11.256682872772217,
    11.277127265930176,
    11.28530502319336,
    9.907352924346924,
    9.923708438873291,
    11.268949508666992,
    11.62877082824707,
    11.657392978668213,
    11.30983829498291,
    11.297571659088135,
    11.293482780456543,
    11.277127265930176,
    11.297571659088135,
    11.620593070983887,
    11.28530502319336,
    11.305749416351318,
    11.30983829498291,
    11.293482780456543,
    11.297571659088135,
    9.907352924346924,
    9.9196195602417,
    9.886908531188965,
    9.948241710662842,
    9.923708438873291,
    11.297571659088135,
    11.248505115509033,
    11.289393901824951,
    11.28530502319336,
    11.293482780456543,
    9.948241710662842,
    9.927797317504883,
    9.972774982452393,
    9.956419467926025,
    9.9196195602417,
    9.923708438873291,
    9.952330589294434,
    9.952330589294434,
    9.952330589294434,
    9.903264045715332,
    9.940063953399658,
    9.911441802978516,
    9.915530681610107
  ],
  "timestamps": [
    0.007930994033813477,
    0.03612661361694336,
    0.06419181823730469,
    0.09225940704345703,
    0.12031865119934082,
    0.14840221405029297,
    0.17648792266845703,
    0.20453405380249023,
    0.23260498046875,
    0.26062941551208496,
    0.28873777389526367,
    0.3169074058532715,
    0.34505343437194824,
    0.3731675148010254,
    0.4013247489929199,
    0.4294893741607666,
    0.4577345848083496,
    0.48595738410949707,
    0.514106273651123,
    0.5422515869140625,
    0.5703830718994141,
    0.5985260009765625,
    0.6266958713531494,
    0.6547455787658691,
    0.6829085350036621,
    0.7110695838928223,
    0.7392139434814453,
    0.7673606872558594,
    0.795529842376709,
    0.8238062858581543,
    0.8522021770477295,
    0.8803880214691162,
    0.9085707664489746,
    0.9367861747741699,
    0.9649176597595215,
    0.9930803775787354,
    1.0212316513061523,
    1.0493807792663574,
    1.0775346755981445,
    1.105684757232666,
    1.1338562965393066,
    1.16200852394104,
    1.1901566982269287,
    1.2183032035827637,
    1.2464489936828613,
    1.2745962142944336,
    1.3027467727661133,
    1.3308908939361572,
    1.3590400218963623,
    1.3871848583221436,
    1.4153308868408203,
    1.4434969425201416,
    1.4716501235961914,
    1.4997918605804443,
    1.5279779434204102,
    1.556105375289917,
    1.584249496459961,
    1.6123692989349365,
    1.6405129432678223,
    1.6686408519744873,
    1.6967887878417969,
    1.7249362468719482,
    1.753080129623413,
    1.7812247276306152,
    1.809396743774414,
    1.837627649307251,
    1.8658478260040283,
    1.894036054611206,
    1.922189474105835,
    1.9503440856933594,
    1.9784934520721436,
    2.0066423416137695,
    2.034787178039551,
    2.062929630279541,
    2.0910682678222656,
    2.119209051132202,
    2.147350311279297,
    2.1754915714263916,
    2.203632116317749,
    2.2317793369293213,
    2.259923219680786,
    2.288057804107666,
    2.316183567047119,
    2.3442890644073486,
    2.3724405765533447,
    2.4005637168884277,
    2.428704023361206,
    2.4568490982055664,
    2.4849963188171387,
    2.5131192207336426,
    2.5413458347320557,
    2.569493055343628,
    2.5976405143737793,
    2.625783920288086,
    2.6539273262023926,
    2.6821508407592773,
    2.710373640060425,
    2.7385752201080322,
    2.7667906284332275,
    2.7950360774993896,
    2.823267936706543,
    2.851454019546509,
    2.879683017730713,
    2.9079320430755615,
    2.936185359954834,
    2.9643328189849854,
    2.992474317550659,
    3.020697593688965,
    3.0489258766174316,
    3.077153205871582,
    3.105377674102783,
    3.1335256099700928,
    3.1616694927215576,
    3.189891815185547,
    3.218155860900879,
    3.2464025020599365,
    3.274622678756714,
    3.302866220474243,
    3.331087827682495,
    3.359314441680908,
    3.3875343799591064,
    3.415773630142212,
    3.443995952606201,
    3.472221612930298,
    3.500447988510132,
    3.5286707878112793,
    3.556887626647949,
    3.5850307941436768,
    3.61318039894104,
    3.6413302421569824,
    3.669475793838501,
    3.697628974914551,
    3.72584867477417,
    3.75407075881958,
    3.782290458679199,
    3.8105359077453613,
    3.838841199874878,
    3.867048740386963,
    3.895251989364624,
    3.923435688018799,
    3.9515883922576904,
    3.979734182357788,
    4.007877349853516,
    4.036067008972168,
    4.0642173290252686,
    4.092365026473999,
    4.120504379272461,
    4.148652791976929,
    4.176807165145874,
    4.204957962036133
  ]
}