{
  "gesture_id": 4,
  "gesture_name": "wave",
  "timestamp": "2025-12-24T14:13:38.697820",
  "sample_rate": 50,
  "duration": 3.0,
  "distances": [
    53.25355529785156,
    59.05567407608032,
    56.63505792617798,
    52.71791219711304,
    50.54671764373779,
    50.83702802658081,
    50.31365156173706,
    50.33000707626343,
    50.66938400268555,
    50.665295124053955,
    50.15827417373657,
    49.234187602996826,
    48.432767391204834,
    48.67810010910034,
    49.638986587524414,
    48.80894422531128,
    49.81480836868286,
    53.0859112739563,
    51.21729373931885,
    50.301384925842285,
    52.574801445007324,
    53.2862663269043,
    53.60519886016846,
    62.882864475250244,
    56.806790828704834,
    64.73103761672974,
    59.791672229766846,
    63.590240478515625,
    64.04410600662231,
    64.86188173294067,
    64.42437171936035,
    64.0481948852539,
    63.59841823577881,
    63.60659599304199,
    64.02775049209595,
    63.58206272125244,
    64.01957273483276,
    64.46526050567627,
    64.39574956893921,
    57.354700565338135,
    53.760576248168945,
    55.15897274017334,
    49.99880790710449,
    49.62263107299805,
    47.63134717941284,
    47.84805774688721,
    47.81534671783447,
    49.48769807815552,
    47.226548194885254,
    47.64770269393921,
    50.01107454299927,
    56.647324562072754,
    54.25124168395996,
    52.055513858795166,
    53.44573259353638,
    56.786346435546875,
    56.13621473312378,
    56.7740797996521,
    63.29993009567261,
    62.886953353881836,
    57.10936784744263,
    57.09301233291626,
    56.34474754333496,
    56.34883642196655,
    53.9323091506958,
    56.95807933807373,
    50.963783264160156,
    50.81249475479126,
    50.325918197631836,
    50.121474266052246,
    52.70155668258667,
    47.62316942214966,
    49.66760873794556,
    54.95043992996216,
    50.346362590789795,
    56.786346435546875,
    56.647324562072754,
    55.31435012817383,
    56.765902042388916,
    60.310959815979004,
    61.427223682403564,
    64.03183937072754,
    63.92552852630615,
    63.48392963409424,
    64.08090591430664,
    63.635218143463135,
    63.659751415252686,
    63.246774673461914,
    64.22810554504395,
    63.819217681884766,
    63.8028621673584,
    63.34490776062012,
    56.561458110809326,
    54.47204113006592,
    51.56893730163574,
    50.17462968826294,
    50.20325183868408,
    49.52040910720825,
    50.207340717315674,
    48.682188987731934,
    47.47188091278076,
    46.47010564804077,
    46.87490463256836,
    48.58405590057373,
    49.99063014984131,
    49.88023042678833,
    50.526273250579834,
    55.16715049743652,
    58.30332040786743,
    55.535149574279785,
    54.5292854309082,
    55.51879405975342,
    55.01995086669922,
    54.84004020690918,
    54.6805739402771,
    56.70456886291504,
    51.91240310668945,
    50.415873527526855,
    48.686277866363525,
    48.273301124572754,
    47.271525859832764,
    47.8521466255188,
    45.885396003723145,
    47.07934856414795,
    47.68859148025513,
    49.28325414657593,
    50.211429595947266,
    51.40947103500366,
    56.54510259628296,
    64.21583890914917,
    62.98099756240845,
    62.318599224090576,
    62.727487087249756,
    63.63930702209473,
    63.16908597946167,
    63.17317485809326,
    64.02775049209595,
    62.841975688934326,
    63.3040189743042,
    63.06277513504028,
    64.898681640625,
    61.5090012550354,
    60.200560092926025,
    57.78403282165527,
    56.671857833862305,
    49.99063014984131,
    49.81480836868286,
    45.58690786361694,
    44.16806697845459,
    43.996334075927734
  ],
  "timestamps": [
    0.010569095611572266,
    0.04169607162475586,
    0.07264375686645508,
    0.10339164733886719,
    0.13391923904418945,
    0.1644594669342041,
    0.1949601173400879,
    0.2254657745361328,
    0.255995512008667,
    0.2865285873413086,
    0.3170289993286133,
    0.3474690914154053,
    0.37786269187927246,
    0.40830469131469727,
    0.43874073028564453,
    0.46912598609924316,
    0.4996805191040039,
    0.5303997993469238,
    0.5609631538391113,
    0.5914795398712158,
    0.6221733093261719,
    0.6528377532958984,
    0.6835169792175293,
    0.714785099029541,
    0.7456393241882324,
    0.7769389152526855,
    0.8079700469970703,
    0.839214563369751,
    0.8704984188079834,
    0.9018261432647705,
    0.9331352710723877,
    0.9643969535827637,
    0.995659589767456,
    1.026970624923706,
    1.0582406520843506,
    1.089482307434082,
    1.1207542419433594,
    1.1520390510559082,
    1.1833436489105225,
    1.2142338752746582,
    1.2449157238006592,
    1.2756705284118652,
    1.3061327934265137,
    1.336615800857544,
    1.3669111728668213,
    1.3972322940826416,
    1.427544116973877,
    1.4580020904541016,
    1.4883513450622559,
    1.5187301635742188,
    1.5492217540740967,
    1.5800633430480957,
    1.610778570175171,
    1.6413586139678955,
    1.6720004081726074,
    1.7028489112854004,
    1.733659029006958,
    1.7645039558410645,
    1.7957661151885986,
    1.827005386352539,
    1.8578855991363525,
    1.8887596130371094,
    1.919571876525879,
    1.950411319732666,
    1.9810945987701416,
    2.0120322704315186,
    2.042562246322632,
    2.073077440261841,
    2.103539228439331,
    2.1340432167053223,
    2.164669990539551,
    2.1949729919433594,
    2.2254114151000977,
    2.256136417388916,
    2.286607265472412,
    2.317444324493408,
    2.348276376724243,
    2.3790602684020996,
    2.409928798675537,
    2.4410440921783447,
    2.4722683429718018,
    2.5037856101989746,
    2.535306215286255,
    2.566681385040283,
    2.5979747772216797,
    2.629225969314575,
    2.6604864597320557,
    2.691732168197632,
    2.723029613494873,
    2.754321575164795,
    2.7855989933013916,
    2.8168392181396484,
    2.8476901054382324,
    2.878405809402466,
    2.9089488983154297,
    2.9394092559814453,
    2.969879150390625,
    3.0003244876861572,
    3.030806541442871,
    3.0612125396728516,
    3.091527223587036,
    3.1217870712280273,
    3.1520681381225586,
    3.1824443340301514,
    3.2129087448120117,
    3.2433664798736572,
    3.273878574371338,
    3.3046441078186035,
    3.335589647293091,
    3.366396188735962,
    3.397122859954834,
    3.427910566329956,
    3.458662271499634,
    3.489478826522827,
    3.5202908515930176,
    3.5511724948883057,
    3.5817513465881348,
    3.6122331619262695,
    3.6426031589508057,
    3.6729555130004883,
    3.7032527923583984,
    3.733595132827759,
    3.7638182640075684,
    3.7941153049468994,
    3.8244545459747314,
    3.854879856109619,
    3.885350465774536,
    3.9158945083618164,
    3.946744441986084,
    3.9780433177948,
    4.009274482727051,
    4.040454626083374,
    4.071655750274658,
    4.102907657623291,
    4.13418173789978,
    4.16539740562439,
    4.196657657623291,
    4.22786283493042,
    4.259101152420044,
    4.29032826423645,
    4.321674823760986,
    4.352804899215698,
    4.383857488632202,
    4.4147703647613525,
    4.44560980796814,
    4.476150274276733,
    4.506762266159058,
    4.537014722824097,
    4.567233085632324,
    4.597361326217651
  ]
}