{
  "gesture_id": 4,
  "gesture_name": "wave",
  "timestamp": "2025-12-23T15:51:20.592762",
  "sample_rate": 50,
  "duration": 3.0,
  "distances": [
    41.833317279815674,
    41.359007358551025,
    43.02318096160889,
    42.07864999771118,
    41.64113998413086,
    41.16683006286621,
    42.78193712234497,
    42.30353832244873,
    41.82922840118408,
    41.82922840118408,
    41.84149503707886,
    41.86602830886841,
    40.856075286865234,
    40.63936471939087,
    40.44309854507446,
    40.21412134170532,
    40.6720757484436,
    39.52310085296631,
    40.21003246307373,
    43.59971284866333,
    42.769670486450195,
    56.61461353302002,
    38.104259967803955,
    37.64221668243408,
    39.968788623809814,
    50.48947334289551,
    60.33958196640015,
    58.904385566711426,
    50.325918197631836,
    41.84967279434204,
    38.8279914855957,
    38.128793239593506,
    36.943018436431885,
    41.39171838760376,
    39.265501499176025,
    37.875282764434814,
    38.378214836120605,
    37.15972900390625,
    36.031198501586914,
    35.781776905059814,
    36.49324178695679,
    38.11652660369873,
    39.04470205307007,
    38.84025812149048,
    39.51083421707153,
    38.77074718475342,
    37.18017339706421,
    36.20293140411377,
    36.24382019042969,
    41.08096361160278,
    43.12131404876709,
    38.07154893875122,
    39.25323486328125,
    36.22337579727173,
    36.20293140411377,
    36.01484298706055,
    36.20293140411377,
    37.351906299591064,
    41.79651737213135,
    37.167906761169434,
    37.39279508590698,
    36.967551708221436,
    43.74282360076904,
    37.62995004653931,
    37.61359453201294,
    38.762569427490234,
    39.245057106018066,
    39.00381326675415,
    36.47279739379883,
    37.13928461074829,
    36.23155355453491,
    36.235642433166504,
    38.30461502075195,
    38.79528045654297,
    38.31279277801514,
    36.673152446746826,
    37.625861167907715,
    36.46053075790405,
    38.06337118148804,
    38.45590353012085,
    38.57448101043701,
    37.40506172180176,
    36.91030740737915,
    36.25199794769287,
    58.14794301986694,
    36.4850640296936,
    58.560919761657715,
    37.421417236328125,
    37.151551246643066,
    38.33732604980469,
    36.235642433166504,
    36.2887978553772,
    35.76951026916504,
    37.89572715759277,
    39.26959037780762,
    40.447187423706055,
    37.20470666885376,
    36.04346513748169,
    36.27244234085083,
    34.465157985687256,
    35.7408881187439,
    37.883460521698,
    39.95243310928345,
    37.18835115432739,
    56.524658203125,
    36.95119619369507,
    38.37003707885742,
    36.967551708221436,
    37.89163827896118,
    39.2777681350708,
    38.811635971069336,
    38.09608221054077,
    37.66674995422363,
    35.24613380432129,
    36.06799840927124,
    38.32097053527832,
    57.18705654144287,
    49.62671995162964,
    41.32629632949829,
    55.65372705459595,
    38.15332651138306,
    38.811635971069336,
    38.852524757385254,
    38.128793239593506,
    37.89572715759277,
    39.056968688964844,
    37.89163827896118,
    38.09199333190918,
    38.61536979675293,
    36.280620098114014,
    44.02904510498047,
    45.19437551498413,
    59.48091745376587,
    39.7275447845459,
    56.63505792617798,
    40.8724308013916,
    41.39580726623535,
    39.081501960754395,
    37.646305561065674,
    38.81572484970093,
    59.48500633239746,
    56.81905746459961,
    56.786346435546875,
    36.25608682632446,
    36.534130573272705,
    37.43777275085449,
    36.693596839904785,
    36.235642433166504,
    60.61762571334839,
    39.036524295806885
  ],
  "timestamps": [
    0.009893655776977539,
    0.03997206687927246,
    0.07008981704711914,
    0.1001749038696289,
    0.13025617599487305,
    0.16022729873657227,
    0.19028687477111816,
    0.22030425071716309,
    0.2503039836883545,
    0.2802906036376953,
    0.3102843761444092,
    0.3402841091156006,
    0.37021589279174805,
    0.400132417678833,
    0.43003368377685547,
    0.4599263668060303,
    0.48984718322753906,
    0.519702672958374,
    0.5495922565460205,
    0.5796866416931152,
    0.6097259521484375,
    0.6405799388885498,
    0.6704888343811035,
    0.700350284576416,
    0.7302713394165039,
    0.7607882022857666,
    0.7918479442596436,
    0.8228175640106201,
    0.853297233581543,
    0.8832879066467285,
    0.9130973815917969,
    0.9428861141204834,
    0.9725911617279053,
    1.002551794052124,
    1.03238844871521,
    1.062148094177246,
    1.0919373035430908,
    1.1216578483581543,
    1.1513257026672363,
    1.1809749603271484,
    1.210679531097412,
    1.2404851913452148,
    1.2703280448913574,
    1.3001375198364258,
    1.3299903869628906,
    1.3599529266357422,
    1.389685869216919,
    1.4193482398986816,
    1.449014663696289,
    1.47896146774292,
    1.5090219974517822,
    1.5388038158416748,
    1.568674087524414,
    1.5983479022979736,
    1.6280097961425781,
    1.6577434539794922,
    1.6876275539398193,
    1.7174134254455566,
    1.7474286556243896,
    1.7771377563476562,
    1.8068699836730957,
    1.8365705013275146,
    1.8666682243347168,
    1.8964133262634277,
    1.9261555671691895,
    1.955970287322998,
    1.9858036041259766,
    2.0156238079071045,
    2.0452942848205566,
    2.0750198364257812,
    2.1046767234802246,
    2.1343328952789307,
    2.1641111373901367,
    2.1939258575439453,
    2.223705768585205,
    2.2533891201019287,
    2.2831456661224365,
    2.3128185272216797,
    2.3425862789154053,
    2.3723771572113037,
    2.4021685123443604,
    2.431891441345215,
    2.461587905883789,
    2.4912614822387695,
    2.5221962928771973,
    2.5518691539764404,
    2.5828304290771484,
    2.6125564575195312,
    2.6422770023345947,
    2.672196626663208,
    2.7019824981689453,
    2.7316746711730957,
    2.7613043785095215,
    2.7910664081573486,
    2.8208940029144287,
    2.8508148193359375,
    2.880514144897461,
    2.9101624488830566,
    2.9398045539855957,
    2.9693617820739746,
    2.999008893966675,
    3.0287458896636963,
    3.058622121810913,
    3.0883126258850098,
    3.1191513538360596,
    3.1488327980041504,
    3.178617477416992,
    3.208317995071411,
    3.238076686859131,
    3.2679197788238525,
    3.2977304458618164,
    3.3274967670440674,
    3.3572163581848145,
    3.3868167400360107,
    3.4164435863494873,
    3.446232318878174,
    3.4771206378936768,
    3.5075571537017822,
    3.53751277923584,
    3.5682992935180664,
    3.5980677604675293,
    3.6279101371765137,
    3.657822847366333,
    3.6878271102905273,
    3.7176239490509033,
    3.7474722862243652,
    3.7772421836853027,
    3.8070383071899414,
    3.836855173110962,
    3.8665835857391357,
    3.8967087268829346,
    3.9268925189971924,
    3.9579105377197266,
    3.9877703189849854,
    4.018621206283569,
    4.048567056655884,
    4.0785300731658936,
    4.108351945877075,
    4.1380956172943115,
    4.167926788330078,
    4.198949098587036,
    4.229807138442993,
    4.260679483413696,
    4.290334939956665,
    4.320006608963013,
    4.349733114242554,
    4.3794214725494385,
    4.409083366394043,
    4.44017219543457,
    4.469992399215698
  ]
}