{
  "gesture_id": 4,
  "gesture_name": "wave",
  "timestamp": "2025-12-24T14:16:07.760740",
  "sample_rate": 50,
  "duration": 3.0,
  "distances": [
    50.18280744552612,
    50.33818483352661,
    50.54671764373779,
    50.15418529510498,
    49.85160827636719,
    50.33818483352661,
    50.92289447784424,
    51.74475908279419,
    50.54671764373779,
    50.55489540100098,
    50.20325183868408,
    50.3954291343689,
    50.755250453948975,
    52.94688940048218,
    54.30030822753906,
    51.92058086395264,
    54.149019718170166,
    55.33888339996338,
    55.18350601196289,
    56.966257095336914,
    60.1146936416626,
    60.09424924850464,
    64.03183937072754,
    62.796998023986816,
    64.16677236557007,
    66.90223217010498,
    65.499746799469,
    66.43610000610352,
    66.30934476852417,
    65.47112464904785,
    65.45068025588989,
    65.05405902862549,
    65.05814790725708,
    64.5961046218872,
    64.64108228683472,
    64.62881565093994,
    64.6492600440979,
    64.22401666641235,
    65.43023586273193,
    59.812116622924805,
    56.876301765441895,
    54.50475215911865,
    53.45391035079956,
    52.26404666900635,
    50.91062784194946,
    51.02511644363403,
    50.207340717315674,
    50.366806983947754,
    50.19098520278931,
    51.19684934616089,
    52.25178003311157,
    63.909173011779785,
    56.851768493652344,
    56.692302227020264,
    57.972121238708496,
    58.695852756500244,
    66.05992317199707,
    58.24607610702515,
    57.84127712249756,
    59.08020734786987,
    57.11754560470581,
    56.84767961502075,
    59.09247398376465,
    55.68643808364868,
    53.830087184906006,
    52.59115695953369,
    51.60164833068848,
    50.01925230026245,
    49.67987537384033,
    49.48769807815552,
    49.28734302520752,
    50.03560781478882,
    57.011234760284424,
    55.68234920501709,
    53.95684242248535,
    54.328930377960205,
    56.98261260986328,
    64.49388265609741,
    63.320374488830566,
    64.9518370628357,
    66.72641038894653,
    65.88001251220703,
    64.64108228683472,
    63.774240016937256,
    64.17495012283325,
    63.78241777420044,
    66.43610000610352,
    66.58738851547241,
    66.58738851547241,
    64.64108228683472,
    63.77832889556885,
    64.63699340820312,
    64.57974910736084,
    65.45476913452148,
    56.84767961502075,
    54.328930377960205,
    55.0281286239624,
    50.162363052368164,
    51.06600522994995,
    50.710272789001465,
    49.847519397735596,
    50.01107454299927,
    52.79560089111328,
    54.124486446380615,
    54.831862449645996,
    59.673094749450684,
    57.26065635681152,
    61.35362386703491,
    56.9744348526001,
    57.24838972091675,
    58.23789834976196,
    58.40554237365723,
    59.10065174102783,
    58.52820873260498,
    57.219767570495605,
    56.55328035354614,
    56.54919147491455,
    56.84767961502075,
    54.47204113006592,
    58.82260799407959,
    49.66760873794556,
    49.08289909362793,
    48.06476831436157,
    48.89481067657471,
    49.05836582183838,
    49.483609199523926,
    68.07165145874023,
    57.70634412765503,
    56.71274662017822,
    56.692302227020264,
    62.78473138809204,
    61.07558012008667,
    66.07218980789185,
    66.01494550704956,
    67.8876519203186,
    64.24037218093872,
    65.45885801315308,
    63.91326189041138,
    66.48107767105103,
    64.75965976715088,
    67.72818565368652,
    66.16214513778687,
    65.21352529525757,
    66.48925542831421,
    64.33850526809692,
    66.31752252578735,
    62.907397747039795,
    62.792909145355225,
    54.12857532501221,
    51.24591588973999
  ],
  "timestamps": [
    0.010395526885986328,
    0.04098200798034668,
    0.07152652740478516,
    0.10203242301940918,
    0.13250446319580078,
    0.1629960536956787,
    0.1934971809387207,
    0.22408103942871094,
    0.2545590400695801,
    0.28506040573120117,
    0.3155355453491211,
    0.34603404998779297,
    0.37654590606689453,
    0.4071645736694336,
    0.43791651725769043,
    0.468700647354126,
    0.4994528293609619,
    0.5302398204803467,
    0.5609958171844482,
    0.5918612480163574,
    0.6228957176208496,
    0.6539380550384521,
    0.6852352619171143,
    0.7164428234100342,
    0.7477352619171143,
    0.7791850566864014,
    0.8105514049530029,
    0.8419919013977051,
    0.8733799457550049,
    0.904747724533081,
    0.9361116886138916,
    0.9675216674804688,
    0.9988529682159424,
    1.0301554203033447,
    1.061464786529541,
    1.0927834510803223,
    1.1241047382354736,
    1.1554138660430908,
    1.186779499053955,
    1.2178139686584473,
    1.248676061630249,
    1.2793915271759033,
    1.3100347518920898,
    1.340651512145996,
    1.3711638450622559,
    1.401686191558838,
    1.4321677684783936,
    1.462775707244873,
    1.4933500289916992,
    1.5239450931549072,
    1.5545551776885986,
    1.5858356952667236,
    1.6166951656341553,
    1.6475391387939453,
    1.6784632205963135,
    1.7094621658325195,
    1.7408957481384277,
    1.7718782424926758,
    1.8027870655059814,
    1.8337855339050293,
    1.864670753479004,
    1.8955295085906982,
    1.9264914989471436,
    1.9572768211364746,
    1.9879708290100098,
    2.0185728073120117,
    2.0491275787353516,
    2.0796122550964355,
    2.110036849975586,
    2.1404879093170166,
    2.1709108352661133,
    2.2013461589813232,
    2.2321975231170654,
    2.262972831726074,
    2.2936413288116455,
    2.3243558406829834,
    2.3552582263946533,
    2.3865878582000732,
    2.417828321456909,
    2.4492294788360596,
    2.4807729721069336,
    2.5122501850128174,
    2.5435664653778076,
    2.5748205184936523,
    2.6061079502105713,
    2.637403726577759,
    2.6688613891601562,
    2.7003297805786133,
    2.731788396835327,
    2.7631263732910156,
    2.794419050216675,
    2.825752019882202,
    2.8570799827575684,
    2.8884494304656982,
    2.919325113296509,
    2.9500792026519775,
    2.980867624282837,
    3.011385202407837,
    3.041933298110962,
    3.0724592208862305,
    3.102937698364258,
    3.133410692214966,
    3.16404390335083,
    3.194749116897583,
    3.2255046367645264,
    3.2565510272979736,
    3.2874574661254883,
    3.318612575531006,
    3.3495068550109863,
    3.3804192543029785,
    3.4113831520080566,
    3.44240665435791,
    3.4735779762268066,
    3.504573106765747,
    3.53548002243042,
    3.5663511753082275,
    3.5972189903259277,
    3.6280934810638428,
    3.6588404178619385,
    3.6898365020751953,
    3.7202961444854736,
    3.750718832015991,
    3.7810750007629395,
    3.8114876747131348,
    3.8419203758239746,
    3.8723835945129395,
    3.903921127319336,
    3.9348502159118652,
    3.965747594833374,
    3.9966232776641846,
    4.027849912643433,
    4.058969974517822,
    4.090369701385498,
    4.12176251411438,
    4.153272390365601,
    4.1845855712890625,
    4.215973377227783,
    4.24726414680481,
    4.278703927993774,
    4.310039758682251,
    4.341574668884277,
    4.373000144958496,
    4.404365539550781,
    4.435838460922241,
    4.467444658279419,
    4.498883962631226,
    4.530094861984253,
    4.561296701431274,
    4.59203028678894,
    4.622588157653809
  ]
}