{
  "gesture_id": 4,
  "gesture_name": "wave",
  "timestamp": "2025-12-24T13:37:51.824101",
  "sample_rate": 50,
  "duration": 3.0,
  "distances": [
    53.49071025848389,
    53.33942174911499,
    53.6338210105896,
    54.13675308227539,
    53.785109519958496,
    53.466176986694336,
    53.62973213195801,
    54.512929916381836,
    54.009997844696045,
    53.61337661743164,
    52.61160135269165,
    53.462088108062744,
    51.891958713531494,
    52.80786752700806,
    51.781558990478516,
    58.67949724197388,
    56.831324100494385,
    52.918267250061035,
    52.45213508605957,
    51.90013647079468,
    56.945812702178955,
    52.623867988586426,
    51.757025718688965,
    51.25000476837158,
    52.63204574584961,
    49.90067481994629,
    49.51632022857666,
    62.9033088684082,
    45.84859609603882,
    46.662282943725586,
    49.279165267944336,
    50.38725137710571,
    50.37907361984253,
    51.74475908279419,
    61.53353452682495,
    56.083059310913086,
    59.09656286239624,
    60.24144887924194,
    60.65033674240112,
    65.07041454315186,
    63.24268579483032,
    66.07218980789185,
    62.89921998977661,
    66.45654439926147,
    62.49033212661743,
    59.133362770080566,
    59.26011800765991,
    56.671857833862305,
    56.581902503967285,
    53.83826494216919,
    52.4357795715332,
    50.914716720581055,
    50.710272789001465,
    50.71436166763306,
    52.46849060058594,
    56.55328035354614,
    54.36164140701294,
    56.86812400817871,
    56.8722128868103,
    56.84767961502075,
    52.79560089111328,
    65.37299156188965,
    55.54332733154297,
    50.06014108657837,
    49.320054054260254,
    50.366806983947754,
    49.0992546081543,
    51.597559452056885,
    51.61391496658325,
    53.11453342437744,
    54.852306842803955,
    55.88270425796509,
    56.98261260986328,
    60.131049156188965,
    60.53584814071655,
    62.64162063598633,
    66.36658906936646,
    66.08854532241821,
    64.09317255020142,
    63.79059553146362,
    64.23628330230713,
    62.94419765472412,
    60.511314868927,
    59.80393886566162,
    58.25016498565674,
    57.403767108917236,
    55.53106069564819,
    53.1349778175354,
    49.892497062683105,
    48.85801076889038,
    49.81071949005127,
    49.82707500457764,
    51.02102756500244,
    50.027430057525635,
    51.213204860687256,
    56.38563632965088,
    54.79506254196167,
    54.49657440185547,
    54.27577495574951,
    55.306172370910645,
    53.06137800216675,
    56.81496858596802,
    49.98654127120972,
    48.23650121688843,
    47.99116849899292,
    47.21019268035889,
    46.62548303604126,
    47.42690324783325,
    47.42690324783325,
    48.22014570236206,
    55.66599369049072,
    55.122172832489014,
    54.439330101013184,
    56.77816867828369,
    58.082520961761475,
    58.63451957702637,
    61.16553544998169,
    65.19308090209961,
    62.7561092376709,
    64.16677236557007,
    62.5066876411438,
    61.07149124145508,
    58.80625247955322,
    58.356475830078125,
    65.82276821136475,
    59.04749631881714,
    56.7740797996521,
    56.761813163757324,
    51.8878698348999,
    51.368582248687744,
    49.050188064575195,
    46.21659517288208,
    49.9947190284729,
    48.24059009552002,
    49.05836582183838,
    46.82583808898926,
    50.321829319000244,
    49.778008460998535,
    53.032755851745605,
    53.57248783111572,
    50.99649429321289,
    51.51578187942505,
    51.35222673416138,
    53.08182239532471,
    53.580665588378906,
    52.36626863479614,
    49.79027509689331,
    49.83116388320923,
    44.78957653045654,
    44.00860071182251
  ],
  "timestamps": [
    0.010600805282592773,
    0.04140591621398926,
    0.07223868370056152,
    0.10302615165710449,
    0.13373398780822754,
    0.16442298889160156,
    0.19511008262634277,
    0.2257981300354004,
    0.25650620460510254,
    0.28719449043273926,
    0.3178095817565918,
    0.3485395908355713,
    0.3793296813964844,
    0.41000986099243164,
    0.44058775901794434,
    0.4715561866760254,
    0.5024442672729492,
    0.5331065654754639,
    0.5637350082397461,
    0.5943624973297119,
    0.6252546310424805,
    0.6558904647827148,
    0.6864762306213379,
    0.717017650604248,
    0.7476716041564941,
    0.7781364917755127,
    0.8085949420928955,
    0.8398153781890869,
    0.8700406551361084,
    0.9003102779388428,
    0.9307258129119873,
    0.9612157344818115,
    0.9916834831237793,
    1.0222342014312744,
    1.0533888339996338,
    1.0842034816741943,
    1.115196704864502,
    1.1463062763214111,
    1.1773905754089355,
    1.2087278366088867,
    1.2399556636810303,
    1.2713403701782227,
    1.3025383949279785,
    1.3339507579803467,
    1.365189552307129,
    1.3962576389312744,
    1.427304744720459,
    1.4581646919250488,
    1.4890167713165283,
    1.5197267532348633,
    1.5503222942352295,
    1.5808236598968506,
    1.6113126277923584,
    1.6418108940124512,
    1.672419548034668,
    1.7032623291015625,
    1.733997106552124,
    1.764864444732666,
    1.7957260608673096,
    1.826587438583374,
    1.8571999073028564,
    1.888540267944336,
    1.9193036556243896,
    1.9497630596160889,
    1.980189323425293,
    2.010674238204956,
    2.0410804748535156,
    2.0716347694396973,
    2.102166175842285,
    2.13280987739563,
    2.1635520458221436,
    2.1943376064300537,
    2.2252063751220703,
    2.2562947273254395,
    2.2873711585998535,
    2.318570137023926,
    2.350024700164795,
    2.381600856781006,
    2.412903308868408,
    2.4441776275634766,
    2.475464105606079,
    2.5066704750061035,
    2.537726640701294,
    2.568751335144043,
    2.5996954441070557,
    2.6305904388427734,
    2.6613705158233643,
    2.6920130252838135,
    2.7224674224853516,
    2.75286865234375,
    2.7833170890808105,
    2.813763380050659,
    2.8442842960357666,
    2.8747448921203613,
    2.905273914337158,
    2.9361016750335693,
    2.9668421745300293,
    2.9975621700286865,
    3.0282697677612305,
    3.0590360164642334,
    3.089665412902832,
    3.1205008029937744,
    3.1509413719177246,
    3.1812844276428223,
    3.211625337600708,
    3.2419240474700928,
    3.272205352783203,
    3.302506685256958,
    3.3328163623809814,
    3.3632125854492188,
    3.394078254699707,
    3.424919366836548,
    3.4557065963745117,
    3.4865736961364746,
    3.517508029937744,
    3.5484745502471924,
    3.579584836959839,
    3.610929012298584,
    3.642130136489868,
    3.6734132766723633,
    3.7045915126800537,
    3.7356836795806885,
    3.7666451930999756,
    3.7975804805755615,
    3.8289616107940674,
    3.8599491119384766,
    3.8908023834228516,
    3.9216527938842773,
    3.952228546142578,
    3.9827685356140137,
    4.013164520263672,
    4.043384313583374,
    4.073822021484375,
    4.104167222976685,
    4.1345720291137695,
    4.164842367172241,
    4.195336580276489,
    4.225785255432129,
    4.256431579589844,
    4.287156105041504,
    4.317667007446289,
    4.348232269287109,
    4.378927707672119,
    4.409613370895386,
    4.440291881561279,
    4.470893859863281,
    4.501368045806885,
    4.531822443008423,
    4.561991453170776,
    4.592102527618408
  ]
}