{
  "gesture_id": 4,
  "gesture_name": "wave",
  "timestamp": "2025-12-24T14:14:32.609161",
  "sample_rate": 50,
  "duration": 3.0,
  "distances": [
    49.6471643447876,
    49.414098262786865,
    49.643075466156006,
    49.83116388320923,
    48.80894422531128,
    48.80894422531128,
    48.870277404785156,
    48.04432392120361,
    47.6027250289917,
    49.434542655944824,
    47.79081344604492,
    47.39419221878052,
    48.432767391204834,
    47.594547271728516,
    49.962007999420166,
    50.325918197631836,
    49.95383024215698,
    50.30956268310547,
    51.961469650268555,
    54.283952713012695,
    56.50012493133545,
    66.13761186599731,
    60.16784906387329,
    63.71290683746338,
    67.83040761947632,
    61.32091283798218,
    61.995577812194824,
    63.316285610198975,
    68.97529363632202,
    69.09795999526978,
    63.16499710083008,
    64.05637264251709,
    62.0078444480896,
    60.77300310134888,
    63.72108459472656,
    62.453532218933105,
    64.5511269569397,
    56.93354606628418,
    53.781020641326904,
    55.964481830596924,
    51.01284980773926,
    49.61445331573486,
    48.83756637573242,
    49.21783208847046,
    48.80485534667969,
    47.84805774688721,
    48.42050075531006,
    47.635436058044434,
    59.063851833343506,
    53.392577171325684,
    56.59825801849365,
    56.63914680480957,
    66.1457896232605,
    52.214980125427246,
    52.210891246795654,
    53.915953636169434,
    54.77052927017212,
    54.98315095901489,
    55.66190481185913,
    55.833637714385986,
    56.377458572387695,
    56.65550231933594,
    56.36110305786133,
    56.806790828704834,
    57.084834575653076,
    54.0835976600647,
    54.12857532501221,
    50.665295124053955,
    50.87382793426514,
    49.275076389312744,
    49.03383255004883,
    47.23472595214844,
    47.43916988372803,
    46.80130481719971,
    47.8030800819397,
    50.51809549331665,
    54.263508319854736,
    56.47150278091431,
    57.18296766281128,
    56.92945718765259,
    62.71522045135498,
    64.31397199630737,
    63.45939636230469,
    63.884639739990234,
    63.46757411956787,
    69.286048412323,
    68.79129409790039,
    63.44712972640991,
    63.933706283569336,
    64.33850526809692,
    65.7450795173645,
    65.7491683959961,
    62.17139959335327,
    62.19593286514282,
    58.381009101867676,
    56.65959119796753,
    56.65959119796753,
    51.732492446899414,
    50.006985664367676,
    57.48554468154907,
    49.03383255004883,
    47.40645885467529,
    45.979440212249756,
    46.412861347198486,
    45.39064168930054,
    48.62903356552124,
    50.01925230026245,
    49.87205266952515,
    68.60320568084717,
    70.33689022064209,
    56.725013256073,
    55.715060234069824,
    53.625643253326416,
    55.719149112701416,
    54.991328716278076,
    55.68234920501709,
    56.54510259628296,
    56.57781362533569,
    56.70047998428345,
    52.42760181427002,
    52.41124629974365,
    52.758800983428955,
    51.77338123321533,
    49.88431930541992,
    46.01624011993408,
    47.091615200042725,
    48.67401123046875,
    45.43970823287964,
    46.8544602394104,
    50.37907361984253,
    50.18280744552612,
    51.45035982131958,
    56.54510259628296,
    54.12857532501221,
    56.68412446975708,
    59.50953960418701,
    67.06578731536865,
    63.94188404083252,
    63.933706283569336,
    67.33565330505371,
    67.18436479568481,
    64.64517116546631,
    67.48694181442261,
    67.85494089126587,
    66.36658906936646,
    65.3443694114685,
    65.80232381820679,
    60.69531440734863,
    61.247313022613525,
    66.07627868652344
  ],
  "timestamps": [
    0.010352373123168945,
    0.040891408920288086,
    0.07140922546386719,
    0.10193610191345215,
    0.13237214088439941,
    0.16278648376464844,
    0.19318842887878418,
    0.22353887557983398,
    0.2538490295410156,
    0.2843036651611328,
    0.314638614654541,
    0.34492969512939453,
    0.3753035068511963,
    0.40561580657958984,
    0.436079740524292,
    0.46656084060668945,
    0.49703001976013184,
    0.5275166034698486,
    0.5580904483795166,
    0.5888128280639648,
    0.6197144985198975,
    0.6511211395263672,
    0.6822166442871094,
    0.713486909866333,
    0.7450006008148193,
    0.7761492729187012,
    0.8073184490203857,
    0.8385491371154785,
    0.8701233863830566,
    0.9016714096069336,
    0.9328997135162354,
    0.9641642570495605,
    0.9953227043151855,
    1.0264008045196533,
    1.0576632022857666,
    1.0888781547546387,
    1.1202034950256348,
    1.151073932647705,
    1.1817419528961182,
    1.2125487327575684,
    1.2430555820465088,
    1.2734630107879639,
    1.3038465976715088,
    1.3342435359954834,
    1.3646366596221924,
    1.3949742317199707,
    1.425330400466919,
    1.455655813217163,
    1.4866654872894287,
    1.5173277854919434,
    1.5481746196746826,
    1.5790760517120361,
    1.6105875968933105,
    1.6412146091461182,
    1.6718425750732422,
    1.7025492191314697,
    1.7332940101623535,
    1.764045238494873,
    1.7948265075683594,
    1.825627088546753,
    1.8564636707305908,
    1.8873145580291748,
    1.9181711673736572,
    1.9490361213684082,
    1.9799139499664307,
    2.010617256164551,
    2.0413100719451904,
    2.0718023777008057,
    2.1023106575012207,
    2.1327245235443115,
    2.1631267070770264,
    2.193427324295044,
    2.223757743835449,
    2.254032611846924,
    2.2843804359436035,
    2.3148727416992188,
    2.3455870151519775,
    2.376434087753296,
    2.407320737838745,
    2.43820858001709,
    2.469416379928589,
    2.5007097721099854,
    2.5319581031799316,
    2.5632314682006836,
    2.5945637226104736,
    2.626199245452881,
    2.6577746868133545,
    2.689030647277832,
    2.720308780670166,
    2.7516260147094727,
    2.783005714416504,
    2.8143858909606934,
    2.84556245803833,
    2.876779079437256,
    2.9077279567718506,
    2.9385602474212646,
    2.9694058895111084,
    2.999971628189087,
    3.0304338932037354,
    3.0613317489624023,
    3.091754198074341,
    3.1220808029174805,
    3.152329444885254,
    3.182584762573242,
    3.2127790451049805,
    3.243159294128418,
    3.273618698120117,
    3.3040735721588135,
    3.3356239795684814,
    3.367290496826172,
    3.3981456756591797,
    3.4289438724517822,
    3.459634780883789,
    3.490419864654541,
    3.5211598873138428,
    3.551938056945801,
    3.582821846008301,
    3.6137521266937256,
    3.6446292400360107,
    3.675261974334717,
    3.7058701515197754,
    3.736497163772583,
    3.767066240310669,
    3.797520160675049,
    3.827751636505127,
    3.858045816421509,
    3.8884470462799072,
    3.9186508655548096,
    3.948944330215454,
    3.97944974899292,
    4.0099265575408936,
    4.040485382080078,
    4.071336269378662,
    4.102046251296997,
    4.132901906967163,
    4.163904190063477,
    4.195352792739868,
    4.226627588272095,
    4.25789999961853,
    4.289377689361572,
    4.320845365524292,
    4.352180004119873,
    4.383662462234497,
    4.4151716232299805,
    4.44659161567688,
    4.477948904037476,
    4.509328842163086,
    4.540401220321655,
    4.571565866470337,
    4.6031105518341064
  ]
}