{
  "gesture_id": 4,
  "gesture_name": "wave",
  "timestamp": "2025-12-24T14:09:50.816364",
  "sample_rate": 50,
  "duration": 3.0,
  "distances": [
    56.59825801849365,
    56.39381408691406,
    56.20163679122925,
    56.446969509124756,
    56.557369232177734,
    56.725013256073,
    57.14616775512695,
    56.851768493652344,
    56.54101371765137,
    56.262969970703125,
    55.032217502593994,
    55.24892807006836,
    54.533374309539795,
    54.36981916427612,
    56.99487924575806,
    55.04039525985718,
    58.27878713607788,
    55.715060234069824,
    56.84767961502075,
    55.236661434173584,
    56.716835498809814,
    57.02759027481079,
    59.30509567260742,
    65.22579193115234,
    62.98917531967163,
    64.81281518936157,
    65.23805856704712,
    65.81867933273315,
    63.23041915893555,
    62.862420082092285,
    61.99148893356323,
    63.635218143463135,
    65.77370166778564,
    67.95716285705566,
    61.9587779045105,
    61.995577812194824,
    62.134599685668945,
    60.131049156188965,
    60.98971366882324,
    55.878615379333496,
    53.66244316101074,
    53.13088893890381,
    52.45213508605957,
    53.302621841430664,
    54.034531116485596,
    53.34351062774658,
    52.141380310058594,
    57.7226996421814,
    52.95915603637695,
    56.27114772796631,
    54.00590896606445,
    57.739055156707764,
    56.70456886291504,
    53.147244453430176,
    56.73727989196777,
    54.02635335922241,
    53.97728681564331,
    55.7273268699646,
    52.7874231338501,
    53.15951108932495,
    51.757025718688965,
    49.6962308883667,
    48.33463430404663,
    47.48823642730713,
    46.85854911804199,
    46.9035267829895,
    47.0548152923584,
    49.71667528152466,
    50.03560781478882,
    49.52040910720825,
    50.89836120605469,
    53.16359996795654,
    54.68875169754028,
    56.68412446975708,
    60.8098030090332,
    62.249088287353516,
    59.57087278366089,
    64.34668302536011,
    59.992027282714844,
    60.00838279724121,
    60.0124716758728,
    60.40091514587402,
    61.791133880615234,
    63.93779516220093,
    66.10081195831299,
    61.14509105682373,
    65.11948108673096,
    64.23219442367554,
    64.81281518936157,
    58.87167453765869,
    56.422436237335205,
    54.89319562911987,
    52.79968976974487,
    51.81835889816284,
    51.58120393753052,
    50.40769577026367,
    50.70618391036987,
    52.619779109954834,
    52.6361346244812,
    55.70279359817505,
    55.195772647857666,
    56.25479221343994,
    63.37352991104126,
    59.20287370681763,
    57.7226996421814,
    58.11114311218262,
    58.381009101867676,
    56.54510259628296,
    53.44982147216797,
    54.29213047027588,
    51.35631561279297,
    47.864413261413574,
    49.86387491226196,
    65.3484582901001,
    50.043785572052,
    50.33818483352661,
    51.94920301437378,
    55.68643808364868,
    54.4802188873291,
    58.92074108123779,
    64.91094827651978,
    61.23095750808716,
    65.71236848831177,
    62.34313249588013,
    63.181352615356445,
    63.320374488830566,
    64.21583890914917,
    62.37584352493286,
    65.88001251220703,
    66.8449878692627,
    65.14401435852051,
    63.34490776062012,
    65.4956579208374,
    57.23203420639038,
    56.64323568344116,
    56.81496858596802,
    56.81905746459961,
    53.601109981536865,
    53.78919839859009,
    51.35222673416138,
    50.69800615310669,
    49.847519397735596,
    50.18280744552612,
    49.26280975341797,
    49.2955207824707,
    50.03560781478882,
    49.847519397735596,
    50.35862922668457,
    51.004672050476074,
    56.990790367126465
  ],
  "timestamps": [
    0.010762214660644531,
    0.04172682762145996,
    0.07260417938232422,
    0.1034858226776123,
    0.13437247276306152,
    0.16524672508239746,
    0.19614601135253906,
    0.22702431678771973,
    0.2578761577606201,
    0.28870368003845215,
    0.3194699287414551,
    0.350278377532959,
    0.3810691833496094,
    0.41187596321105957,
    0.44280552864074707,
    0.47358131408691406,
    0.5045406818389893,
    0.5353560447692871,
    0.5662143230438232,
    0.5969772338867188,
    0.6278057098388672,
    0.6586780548095703,
    0.6896934509277344,
    0.7210385799407959,
    0.7522916793823242,
    0.7836117744445801,
    0.8149993419647217,
    0.8464248180389404,
    0.8777265548706055,
    0.9089236259460449,
    0.9400842189788818,
    0.9713292121887207,
    1.0027308464050293,
    1.0342578887939453,
    1.0654284954071045,
    1.0965876579284668,
    1.127786636352539,
    1.1588540077209473,
    1.1899604797363281,
    1.220780611038208,
    1.2514452934265137,
    1.2821145057678223,
    1.3127288818359375,
    1.3433990478515625,
    1.3741555213928223,
    1.4049720764160156,
    1.4356157779693604,
    1.4665720462799072,
    1.4972798824310303,
    1.5281200408935547,
    1.5588126182556152,
    1.589731216430664,
    1.620600700378418,
    1.6512699127197266,
    1.6821339130401611,
    1.7128493785858154,
    1.7435534000396729,
    1.774357557296753,
    1.8049824237823486,
    1.8356256484985352,
    1.8661980628967285,
    1.896646499633789,
    1.9270195960998535,
    1.9573447704315186,
    1.9876508712768555,
    2.017951011657715,
    2.0482542514801025,
    2.078709840774536,
    2.1091816425323486,
    2.1396257877349854,
    2.1701500415802,
    2.200803518295288,
    2.2315492630004883,
    2.262408971786499,
    2.293546438217163,
    2.324737071990967,
    2.3557820320129395,
    2.3871500492095947,
    2.418278932571411,
    2.4493439197540283,
    2.48040509223938,
    2.5114903450012207,
    2.5426602363586426,
    2.573944091796875,
    2.6053733825683594,
    2.6364972591400146,
    2.6678473949432373,
    2.6991472244262695,
    2.7305221557617188,
    2.7614598274230957,
    2.792290687561035,
    2.8230409622192383,
    2.8536789417266846,
    2.8842592239379883,
    2.914839267730713,
    2.945335626602173,
    2.9758458137512207,
    3.006470203399658,
    3.0370938777923584,
    3.067897319793701,
    3.098670721054077,
    3.1295230388641357,
    3.1607747077941895,
    3.191786050796509,
    3.2227001190185547,
    3.25363826751709,
    3.284600257873535,
    3.3154358863830566,
    3.3461434841156006,
    3.376922845840454,
    3.407641649246216,
    3.438019037246704,
    3.4684951305389404,
    3.4999356269836426,
    3.5304198265075684,
    3.560910224914551,
    3.5914905071258545,
    3.6222896575927734,
    3.6530168056488037,
    3.684001922607422,
    3.715336322784424,
    3.7464559078216553,
    3.7778451442718506,
    3.8090367317199707,
    3.84027099609375,
    3.8715128898620605,
    3.9028074741363525,
    3.9339957237243652,
    3.9654159545898438,
    3.996870994567871,
    4.02822470664978,
    4.059460639953613,
    4.090878248214722,
    4.121753931045532,
    4.152589797973633,
    4.1834447383880615,
    4.214308977127075,
    4.244988918304443,
    4.275697231292725,
    4.306257486343384,
    4.336770057678223,
    4.36727237701416,
    4.397956132888794,
    4.428669452667236,
    4.459188461303711,
    4.489669322967529,
    4.520145893096924,
    4.550645112991333,
    4.581199407577515,
    4.612078428268433
  ]
}