{
  "gesture_id": 4,
  "gesture_name": "wave",
  "timestamp": "2025-12-23T15:56:33.517714",
  "sample_rate": 50,
  "duration": 3.0,
  "distances": [
    49.757564067840576,
    50.66938400268555,
    50.98831653594971,
    58.73265266418457,
    49.92929697036743,
    49.65534210205078,
    50.50991773605347,
    56.61461353302002,
    50.002896785736084,
    57.21158981323242,
    44.818198680877686,
    46.21250629425049,
    42.270827293395996,
    42.070472240448,
    42.720603942871094,
    47.81534671783447,
    49.78209733963013,
    45.362019538879395,
    44.14353370666504,
    44.159889221191406,
    41.59616231918335,
    41.85376167297363,
    43.178558349609375,
    46.37606143951416,
    60.912024974823,
    51.168227195739746,
    50.325918197631836,
    49.638986587524414,
    50.460851192474365,
    49.79027509689331,
    45.74637413024902,
    42.29536056518555,
    39.02016878128052,
    37.421417236328125,
    39.265501499176025,
    44.9613094329834,
    45.590996742248535,
    43.98406744003296,
    41.334474086761475,
    41.13411903381348,
    40.631186962127686,
    37.400972843170166,
    45.60326337814331,
    45.15348672866821,
    43.78371238708496,
    43.19491386413574,
    56.78225755691528,
    44.17624473571777,
    44.19260025024414,
    43.383002281188965,
    40.177321434020996,
    37.63812780380249,
    38.09199333190918,
    39.061057567596436,
    42.246294021606445,
    43.37073564529419,
    42.97820329666138,
    42.270827293395996,
    39.53127861022949,
    37.899816036224365,
    36.444175243377686,
    35.97395420074463,
    42.70424842834473,
    56.63914680480957,
    44.8100209236145,
    46.78086042404175,
    44.16806697845459,
    52.897822856903076,
    50.31774044036865,
    39.719367027282715,
    39.976966381073,
    38.79119157791138,
    38.607192039489746,
    39.261412620544434,
    52.1863579750061,
    42.974114418029785,
    45.59917449951172,
    41.09323024749756,
    40.197765827178955,
    38.787102699279785,
    36.73039674758911,
    37.670838832855225,
    56.11985921859741,
    45.12077569961548,
    55.82137107849121,
    47.36965894699097,
    48.97658824920654,
    56.606435775756836,
    49.9456524848938,
    47.794902324676514,
    46.63366079330444,
    53.56022119522095,
    40.8724308013916,
    39.02425765991211,
    42.71242618560791,
    43.97997856140137,
    43.178558349609375,
    43.19082498550415,
    44.773221015930176,
    43.97997856140137,
    40.901052951812744,
    42.02958345413208,
    56.64323568344116,
    45.366108417510986,
    45.59508562088013,
    49.65534210205078,
    48.0525016784668,
    56.487858295440674,
    53.85870933532715,
    46.39650583267212,
    47.17339277267456,
    43.178558349609375,
    44.41748857498169,
    57.21158981323242,
    42.04593896865845,
    41.78016185760498,
    43.154025077819824,
    42.97002553939819,
    40.87651968002319,
    56.75772428512573,
    38.57039213180542,
    39.28185701370239,
    36.260175704956055,
    37.400972843170166,
    39.98105525970459,
    45.16575336456299,
    50.3422737121582,
    42.94140338897705,
    44.96948719024658,
    44.17624473571777,
    42.52433776855469,
    42.953670024871826,
    42.745137214660645,
    51.47898197174072,
    39.52310085296631,
    47.76219129562378,
    49.76165294647217,
    45.78317403793335,
    47.982990741729736,
    56.14439249038696,
    41.379451751708984,
    52.214980125427246,
    57.45283365249634,
    55.285727977752686,
    43.158113956451416,
    45.590996742248535,
    50.10511875152588,
    56.467413902282715,
    49.61036443710327,
    45.37837505340576
  ],
  "timestamps": [
    0.010360002517700195,
    0.04101896286010742,
    0.07160687446594238,
    0.10259842872619629,
    0.13309884071350098,
    0.1636030673980713,
    0.1940765380859375,
    0.22491979598999023,
    0.2553846836090088,
    0.2862575054168701,
    0.3164396286010742,
    0.34668946266174316,
    0.3766911029815674,
    0.40669775009155273,
    0.43674254417419434,
    0.4671051502227783,
    0.49756598472595215,
    0.5277810096740723,
    0.5579233169555664,
    0.5880675315856934,
    0.6180517673492432,
    0.6480467319488525,
    0.6781215667724609,
    0.7083930969238281,
    0.7394986152648926,
    0.7710907459259033,
    0.801781415939331,
    0.8323137760162354,
    0.8628504276275635,
    0.8933103084564209,
    0.9235248565673828,
    0.9535267353057861,
    0.9833548069000244,
    1.0130927562713623,
    1.042940378189087,
    1.0731227397918701,
    1.1033554077148438,
    1.1334741115570068,
    1.1634342670440674,
    1.193364143371582,
    1.2232916355133057,
    1.2530081272125244,
    1.2832348346710205,
    1.3134701251983643,
    1.3435754776000977,
    1.3736450672149658,
    1.404505729675293,
    1.4346308708190918,
    1.4647624492645264,
    1.4948585033416748,
    1.5247559547424316,
    1.5545051097869873,
    1.584282636642456,
    1.6141114234924316,
    1.6441240310668945,
    1.6742022037506104,
    1.704256534576416,
    1.7342708110809326,
    1.764261245727539,
    1.7941195964813232,
    1.8238723278045654,
    1.8535451889038086,
    1.8835890293121338,
    1.9144740104675293,
    1.9446513652801514,
    1.9749341011047363,
    2.0050623416900635,
    2.0357117652893066,
    2.0662002563476562,
    2.096066474914551,
    2.125946521759033,
    2.1557600498199463,
    2.1855592727661133,
    2.2154593467712402,
    2.2460732460021973,
    2.2761318683624268,
    2.3063435554504395,
    2.336296796798706,
    2.3661935329437256,
    2.396007776260376,
    2.4256982803344727,
    2.4554460048675537,
    2.486269235610962,
    2.5164568424224854,
    2.547273874282837,
    2.577594518661499,
    2.6080026626586914,
    2.6388540267944336,
    2.6693317890167236,
    2.6996710300445557,
    2.729937791824341,
    2.760620355606079,
    2.7906718254089355,
    2.8205454349517822,
    2.85063099861145,
    2.8807549476623535,
    2.910823345184326,
    2.9408814907073975,
    2.9710419178009033,
    3.0011401176452637,
    3.031095266342163,
    3.0610859394073486,
    3.0919435024261475,
    3.122140407562256,
    3.1523282527923584,
    3.182774543762207,
    3.213104009628296,
    3.2439663410186768,
    3.2746622562408447,
    3.304898738861084,
    3.335195541381836,
    3.3652424812316895,
    3.395379066467285,
    3.426246404647827,
    3.456244468688965,
    3.4862301349639893,
    3.516272783279419,
    3.5463287830352783,
    3.5762438774108887,
    3.6071019172668457,
    3.6368954181671143,
    3.6667306423187256,
    3.696401357650757,
    3.72613263130188,
    3.756025552749634,
    3.786254644393921,
    3.8168206214904785,
    3.8469583988189697,
    3.877239227294922,
    3.9073829650878906,
    3.937427043914795,
    3.967503547668457,
    3.997551679611206,
    4.028106927871704,
    4.0579674243927,
    4.088302850723267,
    4.118756532669067,
    4.1489739418029785,
    4.179339408874512,
    4.210159778594971,
    4.24012017250061,
    4.270714282989502,
    4.301615476608276,
    4.332385540008545,
    4.362451076507568,
    4.392656326293945,
    4.423125267028809,
    4.453969240188599,
    4.4844324588775635,
    4.514630556106567
  ]
}