{
  "gesture_id": 4,
  "gesture_name": "wave",
  "timestamp": "2025-12-24T14:13:18.423598",
  "sample_rate": 50,
  "duration": 3.0,
  "distances": [
    43.6160683631897,
    42.291271686553955,
    43.795979022979736,
    42.111361026763916,
    42.57340431213379,
    41.84967279434204,
    42.28309392929077,
    43.223536014556885,
    43.77553462982178,
    43.403446674346924,
    43.82460117340088,
    44.18442249298096,
    43.1662917137146,
    44.00451183319092,
    47.251081466674805,
    52.22315788269043,
    42.291271686553955,
    40.71296453475952,
    41.36718511581421,
    41.59616231918335,
    39.7275447845459,
    41.583895683288574,
    43.199002742767334,
    41.59616231918335,
    60.73211431503296,
    61.32909059524536,
    61.3086462020874,
    60.89566946029663,
    50.1460075378418,
    60.180115699768066,
    61.02242469787598,
    61.038780212402344,
    61.05513572692871,
    60.64624786376953,
    61.087846755981445,
    61.03060245513916,
    61.063313484191895,
    61.881089210510254,
    61.04695796966553,
    61.067402362823486,
    62.28179931640625,
    61.00606918334961,
    61.885178089141846,
    61.44357919692993,
    61.32909059524536,
    60.8629584312439,
    50.13374090194702,
    56.761813163757324,
    43.587446212768555,
    61.038780212402344,
    42.52842664718628,
    42.03367233276367,
    42.27900505065918,
    41.14229679107666,
    41.175007820129395,
    40.68843126296997,
    41.37536287307739,
    42.97820329666138,
    42.75331497192383,
    44.80184316635132,
    42.98638105392456,
    44.58513259887695,
    46.617305278778076,
    50.67756175994873,
    49.479520320892334,
    60.2128267288208,
    61.496734619140625,
    56.786346435546875,
    56.49603605270386,
    53.27399969100952,
    55.63737154006958,
    61.61531209945679,
    56.95399045944214,
    54.966795444488525,
    56.82723522186279,
    53.97728681564331,
    53.97319793701172,
    56.79861307144165,
    55.874526500701904,
    53.2862663269043,
    61.635756492614746,
    56.98670148849487,
    55.719149112701416,
    52.27222442626953,
    52.235424518585205,
    50.03560781478882,
    50.19916296005249,
    52.77106761932373,
    52.075958251953125,
    60.9610915184021,
    46.6541051864624,
    46.069395542144775,
    45.63188552856445,
    45.022642612457275,
    48.0525016784668,
    56.95399045944214,
    50.15827417373657,
    47.614991664886475,
    48.0525016784668,
    49.76574182510376,
    49.96609687805176,
    57.08892345428467,
    50.4935622215271,
    60.912024974823,
    56.77816867828369,
    60.87113618850708,
    57.20750093460083,
    61.34544610977173,
    62.62935400009155,
    61.28820180892944,
    61.34953498840332,
    61.16553544998169,
    61.99148893356323,
    61.61940097808838,
    60.73211431503296,
    61.59895658493042,
    62.02828884124756,
    61.6071343421936,
    62.044644355773926,
    56.50012493133545,
    57.48145580291748,
    50.02334117889404,
    56.50012493133545,
    56.651413440704346,
    48.0525016784668,
    49.97836351394653,
    46.42921686172485,
    47.25925922393799,
    51.393115520477295,
    45.406997203826904,
    43.80415678024292,
    49.83934164047241,
    44.40113306045532,
    47.03028202056885,
    50.006985664367676,
    49.82707500457764,
    50.166451930999756,
    50.01107454299927,
    52.051424980163574,
    51.50351524353027,
    54.41479682922363,
    56.64323568344116,
    58.07434320449829,
    56.54101371765137,
    56.4755916595459,
    53.56022119522095,
    57.18705654144287,
    56.7740797996521,
    62.040555477142334,
    56.91719055175781
  ],
  "timestamps": [
    0.010001659393310547,
    0.040132999420166016,
    0.0702974796295166,
    0.10033035278320312,
    0.13048839569091797,
    0.16053533554077148,
    0.19055604934692383,
    0.22060680389404297,
    0.25072765350341797,
    0.280789852142334,
    0.31089210510253906,
    0.34102463722229004,
    0.3711128234863281,
    0.40120911598205566,
    0.4315066337585449,
    0.4620938301086426,
    0.49208688735961914,
    0.5220110416412354,
    0.5519475936889648,
    0.5819194316864014,
    0.6117660999298096,
    0.6417391300201416,
    0.6717853546142578,
    0.7017712593078613,
    0.7329025268554688,
    0.7642128467559814,
    0.795403003692627,
    0.8265721797943115,
    0.8570356369018555,
    0.8881261348724365,
    0.9192404747009277,
    0.9503707885742188,
    0.9814639091491699,
    1.012547254562378,
    1.043651819229126,
    1.0747578144073486,
    1.1058425903320312,
    1.1369986534118652,
    1.168104648590088,
    1.1992154121398926,
    1.2303898334503174,
    1.2614772319793701,
    1.2926316261291504,
    1.3237676620483398,
    1.3548908233642578,
    1.3859729766845703,
    1.4164435863494873,
    1.4472999572753906,
    1.4774417877197266,
    1.5085206031799316,
    1.5385313034057617,
    1.568505048751831,
    1.5985209941864014,
    1.6284456253051758,
    1.658409833908081,
    1.6883084774017334,
    1.7182731628417969,
    1.7484002113342285,
    1.7785086631774902,
    1.8086650371551514,
    1.8387227058410645,
    1.8688926696777344,
    1.8991641998291016,
    1.929666519165039,
    1.96010160446167,
    1.9911797046661377,
    2.0223190784454346,
    2.053175687789917,
    2.0840132236480713,
    2.1146631240844727,
    2.1454508304595947,
    2.1766040325164795,
    2.207470178604126,
    2.238224506378174,
    2.2691152095794678,
    2.2998034954071045,
    2.33050274848938,
    2.361349582672119,
    2.3921494483947754,
    2.4228062629699707,
    2.453948736190796,
    2.4848334789276123,
    2.5156283378601074,
    2.54622220993042,
    2.5768136978149414,
    2.607276678085327,
    2.6377503871917725,
    2.6683692932128906,
    2.6989705562591553,
    2.7301218509674072,
    2.7605597972869873,
    2.79084849357605,
    2.821092128753662,
    2.8512794971466064,
    2.8816232681274414,
    2.912487268447876,
    2.942960739135742,
    2.9732820987701416,
    3.003652334213257,
    3.0341057777404785,
    3.064565420150757,
    3.095439910888672,
    3.1259286403656006,
    3.1570255756378174,
    3.187899351119995,
    3.2190113067626953,
    3.2499053478240967,
    3.2810280323028564,
    3.3122406005859375,
    3.3433518409729004,
    3.3744583129882812,
    3.4055540561676025,
    3.4367048740386963,
    3.467841386795044,
    3.4989328384399414,
    3.530089855194092,
    3.5612525939941406,
    3.5923898220062256,
    3.6235499382019043,
    3.654378652572632,
    3.6852610111236572,
    3.7157094478607178,
    3.7466542720794678,
    3.777576446533203,
    3.807943105697632,
    3.838425397872925,
    3.868685483932495,
    3.898984909057617,
    3.9295356273651123,
    3.9597291946411133,
    3.989835739135742,
    4.020292043685913,
    4.050426006317139,
    4.080712080001831,
    4.111171245574951,
    4.141621112823486,
    4.172088861465454,
    4.202547073364258,
    4.233126401901245,
    4.263710021972656,
    4.29444694519043,
    4.325302362442017,
    4.356247901916504,
    4.387113094329834,
    4.417975902557373,
    4.448675632476807,
    4.479573488235474,
    4.510458946228027,
    4.541650056838989,
    4.5725274085998535
  ]
}