{
  "gesture_id": 4,
  "gesture_name": "wave",
  "timestamp": "2025-12-24T14:22:26.798183",
  "sample_rate": 50,
  "duration": 3.0,
  "distances": [
    52.623867988586426,
    51.74475908279419,
    51.56484842300415,
    51.92466974258423,
    51.45035982131958,
    51.77338123321533,
    51.23773813247681,
    51.22547149658203,
    54.66012954711914,
    52.758800983428955,
    56.0748815536499,
    55.195772647857666,
    53.79328727722168,
    54.29213047027588,
    53.96910905838013,
    53.80964279174805,
    52.619779109954834,
    52.08413600921631,
    52.05960273742676,
    53.2862663269043,
    52.81604528427124,
    55.0281286239624,
    56.38154745101929,
    58.969807624816895,
    61.94651126861572,
    63.11593055725098,
    63.77832889556885,
    65.7491683959961,
    65.02134799957275,
    65.63059091567993,
    66.76729917526245,
    66.46881103515625,
    65.48748016357422,
    66.0476565361023,
    65.7491683959961,
    65.35254716873169,
    65.08677005767822,
    66.49743318557739,
    67.16392040252686,
    65.61014652252197,
    65.22170305252075,
    63.9009952545166,
    62.1059775352478,
    59.5136284828186,
    57.14207887649536,
    56.970345973968506,
    55.33888339996338,
    54.283952713012695,
    53.45799922943115,
    53.65426540374756,
    54.32075262069702,
    56.81905746459961,
    56.5737247467041,
    54.84821796417236,
    55.878615379333496,
    56.83950185775757,
    59.1170072555542,
    59.52998399734497,
    57.67772197723389,
    57.968032360076904,
    56.2261700630188,
    55.375683307647705,
    57.559144496917725,
    57.93123245239258,
    51.1927604675293,
    48.67810010910034,
    49.843430519104004,
    48.890721797943115,
    49.26280975341797,
    49.10743236541748,
    50.06014108657837,
    61.521267890930176,
    53.99773120880127,
    55.88270425796509,
    67.90400743484497,
    59.40731763839722,
    65.18899202346802,
    65.22170305252075,
    68.46418380737305,
    64.80463743209839,
    66.77956581115723,
    67.17618703842163,
    68.00622940063477,
    67.94489622116089,
    65.67147970199585,
    65.81459045410156,
    64.91912603378296,
    65.80232381820679,
    65.52836894989014,
    65.48339128494263,
    65.91681241989136,
    65.21761417388916,
    66.91449880599976,
    66.50561094284058,
    62.67024278640747,
    60.4131817817688,
    58.266520500183105,
    56.831324100494385,
    56.73727989196777,
    56.68821334838867,
    53.2862663269043,
    52.963244915008545,
    56.59008026123047,
    53.302621841430664,
    60.384559631347656,
    55.00768423080444,
    55.510616302490234,
    56.68412446975708,
    55.50243854522705,
    56.99487924575806,
    57.375144958496094,
    56.70047998428345,
    57.39558935165405,
    56.84359073638916,
    56.81905746459961,
    56.20163679122925,
    52.259957790374756,
    50.01925230026245,
    55.01995086669922,
    49.688053131103516,
    50.043785572052,
    50.162363052368164,
    51.573026180267334,
    51.60982608795166,
    53.6338210105896,
    55.51879405975342,
    56.83950185775757,
    56.81905746459961,
    57.55505561828613,
    64.33441638946533,
    62.09371089935303,
    65.51201343536377,
    65.10312557220459,
    64.50614929199219,
    64.23219442367554,
    66.90632104873657,
    65.20943641662598,
    65.20534753799438,
    64.77601528167725,
    65.34028053283691,
    64.91912603378296,
    68.7381386756897,
    66.19894504547119,
    66.19894504547119,
    58.814430236816406,
    64.40801620483398,
    52.2885799407959,
    50.37498474121094,
    49.99063014984131,
    48.90707731246948
  ],
  "timestamps": [
    0.010537147521972656,
    0.04122138023376465,
    0.07184410095214844,
    0.10248756408691406,
    0.13307881355285645,
    0.16365742683410645,
    0.19422388076782227,
    0.2248384952545166,
    0.25559353828430176,
    0.286236047744751,
    0.31706857681274414,
    0.3478405475616455,
    0.37852931022644043,
    0.40924525260925293,
    0.4399538040161133,
    0.470644474029541,
    0.5012671947479248,
    0.5318539142608643,
    0.56243896484375,
    0.5930941104888916,
    0.6237246990203857,
    0.654484748840332,
    0.685326337814331,
    0.716315507888794,
    0.7474777698516846,
    0.7787058353424072,
    0.8099775314331055,
    0.8413774967193604,
    0.8727250099182129,
    0.9040937423706055,
    0.9355337619781494,
    0.9669651985168457,
    0.9983375072479248,
    1.029742956161499,
    1.061131477355957,
    1.0925021171569824,
    1.1238572597503662,
    1.1553354263305664,
    1.186842679977417,
    1.218289852142334,
    1.2496600151062012,
    1.2809662818908691,
    1.3121650218963623,
    1.3432238101959229,
    1.3741118907928467,
    1.4049665927886963,
    1.43574857711792,
    1.4664669036865234,
    1.4971163272857666,
    1.5277957916259766,
    1.5585377216339111,
    1.5893852710723877,
    1.620236873626709,
    1.6509909629821777,
    1.6817705631256104,
    1.7126214504241943,
    1.7436063289642334,
    1.7746801376342773,
    1.8055970668792725,
    1.8365345001220703,
    1.8673648834228516,
    1.8981826305389404,
    1.929077386856079,
    1.9600005149841309,
    1.9905588626861572,
    2.020961046218872,
    2.0514345169067383,
    2.081904888153076,
    2.1123416423797607,
    2.1427791118621826,
    2.1732730865478516,
    2.204482078552246,
    2.2352607250213623,
    2.2660787105560303,
    2.297602891921997,
    2.328641891479492,
    2.3600172996520996,
    2.3913938999176025,
    2.4229519367218018,
    2.4542958736419678,
    2.4857521057128906,
    2.5172300338745117,
    2.5487442016601562,
    2.5802533626556396,
    2.6116394996643066,
    2.6430470943450928,
    2.6743998527526855,
    2.7058186531066895,
    2.7371866703033447,
    2.768573045730591,
    2.799982786178589,
    2.8313512802124023,
    2.8628082275390625,
    2.894237756729126,
    2.925438165664673,
    2.956510305404663,
    2.987454414367676,
    3.0183305740356445,
    3.0492067337036133,
    3.080080270767212,
    3.110774278640747,
    3.1414380073547363,
    3.172314405441284,
    3.2031211853027344,
    3.234262228012085,
    3.2651102542877197,
    3.2959814071655273,
    3.326871871948242,
    3.357698917388916,
    3.388603448867798,
    3.419552803039551,
    3.4504387378692627,
    3.4813623428344727,
    3.51225209236145,
    3.5431277751922607,
    3.5739619731903076,
    3.6045656204223633,
    3.635082483291626,
    3.665862798690796,
    3.696331024169922,
    3.726820707321167,
    3.7573065757751465,
    3.7878756523132324,
    3.8184328079223633,
    3.8491220474243164,
    3.8799309730529785,
    3.910817861557007,
    3.9417200088500977,
    3.972651958465576,
    4.003973484039307,
    4.035167217254639,
    4.066547155380249,
    4.09789514541626,
    4.1292030811309814,
    4.1605095863342285,
    4.192030668258667,
    4.2234742641448975,
    4.254843711853027,
    4.286197900772095,
    4.317571401596069,
    4.348919868469238,
    4.380559206008911,
    4.41196084022522,
    4.4433557987213135,
    4.474329233169556,
    4.505639314651489,
    4.536241054534912,
    4.566747426986694,
    4.597228050231934,
    4.627631425857544
  ]
}