{
  "gesture_id": 4,
  "gesture_name": "wave",
  "timestamp": "2025-12-23T15:52:26.966131",
  "sample_rate": 50,
  "duration": 3.0,
  "distances": [
    49.20147657394409,
    48.412322998046875,
    49.7943639755249,
    49.76983070373535,
    49.757564067840576,
    50.63667297363281,
    50.256407260894775,
    49.98654127120972,
    50.640761852264404,
    49.61036443710327,
    56.602346897125244,
    50.65302848815918,
    51.47898197174072,
    52.67293453216553,
    56.880390644073486,
    54.41070795059204,
    54.578351974487305,
    55.077195167541504,
    51.51169300079346,
    50.121474266052246,
    49.60218667984009,
    49.19329881668091,
    48.77214431762695,
    56.47968053817749,
    47.390103340148926,
    47.2020149230957,
    50.10102987289429,
    46.58050537109375,
    45.96308469772339,
    44.748687744140625,
    47.38192558288574,
    50.096940994262695,
    56.606435775756836,
    50.29729604721069,
    52.15773582458496,
    52.170002460479736,
    57.63274431228638,
    50.45676231384277,
    49.205565452575684,
    47.774457931518555,
    46.78086042404175,
    46.0080623626709,
    44.977664947509766,
    45.98352909088135,
    56.84767961502075,
    49.962007999420166,
    45.00628709793091,
    43.91864538192749,
    45.37019729614258,
    47.78263568878174,
    47.026193141937256,
    56.128036975860596,
    50.30547380447388,
    56.741368770599365,
    49.97427463531494,
    54.0835976600647,
    52.35809087753296,
    55.06901741027832,
    47.386014461517334,
    46.58459424972534,
    45.75455188751221,
    46.21659517288208,
    46.588683128356934,
    48.40823411941528,
    46.00397348403931,
    45.57464122772217,
    46.183884143829346,
    50.485384464263916,
    47.37783670425415,
    56.61870241165161,
    54.11221981048584,
    57.62456655502319,
    50.82885026931763,
    56.74545764923096,
    48.61267805099487,
    46.98939323425293,
    47.37374782562256,
    48.187434673309326,
    47.390103340148926,
    45.78317403793335,
    45.79135179519653,
    45.98352909088135,
    45.0103759765625,
    43.12540292739868,
    43.3666467666626,
    43.98815631866455,
    46.6050386428833,
    56.73727989196777,
    49.962007999420166,
    49.77391958236694,
    49.778008460998535,
    47.57819175720215,
    52.35809087753296,
    49.74938631057739,
    56.74954652786255,
    45.35384178161621,
    43.34211349487305,
    45.01446485519409,
    46.817660331726074,
    44.613754749298096,
    46.39241695404053,
    43.133580684661865,
    42.724692821502686,
    44.13944482803345,
    48.80894422531128,
    46.76041603088379,
    47.36148118972778,
    49.76165294647217,
    55.968570709228516,
    47.17748165130615,
    46.617305278778076,
    44.589221477508545,
    44.14762258529663,
    50.13374090194702,
    48.162901401519775,
    45.37428617477417,
    45.5582857131958,
    47.206103801727295,
    44.544243812561035,
    42.95775890350342,
    42.929136753082275,
    43.35029125213623,
    44.159889221191406,
    44.98175382614136,
    45.546019077301025,
    46.79312705993652,
    47.42281436920166,
    47.39419221878052,
    45.611441135406494,
    48.023879528045654,
    43.94726753234863,
    43.12131404876709,
    43.39526891708374,
    44.155800342559814,
    49.40183162689209,
    50.46902894973755,
    43.767356872558594,
    42.9659366607666,
    42.520248889923096,
    46.78903818130493,
    56.36928081512451,
    44.74459886550903,
    46.78903818130493,
    48.16699028015137,
    48.20379018783569,
    47.00983762741089,
    48.60450029373169,
    51.9900918006897,
    45.76272964477539,
    46.42512798309326
  ],
  "timestamps": [
    0.010326147079467773,
    0.040828704833984375,
    0.07133126258850098,
    0.10179567337036133,
    0.1322774887084961,
    0.1627810001373291,
    0.1932694911956787,
    0.2237386703491211,
    0.2542288303375244,
    0.28469300270080566,
    0.3155391216278076,
    0.34784436225891113,
    0.37860608100891113,
    0.4093139171600342,
    0.44023919105529785,
    0.4709949493408203,
    0.501776933670044,
    0.5325727462768555,
    0.5633373260498047,
    0.5938458442687988,
    0.6243166923522949,
    0.6547682285308838,
    0.6851837635040283,
    0.7160403728485107,
    0.746342658996582,
    0.7766811847686768,
    0.8071653842926025,
    0.8374106884002686,
    0.8676373958587646,
    0.8977770805358887,
    0.928093433380127,
    0.9585452079772949,
    0.9894115924835205,
    1.0199005603790283,
    1.0504646301269531,
    1.081052541732788,
    1.111952781677246,
    1.1424105167388916,
    1.1728086471557617,
    1.2031683921813965,
    1.2334308624267578,
    1.2636666297912598,
    1.2938199043273926,
    1.3240628242492676,
    1.354956865310669,
    1.3854889869689941,
    1.4156763553619385,
    1.4457786083221436,
    1.4759700298309326,
    1.5062897205352783,
    1.5366032123565674,
    1.5674254894256592,
    1.5979058742523193,
    1.6287603378295898,
    1.6592187881469727,
    1.689920425415039,
    1.7205135822296143,
    1.7512714862823486,
    1.7815773487091064,
    1.8118517398834229,
    1.8420608043670654,
    1.87229585647583,
    1.9025547504425049,
    1.93292236328125,
    1.9631497859954834,
    1.9933538436889648,
    2.023606061935425,
    2.0540964603424072,
    2.0844016075134277,
    2.1152467727661133,
    2.145944356918335,
    2.176847457885742,
    2.207348585128784,
    2.2382185459136963,
    2.268599510192871,
    2.2988877296447754,
    2.3291945457458496,
    2.359654188156128,
    2.3900232315063477,
    2.4202394485473633,
    2.4504611492156982,
    2.480698823928833,
    2.510869026184082,
    2.54093074798584,
    2.571012496948242,
    2.601123094558716,
    2.6313846111297607,
    2.662238121032715,
    2.692695140838623,
    2.7231433391571045,
    2.7536041736602783,
    2.7839221954345703,
    2.814520835876465,
    2.8449695110321045,
    2.875811815261841,
    2.905988931655884,
    2.9360454082489014,
    2.9662067890167236,
    2.99647855758667,
    3.0266242027282715,
    3.0568745136260986,
    3.0869336128234863,
    3.1169662475585938,
    3.1470844745635986,
    3.1774709224700928,
    3.2077388763427734,
    3.2380459308624268,
    3.2685091495513916,
    3.2993175983428955,
    3.3296124935150146,
    3.359921455383301,
    3.390139579772949,
    3.420271158218384,
    3.4507603645324707,
    3.4810969829559326,
    3.5112950801849365,
    3.5414750576019287,
    3.571791887283325,
    3.601914882659912,
    3.6319644451141357,
    3.6619961261749268,
    3.692084312438965,
    3.7221827507019043,
    3.752346992492676,
    3.782522678375244,
    3.8127949237823486,
    3.8431007862091064,
    3.8733887672424316,
    3.9035987854003906,
    3.933932065963745,
    3.9640378952026367,
    3.9940786361694336,
    4.024147987365723,
    4.054245471954346,
    4.084688425064087,
    4.115177869796753,
    4.145253658294678,
    4.175300598144531,
    4.205302953720093,
    4.2355732917785645,
    4.266392707824707,
    4.29654860496521,
    4.326815843582153,
    4.357231616973877,
    4.3877785205841064,
    4.4181437492370605,
    4.448628664016724,
    4.479229927062988,
    4.50944185256958,
    4.539689540863037
  ]
}