{
  "gesture_id": 4,
  "gesture_name": "wave",
  "timestamp": "2025-12-24T14:08:28.535420",
  "sample_rate": 50,
  "duration": 3.0,
  "distances": [
    52.74653434753418,
    53.11044454574585,
    53.10635566711426,
    53.45799922943115,
    52.94688940048218,
    53.82190942764282,
    53.850531578063965,
    52.91008949279785,
    52.40715742111206,
    52.60342359542847,
    51.76929235458374,
    52.95506715774536,
    51.92466974258423,
    52.23133563995361,
    51.55667066574097,
    52.27222442626953,
    52.623867988586426,
    53.44573259353638,
    53.621554374694824,
    54.45977449417114,
    57.14207887649536,
    58.107054233551025,
    61.2105131149292,
    59.41958427429199,
    62.80108690261841,
    61.93424463272095,
    60.270071029663086,
    59.742605686187744,
    60.24144887924194,
    67.85902976989746,
    63.246774673461914,
    61.541712284088135,
    61.08375787734985,
    60.94064712524414,
    64.34668302536011,
    60.928380489349365,
    60.106515884399414,
    57.54687786102295,
    55.54332733154297,
    54.508841037750244,
    52.81195640563965,
    52.28449106216431,
    52.6361346244812,
    50.93107223510742,
    52.61569023132324,
    53.625643253326416,
    54.668307304382324,
    53.2862663269043,
    53.985464572906494,
    55.1794171333313,
    56.3733696937561,
    52.62795686721802,
    53.47844362258911,
    58.92891883850098,
    51.053738594055176,
    50.03560781478882,
    47.88076877593994,
    49.6962308883667,
    48.502278327941895,
    50.20325183868408,
    49.708497524261475,
    66.20712280273438,
    56.85994625091553,
    53.29853296279907,
    56.9744348526001,
    57.54687786102295,
    58.9657187461853,
    60.81798076629639,
    60.09016036987305,
    61.38633489608765,
    62.23682165145874,
    62.09779977798462,
    60.654425621032715,
    59.82438325881958,
    59.423673152923584,
    62.66615390777588,
    58.9657187461853,
    63.909173011779785,
    59.77531671524048,
    59.10065174102783,
    59.378695487976074,
    56.83541297912598,
    51.40129327774048,
    50.22778511047363,
    48.88663291931152,
    48.8498330116272,
    47.08343744277954,
    48.870277404785156,
    50.56716203689575,
    51.23773813247681,
    52.59524583816528,
    52.79560089111328,
    53.80964279174805,
    52.963244915008545,
    52.46849060058594,
    50.689828395843506,
    50.043785572052,
    49.87614154815674,
    48.69036674499512,
    48.06067943572998,
    49.688053131103516,
    48.49410057067871,
    49.67169761657715,
    51.07009410858154,
    56.59416913986206,
    55.13852834701538,
    55.011773109436035,
    59.82847213745117,
    60.98971366882324,
    58.95754098892212,
    63.07095289230347,
    60.80571413040161,
    59.66900587081909,
    63.74561786651611,
    59.09247398376465,
    59.54633951187134,
    58.94118547439575,
    60.08198261260986,
    58.421897888183594,
    58.6672306060791,
    59.39096212387085,
    60.78118085861206,
    57.99665451049805,
    64.898681640625,
    59.104740619659424,
    56.74545764923096,
    56.52874708175659,
    53.80964279174805,
    52.46849060058594,
    50.207340717315674,
    48.637211322784424,
    48.65765571594238,
    48.88663291931152,
    50.207340717315674,
    51.06600522994995,
    51.053738594055176,
    56.557369232177734,
    51.417648792266846,
    53.466176986694336,
    51.90013647079468,
    60.4131817817688,
    56.720924377441406,
    51.42173767089844,
    52.26813554763794,
    50.006985664367676,
    52.06778049468994,
    49.65534210205078,
    49.85569715499878,
    47.05890417098999,
    52.938711643218994
  ],
  "timestamps": [
    0.010538578033447266,
    0.04127931594848633,
    0.07196998596191406,
    0.10267400741577148,
    0.13340497016906738,
    0.1641063690185547,
    0.19480299949645996,
    0.22545194625854492,
    0.25606250762939453,
    0.28667116165161133,
    0.3172276020050049,
    0.34786272048950195,
    0.37844419479370117,
    0.4090437889099121,
    0.4396049976348877,
    0.4702146053314209,
    0.5008606910705566,
    0.5314936637878418,
    0.5621976852416992,
    0.5929884910583496,
    0.6239042282104492,
    0.6549468040466309,
    0.6861886978149414,
    0.7172908782958984,
    0.7485661506652832,
    0.7797563076019287,
    0.8108265399932861,
    0.841888427734375,
    0.8729841709136963,
    0.9045135974884033,
    0.9358205795288086,
    0.9669666290283203,
    0.9980936050415039,
    1.0291967391967773,
    1.0605216026306152,
    1.091651201248169,
    1.1227242946624756,
    1.1536614894866943,
    1.1844737529754639,
    1.2152304649353027,
    1.245880365371704,
    1.2765450477600098,
    1.307173728942871,
    1.3376972675323486,
    1.3683316707611084,
    1.3990166187286377,
    1.429757833480835,
    1.4604380130767822,
    1.4911701679229736,
    1.5219709873199463,
    1.552842378616333,
    1.5835223197937012,
    1.6141963005065918,
    1.645462989807129,
    1.6760666370391846,
    1.7065575122833252,
    1.7369155883789062,
    1.7673916816711426,
    1.7977604866027832,
    1.8282420635223389,
    1.8586704730987549,
    1.890064001083374,
    1.920928955078125,
    1.9515843391418457,
    1.982452154159546,
    2.0133578777313232,
    2.0443451404571533,
    2.075443744659424,
    2.106492042541504,
    2.137603759765625,
    2.1687631607055664,
    2.199922561645508,
    2.230990171432495,
    2.2620253562927246,
    2.293036937713623,
    2.324237823486328,
    2.3552024364471436,
    2.386495351791382,
    2.417508363723755,
    2.4484975337982178,
    2.4795196056365967,
    2.5104358196258545,
    2.540968179702759,
    2.5714330673217773,
    2.601820230484009,
    2.632225275039673,
    2.66264271736145,
    2.693148136138916,
    2.7237424850463867,
    2.754321575164795,
    2.784970760345459,
    2.815606117248535,
    2.846282958984375,
    2.876920700073242,
    2.9075257778167725,
    2.938014507293701,
    2.9684784412384033,
    2.9989354610443115,
    3.029301166534424,
    3.059648275375366,
    3.090071678161621,
    3.120448589324951,
    3.1508939266204834,
    3.1813950538635254,
    3.212257146835327,
    3.243004322052002,
    3.273758888244629,
    3.304791212081909,
    3.3358938694000244,
    3.366856336593628,
    3.3980777263641357,
    3.4291696548461914,
    3.4601902961730957,
    3.4914486408233643,
    3.5224556922912598,
    3.553459405899048,
    3.584446668624878,
    3.6154978275299072,
    3.6464951038360596,
    3.6775550842285156,
    3.708578109741211,
    3.739685535430908,
    3.770615339279175,
    3.801954507827759,
    3.8329710960388184,
    3.8638265132904053,
    3.894650936126709,
    3.925328254699707,
    3.9559812545776367,
    3.9864466190338135,
    4.0168139934539795,
    4.047184705734253,
    4.077582359313965,
    4.1080546379089355,
    4.138581275939941,
    4.169102907180786,
    4.199946641921997,
    4.2304933071136475,
    4.261155366897583,
    4.291724443435669,
    4.322789669036865,
    4.353638172149658,
    4.384177207946777,
    4.414766073226929,
    4.445244073867798,
    4.475826025009155,
    4.506292343139648,
    4.536721706390381,
    4.567028045654297,
    4.597740411758423
  ]
}