{
  "gesture_id": 4,
  "gesture_name": "wave",
  "timestamp": "2025-12-23T15:54:47.874019",
  "sample_rate": 50,
  "duration": 3.0,
  "distances": [
    37.646305561065674,
    36.51777505874634,
    38.30052614212036,
    36.943018436431885,
    37.88754940032959,
    39.96061086654663,
    39.71527814865112,
    38.8279914855957,
    42.55704879760742,
    38.13697099685669,
    36.48097515106201,
    33.36524963378906,
    33.663737773895264,
    37.16381788253784,
    41.3222074508667,
    43.53837966918945,
    41.14229679107666,
    43.930912017822266,
    43.930912017822266,
    44.360244274139404,
    42.91278123855591,
    39.5271897315979,
    36.70586347579956,
    56.61870241165161,
    38.10834884643555,
    36.718130111694336,
    38.787102699279785,
    39.972877502441406,
    39.71118927001953,
    40.63936471939087,
    43.746912479400635,
    42.49162673950195,
    36.70177459716797,
    36.69768571853638,
    38.81572484970093,
    38.54585886001587,
    52.010536193847656,
    58.16429853439331,
    57.70225524902344,
    53.19631099700928,
    43.75917911529541,
    50.65302848815918,
    38.562214374542236,
    39.25323486328125,
    36.95119619369507,
    36.95528507232666,
    38.08790445327759,
    56.741368770599365,
    41.563451290130615,
    40.16914367675781,
    41.78425073623657,
    48.228323459625244,
    41.13411903381348,
    38.562214374542236,
    38.562214374542236,
    38.77074718475342,
    57.56732225418091,
    49.96609687805176,
    51.69569253921509,
    50.26049613952637,
    49.77391958236694,
    57.244300842285156,
    50.26458501815796,
    57.31381177902222,
    44.32344436645508,
    41.08096361160278,
    39.27367925643921,
    40.422654151916504,
    42.94549226760864,
    40.15687704086304,
    44.00451183319092,
    41.79651737213135,
    43.567001819610596,
    41.54709577560425,
    43.55473518371582,
    36.95528507232666,
    36.05164289474487,
    36.92666292190552,
    38.07154893875122,
    43.78780126571655,
    56.09123706817627,
    50.26458501815796,
    56.88447952270508,
    49.97427463531494,
    51.822447776794434,
    50.28911828994751,
    42.953670024871826,
    37.61359453201294,
    36.95528507232666,
    37.147462368011475,
    40.44309854507446,
    39.47403430938721,
    41.78016185760498,
    39.93198871612549,
    43.95953416824341,
    37.89572715759277,
    36.47688627243042,
    37.1351957321167,
    36.00666522979736,
    43.33393573760986,
    43.587446212768555,
    44.339799880981445,
    45.541930198669434,
    56.77816867828369,
    50.444495677948,
    50.60396194458008,
    43.14993619918823,
    41.08096361160278,
    41.80469512939453,
    36.26835346221924,
    36.0393762588501,
    36.70586347579956,
    39.04879093170166,
    40.66798686981201,
    40.45945405960083,
    39.23279047012329,
    36.72630786895752,
    36.47279739379883,
    36.235642433166504,
    35.76951026916504,
    36.93892955780029,
    43.12949180603027,
    46.60912752151489,
    56.741368770599365,
    54.418885707855225,
    52.67702341079712,
    50.276851654052734,
    53.740131855010986,
    45.178020000457764,
    43.34211349487305,
    37.355995178222656,
    37.396883964538574,
    37.65448331832886,
    38.29643726348877,
    41.309940814971924,
    40.85198640823364,
    38.533592224121094,
    40.68434238433838,
    54.95452880859375,
    34.97217893600464,
    34.18302536010742,
    56.103503704071045,
    54.553818702697754,
    43.37482452392578,
    56.31203651428223,
    56.31203651428223,
    54.917728900909424,
    44.59739923477173,
    59.288740158081055,
    38.104259967803955
  ],
  "timestamps": [
    0.009650945663452148,
    0.03944134712219238,
    0.06930994987487793,
    0.09914636611938477,
    0.12891697883605957,
    0.15880084037780762,
    0.18866944313049316,
    0.21848392486572266,
    0.24851346015930176,
    0.2782869338989258,
    0.3079655170440674,
    0.3374667167663574,
    0.36697864532470703,
    0.39682507514953613,
    0.4270138740539551,
    0.45715928077697754,
    0.48712825775146484,
    0.5172312259674072,
    0.5473523139953613,
    0.5775060653686523,
    0.6075634956359863,
    0.6374123096466064,
    0.667128324508667,
    0.6979997158050537,
    0.727790355682373,
    0.7574996948242188,
    0.7873244285583496,
    0.8172247409820557,
    0.847123384475708,
    0.8770523071289062,
    0.9071552753448486,
    0.9371659755706787,
    0.9668612480163574,
    0.9965715408325195,
    1.0263612270355225,
    1.0561597347259521,
    1.0867269039154053,
    1.1176643371582031,
    1.1485731601715088,
    1.1791999340057373,
    1.209317922592163,
    1.2398192882537842,
    1.269594669342041,
    1.2994296550750732,
    1.3291130065917969,
    1.3588154315948486,
    1.388631820678711,
    1.4196538925170898,
    1.449686050415039,
    1.4796814918518066,
    1.509697675704956,
    1.5400705337524414,
    1.5700030326843262,
    1.599815845489502,
    1.6295955181121826,
    1.6594030857086182,
    1.690284013748169,
    1.7207648754119873,
    1.751307487487793,
    1.7817871570587158,
    1.8122332096099854,
    1.8431220054626465,
    1.873605489730835,
    1.904498815536499,
    1.9346139430999756,
    1.9645817279815674,
    1.9944252967834473,
    2.0243585109710693,
    2.0544285774230957,
    2.084345817565918,
    2.1144769191741943,
    2.144476890563965,
    2.174579620361328,
    2.204573154449463,
    2.234776258468628,
    2.2644903659820557,
    2.2941319942474365,
    2.3238556385040283,
    2.3536224365234375,
    2.383728265762329,
    2.414715051651001,
    2.445270538330078,
    2.476161479949951,
    2.5066285133361816,
    2.537229537963867,
    2.5677266120910645,
    2.5977823734283447,
    2.6275227069854736,
    2.6572203636169434,
    2.686932325363159,
    2.7168312072753906,
    2.7466964721679688,
    2.7766809463500977,
    2.8065593242645264,
    2.836663246154785,
    2.8664162158966064,
    2.8960843086242676,
    2.925793409347534,
    2.9554343223571777,
    2.985504388809204,
    3.015587568283081,
    3.045719623565674,
    3.0759270191192627,
    3.106783628463745,
    3.1372663974761963,
    3.1677613258361816,
    3.197821617126465,
    3.2277626991271973,
    3.2577621936798096,
    3.287423849105835,
    3.3170671463012695,
    3.3467516899108887,
    3.37656831741333,
    3.406526565551758,
    3.436516761779785,
    3.4663960933685303,
    3.496082305908203,
    3.525759220123291,
    3.5554141998291016,
    3.585050344467163,
    3.614748001098633,
    3.644803762435913,
    3.6750597953796387,
    3.705927848815918,
    3.7366418838500977,
    3.76725435256958,
    3.797726631164551,
    3.8284037113189697,
    3.8585922718048096,
    3.8886878490448,
    3.918409585952759,
    3.9481329917907715,
    3.977869749069214,
    4.007646322250366,
    4.037597179412842,
    4.067524194717407,
    4.097318172454834,
    4.127234935760498,
    4.157977104187012,
    4.187557220458984,
    4.217091083526611,
    4.2479047775268555,
    4.278625726699829,
    4.308694124221802,
    4.339512586593628,
    4.370336532592773,
    4.4011313915252686,
    4.431363821029663,
    4.4624152183532715,
    4.492189407348633
  ]
}