{
  "gesture_id": 4,
  "gesture_name": "wave",
  "timestamp": "2025-12-24T14:07:47.426732",
  "sample_rate": 50,
  "duration": 3.0,
  "distances": [
    49.962007999420166,
    49.28734302520752,
    49.65534210205078,
    49.85978603363037,
    49.847519397735596,
    49.86387491226196,
    49.81889724731445,
    49.85569715499878,
    49.82707500457764,
    49.83116388320923,
    53.257644176483154,
    49.888408184051514,
    49.49996471405029,
    49.98654127120972,
    51.38084888458252,
    53.08182239532471,
    56.84767961502075,
    51.19684934616089,
    51.39720439910889,
    52.08004713058472,
    54.50066328048706,
    54.29621934890747,
    58.23789834976196,
    57.53052234649658,
    59.947049617767334,
    58.6672306060791,
    60.06971597671509,
    59.37051773071289,
    60.32322645187378,
    59.108829498291016,
    62.36766576766968,
    62.907397747039795,
    62.89104223251343,
    63.39397430419922,
    63.77832889556885,
    66.20303392410278,
    64.30579423904419,
    62.35131025314331,
    61.472201347351074,
    61.52535676956177,
    61.926066875457764,
    60.633981227874756,
    56.98670148849487,
    56.68412446975708,
    52.0882248878479,
    50.85747241973877,
    50.043785572052,
    51.757025718688965,
    49.85978603363037,
    50.68165063858032,
    49.683964252471924,
    49.83116388320923,
    50.87791681289673,
    54.31257486343384,
    52.9346227645874,
    52.30902433395386,
    52.25178003311157,
    57.51007795333862,
    53.257644176483154,
    52.77106761932373,
    50.35045146942139,
    51.417648792266846,
    49.6962308883667,
    52.92235612869263,
    51.42173767089844,
    53.45391035079956,
    54.34119701385498,
    56.197547912597656,
    56.71274662017822,
    57.11345672607422,
    57.70225524902344,
    57.264745235443115,
    58.64269733428955,
    58.27878713607788,
    58.23380947113037,
    58.11114311218262,
    57.66136646270752,
    58.086609840393066,
    58.96162986755371,
    58.421897888183594,
    58.95754098892212,
    58.48731994628906,
    58.93709659576416,
    63.06277513504028,
    61.795222759246826,
    61.750245094299316,
    62.2081995010376,
    60.82206964492798,
    60.061538219451904,
    61.226868629455566,
    61.52535676956177,
    56.532835960388184,
    56.9744348526001,
    51.35631561279297,
    50.01925230026245,
    50.18280744552612,
    48.65356683731079,
    49.66760873794556,
    50.01516342163086,
    50.17871856689453,
    50.366806983947754,
    53.60519886016846,
    52.100491523742676,
    50.90245008468628,
    52.59524583816528,
    50.849294662475586,
    51.209115982055664,
    50.36271810531616,
    49.47134256362915,
    46.03259563446045,
    60.678958892822266,
    45.47241926193237,
    46.05712890625,
    49.6471643447876,
    52.938711643218994,
    56.536924839019775,
    56.8231463432312,
    56.99896812438965,
    57.55096673965454,
    60.221004486083984,
    62.17139959335327,
    59.79576110839844,
    62.78064250946045,
    62.64570951461792,
    64.64517116546631,
    59.37460660934448,
    58.54456424713135,
    58.969807624816895,
    58.94118547439575,
    57.694077491760254,
    58.99025201797485,
    58.127498626708984,
    58.086609840393066,
    58.49958658218384,
    58.945274353027344,
    57.10936784744263,
    55.01995086669922,
    52.93053388595581,
    56.532835960388184,
    51.8878698348999,
    50.49765110015869,
    50.01516342163086,
    50.530362129211426,
    50.88200569152832,
    50.91062784194946,
    53.45391035079956,
    52.74653434753418,
    51.372671127319336,
    55.514705181121826,
    54.66012954711914
  ],
  "timestamps": [
    0.010380983352661133,
    0.04090619087219238,
    0.07140803337097168,
    0.1018829345703125,
    0.13233447074890137,
    0.16278481483459473,
    0.19323444366455078,
    0.22368335723876953,
    0.2541334629058838,
    0.2846031188964844,
    0.3152580261230469,
    0.3457059860229492,
    0.3761289119720459,
    0.4065849781036377,
    0.4371180534362793,
    0.4677469730377197,
    0.49860072135925293,
    0.5291268825531006,
    0.5596606731414795,
    0.5902407169342041,
    0.6210122108459473,
    0.6517114639282227,
    0.682631254196167,
    0.7135171890258789,
    0.7445952892303467,
    0.7757139205932617,
    0.8068287372589111,
    0.8378422260284424,
    0.868903636932373,
    0.8998908996582031,
    0.9310595989227295,
    0.9622528553009033,
    0.9934415817260742,
    1.0246706008911133,
    1.0559358596801758,
    1.0873358249664307,
    1.1186456680297852,
    1.1498174667358398,
    1.180943489074707,
    1.2120723724365234,
    1.2432682514190674,
    1.2743313312530518,
    1.305180311203003,
    1.3360188007354736,
    1.3665928840637207,
    1.3970940113067627,
    1.427567720413208,
    1.458122730255127,
    1.4885687828063965,
    1.5190658569335938,
    1.5494918823242188,
    1.5799236297607422,
    1.610412836074829,
    1.6411237716674805,
    1.6717579364776611,
    1.7023472785949707,
    1.7329294681549072,
    1.7638459205627441,
    1.7945659160614014,
    1.8252613544464111,
    1.8558287620544434,
    1.8863856792449951,
    1.9168269634246826,
    1.9474842548370361,
    1.97802734375,
    2.008690357208252,
    2.039396047592163,
    2.070207118988037,
    2.1010522842407227,
    2.1319172382354736,
    2.1628191471099854,
    2.1937050819396973,
    2.224665641784668,
    2.255605936050415,
    2.2865304946899414,
    2.3174421787261963,
    2.3483285903930664,
    2.3792459964752197,
    2.410224437713623,
    2.4411661624908447,
    2.4721598625183105,
    2.5031111240386963,
    2.5340843200683594,
    2.565300703048706,
    2.596440315246582,
    2.6275651454925537,
    2.6587462425231934,
    2.6898183822631836,
    2.72086238861084,
    2.752028465270996,
    2.783348321914673,
    2.814220666885376,
    2.8450963497161865,
    2.875635862350464,
    2.9060935974121094,
    2.9365570545196533,
    2.966935396194458,
    2.9973866939544678,
    3.0278408527374268,
    3.0583019256591797,
    3.088775634765625,
    3.1194307804107666,
    3.149989366531372,
    3.180478811264038,
    3.2110981941223145,
    3.2416045665740967,
    3.272130012512207,
    3.3026249408721924,
    3.3330559730529785,
    3.363278388977051,
    3.3943164348602295,
    3.4244961738586426,
    3.4547183513641357,
    3.4851326942443848,
    3.5157477855682373,
    3.5465807914733887,
    3.57743501663208,
    3.6083083152770996,
    3.639200210571289,
    3.670245885848999,
    3.701411247253418,
    3.7324345111846924,
    3.763643980026245,
    3.794891595840454,
    3.826214075088501,
    3.8572187423706055,
    3.88818621635437,
    3.9192042350769043,
    3.950195074081421,
    3.9811007976531982,
    4.01207971572876,
    4.042995452880859,
    4.073904752731323,
    4.104835271835327,
    4.135802745819092,
    4.166668176651001,
    4.19741153717041,
    4.228053331375122,
    4.2588911056518555,
    4.289456605911255,
    4.319942474365234,
    4.35039496421814,
    4.380876541137695,
    4.411376476287842,
    4.441896200180054,
    4.472546100616455,
    4.503156900405884,
    4.5336878299713135,
    4.564470052719116,
    4.595215559005737
  ]
}