{
  "gesture_id": 4,
  "gesture_name": "wave",
  "timestamp": "2025-12-24T14:07:03.506497",
  "sample_rate": 50,
  "duration": 3.0,
  "distances": [
    46.502816677093506,
    47.704946994781494,
    45.889484882354736,
    45.909929275512695,
    48.10974597930908,
    47.729480266571045,
    48.10565710067749,
    48.502278327941895,
    49.70440864562988,
    62.53530979156494,
    61.30046844482422,
    49.86387491226196,
    60.57673692703247,
    45.46833038330078,
    45.46833038330078,
    48.06476831436157,
    46.887171268463135,
    45.87312936782837,
    45.67277431488037,
    46.26566171646118,
    46.3065505027771,
    47.06299304962158,
    49.32823181152344,
    48.69036674499512,
    49.87205266952515,
    49.708497524261475,
    49.90885257720947,
    50.56307315826416,
    50.436317920684814,
    50.9433388710022,
    51.96555852890015,
    53.830087184906006,
    56.855857372283936,
    57.8698992729187,
    57.15434551239014,
    50.231873989105225,
    49.912941455841064,
    49.10743236541748,
    48.37143421173096,
    46.298372745513916,
    45.69730758666992,
    44.89588737487793,
    43.29713582992554,
    47.112059593200684,
    43.2644248008728,
    43.87366771697998,
    44.85090970993042,
    48.502278327941895,
    50.05605220794678,
    56.54510259628296,
    56.72910213470459,
    58.8675856590271,
    56.725013256073,
    56.98670148849487,
    56.716835498809814,
    64.96410369873047,
    61.12055778503418,
    61.701178550720215,
    62.155044078826904,
    62.41264343261719,
    62.26544380187988,
    63.091397285461426,
    63.55752944946289,
    58.675408363342285,
    60.96926927566528,
    60.544025897979736,
    57.45283365249634,
    62.51486539840698,
    59.69353914260864,
    58.9657187461853,
    51.76929235458374,
    50.19916296005249,
    50.39951801300049,
    45.48468589782715,
    44.270288944244385,
    43.21126937866211,
    42.85144805908203,
    42.82282590866089,
    43.25215816497803,
    43.681490421295166,
    45.272064208984375,
    49.320054054260254,
    47.92983531951904,
    55.90723752975464,
    49.92111921310425,
    50.595784187316895,
    50.755250453948975,
    50.40769577026367,
    57.43647813796997,
    47.47596979141235,
    49.847519397735596,
    50.24005174636841,
    45.48468589782715,
    45.42335271835327,
    45.46424150466919,
    46.29019498825073,
    46.887171268463135,
    50.38316249847412,
    61.73388957977295,
    51.0905385017395,
    59.02705192565918,
    57.174789905548096,
    58.58954191207886,
    61.00606918334961,
    60.14740467071533,
    60.09424924850464,
    58.973896503448486,
    60.43362617492676,
    63.23041915893555,
    60.42135953903198,
    59.09247398376465,
    59.96749401092529,
    59.288740158081055,
    58.83078575134277,
    60.131049156188965,
    60.110604763031006,
    56.68821334838867,
    59.14562940597534,
    57.129812240600586,
    51.60164833068848,
    48.93978834152222,
    49.0992546081543,
    46.67863845825195,
    44.67099905014038,
    45.2597975730896,
    44.89179849624634,
    44.634199142456055,
    44.83455419540405,
    45.43970823287964,
    50.231873989105225,
    49.05836582183838,
    49.08289909362793,
    51.188671588897705,
    50.03560781478882,
    50.3422737121582,
    55.18759489059448,
    50.86565017700195,
    50.166451930999756,
    48.85392189025879,
    47.275614738464355,
    46.65001630783081,
    51.22138261795044,
    45.819973945617676,
    44.18442249298096,
    43.39935779571533,
    43.41162443161011,
    44.64237689971924,
    59.93887186050415,
    47.230637073516846,
    46.83810472488403
  ],
  "timestamps": [
    0.010210514068603516,
    0.04064369201660156,
    0.07096028327941895,
    0.10134243965148926,
    0.1317305564880371,
    0.1620934009552002,
    0.1924896240234375,
    0.222886323928833,
    0.2533538341522217,
    0.28456735610961914,
    0.31572484970092773,
    0.34619903564453125,
    0.3772919178009033,
    0.40758180618286133,
    0.4377937316894531,
    0.4681522846221924,
    0.49843263626098633,
    0.5286641120910645,
    0.5588898658752441,
    0.5891499519348145,
    0.6194088459014893,
    0.6497955322265625,
    0.680335521697998,
    0.7107720375061035,
    0.7412545680999756,
    0.7717268466949463,
    0.8022058010101318,
    0.8327422142028809,
    0.8632457256317139,
    0.8937783241271973,
    0.9243683815002441,
    0.9550621509552002,
    0.9859249591827393,
    1.0168464183807373,
    1.0477337837219238,
    1.0782275199890137,
    1.1086962223052979,
    1.1391208171844482,
    1.1695170402526855,
    1.1997945308685303,
    1.230025291442871,
    1.2602064609527588,
    1.2902934551239014,
    1.3205974102020264,
    1.3507027626037598,
    1.3808248043060303,
    1.4110310077667236,
    1.4414217472076416,
    1.4719250202178955,
    1.5027906894683838,
    1.5336575508117676,
    1.5646584033966064,
    1.5955307483673096,
    1.6264138221740723,
    1.6573243141174316,
    1.6887547969818115,
    1.7199180126190186,
    1.7511208057403564,
    1.7823052406311035,
    1.8135159015655518,
    1.8447058200836182,
    1.8759427070617676,
    1.907212257385254,
    1.9381909370422363,
    1.9693267345428467,
    2.000453233718872,
    2.031362295150757,
    2.062570333480835,
    2.0936026573181152,
    2.124584436416626,
    2.155144214630127,
    2.185628890991211,
    2.2161266803741455,
    2.2463362216949463,
    2.276488780975342,
    2.3065645694732666,
    2.3366198539733887,
    2.366673231124878,
    2.3967578411102295,
    2.4268710613250732,
    2.4570701122283936,
    2.487521171569824,
    2.5178730487823486,
    2.548691511154175,
    2.5791614055633545,
    2.6096720695495605,
    2.6402370929718018,
    2.670889377593994,
    2.701833724975586,
    2.732179880142212,
    2.762665033340454,
    2.793161153793335,
    2.8233749866485596,
    2.85359263420105,
    2.883810043334961,
    2.914092779159546,
    2.94438099861145,
    2.9748752117156982,
    3.006030797958374,
    3.0365684032440186,
    3.0675649642944336,
    3.09847354888916,
    3.1294467449188232,
    3.160576343536377,
    3.1916415691375732,
    3.222698450088501,
    3.2536776065826416,
    3.2847421169281006,
    3.31598162651062,
    3.3470613956451416,
    3.378061056137085,
    3.4091477394104004,
    3.440173387527466,
    3.471165895462036,
    3.502228260040283,
    3.53330397605896,
    3.5641748905181885,
    3.5952064990997314,
    3.62611722946167,
    3.6567063331604004,
    3.6871933937072754,
    3.71767258644104,
    3.7480239868164062,
    3.7781875133514404,
    3.8083713054656982,
    3.8385801315307617,
    3.8687474727630615,
    3.8989169597625732,
    3.929126739501953,
    3.9596283435821533,
    3.990041971206665,
    4.0204572677612305,
    4.050994873046875,
    4.081464529037476,
    4.111996650695801,
    4.142800569534302,
    4.17335319519043,
    4.2038586139678955,
    4.23427939414978,
    4.2646098136901855,
    4.294903993606567,
    4.325463533401489,
    4.355741024017334,
    4.385891675949097,
    4.415990352630615,
    4.446083068847656,
    4.476221323013306,
    4.507275581359863,
    4.5376341342926025,
    4.567927837371826
  ]
}