{
  "gesture_id": 4,
  "gesture_name": "wave",
  "timestamp": "2025-12-23T15:54:28.587450",
  "sample_rate": 50,
  "duration": 3.0,
  "distances": [
    53.441643714904785,
    54.2798638343811,
    57.48554468154907,
    56.65550231933594,
    56.94172382354736,
    56.536924839019775,
    56.671857833862305,
    55.26528358459473,
    53.57248783111572,
    52.897822856903076,
    47.62316942214966,
    45.40290832519531,
    44.38886642456055,
    43.60380172729492,
    47.62316942214966,
    50.027430057525635,
    49.81889724731445,
    46.02850675582886,
    47.19792604446411,
    44.82228755950928,
    44.40113306045532,
    43.21126937866211,
    46.80130481719971,
    48.4491229057312,
    49.67987537384033,
    52.574801445007324,
    60.04518270492554,
    61.48037910461426,
    53.24128866195679,
    64.297616481781,
    54.598796367645264,
    50.49765110015869,
    49.97018575668335,
    49.94974136352539,
    46.23295068740845,
    44.793665409088135,
    45.227086544036865,
    48.44503402709961,
    48.841655254364014,
    49.279165267944336,
    46.39650583267212,
    46.04077339172363,
    46.03259563446045,
    47.455525398254395,
    45.8077073097229,
    49.81889724731445,
    50.67347288131714,
    56.50012493133545,
    54.30030822753906,
    54.439330101013184,
    53.59702110290527,
    52.04324722290039,
    57.080745697021484,
    49.04201030731201,
    47.6517915725708,
    45.19028663635254,
    47.2020149230957,
    49.06654357910156,
    47.82761335372925,
    49.025654792785645,
    47.41463661193848,
    46.408772468566895,
    45.81179618835449,
    42.80238151550293,
    43.03544759750366,
    49.65534210205078,
    62.05282211303711,
    61.49264574050903,
    56.80270195007324,
    51.90831422805786,
    50.869739055633545,
    51.209115982055664,
    51.168227195739746,
    49.06245470046997,
    56.83950185775757,
    44.58513259887695,
    44.99402046203613,
    48.01979064941406,
    47.430992126464844,
    48.42867851257324,
    49.25872087478638,
    49.25054311752319,
    45.206642150878906,
    43.22762489318848,
    44.59331035614014,
    43.82460117340088,
    63.909173011779785,
    49.83934164047241,
    60.789358615875244,
    50.1460075378418,
    49.81889724731445,
    55.993103981018066,
    52.57071256637573,
    48.67401123046875,
    52.415335178375244,
    44.4133996963501,
    45.451974868774414,
    44.977664947509766,
    47.63134717941284,
    48.45321178436279,
    48.62903356552124,
    51.54849290847778,
    46.613216400146484,
    49.822986125946045,
    44.000422954559326,
    42.52433776855469,
    42.74104833602905,
    44.43793296813965,
    49.85160827636719,
    50.824761390686035,
    49.643075466156006,
    49.65534210205078,
    51.33587121963501,
    57.38332271575928,
    50.01925230026245,
    49.65125322341919,
    43.78371238708496,
    44.60557699203491,
    44.842731952667236,
    45.43561935424805,
    47.410547733306885,
    48.477745056152344,
    47.62725830078125,
    45.23117542266846,
    46.84628248214722,
    44.44611072540283,
    42.07456111907959,
    43.203091621398926,
    43.60380172729492,
    45.38246393203735,
    50.481295585632324,
    50.31365156173706,
    58.062076568603516,
    56.95807933807373,
    51.528048515319824,
    50.83702802658081,
    50.36271810531616,
    46.58050537109375,
    45.022642612457275,
    44.041311740875244,
    48.04023504257202,
    46.21659517288208,
    47.61090278625488,
    54.33710813522339,
    49.83525276184082,
    47.01801538467407,
    44.80593204498291,
    56.48376941680908,
    42.28309392929077,
    44.225311279296875
  ],
  "timestamps": [
    0.01057577133178711,
    0.04139137268066406,
    0.07236003875732422,
    0.10321593284606934,
    0.13411521911621094,
    0.16497182846069336,
    0.19580793380737305,
    0.2266077995300293,
    0.25728487968444824,
    0.2879061698913574,
    0.3182408809661865,
    0.34842896461486816,
    0.37853503227233887,
    0.4086148738861084,
    0.4389181137084961,
    0.4693872928619385,
    0.49982476234436035,
    0.5300793647766113,
    0.5603785514831543,
    0.5905182361602783,
    0.620678186416626,
    0.6507611274719238,
    0.6810367107391357,
    0.711409330368042,
    0.7419216632843018,
    0.7726566791534424,
    0.8037402629852295,
    0.8348913192749023,
    0.8655564785003662,
    0.8968665599822998,
    0.9276022911071777,
    0.9581153392791748,
    0.9885938167572021,
    1.019061803817749,
    1.0493285655975342,
    1.07948899269104,
    1.1096749305725098,
    1.140200138092041,
    1.1706194877624512,
    1.2010490894317627,
    1.2313060760498047,
    1.261561393737793,
    1.2917966842651367,
    1.3221142292022705,
    1.3523380756378174,
    1.3828039169311523,
    1.4133188724517822,
    1.4441635608673096,
    1.4749000072479248,
    1.5056266784667969,
    1.5362987518310547,
    1.5668835639953613,
    1.5977537631988525,
    1.628152847290039,
    1.6584649085998535,
    1.688645362854004,
    1.7189464569091797,
    1.7494282722473145,
    1.7798571586608887,
    1.8102893829345703,
    1.8406257629394531,
    1.8708863258361816,
    1.9011178016662598,
    1.9311692714691162,
    1.9612257480621338,
    1.991673231124878,
    2.022841215133667,
    2.0539772510528564,
    2.0848331451416016,
    2.115405559539795,
    2.145921468734741,
    2.176452398300171,
    2.2069735527038574,
    2.237361431121826,
    2.268202781677246,
    2.2983415126800537,
    2.32851505279541,
    2.3588624000549316,
    2.389192581176758,
    2.4195621013641357,
    2.4499785900115967,
    2.480394124984741,
    2.510573625564575,
    2.540635585784912,
    2.5707778930664062,
    2.600874900817871,
    2.6321427822113037,
    2.6625921726226807,
    2.693678140640259,
    2.7241432666778564,
    2.754687786102295,
    2.7858145236968994,
    2.816523790359497,
    2.8469769954681396,
    2.877591133117676,
    2.9077556133270264,
    2.9379589557647705,
    2.968139171600342,
    2.998466730117798,
    3.028836727142334,
    3.0592164993286133,
    3.0897679328918457,
    3.120032548904419,
    3.150482654571533,
    3.1805925369262695,
    3.21061635017395,
    3.240670680999756,
    3.270782947540283,
    3.3012373447418213,
    3.331730365753174,
    3.362175226211548,
    3.392618417739868,
    3.423144817352295,
    3.4540538787841797,
    3.484513759613037,
    3.514932632446289,
    3.545030117034912,
    3.5752146244049072,
    3.6053571701049805,
    3.6355302333831787,
    3.665860891342163,
    3.696232795715332,
    3.7265818119049072,
    3.7569756507873535,
    3.7872934341430664,
    3.8174405097961426,
    3.8474230766296387,
    3.877513885498047,
    3.90759539604187,
    3.9378085136413574,
    3.968313455581665,
    3.9988067150115967,
    4.02974009513855,
    4.060606479644775,
    4.09116005897522,
    4.12166953086853,
    4.1521501541137695,
    4.182431936264038,
    4.212613821029663,
    4.242728233337402,
    4.273072957992554,
    4.303311586380005,
    4.333635091781616,
    4.364351987838745,
    4.394800424575806,
    4.425091505050659,
    4.455250024795532,
    4.486088037490845,
    4.516101121902466,
    4.546224594116211
  ]
}