{
  "gesture_id": 4,
  "gesture_name": "wave",
  "timestamp": "2025-12-23T15:53:51.586054",
  "sample_rate": 50,
  "duration": 3.0,
  "distances": [
    55.46154975891113,
    56.307947635650635,
    56.61461353302002,
    56.606435775756836,
    56.72910213470459,
    61.999666690826416,
    58.15612077713013,
    58.70811939239502,
    58.03345441818237,
    57.718610763549805,
    56.442880630493164,
    51.66298151016235,
    48.61267805099487,
    46.613216400146484,
    46.772682666778564,
    47.76219129562378,
    49.22192096710205,
    50.12556314468384,
    46.776771545410156,
    45.37428617477417,
    44.59331035614014,
    45.21481990814209,
    47.79081344604492,
    54.06724214553833,
    54.758262634277344,
    56.74545764923096,
    61.0101580619812,
    65.10721445083618,
    57.09301233291626,
    56.581902503967285,
    56.765902042388916,
    55.40839433670044,
    53.580665588378906,
    50.26458501815796,
    54.075419902801514,
    49.77391958236694,
    50.321829319000244,
    50.28911828994751,
    50.28911828994751,
    50.301384925842285,
    47.62725830078125,
    46.58459424972534,
    46.15117311477661,
    48.03614616394043,
    51.806092262268066,
    53.04093360900879,
    56.75772428512573,
    55.968570709228516,
    58.6181640625,
    57.74723291397095,
    54.921817779541016,
    56.626880168914795,
    56.61461353302002,
    50.62849521636963,
    48.80894422531128,
    47.97481298446655,
    52.91008949279785,
    50.13782978057861,
    53.75239849090576,
    49.77391958236694,
    49.78209733963013,
    49.00929927825928,
    48.592233657836914,
    49.60627555847168,
    54.43524122238159,
    53.670620918273926,
    56.10759258270264,
    56.43879175186157,
    57.195234298706055,
    57.05212354660034,
    56.90492391586304,
    59.12518501281738,
    56.70456886291504,
    56.6227912902832,
    52.20680236816406,
    48.98885488510132,
    50.444495677948,
    51.33587121963501,
    50.83702802658081,
    50.4935622215271,
    50.79613924026489,
    50.13374090194702,
    49.43045377731323,
    49.02156591415405,
    49.37320947647095,
    59.86936092376709,
    56.74545764923096,
    57.170701026916504,
    62.42082118988037,
    56.47968053817749,
    56.73727989196777,
    55.78866004943848,
    58.84305238723755,
    50.800228118896484,
    49.40183162689209,
    48.796677589416504,
    49.61036443710327,
    50.27276277542114,
    48.79258871078491,
    47.614991664886475,
    45.615530014038086,
    45.7586407661438,
    46.821749210357666,
    47.19792604446411,
    50.485384464263916,
    52.19862461090088,
    54.22261953353882,
    55.79274892807007,
    65.0949478149414,
    67.33565330505371,
    51.51578187942505,
    50.46494007110596,
    49.77391958236694,
    49.76983070373535,
    46.20023965835571,
    48.187434673309326,
    54.56199645996094,
    49.95383024215698,
    56.61870241165161,
    48.42050075531006,
    49.029743671417236,
    50.117385387420654,
    48.98476600646973,
    53.417110443115234,
    53.88733148574829,
    56.63505792617798,
    55.441105365753174,
    56.761813163757324,
    56.59825801849365,
    55.09355068206787,
    53.17995548248291,
    49.78209733963013,
    49.41818714141846,
    48.571789264678955,
    45.39473056793213,
    48.391878604888916,
    50.12556314468384,
    46.78494930267334,
    44.544243812561035,
    45.37837505340576,
    45.182108879089355,
    44.000422954559326,
    43.971800804138184,
    46.613216400146484,
    50.30956268310547,
    56.63096904754639,
    52.15364694595337,
    52.70564556121826,
    53.59702110290527,
    56.880390644073486
  ],
  "timestamps": [
    0.01068878173828125,
    0.04163360595703125,
    0.07250738143920898,
    0.1033935546875,
    0.13425540924072266,
    0.1654350757598877,
    0.19638466835021973,
    0.22736024856567383,
    0.25827598571777344,
    0.28919363021850586,
    0.32003355026245117,
    0.35059428215026855,
    0.3809523582458496,
    0.41121506690979004,
    0.44145679473876953,
    0.4717895984649658,
    0.5022132396697998,
    0.5326704978942871,
    0.5629441738128662,
    0.5931193828582764,
    0.6232645511627197,
    0.653465747833252,
    0.6837987899780273,
    0.7144973278045654,
    0.745241641998291,
    0.776146411895752,
    0.8073360919952393,
    0.8387069702148438,
    0.8696036338806152,
    0.9004664421081543,
    0.9313151836395264,
    0.9620871543884277,
    0.9927570819854736,
    1.0232429504394531,
    1.0539422035217285,
    1.0844080448150635,
    1.1148886680603027,
    1.1453657150268555,
    1.1758449077606201,
    1.206315279006958,
    1.2366259098052979,
    1.2668707370758057,
    1.2971014976501465,
    1.3274478912353516,
    1.3580152988433838,
    1.3886628150939941,
    1.4195258617401123,
    1.45033597946167,
    1.4812958240509033,
    1.5122089385986328,
    1.5429561138153076,
    1.5738022327423096,
    1.604670524597168,
    1.6351675987243652,
    1.6655616760253906,
    1.6959192752838135,
    1.7265996932983398,
    1.757094383239746,
    1.7879176139831543,
    1.8184139728546143,
    1.8489069938659668,
    1.8793234825134277,
    1.909714937210083,
    1.9401624202728271,
    1.9708881378173828,
    2.0016276836395264,
    2.0324504375457764,
    2.063289165496826,
    2.0941691398620605,
    2.1250388622283936,
    2.155897617340088,
    2.1868896484375,
    2.2177414894104004,
    2.2485835552215576,
    2.2791688442230225,
    2.309568405151367,
    2.3400790691375732,
    2.370619297027588,
    2.4011125564575195,
    2.4315929412841797,
    2.4620723724365234,
    2.4925246238708496,
    2.5229454040527344,
    2.5533342361450195,
    2.5837595462799072,
    2.6148152351379395,
    2.6456825733184814,
    2.676574945449829,
    2.707767963409424,
    2.7386226654052734,
    2.769534111022949,
    2.8004837036132812,
    2.831496000289917,
    2.8620102405548096,
    2.892449140548706,
    2.922854423522949,
    2.9532876014709473,
    2.983764886856079,
    3.0141701698303223,
    3.0444748401641846,
    3.0746819972991943,
    3.1048760414123535,
    3.1351492404937744,
    3.1654253005981445,
    3.195935010910034,
    3.2265212535858154,
    3.2572100162506104,
    3.288010835647583,
    3.3193564414978027,
    3.3508107662200928,
    3.381375551223755,
    3.411874532699585,
    3.4423165321350098,
    3.472731590270996,
    3.5029523372650146,
    3.5332744121551514,
    3.5640065670013428,
    3.59446382522583,
    3.6252920627593994,
    3.6556577682495117,
    3.6860620975494385,
    3.7165048122406006,
    3.7469162940979004,
    3.7776095867156982,
    3.8084194660186768,
    3.839345693588257,
    3.8701748847961426,
    3.9010441303253174,
    3.931894302368164,
    3.9626455307006836,
    3.9932644367218018,
    4.023698091506958,
    4.05412220954895,
    4.084484577178955,
    4.1146767139434814,
    4.145045280456543,
    4.175512790679932,
    4.2057647705078125,
    4.235908031463623,
    4.266098737716675,
    4.296257019042969,
    4.3263630867004395,
    4.35647177696228,
    4.386748552322388,
    4.417219638824463,
    4.448068618774414,
    4.478659152984619,
    4.509260654449463,
    4.539930820465088,
    4.570795059204102
  ]
}