{
  "gesture_id": 4,
  "gesture_name": "wave",
  "timestamp": "2025-12-24T14:10:15.344940",
  "sample_rate": 50,
  "duration": 3.0,
  "distances": [
    46.68681621551514,
    46.4046835899353,
    45.83224058151245,
    59.23558473587036,
    46.62548303604126,
    45.860862731933594,
    44.98993158340454,
    45.043087005615234,
    44.98584270477295,
    45.05535364151001,
    45.022642612457275,
    46.44148349761963,
    48.69036674499512,
    55.85817098617554,
    46.83401584625244,
    50.90245008468628,
    50.45267343521118,
    50.52218437194824,
    51.368582248687744,
    52.41124629974365,
    56.52056932449341,
    61.36589050292969,
    57.080745697021484,
    58.19292068481445,
    57.10936784744263,
    57.96394348144531,
    58.38509798049927,
    57.96394348144531,
    57.559144496917725,
    57.105278968811035,
    58.80216360092163,
    58.495497703552246,
    57.66136646270752,
    56.806790828704834,
    58.93300771713257,
    59.48500633239746,
    58.09069871902466,
    58.241987228393555,
    46.84628248214722,
    49.66760873794556,
    43.62015724182129,
    43.60380172729492,
    42.1195387840271,
    43.632423877716064,
    43.203091621398926,
    43.82460117340088,
    46.23295068740845,
    49.99880790710449,
    49.85569715499878,
    49.81480836868286,
    57.78403282165527,
    49.82707500457764,
    50.321829319000244,
    51.532137393951416,
    59.084296226501465,
    49.97836351394653,
    49.62671995162964,
    51.029205322265625,
    50.01107454299927,
    56.95399045944214,
    56.692302227020264,
    43.6160683631897,
    43.243980407714844,
    43.43615770339966,
    43.77962350845337,
    45.64415216445923,
    46.24521732330322,
    48.252856731414795,
    54.10813093185425,
    50.366806983947754,
    60.06971597671509,
    54.64377403259277,
    56.945812702178955,
    58.36465358734131,
    57.18705654144287,
    58.945274353027344,
    62.06099987030029,
    58.95754098892212,
    61.10420227050781,
    60.77300310134888,
    58.172476291656494,
    57.35061168670654,
    63.03415298461914,
    56.98670148849487,
    56.95399045944214,
    56.49603605270386,
    60.061538219451904,
    60.48269271850586,
    50.35454034805298,
    48.232412338256836,
    46.0080623626709,
    44.19260025024414,
    60.46633720397949,
    44.814109802246094,
    46.23295068740845,
    47.8521466255188,
    50.01107454299927,
    49.65125322341919,
    49.28734302520752,
    49.63489770889282,
    49.663519859313965,
    53.22902202606201,
    49.99063014984131,
    50.17054080963135,
    50.685739517211914,
    53.29853296279907,
    51.3890266418457,
    47.40645885467529,
    46.60912752151489,
    55.150794982910156,
    47.23472595214844,
    43.816423416137695,
    43.17446947097778,
    42.79829263687134,
    44.429755210876465,
    44.38886642456055,
    46.00397348403931,
    47.410547733306885,
    58.36056470870972,
    56.810879707336426,
    56.96216821670532,
    57.66136646270752,
    59.48500633239746,
    57.81674385070801,
    57.68181085586548,
    58.25425386428833,
    61.926066875457764,
    60.19238233566284,
    58.336031436920166,
    58.37283134460449,
    59.78349447250366,
    58.38509798049927,
    58.34420919418335,
    56.647324562072754,
    60.6626033782959,
    59.22740697860718,
    61.46402359008789,
    50.70209503173828,
    49.85160827636719,
    47.44734764099121,
    47.8521466255188,
    45.43970823287964,
    48.04432392120361,
    45.64006328582764,
    44.78139877319336,
    45.82406282424927,
    47.046637535095215,
    47.27970361709595,
    48.068857192993164,
    60.47860383987427
  ],
  "timestamps": [
    0.010177850723266602,
    0.04054737091064453,
    0.07083320617675781,
    0.10194706916809082,
    0.13223505020141602,
    0.1624622344970703,
    0.1926407814025879,
    0.2228391170501709,
    0.253023624420166,
    0.28321266174316406,
    0.31339097023010254,
    0.34371399879455566,
    0.3741323947906494,
    0.4050123691558838,
    0.4353325366973877,
    0.46587467193603516,
    0.49638891220092773,
    0.5269505977630615,
    0.557469367980957,
    0.5880649089813232,
    0.618905782699585,
    0.6500194072723389,
    0.6809029579162598,
    0.7118978500366211,
    0.7427895069122314,
    0.7737200260162354,
    0.8047525882720947,
    0.8358798027038574,
    0.8668217658996582,
    0.897698163986206,
    0.9286859035491943,
    0.9596958160400391,
    0.9906413555145264,
    1.0215346813201904,
    1.0525281429290771,
    1.0835511684417725,
    1.1144890785217285,
    1.1454346179962158,
    1.1757166385650635,
    1.2061548233032227,
    1.236243724822998,
    1.2663400173187256,
    1.2963414192199707,
    1.3264596462249756,
    1.356529712677002,
    1.3866324424743652,
    1.4168760776519775,
    1.4474761486053467,
    1.4779555797576904,
    1.5084195137023926,
    1.5393588542938232,
    1.5698168277740479,
    1.6003050804138184,
    1.6308619976043701,
    1.6618597507476807,
    1.692322015762329,
    1.7227754592895508,
    1.7533214092254639,
    1.7837939262390137,
    1.8147478103637695,
    1.8457143306732178,
    1.8758471012115479,
    1.9059560298919678,
    1.9360549449920654,
    1.9661850929260254,
    1.9964210987091064,
    2.026674509048462,
    2.0570433139801025,
    2.087775945663452,
    2.118267297744751,
    2.149322986602783,
    2.1800622940063477,
    2.2109322547912598,
    2.241893768310547,
    2.272777795791626,
    2.3037633895874023,
    2.3349363803863525,
    2.3659205436706543,
    2.397024393081665,
    2.4281013011932373,
    2.459038019180298,
    2.4899394512176514,
    2.5211715698242188,
    2.5520434379577637,
    2.582916736602783,
    2.6137642860412598,
    2.6448161602020264,
    2.6758930683135986,
    2.706380844116211,
    2.736743688583374,
    2.7669785022735596,
    2.7971272468566895,
    2.8302550315856934,
    2.8605191707611084,
    2.8907902240753174,
    2.921126127243042,
    2.951599359512329,
    2.982046365737915,
    3.0124707221984863,
    3.0429179668426514,
    3.073369264602661,
    3.104010820388794,
    3.1344830989837646,
    3.164958953857422,
    3.1954686641693115,
    3.22611665725708,
    3.2566561698913574,
    3.2869551181793213,
    3.3172199726104736,
    3.347987413406372,
    3.378293752670288,
    3.408414602279663,
    3.4384825229644775,
    3.4685535430908203,
    3.498704433441162,
    3.528843402862549,
    3.559075355529785,
    3.589390993118286,
    3.62035870552063,
    3.6512362957000732,
    3.6821091175079346,
    3.7130227088928223,
    3.744044542312622,
    3.774963855743408,
    3.8071341514587402,
    3.8382768630981445,
    3.869513988494873,
    3.900636911392212,
    3.9316446781158447,
    3.9626126289367676,
    3.9936392307281494,
    4.02459454536438,
    4.055551052093506,
    4.0864033699035645,
    4.117474317550659,
    4.148485898971558,
    4.179623126983643,
    4.210130453109741,
    4.240569829940796,
    4.270941972732544,
    4.301276206970215,
    4.331460952758789,
    4.361785411834717,
    4.392000436782837,
    4.422163486480713,
    4.4523680210113525,
    4.4826860427856445,
    4.512972831726074,
    4.543333530426025,
    4.574395656585693
  ]
}