{
  "gesture_id": 4,
  "gesture_name": "wave",
  "timestamp": "2025-12-23T15:55:57.289415",
  "sample_rate": 50,
  "duration": 3.0,
  "distances": [
    57.93532133102417,
    56.75363540649414,
    57.36696720123291,
    56.34474754333496,
    56.328392028808594,
    56.79043531417847,
    56.81496858596802,
    54.79506254196167,
    56.75772428512573,
    51.368582248687744,
    58.95754098892212,
    47.01392650604248,
    45.022642612457275,
    42.99046993255615,
    43.80006790161133,
    45.62370777130127,
    45.42744159698486,
    45.8077073097229,
    46.6050386428833,
    44.62193250656128,
    44.14762258529663,
    43.587446212768555,
    53.76466512680054,
    46.044862270355225,
    57.91487693786621,
    48.82529973983765,
    49.81889724731445,
    56.626880168914795,
    56.65550231933594,
    49.78209733963013,
    49.074721336364746,
    58.63860845565796,
    45.23526430130005,
    44.204866886138916,
    47.64361381530762,
    44.00451183319092,
    47.44734764099121,
    46.384239196777344,
    45.819973945617676,
    44.429755210876465,
    43.383002281188965,
    43.223536014556885,
    41.84558391571045,
    42.29536056518555,
    45.78726291656494,
    46.020328998565674,
    48.26103448867798,
    49.63489770889282,
    50.52218437194824,
    51.19684934616089,
    49.83525276184082,
    56.47968053817749,
    45.43561935424805,
    44.2130446434021,
    44.62193250656128,
    42.51207113265991,
    43.611979484558105,
    45.01446485519409,
    45.815885066986084,
    46.412861347198486,
    44.0126895904541,
    42.30762720108032,
    43.133580684661865,
    46.457839012145996,
    40.68025350570679,
    50.17871856689453,
    42.57749319076538,
    50.15009641647339,
    47.21428155899048,
    49.85978603363037,
    45.59917449951172,
    58.102965354919434,
    46.81357145309448,
    43.18673610687256,
    51.87560319900513,
    42.09909439086914,
    44.25393342971802,
    47.39419221878052,
    45.58281898498535,
    44.39295530319214,
    45.39064168930054,
    44.384777545928955,
    44.03722286224365,
    42.070472240448,
    42.749226093292236,
    42.9659366607666,
    44.62193250656128,
    55.51879405975342,
    49.06245470046997,
    48.01570177078247,
    51.38084888458252,
    49.66760873794556,
    47.81125783920288,
    49.050188064575195,
    46.83401584625244,
    48.661744594573975,
    45.840418338775635,
    47.67223596572876,
    51.15596055984497,
    47.05890417098999,
    48.04432392120361,
    46.020328998565674,
    44.64237689971924,
    44.00860071182251,
    41.60025119781494,
    42.28718280792236,
    42.99046993255615,
    44.19260025024414,
    44.21713352203369,
    47.03028202056885,
    57.47736692428589,
    50.17054080963135,
    49.78618621826172,
    48.23650121688843,
    50.325918197631836,
    48.03205728530884,
    43.96771192550659,
    40.950119495391846,
    41.63705110549927,
    42.75331497192383,
    43.62424612045288,
    49.97836351394653,
    49.957919120788574,
    56.80270195007324,
    41.64113998413086,
    39.285945892333984,
    38.353681564331055,
    39.30230140686035,
    46.020328998565674,
    56.786346435546875,
    56.66368007659912,
    59.3664288520813,
    48.41641187667847,
    48.023879528045654,
    47.63134717941284,
    49.63489770889282,
    55.83772659301758,
    57.34652280807495,
    43.02726984024048,
    42.20540523529053,
    42.97002553939819,
    43.38709115982056,
    44.01677846908569,
    44.19260025024414,
    43.57926845550537,
    40.89287519454956,
    41.41216278076172,
    57.95985460281372,
    41.37536287307739,
    54.98315095901489
  ],
  "timestamps": [
    0.010846376419067383,
    0.04188656806945801,
    0.07291221618652344,
    0.103851318359375,
    0.13473153114318848,
    0.1655890941619873,
    0.19643712043762207,
    0.2271718978881836,
    0.25805020332336426,
    0.28859543800354004,
    0.3195793628692627,
    0.34987354278564453,
    0.38004612922668457,
    0.41010212898254395,
    0.44020581245422363,
    0.470414400100708,
    0.5006089210510254,
    0.5308477878570557,
    0.5611100196838379,
    0.5912573337554932,
    0.6215524673461914,
    0.6517014503479004,
    0.6824166774749756,
    0.7126667499542236,
    0.7436213493347168,
    0.7740967273712158,
    0.8045492172241211,
    0.8354020118713379,
    0.8662853240966797,
    0.8967351913452148,
    0.9271328449249268,
    0.9580976963043213,
    0.988286018371582,
    1.0185236930847168,
    1.049100637435913,
    1.079289436340332,
    1.109635591506958,
    1.13991117477417,
    1.1701433658599854,
    1.2002873420715332,
    1.2303712368011475,
    1.2604458332061768,
    1.2904419898986816,
    1.3204572200775146,
    1.3506762981414795,
    1.3809082508087158,
    1.411271572113037,
    1.441713571548462,
    1.47221040725708,
    1.502742052078247,
    1.533198356628418,
    1.5640432834625244,
    1.5942397117614746,
    1.6243317127227783,
    1.6544804573059082,
    1.6845331192016602,
    1.7146317958831787,
    1.7448077201843262,
    1.7750370502471924,
    1.8052916526794434,
    1.8354063034057617,
    1.8654353618621826,
    1.8955011367797852,
    1.9257569313049316,
    1.9556822776794434,
    1.9861607551574707,
    2.016256332397461,
    2.046882390975952,
    2.077224016189575,
    2.1077096462249756,
    2.1379244327545166,
    2.1688663959503174,
    2.199150323867798,
    2.2292728424072266,
    2.2598440647125244,
    2.2898318767547607,
    2.3199570178985596,
    2.350276231765747,
    2.380488157272339,
    2.410645008087158,
    2.4408390522003174,
    2.470975637435913,
    2.501091480255127,
    2.5310919284820557,
    2.5611321926116943,
    2.59118390083313,
    2.621333122253418,
    2.652097702026367,
    2.682504653930664,
    2.7128641605377197,
    2.743457794189453,
    2.773927927017212,
    2.8042798042297363,
    2.8346807956695557,
    2.86495304107666,
    2.8953194618225098,
    2.9255332946777344,
    2.955864191055298,
    2.986396312713623,
    3.016749620437622,
    3.0472419261932373,
    3.077510118484497,
    3.107666254043579,
    3.1377851963043213,
    3.1677651405334473,
    3.1977806091308594,
    3.2278385162353516,
    3.2579643726348877,
    3.288095474243164,
    3.318387031555176,
    3.3492825031280518,
    3.3797523975372314,
    3.4101974964141846,
    3.440572738647461,
    3.4710540771484375,
    3.5013957023620605,
    3.5315024852752686,
    3.5614311695098877,
    3.5914011001586914,
    3.6214370727539062,
    3.6515262126922607,
    3.6819889545440674,
    3.7124476432800293,
    3.743306875228882,
    3.7732951641082764,
    3.8031318187713623,
    3.8329110145568848,
    3.8627443313598633,
    3.89298152923584,
    3.923842191696167,
    3.95469069480896,
    3.9856936931610107,
    4.016134023666382,
    4.0466227531433105,
    4.07766580581665,
    4.10818886756897,
    4.138988971710205,
    4.169878005981445,
    4.199938535690308,
    4.229969263076782,
    4.260052680969238,
    4.2901365756988525,
    4.320248126983643,
    4.350369691848755,
    4.380458831787109,
    4.410390138626099,
    4.4403486251831055,
    4.471291780471802,
    4.501258373260498,
    4.532015085220337
  ]
}