{
  "gesture_id": 4,
  "gesture_name": "wave",
  "timestamp": "2025-12-24T14:12:34.049642",
  "sample_rate": 50,
  "duration": 3.0,
  "distances": [
    47.026193141937256,
    47.62316942214966,
    66.4442777633667,
    49.4468092918396,
    47.87667989730835,
    47.635436058044434,
    46.23703956604004,
    47.251081466674805,
    46.0080623626709,
    46.253395080566406,
    45.79135179519653,
    46.83810472488403,
    47.01801538467407,
    49.97427463531494,
    49.618542194366455,
    47.659969329833984,
    49.050188064575195,
    49.81889724731445,
    49.63489770889282,
    48.08521270751953,
    48.04432392120361,
    49.81889724731445,
    52.83240079879761,
    51.38084888458252,
    52.734267711639404,
    56.512391567230225,
    56.94990158081055,
    63.50846290588379,
    65.98223447799683,
    59.337806701660156,
    60.07789373397827,
    68.40693950653076,
    66.2970781326294,
    65.56516885757446,
    63.410329818725586,
    65.73690176010132,
    67.00445413589478,
    61.770689487457275,
    60.89566946029663,
    65.98632335662842,
    65.67556858062744,
    59.08020734786987,
    64.87823724746704,
    64.31397199630737,
    56.50830268859863,
    53.44573259353638,
    53.421199321746826,
    50.85747241973877,
    50.17054080963135,
    49.45089817047119,
    48.845744132995605,
    48.40414524078369,
    49.2464542388916,
    48.44094514846802,
    50.01516342163086,
    49.79027509689331,
    51.72840356826782,
    60.470426082611084,
    56.34474754333496,
    57.51007795333862,
    56.92945718765259,
    54.98315095901489,
    56.524658203125,
    56.14439249038696,
    61.725711822509766,
    58.04980993270874,
    58.06616544723511,
    58.51185321807861,
    59.91842746734619,
    58.197009563446045,
    68.3905839920044,
    56.77816867828369,
    56.49603605270386,
    53.93639802932739,
    53.06137800216675,
    51.69978141784668,
    51.72840356826782,
    51.72431468963623,
    51.896047592163086,
    51.03738307952881,
    51.91240310668945,
    52.61160135269165,
    54.259419441223145,
    54.45159673690796,
    53.56431007385254,
    58.63860845565796,
    56.74545764923096,
    63.33264112472534,
    56.66776895523071,
    56.70047998428345,
    58.609986305236816,
    59.77531671524048,
    59.468650817871094,
    68.02667379379272,
    59.059762954711914,
    60.065627098083496,
    59.73851680755615,
    69.8339581489563,
    67.29885339736938,
    68.9834713935852,
    57.89034366607666,
    56.79043531417847,
    62.99326419830322,
    50.99649429321289,
    51.01284980773926,
    49.81071949005127,
    48.24467897415161,
    48.25694561004639,
    50.03151893615723,
    50.17054080963135,
    51.03329420089722,
    53.24537754058838,
    54.81959581375122,
    55.989015102386475,
    56.65550231933594,
    56.945812702178955,
    57.33834505081177,
    57.22794532775879,
    57.95167684555054,
    57.93941020965576,
    58.376920223236084,
    57.21158981323242,
    56.671857833862305,
    57.927143573760986,
    55.69870471954346,
    53.42937707901001,
    57.40785598754883,
    53.42528820037842,
    49.7943639755249,
    51.17231607437134,
    50.027430057525635,
    50.530362129211426,
    49.99063014984131,
    50.85747241973877,
    52.57071256637573,
    55.150794982910156,
    55.13852834701538,
    56.532835960388184,
    57.52643346786499,
    65.15628099441528,
    61.19006872177124,
    60.33140420913696,
    64.01957273483276,
    70.39413452148438,
    65.85956811904907,
    70.57404518127441,
    69.70311403274536,
    70.15289068222046,
    63.500285148620605,
    70.14062404632568
  ],
  "timestamps": [
    0.010198831558227539,
    0.040648698806762695,
    0.07211565971374512,
    0.10257959365844727,
    0.13304400444030762,
    0.16358208656311035,
    0.1938793659210205,
    0.2241966724395752,
    0.25444602966308594,
    0.28470659255981445,
    0.31493377685546875,
    0.3452162742614746,
    0.37551283836364746,
    0.40598320960998535,
    0.4364280700683594,
    0.4667541980743408,
    0.4971616268157959,
    0.5276150703430176,
    0.5580706596374512,
    0.5884230136871338,
    0.6187732219696045,
    0.6492276191711426,
    0.679875373840332,
    0.7104408740997314,
    0.741072416305542,
    0.7719118595123291,
    0.8028104305267334,
    0.8340895175933838,
    0.8655087947845459,
    0.8965058326721191,
    0.9275438785552979,
    0.9590632915496826,
    0.9904670715332031,
    1.021836757659912,
    1.0530638694763184,
    1.084441900253296,
    1.1158816814422607,
    1.1470797061920166,
    1.1782793998718262,
    1.209693193435669,
    1.241058111190796,
    1.2720575332641602,
    1.3033709526062012,
    1.3346588611602783,
    1.3654823303222656,
    1.396125078201294,
    1.4267878532409668,
    1.4572975635528564,
    1.487769365310669,
    1.5182163715362549,
    1.5486130714416504,
    1.5789601802825928,
    1.6093943119049072,
    1.639749526977539,
    1.670236587524414,
    1.7006855010986328,
    1.7312984466552734,
    1.7623720169067383,
    1.793203592300415,
    1.8241057395935059,
    1.8549728393554688,
    1.8857250213623047,
    1.9165654182434082,
    1.9473843574523926,
    1.9785280227661133,
    2.0094611644744873,
    2.040391445159912,
    2.071345806121826,
    2.102379560470581,
    2.13338041305542,
    2.165069103240967,
    2.1959614753723145,
    2.2268102169036865,
    2.257504463195801,
    2.2881455421447754,
    2.318730115890503,
    2.3492980003356934,
    2.37986159324646,
    2.410435676574707,
    2.4409523010253906,
    2.471524238586426,
    2.50213360786438,
    2.5328423976898193,
    2.5635604858398438,
    2.5942270755767822,
    2.625187397003174,
    2.656036615371704,
    2.6872754096984863,
    2.718123435974121,
    2.748992443084717,
    2.779938220977783,
    2.8109707832336426,
    2.8419854640960693,
    2.8734898567199707,
    2.904449701309204,
    2.9354779720306396,
    2.9664969444274902,
    2.9981186389923096,
    3.0295891761779785,
    3.06113862991333,
    3.0920608043670654,
    3.122901439666748,
    3.1542720794677734,
    3.1848983764648438,
    3.215508460998535,
    3.246072292327881,
    3.2764835357666016,
    3.306857109069824,
    3.3373348712921143,
    3.367830276489258,
    3.398390293121338,
    3.429069757461548,
    3.459836721420288,
    3.4906606674194336,
    3.5215158462524414,
    3.552382707595825,
    3.583275079727173,
    3.6141552925109863,
    3.645080089569092,
    3.6760222911834717,
    3.7069785594940186,
    3.73787522315979,
    3.768730878829956,
    3.799649953842163,
    3.830443859100342,
    3.861086368560791,
    3.8919765949249268,
    3.922618865966797,
    3.9530746936798096,
    3.9836061000823975,
    4.014067888259888,
    4.044562578201294,
    4.075002670288086,
    4.105515241622925,
    4.136181831359863,
    4.167086839675903,
    4.197911500930786,
    4.228765964508057,
    4.259673833847046,
    4.291023254394531,
    4.322140455245972,
    4.353204727172852,
    4.38448691368103,
    4.416143417358398,
    4.447534561157227,
    4.479194164276123,
    4.510817766189575,
    4.542452096939087,
    4.573704481124878,
    4.60533881187439
  ]
}