{
  "gesture_id": 4,
  "gesture_name": "wave",
  "timestamp": "2025-12-24T14:12:04.627213",
  "sample_rate": 50,
  "duration": 3.0,
  "distances": [
    47.31241464614868,
    47.08752632141113,
    48.46547842025757,
    48.30601215362549,
    47.05072641372681,
    46.64183855056763,
    46.71543836593628,
    48.06067943572998,
    59.812116622924805,
    47.68041372299194,
    47.64361381530762,
    46.71952724456787,
    46.47419452667236,
    49.90067481994629,
    47.271525859832764,
    46.87081575393677,
    46.457839012145996,
    47.046637535095215,
    47.67632484436035,
    49.4958758354187,
    48.26512336730957,
    49.504053592681885,
    60.36820411682129,
    58.09478759765625,
    59.27238464355469,
    59.53407287597656,
    60.110604763031006,
    60.49904823303223,
    60.703492164611816,
    59.52998399734497,
    59.517717361450195,
    59.677183628082275,
    60.539937019348145,
    60.952913761138916,
    61.08375787734985,
    60.23736000061035,
    60.360026359558105,
    60.355937480926514,
    60.93246936798096,
    57.82901048660278,
    54.512929916381836,
    53.825998306274414,
    52.92644500732422,
    47.03845977783203,
    46.67454957962036,
    46.457839012145996,
    45.23117542266846,
    45.247530937194824,
    46.46192789077759,
    46.44557237625122,
    46.64183855056763,
    47.868502140045166,
    49.51223134994507,
    50.207340717315674,
    50.55489540100098,
    52.08413600921631,
    56.98670148849487,
    54.533374309539795,
    53.66244316101074,
    53.61337661743164,
    54.47613000869751,
    53.625643253326416,
    54.807329177856445,
    51.5403151512146,
    51.15187168121338,
    49.47543144226074,
    47.64770269393921,
    47.41872549057007,
    46.02850675582886,
    46.18797302246094,
    48.25694561004639,
    45.64824104309082,
    47.23881483078003,
    47.44325876235962,
    48.027968406677246,
    49.99063014984131,
    51.38084888458252,
    49.65534210205078,
    60.37229299545288,
    50.321829319000244,
    56.013548374176025,
    56.532835960388184,
    56.79043531417847,
    59.62402820587158,
    58.30740928649902,
    60.7607364654541,
    62.040555477142334,
    57.93123245239258,
    60.80162525177002,
    57.379233837127686,
    57.833099365234375,
    58.376920223236084,
    61.7584228515625,
    56.81905746459961,
    58.89620780944824,
    56.524658203125,
    50.17462968826294,
    48.2487678527832,
    49.6471643447876,
    47.21428155899048,
    49.03383255004883,
    49.414098262786865,
    51.573026180267334,
    51.51987075805664,
    51.00058317184448,
    51.049649715423584,
    56.96216821670532,
    54.28804159164429,
    53.45391035079956,
    54.827773571014404,
    53.1349778175354,
    55.150794982910156,
    52.43169069290161,
    50.845205783843994,
    50.485384464263916,
    49.67987537384033,
    59.36233997344971,
    62.886953353881836,
    47.01801538467407,
    45.002198219299316,
    43.8123345375061,
    41.383540630340576,
    42.08273887634277,
    43.60380172729492,
    41.587984561920166,
    56.647324562072754,
    42.95775890350342,
    44.18851137161255,
    45.61961889266968,
    47.21428155899048,
    49.80663061141968,
    56.64323568344116,
    54.9790620803833,
    56.786346435546875,
    56.692302227020264,
    56.61052465438843,
    62.04873323440552,
    60.92020273208618,
    59.64038372039795,
    58.48323106765747,
    56.626880168914795,
    58.36465358734131,
    57.24838972091675,
    56.80270195007324,
    56.63096904754639,
    56.64323568344116,
    56.81905746459961,
    50.19098520278931,
    56.810879707336426,
    46.80948257446289
  ],
  "timestamps": [
    0.010217905044555664,
    0.0406184196472168,
    0.07105064392089844,
    0.10144996643066406,
    0.13176774978637695,
    0.16205048561096191,
    0.19232583045959473,
    0.22268033027648926,
    0.25374484062194824,
    0.2840852737426758,
    0.3144187927246094,
    0.34471774101257324,
    0.37497735023498535,
    0.40544700622558594,
    0.43575549125671387,
    0.4660501480102539,
    0.49631571769714355,
    0.526663064956665,
    0.5571639537811279,
    0.587653398513794,
    0.6180634498596191,
    0.6485147476196289,
    0.6795976161956787,
    0.7105436325073242,
    0.7415783405303955,
    0.7726178169250488,
    0.8036773204803467,
    0.83475661277771,
    0.8658359050750732,
    0.8968470096588135,
    0.927849292755127,
    0.9588656425476074,
    0.9899578094482422,
    1.021085262298584,
    1.0522112846374512,
    1.0833187103271484,
    1.1143808364868164,
    1.1454370021820068,
    1.1765360832214355,
    1.2074615955352783,
    1.2381913661956787,
    1.2689049243927002,
    1.2995460033416748,
    1.3298423290252686,
    1.3601105213165283,
    1.3903579711914062,
    1.4205310344696045,
    1.4507384300231934,
    1.4809932708740234,
    1.5112547874450684,
    1.5415818691253662,
    1.5720016956329346,
    1.6024668216705322,
    1.6329548358917236,
    1.6634540557861328,
    1.6940455436706543,
    1.724937915802002,
    1.7556824684143066,
    1.7863976955413818,
    1.817075490951538,
    1.8477985858917236,
    1.8784701824188232,
    1.9092068672180176,
    1.9397494792938232,
    1.9702744483947754,
    2.000701427459717,
    2.0310370922088623,
    2.061371088027954,
    2.091606855392456,
    2.121863842010498,
    2.152224063873291,
    2.182429313659668,
    2.21273136138916,
    2.2430479526519775,
    2.273400068283081,
    2.303863525390625,
    2.334411859512329,
    2.364854574203491,
    2.3959200382232666,
    2.4263899326324463,
    2.4571945667266846,
    2.4880199432373047,
    2.5189056396484375,
    2.5501739978790283,
    2.581171751022339,
    2.612344741821289,
    2.6435728073120117,
    2.674513339996338,
    2.705627918243408,
    2.7365589141845703,
    2.767493724822998,
    2.798448324203491,
    2.829625129699707,
    2.8604917526245117,
    2.8914780616760254,
    2.922323226928711,
    2.952789068222046,
    2.9831418991088867,
    3.013570547103882,
    3.04386830329895,
    3.0742745399475098,
    3.104705810546875,
    3.135291576385498,
    3.165851354598999,
    3.1963722705841064,
    3.2268948554992676,
    3.2577550411224365,
    3.288457155227661,
    3.3191046714782715,
    3.349841833114624,
    3.380485773086548,
    3.411250352859497,
    3.4418745040893555,
    3.4723896980285645,
    3.502878427505493,
    3.5333592891693115,
    3.5644567012786865,
    3.595700740814209,
    3.625993490219116,
    3.656172752380371,
    3.6862597465515137,
    3.716217517852783,
    3.746196985244751,
    3.7762908935546875,
    3.8062448501586914,
    3.8370935916900635,
    3.867126226425171,
    3.897263288497925,
    3.9274582862854004,
    3.9577672481536865,
    3.9882171154022217,
    4.019049167633057,
    4.049830675125122,
    4.0806965827941895,
    4.11152982711792,
    4.14237904548645,
    4.17353892326355,
    4.204638481140137,
    4.235637903213501,
    4.266618013381958,
    4.297469615936279,
    4.328421115875244,
    4.35928750038147,
    4.39013671875,
    4.420969009399414,
    4.451791763305664,
    4.48266339302063,
    4.513144016265869,
    4.544073820114136,
    4.574457168579102
  ]
}