{
  "gesture_id": 4,
  "gesture_name": "wave",
  "timestamp": "2025-12-24T14:14:53.034568",
  "sample_rate": 50,
  "duration": 3.0,
  "distances": [
    48.58405590057373,
    48.89481067657471,
    49.683964252471924,
    49.074721336364746,
    32.915472984313965,
    50.526273250579834,
    51.74475908279419,
    48.65356683731079,
    48.65765571594238,
    50.03969669342041,
    49.47543144226074,
    50.01925230026245,
    49.234187602996826,
    50.53445100784302,
    51.188671588897705,
    53.65426540374756,
    53.78919839859009,
    53.0859112739563,
    56.70865774154663,
    61.905622482299805,
    63.36944103240967,
    60.086071491241455,
    62.91966438293457,
    62.51077651977539,
    62.5066876411438,
    62.498509883880615,
    63.93779516220093,
    63.47984075546265,
    63.496196269989014,
    63.90508413314819,
    63.49210739135742,
    64.33850526809692,
    62.633442878723145,
    61.09602451324463,
    64.32214975357056,
    58.695852756500244,
    57.39150047302246,
    59.52589511871338,
    52.95506715774536,
    51.72022581100464,
    51.90422534942627,
    50.51809549331665,
    49.85160827636719,
    56.516480445861816,
    48.457300662994385,
    49.48769807815552,
    49.65943098068237,
    48.75987768173218,
    51.736581325531006,
    52.623867988586426,
    54.308485984802246,
    61.53353452682495,
    53.45799922943115,
    53.31488847732544,
    57.36287832260132,
    54.49248552322388,
    56.696391105651855,
    55.88270425796509,
    56.0258150100708,
    55.16715049743652,
    56.377458572387695,
    55.330705642700195,
    53.94866466522217,
    52.415335178375244,
    52.7874231338501,
    53.80146503448486,
    52.075958251953125,
    50.35045146942139,
    49.479520320892334,
    47.69676923751831,
    46.47010564804077,
    47.2551703453064,
    47.47188091278076,
    48.90707731246948,
    49.11152124404907,
    59.493184089660645,
    50.37498474121094,
    51.39720439910889,
    52.075958251953125,
    54.50066328048706,
    55.68234920501709,
    58.95754098892212,
    58.25016498565674,
    61.82384490966797,
    62.249088287353516,
    64.37530517578125,
    63.49210739135742,
    64.31806087493896,
    63.614773750305176,
    63.21406364440918,
    64.75965976715088,
    64.47752714157104,
    62.77655363082886,
    63.78241777420044,
    63.19770812988281,
    61.5090012550354,
    60.20873785018921,
    62.9564642906189,
    55.65372705459595,
    49.82707500457764,
    49.479520320892334,
    48.45321178436279,
    47.275614738464355,
    45.82406282424927,
    46.457839012145996,
    45.21890878677368,
    47.664058208465576,
    50.02334117889404,
    50.346362590789795,
    50.68165063858032,
    50.845205783843994,
    54.00590896606445,
    63.35717439651489,
    53.785109519958496,
    55.36341667175293,
    56.70456886291504,
    57.24838972091675,
    52.738356590270996,
    52.74244546890259,
    58.675408363342285,
    55.88270425796509,
    50.21551847457886,
    49.483609199523926,
    46.26566171646118,
    44.65055465698242,
    45.03899812698364,
    44.249844551086426,
    43.199002742767334,
    43.43615770339966,
    45.63188552856445,
    45.247530937194824,
    45.23117542266846,
    46.637749671936035,
    50.53445100784302,
    50.53853988647461,
    56.79861307144165,
    58.78171920776367,
    64.04410600662231,
    57.285189628601074,
    61.815667152404785,
    63.087308406829834,
    60.75664758682251,
    61.63984537124634,
    64.2035722732544,
    60.106515884399414,
    60.813891887664795,
    63.48801851272583,
    60.79753637313843,
    62.48215436935425,
    61.32091283798218
  ],
  "timestamps": [
    0.010309457778930664,
    0.04084300994873047,
    0.0713796615600586,
    0.10190176963806152,
    0.1343543529510498,
    0.16498827934265137,
    0.19564127922058105,
    0.22607851028442383,
    0.256488561630249,
    0.28694963455200195,
    0.3173799514770508,
    0.3478519916534424,
    0.37830138206481934,
    0.4088258743286133,
    0.4393603801727295,
    0.4700775146484375,
    0.5007870197296143,
    0.5314438343048096,
    0.562307596206665,
    0.5934712886810303,
    0.6247313022613525,
    0.6558079719543457,
    0.6870510578155518,
    0.7182528972625732,
    0.7494449615478516,
    0.7806212902069092,
    0.811896800994873,
    0.843165397644043,
    0.8744447231292725,
    0.905742883682251,
    0.9370229244232178,
    0.9683606624603271,
    0.9995827674865723,
    1.0307002067565918,
    1.0620028972625732,
    1.092973232269287,
    1.1238672733306885,
    1.1549596786499023,
    1.1857001781463623,
    1.2163028717041016,
    1.2468945980072021,
    1.2774198055267334,
    1.3079001903533936,
    1.3387699127197266,
    1.3691704273223877,
    1.3996219635009766,
    1.4300894737243652,
    1.4605987071990967,
    1.4912049770355225,
    1.5218451023101807,
    1.5525884628295898,
    1.5837407112121582,
    1.6144297122955322,
    1.6451122760772705,
    1.6760480403900146,
    1.7068092823028564,
    1.7377049922943115,
    1.7685422897338867,
    1.7993810176849365,
    1.830174207687378,
    1.8610148429870605,
    1.8917782306671143,
    1.9224581718444824,
    1.9530448913574219,
    1.9836828708648682,
    2.014385223388672,
    2.044973611831665,
    2.0754802227020264,
    2.10591721534729,
    2.1363213062286377,
    2.167146921157837,
    2.1975021362304688,
    2.227921724319458,
    2.258387565612793,
    2.288808584213257,
    2.3198294639587402,
    2.3503224849700928,
    2.3808863162994385,
    2.411478281021118,
    2.4421982765197754,
    2.4730076789855957,
    2.504000186920166,
    2.5349318981170654,
    2.5660691261291504,
    2.5972421169281006,
    2.6285483837127686,
    2.6597957611083984,
    2.6911158561706543,
    2.722390651702881,
    2.7536516189575195,
    2.7849771976470947,
    2.8162827491760254,
    2.84747576713562,
    2.8787243366241455,
    2.9099442958831787,
    2.941077947616577,
    2.9721477031707764,
    3.003377676010132,
    3.034198760986328,
    3.064649820327759,
    3.0950822830200195,
    3.125450372695923,
    3.1558306217193604,
    3.1861462593078613,
    3.2164509296417236,
    3.246650457382202,
    3.276979684829712,
    3.3074522018432617,
    3.337937116622925,
    3.3684451580047607,
    3.398958921432495,
    3.4296765327453613,
    3.460919141769409,
    3.4916341304779053,
    3.5224153995513916,
    3.5532686710357666,
    3.5841586589813232,
    3.6147818565368652,
    3.6454288959503174,
    3.6764204502105713,
    3.7072274684906006,
    3.7377002239227295,
    3.768136978149414,
    3.7983767986297607,
    3.8285257816314697,
    3.858712673187256,
    3.8888378143310547,
    3.9188997745513916,
    3.948988199234009,
    3.9792096614837646,
    4.009408473968506,
    4.039613485336304,
    4.06988525390625,
    4.100378036499023,
    4.130884170532227,
    4.161883115768433,
    4.192925214767456,
    4.224223613739014,
    4.255114793777466,
    4.286281585693359,
    4.3175084590911865,
    4.348620414733887,
    4.379763126373291,
    4.411055088043213,
    4.442108869552612,
    4.473266124725342,
    4.504518747329712,
    4.535599708557129,
    4.566784858703613,
    4.597917795181274
  ]
}