{
  "gesture_id": 4,
  "gesture_name": "wave",
  "timestamp": "2025-12-24T14:11:46.325569",
  "sample_rate": 50,
  "duration": 3.0,
  "distances": [
    53.9323091506958,
    54.328930377960205,
    53.76875400543213,
    54.10813093185425,
    53.60928773880005,
    53.96910905838013,
    53.44982147216797,
    54.304397106170654,
    54.627418518066406,
    53.257644176483154,
    53.2862663269043,
    53.42528820037842,
    54.09586429595947,
    54.12857532501221,
    53.79737615585327,
    53.24128866195679,
    53.805553913116455,
    53.077733516693115,
    52.88964509963989,
    53.56431007385254,
    52.554357051849365,
    53.102266788482666,
    54.283952713012695,
    54.45568561553955,
    54.59061861038208,
    63.291752338409424,
    62.85833120346069,
    60.515403747558594,
    61.750245094299316,
    63.46757411956787,
    65.01725912094116,
    65.0009036064148,
    65.43841361999512,
    64.27717208862305,
    65.27485847473145,
    64.02775049209595,
    63.58615159988403,
    64.48570489883423,
    63.78241777420044,
    62.498509883880615,
    62.19593286514282,
    61.21869087219238,
    59.88571643829346,
    56.9744348526001,
    61.94242238998413,
    53.80964279174805,
    51.90831422805786,
    51.43400430679321,
    50.5426287651062,
    50.207340717315674,
    49.83934164047241,
    50.391340255737305,
    51.233649253845215,
    52.983689308166504,
    53.64199876785278,
    62.931931018829346,
    56.671857833862305,
    57.11345672607422,
    56.70047998428345,
    56.83950185775757,
    63.659751415252686,
    52.2885799407959,
    51.54440402984619,
    50.01107454299927,
    47.90530204772949,
    46.04077339172363,
    47.26334810256958,
    44.474732875823975,
    45.41517496109009,
    44.6628212928772,
    49.07881021499634,
    54.31257486343384,
    48.49410057067871,
    50.01925230026245,
    50.3954291343689,
    56.72910213470459,
    62.204110622406006,
    65.21352529525757,
    56.98261260986328,
    63.38170766830444,
    62.637531757354736,
    65.19308090209961,
    62.50259876251221,
    61.53762340545654,
    62.49033212661743,
    62.952375411987305,
    62.6538872718811,
    63.53708505630493,
    65.52019119262695,
    59.98384952545166,
    63.48801851272583,
    59.4154953956604,
    50.03151893615723,
    48.502278327941895,
    45.42744159698486,
    44.86726522445679,
    45.05535364151001,
    43.636512756347656,
    43.64877939224243,
    46.9035267829895,
    49.66760873794556,
    51.07009410858154,
    63.087308406829834,
    50.58760643005371,
    49.733030796051025,
    51.22138261795044,
    54.668307304382324,
    53.82190942764282,
    52.96733379364014,
    52.39897966384888,
    53.32306623458862,
    50.17054080963135,
    49.08698797225952,
    61.766600608825684,
    52.36217975616455,
    46.04077339172363,
    43.199002742767334,
    42.07456111907959,
    42.53251552581787,
    42.994558811187744,
    43.19491386413574,
    43.562912940979004,
    45.41926383972168,
    47.664058208465576,
    54.26759719848633,
    54.283952713012695,
    59.084296226501465,
    56.786346435546875,
    58.6181640625,
    59.03522968292236,
    63.005530834198,
    61.316823959350586,
    62.155044078826904,
    63.021886348724365,
    63.01370859146118,
    60.511314868927,
    62.03646659851074,
    56.81496858596802,
    61.61531209945679,
    56.65550231933594,
    50.121474266052246,
    50.256407260894775,
    47.05072641372681,
    42.97820329666138,
    43.80006790161133,
    43.03135871887207,
    43.996334075927734,
    47.03437089920044,
    46.6050386428833,
    47.2551703453064
  ],
  "timestamps": [
    0.010598897933959961,
    0.04162406921386719,
    0.07238984107971191,
    0.10315513610839844,
    0.13387417793273926,
    0.16458892822265625,
    0.1952672004699707,
    0.22598934173583984,
    0.2567322254180908,
    0.28739142417907715,
    0.3180358409881592,
    0.34869956970214844,
    0.3794083595275879,
    0.41008615493774414,
    0.4407632350921631,
    0.4714186191558838,
    0.5020828247070312,
    0.5327239036560059,
    0.5633575916290283,
    0.5940144062042236,
    0.624626874923706,
    0.6552619934082031,
    0.685941219329834,
    0.7166421413421631,
    0.7473862171173096,
    0.7786262035369873,
    0.8098387718200684,
    0.8409461975097656,
    0.8722870349884033,
    0.9035580158233643,
    0.9349238872528076,
    0.966332197189331,
    0.9976921081542969,
    1.0289902687072754,
    1.0603642463684082,
    1.0916597843170166,
    1.1229209899902344,
    1.1542282104492188,
    1.185492992401123,
    1.2166824340820312,
    1.2478609085083008,
    1.278979778289795,
    1.3100221157073975,
    1.3409004211425781,
    1.3720695972442627,
    1.4027495384216309,
    1.4333105087280273,
    1.4638502597808838,
    1.494347333908081,
    1.5248284339904785,
    1.5553250312805176,
    1.5858240127563477,
    1.6163666248321533,
    1.6470081806182861,
    1.677685260772705,
    1.7089056968688965,
    1.7397780418395996,
    1.7706537246704102,
    1.8015336990356445,
    1.832425832748413,
    1.8637917041778564,
    1.8944551944732666,
    1.9250268936157227,
    1.9554803371429443,
    1.9858200550079346,
    2.0160648822784424,
    2.046372413635254,
    2.0765228271484375,
    2.1067235469818115,
    2.1368794441223145,
    2.1672916412353516,
    2.198009729385376,
    2.2283966541290283,
    2.258864641189575,
    2.289370059967041,
    2.32022762298584,
    2.3514106273651123,
    2.3827719688415527,
    2.4136464595794678,
    2.444878101348877,
    2.476060628890991,
    2.507399320602417,
    2.5385944843292236,
    2.569734573364258,
    2.600945472717285,
    2.6321640014648438,
    2.663367748260498,
    2.6946187019348145,
    2.725978374481201,
    2.757009267807007,
    2.788240432739258,
    2.819237232208252,
    2.849752902984619,
    2.880214214324951,
    2.9105238914489746,
    2.94077730178833,
    2.9709689617156982,
    3.001068592071533,
    3.03116512298584,
    3.061452627182007,
    3.0919086933135986,
    3.1224582195281982,
    3.153688430786133,
    3.1841866970062256,
    3.214635133743286,
    3.245157241821289,
    3.275878429412842,
    3.306551456451416,
    3.337183952331543,
    3.367793321609497,
    3.3984482288360596,
    3.428924798965454,
    3.4593496322631836,
    3.490499258041382,
    3.52109956741333,
    3.551323175430298,
    3.5813798904418945,
    3.6113617420196533,
    3.641380548477173,
    3.671436309814453,
    3.701502561569214,
    3.7316083908081055,
    3.761842966079712,
    3.792165756225586,
    3.822875738143921,
    3.8536341190338135,
    3.884701728820801,
    3.9155845642089844,
    3.94657564163208,
    3.9775760173797607,
    4.008814811706543,
    4.039958477020264,
    4.071136951446533,
    4.1023595333099365,
    4.133581161499023,
    4.164662837982178,
    4.195812940597534,
    4.226654052734375,
    4.257787227630615,
    4.288635969161987,
    4.319103717803955,
    4.34960412979126,
    4.379908800125122,
    4.409963607788086,
    4.440063953399658,
    4.470120429992676,
    4.500235319137573,
    4.5305259227752686,
    4.560812711715698,
    4.5911171436309814
  ]
}