{
  "gesture_id": 4,
  "gesture_name": "wave",
  "timestamp": "2025-12-24T14:22:46.358901",
  "sample_rate": 50,
  "duration": 3.0,
  "distances": [
    58.00892114639282,
    58.04163217544556,
    57.89034366607666,
    56.97852373123169,
    52.0882248878479,
    51.618003845214844,
    51.941025257110596,
    52.10866928100586,
    50.40769577026367,
    51.26636028289795,
    51.81427001953125,
    51.81018114089966,
    52.11684703826904,
    52.28449106216431,
    53.13906669616699,
    52.61569023132324,
    52.97960042953491,
    54.872751235961914,
    53.466176986694336,
    54.21853065490723,
    56.57781362533569,
    56.078970432281494,
    56.8722128868103,
    62.26544380187988,
    61.402690410614014,
    63.43486309051514,
    62.1059775352478,
    62.27771043777466,
    62.43308782577515,
    62.57210969924927,
    62.29815483093262,
    62.41673231124878,
    62.96464204788208,
    63.590240478515625,
    63.2549524307251,
    64.26899433135986,
    63.42259645462036,
    63.38988542556763,
    63.41850757598877,
    60.81798076629639,
    63.12410831451416,
    57.46101140975952,
    56.242525577545166,
    54.189908504486084,
    53.50297689437866,
    52.141380310058594,
    53.376221656799316,
    51.58529281616211,
    51.44627094268799,
    51.08644962310791,
    52.11275815963745,
    54.030442237854004,
    55.06083965301514,
    54.52519655227661,
    55.74368238449097,
    56.581902503967285,
    59.992027282714844,
    58.29923152923584,
    59.129273891448975,
    56.741368770599365,
    56.58599138259888,
    55.42474985122681,
    53.327155113220215,
    51.77338123321533,
    50.730717182159424,
    49.708497524261475,
    50.256407260894775,
    50.935161113739014,
    51.597559452056885,
    57.01941251754761,
    54.97497320175171,
    56.84359073638916,
    56.720924377441406,
    63.37352991104126,
    63.53708505630493,
    62.657976150512695,
    63.67610692977905,
    63.8028621673584,
    64.23219442367554,
    64.39166069030762,
    64.88232612609863,
    63.63930702209473,
    64.08908367156982,
    64.64517116546631,
    63.7537956237793,
    63.8028621673584,
    65.31165838241577,
    64.6492600440979,
    60.952913761138916,
    61.0592246055603,
    56.00537061691284,
    64.62063789367676,
    51.40947103500366,
    51.053738594055176,
    50.55898427963257,
    50.03969669342041,
    50.37498474121094,
    49.847519397735596,
    49.83934164047241,
    52.075958251953125,
    54.14084196090698,
    56.033992767333984,
    54.66012954711914,
    54.81141805648804,
    57.81674385070801,
    56.95807933807373,
    56.20572566986084,
    54.631507396698,
    54.49657440185547,
    64.63290452957153,
    56.70865774154663,
    48.24467897415161,
    47.46370315551758,
    46.412861347198486,
    45.87312936782837,
    47.26334810256958,
    49.06245470046997,
    47.85623550415039,
    50.17871856689453,
    57.808566093444824,
    58.23789834976196,
    56.966257095336914,
    60.699403285980225,
    62.5066876411438,
    61.10011339187622,
    63.066864013671875,
    65.18490314483643,
    64.3507719039917,
    63.770151138305664,
    65.07041454315186,
    63.64748477935791,
    63.610684871673584,
    64.03183937072754,
    64.47752714157104,
    63.05868625640869,
    62.637531757354736,
    61.815667152404785,
    63.51255178451538,
    57.95167684555054,
    57.2729229927063,
    64.64517116546631,
    64.04410600662231,
    50.03969669342041,
    48.87436628341675,
    50.06831884384155,
    44.01677846908569,
    44.25802230834961,
    44.82637643814087,
    56.696391105651855,
    48.6985445022583
  ],
  "timestamps": [
    0.01084756851196289,
    0.04193925857543945,
    0.07294917106628418,
    0.10387945175170898,
    0.13447904586791992,
    0.16506361961364746,
    0.19566893577575684,
    0.2262718677520752,
    0.256786584854126,
    0.28732728958129883,
    0.3179206848144531,
    0.3485114574432373,
    0.379101037979126,
    0.4097170829772949,
    0.4403870105743408,
    0.4710054397583008,
    0.5016651153564453,
    0.5324721336364746,
    0.563126802444458,
    0.5938408374786377,
    0.624725341796875,
    0.6556177139282227,
    0.686521053314209,
    0.7177619934082031,
    0.7489309310913086,
    0.7802097797393799,
    0.8113856315612793,
    0.8425734043121338,
    0.8737730979919434,
    0.9049718379974365,
    0.9361631870269775,
    0.9673528671264648,
    0.9985935688018799,
    1.029869794845581,
    1.061124563217163,
    1.092437744140625,
    1.1236865520477295,
    1.1549508571624756,
    1.186194658279419,
    1.217313528060913,
    1.2486019134521484,
    1.279489278793335,
    1.3103184700012207,
    1.341036319732666,
    1.37172532081604,
    1.4023141860961914,
    1.4329910278320312,
    1.4635720252990723,
    1.494185209274292,
    1.5247411727905273,
    1.5553655624389648,
    1.586106777191162,
    1.616957187652588,
    1.6478571891784668,
    1.6787605285644531,
    1.70975923538208,
    1.7408487796783447,
    1.7717926502227783,
    1.8028042316436768,
    1.8336889743804932,
    1.8645546436309814,
    1.8953557014465332,
    1.9260368347167969,
    1.9566431045532227,
    1.9871776103973389,
    2.0176432132720947,
    2.0481386184692383,
    2.078664779663086,
    2.1092231273651123,
    2.140094041824341,
    2.1708762645721436,
    2.2017569541931152,
    2.2326409816741943,
    2.263923406600952,
    2.2951979637145996,
    2.326418399810791,
    2.357697010040283,
    2.388974189758301,
    2.420271396636963,
    2.4515743255615234,
    2.4829161167144775,
    2.5141923427581787,
    2.545490026473999,
    2.5768392086029053,
    2.608185291290283,
    2.639552354812622,
    2.6709489822387695,
    2.702274799346924,
    2.7333874702453613,
    2.76450252532959,
    2.795330286026001,
    2.8266704082489014,
    2.8572380542755127,
    2.887800455093384,
    2.9182968139648438,
    2.9487743377685547,
    2.9792568683624268,
    3.0097239017486572,
    3.040191888809204,
    3.0707709789276123,
    3.1015098094940186,
    3.1323397159576416,
    3.1630728244781494,
    3.1938319206237793,
    3.2247531414031982,
    3.2556111812591553,
    3.2864372730255127,
    3.3171768188476562,
    3.3479228019714355,
    3.3792359828948975,
    3.4101247787475586,
    3.440500020980835,
    3.4708080291748047,
    3.5010976791381836,
    3.531355857849121,
    3.5616745948791504,
    3.5920958518981934,
    3.6224987506866455,
    3.6530635356903076,
    3.684016227722168,
    3.715012788772583,
    3.7459120750427246,
    3.777008533477783,
    3.808202028274536,
    3.839329242706299,
    3.870579242706299,
    3.901949167251587,
    3.9332892894744873,
    3.964583158493042,
    3.995943546295166,
    4.027218818664551,
    4.0584986209869385,
    4.089813232421875,
    4.121143579483032,
    4.152398347854614,
    4.183636426925659,
    4.2148215770721436,
    4.24614405632019,
    4.277115821838379,
    4.308043718338013,
    4.339396953582764,
    4.370712757110596,
    4.401198863983154,
    4.431606769561768,
    4.462100982666016,
    4.4922425746917725,
    4.522407531738281,
    4.552600145339966,
    4.583517551422119,
    4.614001512527466
  ]
}