{
  "gesture_id": 4,
  "gesture_name": "wave",
  "timestamp": "2025-12-23T15:55:19.377857",
  "sample_rate": 50,
  "duration": 3.0,
  "distances": [
    56.54919147491455,
    59.996116161346436,
    56.61461353302002,
    57.00305700302124,
    56.851768493652344,
    56.59008026123047,
    56.59008026123047,
    53.20857763290405,
    53.20857763290405,
    50.47720670700073,
    45.206642150878906,
    44.96539831161499,
    43.54655742645264,
    43.19082498550415,
    44.155800342559814,
    45.157575607299805,
    49.77391958236694,
    47.60681390762329,
    42.925047874450684,
    41.29358530044556,
    43.75100135803223,
    44.364333152770996,
    49.97018575668335,
    49.9947190284729,
    53.87915372848511,
    56.65550231933594,
    55.93994855880737,
    56.74954652786255,
    49.78209733963013,
    47.83170223236084,
    45.3579306602478,
    43.77553462982178,
    41.08096361160278,
    42.50798225402832,
    43.955445289611816,
    45.206642150878906,
    44.54833269119263,
    47.63134717941284,
    44.17624473571777,
    43.34620237350464,
    57.74723291397095,
    44.98584270477295,
    45.55419683456421,
    50.15009641647339,
    60.4622483253479,
    49.414098262786865,
    49.9947190284729,
    52.848756313323975,
    49.962007999420166,
    47.17748165130615,
    42.315804958343506,
    43.33393573760986,
    44.57286596298218,
    51.00058317184448,
    49.753475189208984,
    46.412861347198486,
    48.44094514846802,
    46.00397348403931,
    48.21605682373047,
    42.495715618133545,
    44.12308931350708,
    50.30547380447388,
    47.386014461517334,
    45.53375244140625,
    47.19383716583252,
    53.04911136627197,
    45.795440673828125,
    50.96787214279175,
    49.798452854156494,
    43.522024154663086,
    43.77553462982178,
    42.70833730697632,
    44.15171146392822,
    56.11985921859741,
    44.58513259887695,
    45.16984224319458,
    43.14993619918823,
    42.745137214660645,
    42.49162673950195,
    40.64754247665405,
    40.86834192276001,
    44.58513259887695,
    46.817660331726074,
    56.602346897125244,
    59.29282903671265,
    50.30547380447388,
    50.121474266052246,
    50.13374090194702,
    44.14762258529663,
    43.17446947097778,
    43.18264722824097,
    43.34620237350464,
    44.58513259887695,
    49.76983070373535,
    45.98352909088135,
    45.39881944656372,
    43.362557888031006,
    43.53429079055786,
    40.90923070907593,
    44.37251091003418,
    42.97002553939819,
    47.022104263305664,
    47.61090278625488,
    51.02102756500244,
    58.04572105407715,
    50.121474266052246,
    46.183884143829346,
    43.37073564529419,
    42.51207113265991,
    42.679715156555176,
    43.37891340255737,
    43.93908977508545,
    44.59331035614014,
    45.795440673828125,
    47.56592512130737,
    44.773221015930176,
    43.74282360076904,
    48.98476600646973,
    47.16930389404297,
    52.86511182785034,
    48.58405590057373,
    53.40075492858887,
    49.95383024215698,
    56.77816867828369,
    54.54972982406616,
    53.032755851745605,
    50.1460075378418,
    45.99579572677612,
    45.341575145721436,
    45.55010795593262,
    45.77908515930176,
    46.81357145309448,
    44.769132137298584,
    44.5605993270874,
    49.778008460998535,
    41.334474086761475,
    43.154025077819824,
    42.93322563171387,
    44.78139877319336,
    57.86172151565552,
    49.798452854156494,
    49.638986587524414,
    49.96609687805176,
    49.76574182510376,
    54.56199645996094,
    45.975351333618164,
    43.971800804138184,
    41.78016185760498,
    42.949581146240234,
    43.57109069824219
  ],
  "timestamps": [
    0.010748863220214844,
    0.04186654090881348,
    0.07276153564453125,
    0.10366082191467285,
    0.13456034660339355,
    0.1654367446899414,
    0.19629740715026855,
    0.22695040702819824,
    0.25760340690612793,
    0.28807902336120605,
    0.31826186180114746,
    0.34841299057006836,
    0.3785116672515869,
    0.40857505798339844,
    0.43869829177856445,
    0.46887707710266113,
    0.49933385848999023,
    0.5296738147735596,
    0.5597262382507324,
    0.5896837711334229,
    0.6197893619537354,
    0.6499314308166504,
    0.6803889274597168,
    0.710848331451416,
    0.7415404319763184,
    0.7724072933197021,
    0.8032143115997314,
    0.8340680599212646,
    0.8645141124725342,
    0.8949000835418701,
    0.9251465797424316,
    0.9553854465484619,
    0.9853808879852295,
    1.015465259552002,
    1.0456109046936035,
    1.07582688331604,
    1.10597562789917,
    1.1363122463226318,
    1.1664369106292725,
    1.1965155601501465,
    1.227431058883667,
    1.2575998306274414,
    1.2878217697143555,
    1.3182942867279053,
    1.349364995956421,
    1.3798069953918457,
    1.4102699756622314,
    1.4408800601959229,
    1.4713373184204102,
    1.5016326904296875,
    1.5316457748413086,
    1.5617175102233887,
    1.5918469429016113,
    1.6223812103271484,
    1.6528146266937256,
    1.6830673217773438,
    1.7134265899658203,
    1.7436542510986328,
    1.7740094661712646,
    1.8040668964385986,
    1.834184169769287,
    1.8646605014801025,
    1.894965410232544,
    1.925220251083374,
    1.9556951522827148,
    1.9863932132720947,
    2.016657829284668,
    2.0471861362457275,
    2.0776374340057373,
    2.10772442817688,
    2.1378276348114014,
    2.1678695678710938,
    2.1979854106903076,
    2.2288036346435547,
    2.2589468955993652,
    2.2891242504119873,
    2.3192057609558105,
    2.349245309829712,
    2.3792645931243896,
    2.4091570377349854,
    2.4390828609466553,
    2.469205141067505,
    2.499473810195923,
    2.530315399169922,
    2.561314582824707,
    2.5917909145355225,
    2.622260332107544,
    2.652708053588867,
    2.6828157901763916,
    2.712844133377075,
    2.7428951263427734,
    2.77295184135437,
    2.8030974864959717,
    2.833582878112793,
    2.8638088703155518,
    2.8940017223358154,
    2.924105405807495,
    2.954374074935913,
    2.9843554496765137,
    3.0145153999328613,
    3.044567584991455,
    3.0748584270477295,
    3.1051785945892334,
    3.135695219039917,
    3.166630744934082,
    3.1971025466918945,
    3.2273378372192383,
    3.2574307918548584,
    3.287457227706909,
    3.317493438720703,
    3.347583055496216,
    3.3776915073394775,
    3.4078316688537598,
    3.4380481243133545,
    3.46836256980896,
    3.4985129833221436,
    3.5286049842834473,
    3.5590193271636963,
    3.589310884475708,
    3.619938373565674,
    3.650317668914795,
    3.6809792518615723,
    3.711435317993164,
    3.742288827896118,
    3.773013114929199,
    3.8036468029022217,
    3.834108829498291,
    3.8643558025360107,
    3.8945529460906982,
    3.9248037338256836,
    3.9551970958709717,
    3.9855244159698486,
    4.0157105922698975,
    4.0458643436431885,
    4.076335430145264,
    4.106292963027954,
    4.136356830596924,
    4.166428089141846,
    4.196588516235352,
    4.227508306503296,
    4.257959365844727,
    4.288398742675781,
    4.318854570388794,
    4.349279165267944,
    4.380006551742554,
    4.410227060317993,
    4.440316200256348,
    4.4703145027160645,
    4.500351190567017,
    4.530434846878052
  ]
}