{
  "gesture_id": 4,
  "gesture_name": "wave",
  "timestamp": "2025-12-24T14:15:12.039178",
  "sample_rate": 50,
  "duration": 3.0,
  "distances": [
    47.00983762741089,
    46.39241695404053,
    47.62316942214966,
    47.01392650604248,
    46.613216400146484,
    45.76681852340698,
    46.01624011993408,
    46.817660331726074,
    47.61090278625488,
    48.03205728530884,
    47.001659870147705,
    48.21605682373047,
    48.457300662994385,
    49.81480836868286,
    50.47720670700073,
    51.029205322265625,
    55.5269718170166,
    56.8231463432312,
    55.38386106491089,
    64.63699340820312,
    58.131587505340576,
    58.376920223236084,
    62.80108690261841,
    62.02419996261597,
    61.66437864303589,
    62.91148662567139,
    62.931931018829346,
    62.637531757354736,
    62.22864389419556,
    62.22046613693237,
    63.48801851272583,
    63.63930702209473,
    63.35717439651489,
    60.21691560745239,
    60.52767038345337,
    62.23273277282715,
    62.50259876251221,
    56.83950185775757,
    57.170701026916504,
    54.99950647354126,
    53.47844362258911,
    55.6782603263855,
    51.44627094268799,
    50.3954291343689,
    50.027430057525635,
    49.85160827636719,
    50.370895862579346,
    51.38493776321411,
    56.81496858596802,
    56.8722128868103,
    51.03738307952881,
    57.41194486618042,
    55.854082107543945,
    53.96910905838013,
    57.00714588165283,
    60.519492626190186,
    56.990790367126465,
    56.70047998428345,
    58.84714126586914,
    59.787583351135254,
    55.52288293838501,
    54.488396644592285,
    50.85338354110718,
    55.52288293838501,
    51.87969207763672,
    47.500503063201904,
    43.636512756347656,
    43.836867809295654,
    43.07633638381958,
    42.76149272918701,
    43.432068824768066,
    45.26388645172119,
    46.06121778488159,
    50.19098520278931,
    53.15133333206177,
    50.93107223510742,
    51.916491985321045,
    62.114155292510986,
    56.59008026123047,
    60.948824882507324,
    62.78473138809204,
    59.8162055015564,
    60.68713665008545,
    60.22918224334717,
    61.950600147247314,
    62.792909145355225,
    61.48855686187744,
    64.38348293304443,
    65.21352529525757,
    61.51309013366699,
    62.91966438293457,
    62.35131025314331,
    61.93424463272095,
    61.32909059524536,
    56.80270195007324,
    56.8231463432312,
    55.29799461364746,
    57.285189628601074,
    49.97018575668335,
    49.98654127120972,
    46.99348211288452,
    47.42281436920166,
    45.819973945617676,
    44.200778007507324,
    44.589221477508545,
    44.82637643814087,
    45.37428617477417,
    48.003435134887695,
    49.77391958236694,
    50.66938400268555,
    58.05389881134033,
    50.52218437194824,
    56.50012493133545,
    56.716835498809814,
    52.39897966384888,
    55.833637714385986,
    56.79043531417847,
    57.33834505081177,
    61.45584583282471,
    56.651413440704346,
    57.06439018249512,
    57.084834575653076,
    51.72022581100464,
    56.68821334838867,
    51.59347057342529,
    46.069395542144775,
    47.09979295730591,
    44.02495622634888,
    41.878294944763184,
    41.64113998413086,
    40.23456573486328,
    40.242743492126465,
    44.01677846908569,
    44.4624662399292,
    64.63290452957153,
    49.06245470046997,
    57.129812240600586,
    50.06014108657837,
    60.265982151031494,
    63.6025071144104,
    59.26011800765991,
    61.2105131149292,
    60.81798076629639,
    63.32446336746216,
    61.631667613983154,
    61.36589050292969,
    62.08144426345825,
    61.226868629455566,
    60.64215898513794,
    60.37638187408447
  ],
  "timestamps": [
    0.010256767272949219,
    0.04062700271606445,
    0.0710139274597168,
    0.10143494606018066,
    0.13179779052734375,
    0.16220426559448242,
    0.19249391555786133,
    0.22278738021850586,
    0.253131628036499,
    0.28348493576049805,
    0.3137977123260498,
    0.3441605567932129,
    0.37453699111938477,
    0.40499401092529297,
    0.4354870319366455,
    0.4660155773162842,
    0.4968090057373047,
    0.527674674987793,
    0.5584526062011719,
    0.5897693634033203,
    0.620704174041748,
    0.6516697406768799,
    0.6828820705413818,
    0.7140510082244873,
    0.7452008724212646,
    0.7764205932617188,
    0.8076343536376953,
    0.8388347625732422,
    0.8700089454650879,
    0.9011845588684082,
    0.9324517250061035,
    0.9637100696563721,
    0.9949541091918945,
    1.0260159969329834,
    1.0570917129516602,
    1.088266134262085,
    1.1194500923156738,
    1.15043306350708,
    1.181406021118164,
    1.2122855186462402,
    1.2430503368377686,
    1.2738690376281738,
    1.3044219017028809,
    1.3349356651306152,
    1.3654048442840576,
    1.3958616256713867,
    1.4263145923614502,
    1.4568638801574707,
    1.4877278804779053,
    1.5185978412628174,
    1.5491421222686768,
    1.5800583362579346,
    1.6108691692352295,
    1.6415667533874512,
    1.672426700592041,
    1.7034897804260254,
    1.7343544960021973,
    1.7652003765106201,
    1.7961807250976562,
    1.8272125720977783,
    1.8579955101013184,
    1.8887152671813965,
    1.9192266464233398,
    1.9500093460083008,
    1.9805829524993896,
    2.010906219482422,
    2.040999412536621,
    2.071122169494629,
    2.101179838180542,
    2.1312735080718994,
    2.1615023612976074,
    2.191723346710205,
    2.221970796585083,
    2.2524473667144775,
    2.2831196784973145,
    2.3136374950408936,
    2.3442177772521973,
    2.37538743019104,
    2.406236410140991,
    2.4373390674591064,
    2.468550205230713,
    2.499589204788208,
    2.530681610107422,
    2.561742067337036,
    2.592923641204834,
    2.6241323947906494,
    2.655280590057373,
    2.686582326889038,
    2.717930316925049,
    2.749049186706543,
    2.7802629470825195,
    2.8114373683929443,
    2.8426010608673096,
    2.8737239837646484,
    2.9046008586883545,
    2.935457229614258,
    2.966226577758789,
    2.9971868991851807,
    3.027643918991089,
    3.0580894947052,
    3.0883591175079346,
    3.118666172027588,
    3.1490020751953125,
    3.179251194000244,
    3.2094805240631104,
    3.2396841049194336,
    3.269914150238037,
    3.300285577774048,
    3.330752372741699,
    3.361257791519165,
    3.3921914100646973,
    3.422696828842163,
    3.453558921813965,
    3.484422206878662,
    3.5150649547576904,
    3.5458950996398926,
    3.5767693519592285,
    3.607678174972534,
    3.638823986053467,
    3.6696972846984863,
    3.700570583343506,
    3.7314560413360596,
    3.7620396614074707,
    3.792917013168335,
    3.823502540588379,
    3.853764295578003,
    3.8840761184692383,
    3.9142112731933594,
    3.9442172050476074,
    3.9741973876953125,
    4.004093885421753,
    4.033999919891357,
    4.064140319824219,
    4.094303369522095,
    4.126526594161987,
    4.157171726226807,
    4.188117027282715,
    4.21864652633667,
    4.2497382164001465,
    4.281027555465698,
    4.3120622634887695,
    4.3432090282440186,
    4.374305248260498,
    4.405551910400391,
    4.4366984367370605,
    4.4678263664245605,
    4.49899435043335,
    4.530100345611572,
    4.561178922653198,
    4.592252731323242
  ]
}