{
  "gesture_id": 4,
  "gesture_name": "wave",
  "timestamp": "2025-12-24T14:21:51.097556",
  "sample_rate": 50,
  "duration": 3.0,
  "distances": [
    59.93478298187256,
    59.358251094818115,
    58.785808086395264,
    58.0702543258667,
    57.94349908828735,
    58.07843208312988,
    58.09069871902466,
    59.35416221618652,
    59.767138957977295,
    59.358251094818115,
    61.063313484191895,
    58.49958658218384,
    58.197009563446045,
    58.381009101867676,
    58.63451957702637,
    60.34775972366333,
    58.78171920776367,
    59.926605224609375,
    59.926605224609375,
    60.494959354400635,
    61.472201347351074,
    62.62526512145996,
    62.93601989746094,
    67.75271892547607,
    66.72232151031494,
    70.4800009727478,
    67.41334199905396,
    71.11786603927612,
    69.75626945495605,
    68.52142810821533,
    68.61956119537354,
    70.7294225692749,
    69.49867010116577,
    70.36142349243164,
    69.47004795074463,
    71.26506567001343,
    72.24230766296387,
    63.815128803253174,
    61.23095750808716,
    61.222779750823975,
    57.97621011734009,
    56.99896812438965,
    56.98261260986328,
    56.36519193649292,
    56.98670148849487,
    56.81496858596802,
    56.81496858596802,
    58.53229761123657,
    57.84536600112915,
    61.517179012298584,
    61.112380027770996,
    61.496734619140625,
    60.20464897155762,
    63.06277513504028,
    61.8074893951416,
    59.25194025039673,
    58.818519115448,
    58.37283134460449,
    56.536924839019775,
    55.15488386154175,
    54.50066328048706,
    53.4825325012207,
    51.372671127319336,
    51.74475908279419,
    50.38316249847412,
    50.20325183868408,
    49.843430519104004,
    51.053738594055176,
    51.5403151512146,
    53.11862230300903,
    55.66599369049072,
    57.84536600112915,
    60.699403285980225,
    66.48107767105103,
    69.91573572158813,
    66.1948561668396,
    65.7941460609436,
    66.91449880599976,
    66.73049926757812,
    66.92676544189453,
    65.62241315841675,
    65.51201343536377,
    67.22116470336914,
    64.21583890914917,
    69.30649280548096,
    58.401453495025635,
    71.8783974647522,
    54.872751235961914,
    53.486621379852295,
    55.04448413848877,
    53.47026586532593,
    53.47435474395752,
    55.20803928375244,
    53.985464572906494,
    55.34297227859497,
    56.70865774154663,
    56.741368770599365,
    58.695852756500244,
    57.96394348144531,
    57.88625478744507,
    58.1193208694458,
    58.25425386428833,
    56.0258150100708,
    54.1817307472229,
    53.989553451538086,
    53.10635566711426,
    62.24091053009033,
    53.65426540374756,
    52.255868911743164,
    53.15951108932495,
    56.078970432281494,
    56.66776895523071,
    55.032217502593994,
    57.244300842285156,
    63.77832889556885,
    61.836111545562744,
    64.36303853988647,
    66.3420557975769,
    67.48285293579102,
    70.59857845306396,
    68.75449419021606,
    69.30649280548096,
    69.31875944137573,
    69.31875944137573,
    68.885338306427,
    70.56995630264282,
    69.25742626190186,
    68.84853839874268,
    68.70133876800537,
    65.13174772262573,
    62.604820728302,
    57.94349908828735,
    56.94172382354736,
    52.88964509963989,
    51.33178234100342,
    50.66120624542236,
    50.72253942489624,
    52.06778049468994,
    56.945812702178955,
    55.993103981018066,
    58.470964431762695,
    61.33317947387695,
    57.4732780456543,
    59.358251094818115,
    56.63096904754639,
    60.1637601852417,
    56.970345973968506,
    55.51879405975342,
    52.39080190658569,
    50.644850730895996
  ],
  "timestamps": [
    0.010903358459472656,
    0.041884422302246094,
    0.07279801368713379,
    0.10366249084472656,
    0.13451266288757324,
    0.1653738021850586,
    0.19623351097106934,
    0.22716498374938965,
    0.2581212520599365,
    0.28905367851257324,
    0.3200850486755371,
    0.3509657382965088,
    0.38182759284973145,
    0.41269993782043457,
    0.443587064743042,
    0.4745802879333496,
    0.5054786205291748,
    0.536442756652832,
    0.56740403175354,
    0.5983965396881104,
    0.6294474601745605,
    0.6605610847473145,
    0.6917369365692139,
    0.7233238220214844,
    0.7547991275787354,
    0.7866733074188232,
    0.8182151317596436,
    0.849902868270874,
    0.8815171718597412,
    0.913079023361206,
    0.9447102546691895,
    0.9763953685760498,
    1.0080230236053467,
    1.0396966934204102,
    1.07130765914917,
    1.1030502319335938,
    1.1348237991333008,
    1.166102409362793,
    1.1972136497497559,
    1.2283923625946045,
    1.259322166442871,
    1.290160894393921,
    1.3210175037384033,
    1.3518662452697754,
    1.3827452659606934,
    1.4136269092559814,
    1.4444801807403564,
    1.4754834175109863,
    1.506415605545044,
    1.5375313758850098,
    1.5686352252960205,
    1.5997416973114014,
    1.630805492401123,
    1.6620328426361084,
    1.6931757926940918,
    1.7242095470428467,
    1.7551956176757812,
    1.7861602306365967,
    1.8169898986816406,
    1.847748041152954,
    1.8784699440002441,
    1.9091339111328125,
    1.939743995666504,
    1.9703433513641357,
    2.000833034515381,
    2.031355619430542,
    2.0618600845336914,
    2.092363119125366,
    2.12290620803833,
    2.1535544395446777,
    2.1843364238739014,
    2.215285539627075,
    2.246380090713501,
    2.2777929306030273,
    2.3094217777252197,
    2.340817451477051,
    2.372236967086792,
    2.4036779403686523,
    2.4351069927215576,
    2.4665560722351074,
    2.497938394546509,
    2.529310941696167,
    2.5608010292053223,
    2.5921008586883545,
    2.6236956119537354,
    2.6546506881713867,
    2.6864166259765625,
    2.7171566486358643,
    2.7478108406066895,
    2.7785778045654297,
    2.8092503547668457,
    2.839920997619629,
    2.8707101345062256,
    2.9014573097229004,
    2.932311773300171,
    2.963273048400879,
    2.9942290782928467,
    3.0252156257629395,
    3.056138753890991,
    3.087067127227783,
    3.118016481399536,
    3.1489717960357666,
    3.179814100265503,
    3.21053147315979,
    3.2412335872650146,
    3.2718863487243652,
    3.303107500076294,
    3.3337786197662354,
    3.364365339279175,
    3.3950135707855225,
    3.4258389472961426,
    3.4567019939422607,
    3.487483024597168,
    3.5183770656585693,
    3.549649715423584,
    3.580808162689209,
    3.6121010780334473,
    3.6435046195983887,
    3.674976348876953,
    3.706636667251587,
    3.738203287124634,
    3.769804000854492,
    3.8014121055603027,
    3.833010196685791,
    3.8645753860473633,
    3.896286725997925,
    3.9279422760009766,
    3.95950984954834,
    3.9910781383514404,
    4.022423505783081,
    4.053613662719727,
    4.08452582359314,
    4.115390777587891,
    4.146026134490967,
    4.176567554473877,
    4.207098007202148,
    4.237605571746826,
    4.268195629119873,
    4.299065589904785,
    4.329885244369507,
    4.360846281051636,
    4.391971111297607,
    4.422888994216919,
    4.453902244567871,
    4.484757423400879,
    4.515817642211914,
    4.546680212020874,
    4.577455520629883,
    4.608052730560303,
    4.6385509967803955
  ]
}