{
  "gesture_id": 4,
  "gesture_name": "wave",
  "timestamp": "2025-12-23T15:50:57.112350",
  "sample_rate": 50,
  "duration": 3.0,
  "distances": [
    53.66244316101074,
    36.52595281600952,
    36.010754108428955,
    53.2331109046936,
    54.52519655227661,
    34.97626781463623,
    33.93360376358032,
    32.88276195526123,
    31.807386875152588,
    31.85645341873169,
    32.347118854522705,
    33.11173915863037,
    36.66088581085205,
    34.42426919937134,
    34.416091442108154,
    35.00488996505737,
    36.24790906906128,
    38.14105987548828,
    42.75740385055542,
    39.95652198791504,
    38.11652660369873,
    37.86301612854004,
    44.155800342559814,
    52.18226909637451,
    38.54994773864746,
    39.698922634124756,
    39.71118927001953,
    41.55936241149902,
    55.59648275375366,
    56.49603605270386,
    55.281639099121094,
    55.23257255554199,
    57.898521423339844,
    57.00305700302124,
    50.27276277542114,
    49.81480836868286,
    44.18851137161255,
    58.131587505340576,
    40.39403200149536,
    38.59083652496338,
    43.767356872558594,
    37.36008405685425,
    39.016079902648926,
    38.762569427490234,
    45.00628709793091,
    43.791890144348145,
    39.74798917770386,
    39.993321895599365,
    40.46354293823242,
    41.833317279815674,
    41.15865230560303,
    56.61461353302002,
    39.76025581359863,
    39.261412620544434,
    41.3712739944458,
    40.925586223602295,
    42.78193712234497,
    44.19668912887573,
    46.388328075408936,
    50.256407260894775,
    46.58050537109375,
    55.59239387512207,
    55.58421611785889,
    49.90067481994629,
    56.491947174072266,
    56.442880630493164,
    56.41425848007202,
    49.77391958236694,
    43.96771192550659,
    42.00913906097412,
    41.80878400802612,
    41.105496883392334,
    41.085052490234375,
    42.017316818237305,
    43.14993619918823,
    43.73873472213745,
    49.42227602005005,
    45.58690786361694,
    43.158113956451416,
    42.48344898223877,
    43.963623046875,
    42.94549226760864,
    44.53606605529785,
    42.95775890350342,
    44.748687744140625,
    42.27491617202759,
    45.98761796951294,
    48.592233657836914,
    56.29976987838745,
    54.57426309585571,
    50.45267343521118,
    55.805015563964844,
    55.78866004943848,
    55.469727516174316,
    50.0928521156311,
    49.17285442352295,
    56.61052465438843,
    44.96539831161499,
    43.95953416824341,
    43.53837966918945,
    45.55010795593262,
    55.7763934135437,
    43.73464584350586,
    46.363794803619385,
    44.769132137298584,
    43.746912479400635,
    49.67169761657715,
    43.17038059234619,
    44.155800342559814,
    43.14175844192505,
    42.4670934677124,
    42.50389337539673,
    41.36309623718262,
    42.925047874450684,
    44.19668912887573,
    52.505290508270264,
    55.77230453491211,
    50.121474266052246,
    56.63096904754639,
    55.84590435028076,
    50.97604990005493,
    56.692302227020264,
    49.62263107299805,
    50.15418529510498,
    44.36842203140259,
    44.204866886138916,
    42.066383361816406,
    43.01091432571411,
    42.49980449676514,
    42.998647689819336,
    43.19082498550415,
    44.4133996963501,
    43.21126937866211,
    44.40113306045532,
    47.01801538467407,
    44.63828802108765,
    42.99046993255615,
    41.154563426971436,
    56.651413440704346,
    42.041850090026855,
    42.95775890350342,
    50.325918197631836,
    45.819973945617676,
    49.28734302520752,
    50.3422737121582,
    51.85924768447876,
    56.168925762176514,
    56.52056932449341,
    49.230098724365234,
    50.51400661468506
  ],
  "timestamps": [
    0.010582685470581055,
    0.04036378860473633,
    0.07005786895751953,
    0.10074448585510254,
    0.13149428367614746,
    0.16109681129455566,
    0.1906750202178955,
    0.22020912170410156,
    0.24964356422424316,
    0.27905845642089844,
    0.3085024356842041,
    0.33799076080322266,
    0.36768054962158203,
    0.39723777770996094,
    0.4268045425415039,
    0.4563932418823242,
    0.4860696792602539,
    0.5158426761627197,
    0.5458874702453613,
    0.5757675170898438,
    0.6055340766906738,
    0.6352846622467041,
    0.6654055118560791,
    0.6959953308105469,
    0.7258126735687256,
    0.7556791305541992,
    0.7855401039123535,
    0.8155093193054199,
    0.8462953567504883,
    0.8771317005157471,
    0.907895565032959,
    0.9386603832244873,
    0.9695789813995361,
    1.0004537105560303,
    1.0309317111968994,
    1.0613784790039062,
    1.0914978981018066,
    1.1224331855773926,
    1.152336835861206,
    1.1821849346160889,
    1.2123689651489258,
    1.2421252727508545,
    1.2719662189483643,
    1.3017823696136475,
    1.3319640159606934,
    1.3620686531066895,
    1.391930341720581,
    1.4218130111694336,
    1.4517221450805664,
    1.4817094802856445,
    1.5116550922393799,
    1.5425035953521729,
    1.5723686218261719,
    1.6022160053253174,
    1.6321735382080078,
    1.6621081829071045,
    1.6921570301055908,
    1.7222931385040283,
    1.7525477409362793,
    1.7830195426940918,
    1.8132781982421875,
    1.8440837860107422,
    1.8748884201049805,
    1.905343770980835,
    1.9361848831176758,
    1.9670300483703613,
    1.9978647232055664,
    2.028310775756836,
    2.058406114578247,
    2.0883841514587402,
    2.118360996246338,
    2.148306369781494,
    2.1783175468444824,
    2.2084765434265137,
    2.2385876178741455,
    2.2686946392059326,
    2.2991294860839844,
    2.3293473720550537,
    2.3594110012054443,
    2.3894336223602295,
    2.419559955596924,
    2.4496099948883057,
    2.4797496795654297,
    2.5097978115081787,
    2.539951801300049,
    2.569964647293091,
    2.600193977355957,
    2.6305882930755615,
    2.661417007446289,
    2.692146062850952,
    2.722630262374878,
    2.753417491912842,
    2.7842025756835938,
    2.8149631023406982,
    2.845421314239502,
    2.875833749771118,
    2.906675338745117,
    2.9368627071380615,
    2.966977596282959,
    2.9970624446868896,
    3.02726149559021,
    3.0580577850341797,
    3.0881526470184326,
    3.118396043777466,
    3.148547649383545,
    3.178708076477051,
    3.209322214126587,
    3.239412784576416,
    3.2695443630218506,
    3.2996127605438232,
    3.329639196395874,
    3.3596622943878174,
    3.3896195888519287,
    3.4196653366088867,
    3.449784278869629,
    3.4803693294525146,
    3.5111608505249023,
    3.541624069213867,
    3.5724692344665527,
    3.603267192840576,
    3.633784055709839,
    3.6646502017974854,
    3.695094347000122,
    3.7255659103393555,
    3.75569748878479,
    3.785820245742798,
    3.8158187866210938,
    3.8458669185638428,
    3.875917673110962,
    3.905970811843872,
    3.9360320568084717,
    3.9661641120910645,
    3.9962286949157715,
    4.026360750198364,
    4.0566489696502686,
    4.086794137954712,
    4.116847991943359,
    4.146790504455566,
    4.177698612213135,
    4.207866191864014,
    4.23800253868103,
    4.268558740615845,
    4.29879093170166,
    4.32919979095459,
    4.359687566757202,
    4.390282869338989,
    4.4210898876190186,
    4.451930999755859,
    4.4823524951934814,
    4.512822866439819
  ]
}