{
  "gesture_id": 4,
  "gesture_name": "wave",
  "timestamp": "2025-12-23T15:53:00.125048",
  "sample_rate": 50,
  "duration": 3.0,
  "distances": [
    51.164138317108154,
    52.02689170837402,
    51.67115926742554,
    51.70795917510986,
    51.13551616668701,
    50.44858455657959,
    50.096940994262695,
    55.469727516174316,
    49.94974136352539,
    49.97018575668335,
    51.4912486076355,
    53.417110443115234,
    53.87915372848511,
    54.942262172698975,
    56.48376941680908,
    54.230797290802,
    53.392577171325684,
    51.667070388793945,
    50.276851654052734,
    48.37961196899414,
    48.96432161331177,
    49.40183162689209,
    49.62263107299805,
    50.65711736679077,
    49.9456524848938,
    49.594008922576904,
    56.73727989196777,
    48.6004114151001,
    47.96254634857178,
    46.981215476989746,
    49.029743671417236,
    51.3399600982666,
    52.533912658691406,
    52.010536193847656,
    52.349913120269775,
    50.33000707626343,
    56.6227912902832,
    49.81071949005127,
    58.32785367965698,
    48.821210861206055,
    49.185121059417725,
    49.38138723373413,
    49.96609687805176,
    53.07364463806152,
    48.616766929626465,
    48.03614616394043,
    49.753475189208984,
    50.162363052368164,
    56.6227912902832,
    50.644850730895996,
    56.76999092102051,
    53.07364463806152,
    57.33834505081177,
    51.17231607437134,
    52.67702341079712,
    51.86333656311035,
    49.97018575668335,
    50.63258409500122,
    50.10511875152588,
    50.276851654052734,
    49.92520809173584,
    50.117385387420654,
    48.20379018783569,
    48.44503402709961,
    47.01392650604248,
    45.82406282424927,
    48.436856269836426,
    49.798452854156494,
    53.22902202606201,
    49.57765340805054,
    49.92111921310425,
    51.69569253921509,
    53.75239849090576,
    49.594008922576904,
    49.62263107299805,
    50.48947334289551,
    47.619080543518066,
    47.55774736404419,
    50.096940994262695,
    49.778008460998535,
    49.45089817047119,
    49.97018575668335,
    56.41016960144043,
    48.22423458099365,
    45.770907402038574,
    46.78903818130493,
    47.75810241699219,
    48.58405590057373,
    49.41818714141846,
    50.27276277542114,
    49.778008460998535,
    50.0928521156311,
    49.209654331207275,
    47.230637073516846,
    49.95383024215698,
    47.590458393096924,
    47.9993462562561,
    59.149718284606934,
    53.22493314743042,
    49.76574182510376,
    48.62903356552124,
    56.61461353302002,
    47.59863615036011,
    47.18974828720093,
    48.38370084762573,
    49.95383024215698,
    55.600571632385254,
    56.716835498809814,
    54.56608533859253,
    56.73727989196777,
    50.61213970184326,
    56.487858295440674,
    49.97018575668335,
    50.08467435836792,
    47.978901863098145,
    48.61267805099487,
    49.7452974319458,
    50.0928521156311,
    49.92520809173584,
    49.21783208847046,
    49.7943639755249,
    47.251081466674805,
    45.002198219299316,
    46.024417877197266,
    56.352925300598145,
    47.40645885467529,
    49.63080883026123,
    50.35454034805298,
    50.162363052368164,
    51.7406702041626,
    50.99649429321289,
    49.07881021499634,
    47.21019268035889,
    48.23650121688843,
    56.77816867828369,
    48.01161289215088,
    49.81889724731445,
    50.211429595947266,
    49.45089817047119,
    51.49942636489868,
    45.815885066986084,
    47.23472595214844,
    43.362557888031006,
    44.62193250656128,
    46.06121778488159,
    48.187434673309326,
    47.435081005096436,
    49.83525276184082,
    56.50421380996704,
    50.346362590789795
  ],
  "timestamps": [
    0.010444879531860352,
    0.04108238220214844,
    0.07166624069213867,
    0.10227560997009277,
    0.13284516334533691,
    0.16335844993591309,
    0.19384312629699707,
    0.22472715377807617,
    0.2552614212036133,
    0.28574585914611816,
    0.3163120746612549,
    0.34700465202331543,
    0.3776977062225342,
    0.4084513187408447,
    0.43929147720336914,
    0.4699983596801758,
    0.500648021697998,
    0.5311925411224365,
    0.5616652965545654,
    0.5920290946960449,
    0.6224350929260254,
    0.6528832912445068,
    0.6833252906799316,
    0.7138211727142334,
    0.7442836761474609,
    0.7747116088867188,
    0.8055598735809326,
    0.8359367847442627,
    0.866278886795044,
    0.8965721130371094,
    0.9269764423370361,
    0.9575343132019043,
    0.9881441593170166,
    1.0187218189239502,
    1.0493206977844238,
    1.0797901153564453,
    1.1106371879577637,
    1.1410763263702393,
    1.1720356941223145,
    1.2024836540222168,
    1.2330780029296875,
    1.2635560035705566,
    1.294790506362915,
    1.325507402420044,
    1.3559026718139648,
    1.3862619400024414,
    1.4166991710662842,
    1.4471542835235596,
    1.477997064590454,
    1.5084991455078125,
    1.5393555164337158,
    1.570019245147705,
    1.6009140014648438,
    1.6314404010772705,
    1.662064552307129,
    1.6926348209381104,
    1.7230970859527588,
    1.753751277923584,
    1.7842504978179932,
    1.8147447109222412,
    1.8451905250549316,
    1.8756649494171143,
    1.9060242176055908,
    1.9363961219787598,
    1.9666872024536133,
    1.9969322681427002,
    2.0273020267486572,
    2.057751178741455,
    2.0884063243865967,
    2.118847608566284,
    2.149310827255249,
    2.1798791885375977,
    2.2106642723083496,
    2.2413244247436523,
    2.2718265056610107,
    2.3023805618286133,
    2.332770347595215,
    2.3630993366241455,
    2.3935580253601074,
    2.4239797592163086,
    2.4544155597686768,
    2.4848783016204834,
    2.5156993865966797,
    2.546077251434326,
    2.5762953758239746,
    2.606550455093384,
    2.6368842124938965,
    2.667243480682373,
    2.6976699829101562,
    2.7281436920166016,
    2.7585954666137695,
    2.789060354232788,
    2.8194713592529297,
    2.849771499633789,
    2.8802120685577393,
    2.910529851913452,
    2.940877914428711,
    2.9718542098999023,
    3.002520799636841,
    3.0329678058624268,
    3.0633301734924316,
    3.094174861907959,
    3.1244957447052,
    3.154794216156006,
    3.18516206741333,
    3.215651035308838,
    3.2465219497680664,
    3.2774012088775635,
    3.3081319332122803,
    3.338992118835449,
    3.369513988494873,
    3.400333881378174,
    3.430797815322876,
    3.46126651763916,
    3.491593599319458,
    3.5219740867614746,
    3.5524051189422607,
    3.5828874111175537,
    3.6133437156677246,
    3.643738031387329,
    3.6741881370544434,
    3.7044806480407715,
    3.7346248626708984,
    3.764836072921753,
    3.7956507205963135,
    3.8259665966033936,
    3.8563923835754395,
    3.886895179748535,
    3.917375326156616,
    3.9479377269744873,
    3.9784605503082275,
    4.0088653564453125,
    4.039149522781372,
    4.069508075714111,
    4.100351095199585,
    4.1306984424591064,
    4.161166429519653,
    4.191617488861084,
    4.22210431098938,
    4.252731561660767,
    4.282966613769531,
    4.313279867172241,
    4.343344688415527,
    4.373497247695923,
    4.403714179992676,
    4.434077978134155,
    4.464396238327026,
    4.494829177856445,
    4.525676012039185,
    4.5561394691467285
  ]
}