{
  "gesture_id": 4,
  "gesture_name": "wave",
  "timestamp": "2025-12-24T14:14:15.429056",
  "sample_rate": 50,
  "duration": 3.0,
  "distances": [
    53.9813756942749,
    53.79737615585327,
    55.86225986480713,
    53.78919839859009,
    52.235424518585205,
    51.91240310668945,
    52.61160135269165,
    51.92058086395264,
    52.24360227584839,
    51.233649253845215,
    55.86634874343872,
    55.00359535217285,
    52.79968976974487,
    50.849294662475586,
    50.88200569152832,
    53.989553451538086,
    51.40129327774048,
    52.0882248878479,
    52.44395732879639,
    53.79328727722168,
    55.18350601196289,
    56.59416913986206,
    65.48339128494263,
    68.44373941421509,
    69.01618242263794,
    65.91681241989136,
    65.65512418746948,
    65.61832427978516,
    65.22579193115234,
    66.18258953094482,
    66.08854532241821,
    66.50969982147217,
    66.05583429336548,
    66.90223217010498,
    65.62241315841675,
    65.91272354125977,
    63.21406364440918,
    65.48339128494263,
    56.72910213470459,
    56.59008026123047,
    51.91240310668945,
    51.757025718688965,
    50.38316249847412,
    51.72431468963623,
    48.665833473205566,
    47.001659870147705,
    48.67401123046875,
    48.26103448867798,
    47.87259101867676,
    48.436856269836426,
    49.2464542388916,
    49.85569715499878,
    50.22778511047363,
    53.26991081237793,
    56.84767961502075,
    56.68412446975708,
    57.41194486618042,
    56.84359073638916,
    56.96216821670532,
    57.673633098602295,
    58.421897888183594,
    58.40963125228882,
    57.4201226234436,
    56.851768493652344,
    65.63059091567993,
    56.696391105651855,
    54.827773571014404,
    56.56963586807251,
    53.43755483627319,
    60.813891887664795,
    52.623867988586426,
    52.59524583816528,
    49.65943098068237,
    51.08236074447632,
    48.48592281341553,
    48.457300662994385,
    48.89481067657471,
    48.661744594573975,
    48.890721797943115,
    50.72253942489624,
    50.526273250579834,
    54.65195178985596,
    52.918267250061035,
    55.04857301712036,
    56.68003559112549,
    65.48339128494263,
    57.563233375549316,
    66.05583429336548,
    65.36481380462646,
    67.30294227600098,
    68.75040531158447,
    65.51201343536377,
    65.36481380462646,
    66.32570028305054,
    66.32161140441895,
    65.47112464904785,
    66.30934476852417,
    66.32161140441895,
    65.06632566452026,
    67.21298694610596,
    67.17209815979004,
    65.92090129852295,
    67.46649742126465,
    65.05814790725708,
    66.5955662727356,
    58.9657187461853,
    53.625643253326416,
    51.573026180267334,
    51.94511413574219,
    50.87791681289673,
    49.31187629699707,
    48.502278327941895,
    48.49001169204712,
    50.043785572052,
    56.692302227020264,
    52.09231376647949,
    56.831324100494385,
    56.56554698944092,
    65.34028053283691,
    56.6759467124939,
    56.855857372283936,
    57.51825571060181,
    56.68412446975708,
    56.68821334838867,
    57.51825571060181,
    56.68003559112549,
    59.68127250671387,
    55.53106069564819,
    58.12340974807739,
    51.254093647003174,
    51.07009410858154,
    56.720924377441406,
    48.915255069732666,
    48.25694561004639,
    46.866726875305176,
    48.67810010910034,
    48.05659055709839,
    49.45498704910278,
    50.186896324157715,
    49.867963790893555,
    59.68536138534546,
    53.60519886016846,
    57.534611225128174,
    62.24091053009033,
    63.19770812988281,
    67.89582967758179,
    63.62704038619995,
    66.6405439376831,
    67.0453429222107,
    64.19539451599121
  ],
  "timestamps": [
    0.010619640350341797,
    0.04145479202270508,
    0.07234525680541992,
    0.10308694839477539,
    0.13371992111206055,
    0.16433310508728027,
    0.19501662254333496,
    0.22561216354370117,
    0.2562267780303955,
    0.2868175506591797,
    0.317671537399292,
    0.34846067428588867,
    0.3791193962097168,
    0.40966796875,
    0.4402167797088623,
    0.4709434509277344,
    0.5015428066253662,
    0.5321345329284668,
    0.5627429485321045,
    0.5934302806854248,
    0.6242055892944336,
    0.6550581455230713,
    0.686429500579834,
    0.7179391384124756,
    0.749518632888794,
    0.7810442447662354,
    0.8124294281005859,
    0.8438198566436768,
    0.8751590251922607,
    0.9065980911254883,
    0.9380044937133789,
    0.9694297313690186,
    1.0008552074432373,
    1.0323984622955322,
    1.0637805461883545,
    1.0951783657073975,
    1.1264567375183105,
    1.157759428024292,
    1.1885979175567627,
    1.2194416522979736,
    1.250040054321289,
    1.2806074619293213,
    1.3111085891723633,
    1.3416733741760254,
    1.372058391571045,
    1.4023571014404297,
    1.432701587677002,
    1.4630610942840576,
    1.4933958053588867,
    1.523789405822754,
    1.5542073249816895,
    1.584665060043335,
    1.615143060684204,
    1.6457934379577637,
    1.6766469478607178,
    1.7074928283691406,
    1.7384719848632812,
    1.7694051265716553,
    1.8003389835357666,
    1.8312954902648926,
    1.8622944355010986,
    1.8932664394378662,
    1.9241695404052734,
    1.9550409317016602,
    1.9864232540130615,
    2.0172712802886963,
    2.048006534576416,
    2.0788769721984863,
    2.1095733642578125,
    2.140676259994507,
    2.171297073364258,
    2.201915740966797,
    2.2323591709136963,
    2.2628819942474365,
    2.293257474899292,
    2.3236217498779297,
    2.354018211364746,
    2.3844099044799805,
    2.414804697036743,
    2.4453318119049072,
    2.475827217102051,
    2.5065629482269287,
    2.5371928215026855,
    2.5679562091827393,
    2.5988106727600098,
    2.630173921585083,
    2.6610770225524902,
    2.6924796104431152,
    2.7238380908966064,
    2.7553374767303467,
    2.7871272563934326,
    2.818542957305908,
    2.8499181270599365,
    2.8814048767089844,
    2.912811279296875,
    2.944162130355835,
    2.9755685329437256,
    3.007009267807007,
    3.0383517742156982,
    3.0697808265686035,
    3.1012535095214844,
    3.1326467990875244,
    3.164128065109253,
    3.195469379425049,
    3.2269017696380615,
    3.257906198501587,
    3.2885937690734863,
    3.319150686264038,
    3.349731922149658,
    3.380249261856079,
    3.410670757293701,
    3.4410409927368164,
    3.4714136123657227,
    3.5019009113311768,
    3.532757043838501,
    3.563340425491333,
    3.5941944122314453,
    3.625027894973755,
    3.656385898590088,
    3.6872310638427734,
    3.718092679977417,
    3.7489981651306152,
    3.7799317836761475,
    3.810866594314575,
    3.84185528755188,
    3.872814416885376,
    3.903862237930298,
    3.9346470832824707,
    3.9655799865722656,
    3.996121406555176,
    4.026654243469238,
    4.057506084442139,
    4.087913751602173,
    4.118282079696655,
    4.148561716079712,
    4.17894721031189,
    4.209296464920044,
    4.239730596542358,
    4.270203351974487,
    4.300660133361816,
    4.331686735153198,
    4.362372875213623,
    4.393298387527466,
    4.42447829246521,
    4.455707788467407,
    4.487214088439941,
    4.51846170425415,
    4.549877405166626,
    4.581323862075806,
    4.612617254257202
  ]
}