{
  "gesture_id": 4,
  "gesture_name": "wave",
  "timestamp": "2025-12-23T15:53:32.450328",
  "sample_rate": 50,
  "duration": 3.0,
  "distances": [
    55.44928312301636,
    57.763588428497314,
    56.73319101333618,
    63.614773750305176,
    57.215678691864014,
    58.64269733428955,
    57.48145580291748,
    57.98847675323486,
    54.782795906066895,
    50.45676231384277,
    49.95383024215698,
    49.60627555847168,
    49.937474727630615,
    49.21783208847046,
    50.4935622215271,
    51.2908935546875,
    56.5737247467041,
    49.1973876953125,
    46.62139415740967,
    48.1997013092041,
    47.22245931625366,
    49.13196563720703,
    49.58992004394531,
    50.121474266052246,
    52.71791219711304,
    57.29336738586426,
    62.55984306335449,
    51.83062553405762,
    51.487159729003906,
    49.76165294647217,
    50.276851654052734,
    48.003435134887695,
    46.17161750793457,
    45.19028663635254,
    48.39596748352051,
    50.30956268310547,
    49.00929927825928,
    47.62316942214966,
    47.59863615036011,
    44.59739923477173,
    46.408772468566895,
    47.001659870147705,
    51.68342590332031,
    51.327693462371826,
    55.944037437438965,
    52.15364694595337,
    56.581902503967285,
    51.123249530792236,
    59.73851680755615,
    52.00235843658447,
    47.185659408569336,
    49.598097801208496,
    50.10920763015747,
    48.17925691604614,
    56.725013256073,
    51.33587121963501,
    48.76805543899536,
    44.793665409088135,
    43.77962350845337,
    44.59331035614014,
    49.598097801208496,
    52.987778186798096,
    50.29729604721069,
    54.05906438827515,
    53.22493314743042,
    56.761813163757324,
    56.43470287322998,
    51.35222673416138,
    49.85160827636719,
    49.01338815689087,
    49.847519397735596,
    49.9947190284729,
    49.83525276184082,
    49.81071949005127,
    50.33409595489502,
    48.45321178436279,
    48.67401123046875,
    43.791890144348145,
    42.78602600097656,
    46.19615077972412,
    44.793665409088135,
    49.81889724731445,
    52.419424057006836,
    55.490171909332275,
    58.949363231658936,
    58.04980993270874,
    52.04324722290039,
    54.463863372802734,
    51.04556083679199,
    53.26582193374634,
    47.046637535095215,
    47.21837043762207,
    48.003435134887695,
    49.78618621826172,
    50.33000707626343,
    50.03560781478882,
    47.86032438278198,
    46.19615077972412,
    44.16806697845459,
    45.002198219299316,
    45.795440673828125,
    49.05427694320679,
    59.78349447250366,
    59.75896120071411,
    54.59470748901367,
    54.48430776596069,
    56.65550231933594,
    53.576576709747314,
    51.70387029647827,
    62.18366622924805,
    49.802541732788086,
    47.843968868255615,
    48.457300662994385,
    50.33818483352661,
    49.97018575668335,
    52.75471210479736,
    47.03437089920044,
    45.44379711151123,
    44.0126895904541,
    43.248069286346436,
    43.37482452392578,
    51.18458271026611,
    50.640761852264404,
    49.96609687805176,
    56.50421380996704,
    56.786346435546875,
    56.63096904754639,
    56.65959119796753,
    56.651413440704346,
    49.62671995162964,
    56.64323568344116,
    47.21428155899048,
    48.023879528045654,
    46.2084174156189,
    50.01925230026245,
    47.0548152923584,
    47.03028202056885,
    46.637749671936035,
    49.65943098068237,
    43.41162443161011,
    56.91719055175781,
    48.412322998046875,
    49.44272041320801,
    52.713823318481445,
    50.689828395843506,
    52.873289585113525,
    58.0702543258667,
    55.66599369049072,
    49.99880790710449,
    49.83116388320923
  ],
  "timestamps": [
    0.010679006576538086,
    0.04167461395263672,
    0.07256484031677246,
    0.10385370254516602,
    0.13474345207214355,
    0.16573452949523926,
    0.1966407299041748,
    0.22757792472839355,
    0.2583041191101074,
    0.28879714012145996,
    0.31927061080932617,
    0.34969234466552734,
    0.3801441192626953,
    0.41053223609924316,
    0.4410068988800049,
    0.47153568267822266,
    0.5023696422576904,
    0.5327954292297363,
    0.563063383102417,
    0.5934045314788818,
    0.6237063407897949,
    0.6541156768798828,
    0.6845529079437256,
    0.7150185108184814,
    0.7456214427947998,
    0.7765557765960693,
    0.8077547550201416,
    0.8383259773254395,
    0.8688793182373047,
    0.8993518352508545,
    0.9299008846282959,
    0.9602806568145752,
    0.9905683994293213,
    1.0207698345184326,
    1.051152229309082,
    1.0816428661346436,
    1.1120705604553223,
    1.1423959732055664,
    1.172715425491333,
    1.202866554260254,
    1.2331221103668213,
    1.263408899307251,
    1.2939698696136475,
    1.324540138244629,
    1.3553762435913086,
    1.3859736919403076,
    1.416825532913208,
    1.4473614692687988,
    1.4783909320831299,
    1.508995532989502,
    1.539318561553955,
    1.5697896480560303,
    1.6002771854400635,
    1.6306393146514893,
    1.6615056991577148,
    1.6920499801635742,
    1.7224607467651367,
    1.752619743347168,
    1.7827174663543701,
    1.812863826751709,
    1.8433032035827637,
    1.8739523887634277,
    1.9045581817626953,
    1.935330867767334,
    1.9660191535949707,
    1.9969005584716797,
    2.0277671813964844,
    2.058314323425293,
    2.0887699127197266,
    2.1191787719726562,
    2.1496329307556152,
    2.180100679397583,
    2.210559368133545,
    2.2410333156585693,
    2.2715184688568115,
    2.3018906116485596,
    2.3322787284851074,
    2.3623852729797363,
    2.392430305480957,
    2.4226701259613037,
    2.452847957611084,
    2.4833035469055176,
    2.513909339904785,
    2.5446925163269043,
    2.5756685733795166,
    2.606592893600464,
    2.637162685394287,
    2.667884349822998,
    2.6984145641326904,
    2.7290709018707275,
    2.7593984603881836,
    2.7896976470947266,
    2.820050001144409,
    2.8505053520202637,
    2.8810207843780518,
    2.9116673469543457,
    2.9420456886291504,
    2.97233510017395,
    3.002465009689331,
    3.032647132873535,
    3.062868356704712,
    3.0932724475860596,
    3.1243066787719727,
    3.1553380489349365,
    3.186075210571289,
    3.2168164253234863,
    3.2476720809936523,
    3.27836012840271,
    3.308924913406372,
    3.3400957584381104,
    3.370546579360962,
    3.4008705615997314,
    3.431185245513916,
    3.46164608001709,
    3.4920992851257324,
    3.522725820541382,
    3.553015947341919,
    3.5832231044769287,
    3.6133310794830322,
    3.643397331237793,
    3.673473834991455,
    3.7040061950683594,
    3.734508752822876,
    3.7649648189544678,
    3.7958273887634277,
    3.8266844749450684,
    3.857532024383545,
    3.8884541988372803,
    3.9194769859313965,
    3.949943780899048,
    3.9807839393615723,
    4.011088609695435,
    4.041441917419434,
    4.07168436050415,
    4.102169036865234,
    4.132458209991455,
    4.162749290466309,
    4.1930201053619385,
    4.223458766937256,
    4.253538608551025,
    4.284401178359985,
    4.314770221710205,
    4.345196485519409,
    4.375811338424683,
    4.406327962875366,
    4.436958312988281,
    4.46788763999939,
    4.498679876327515,
    4.529137849807739,
    4.559573650360107
  ]
}