{
  "gesture_id": 4,
  "gesture_name": "wave",
  "timestamp": "2025-12-24T14:13:57.076658",
  "sample_rate": 50,
  "duration": 3.0,
  "distances": [
    52.7874231338501,
    53.33942174911499,
    53.462088108062744,
    53.6338210105896,
    53.26582193374634,
    54.304397106170654,
    53.80964279174805,
    53.84235382080078,
    52.90600061416626,
    53.12680006027222,
    55.19986152648926,
    52.75062322616577,
    52.734267711639404,
    50.5426287651062,
    50.689828395843506,
    50.33818483352661,
    51.164138317108154,
    51.03738307952881,
    57.35061168670654,
    56.65959119796753,
    53.56431007385254,
    58.63860845565796,
    60.907936096191406,
    65.31574726104736,
    60.33140420913696,
    65.60196876525879,
    64.86597061157227,
    64.59201574325562,
    65.70419073104858,
    65.86365699768066,
    65.5978798866272,
    67.85902976989746,
    66.03130102157593,
    66.12534523010254,
    67.57280826568604,
    66.1417007446289,
    66.25210046768188,
    68.14525127410889,
    63.73744010925293,
    64.71059322357178,
    59.89389419555664,
    57.10119009017944,
    57.79629945755005,
    56.7740797996521,
    53.45391035079956,
    52.08004713058472,
    51.372671127319336,
    51.029205322265625,
    51.04556083679199,
    50.13374090194702,
    52.37853527069092,
    50.51400661468506,
    51.72840356826782,
    53.257644176483154,
    54.1326642036438,
    59.20287370681763,
    56.68003559112549,
    56.647324562072754,
    56.79043531417847,
    60.05744934082031,
    59.787583351135254,
    58.75309705734253,
    59.6158504486084,
    57.060301303863525,
    56.65550231933594,
    55.146706104278564,
    53.580665588378906,
    52.88964509963989,
    56.94172382354736,
    52.43169069290161,
    50.15418529510498,
    49.7943639755249,
    56.765902042388916,
    49.94156360626221,
    51.87560319900513,
    49.44272041320801,
    50.186896324157715,
    51.02102756500244,
    53.261733055114746,
    53.43755483627319,
    56.16074800491333,
    64.57157135009766,
    64.42846059799194,
    63.76606225967407,
    65.88410139083862,
    68.00214052200317,
    64.84143733978271,
    64.5961046218872,
    64.57566022872925,
    64.58792686462402,
    65.57743549346924,
    65.11948108673096,
    65.17263650894165,
    65.01317024230957,
    65.53654670715332,
    64.87005949020386,
    65.58561325073242,
    64.28126096725464,
    63.73335123062134,
    61.64393424987793,
    57.98847675323486,
    56.68003559112549,
    56.561458110809326,
    52.26813554763794,
    52.23133563995361,
    51.60982608795166,
    50.19916296005249,
    51.22138261795044,
    58.00074338912964,
    54.50475215911865,
    60.96518039703369,
    54.49657440185547,
    54.1326642036438,
    54.3330192565918,
    55.50652742385864,
    56.5737247467041,
    56.83541297912598,
    57.70225524902344,
    58.834874629974365,
    58.12340974807739,
    61.21460199356079,
    61.222779750823975,
    56.876301765441895,
    58.09478759765625,
    60.678958892822266,
    54.508841037750244,
    53.32306623458862,
    51.42173767089844,
    50.19916296005249,
    49.320054054260254,
    48.28556776046753,
    46.433305740356445,
    46.67863845825195,
    46.03668451309204,
    46.662282943725586,
    54.942262172698975,
    48.841655254364014,
    50.33409595489502,
    52.419424057006836,
    52.54209041595459,
    54.45977449417114,
    55.805015563964844,
    56.806790828704834,
    60.92020273208618,
    62.78882026672363,
    65.27485847473145,
    63.610684871673584,
    64.32623863220215,
    65.29121398925781,
    64.7473931312561
  ],
  "timestamps": [
    0.010537862777709961,
    0.04130721092224121,
    0.07203841209411621,
    0.10282015800476074,
    0.13353347778320312,
    0.1643538475036621,
    0.19507670402526855,
    0.22580862045288086,
    0.25646233558654785,
    0.28711605072021484,
    0.3178896903991699,
    0.34851956367492676,
    0.37914252281188965,
    0.40965890884399414,
    0.44019484519958496,
    0.47068142890930176,
    0.5012085437774658,
    0.5317165851593018,
    0.5625913143157959,
    0.5934326648712158,
    0.62412428855896,
    0.6551198959350586,
    0.6862454414367676,
    0.7176039218902588,
    0.7486772537231445,
    0.7800507545471191,
    0.811370849609375,
    0.842665433883667,
    0.8740289211273193,
    0.9054145812988281,
    0.9368016719818115,
    0.9683089256286621,
    0.9997274875640869,
    1.0311400890350342,
    1.0626273155212402,
    1.0940284729003906,
    1.125540018081665,
    1.1571242809295654,
    1.1883957386016846,
    1.2197229862213135,
    1.250776767730713,
    1.2816612720489502,
    1.3125889301300049,
    1.343482255935669,
    1.3741743564605713,
    1.4047839641571045,
    1.4353923797607422,
    1.4659085273742676,
    1.4964137077331543,
    1.526878833770752,
    1.5574851036071777,
    1.587996006011963,
    1.6185986995697021,
    1.6492729187011719,
    1.6799871921539307,
    1.7109875679016113,
    1.7418384552001953,
    1.7726740837097168,
    1.8035149574279785,
    1.834568977355957,
    1.8656189441680908,
    1.8965940475463867,
    1.9276273250579834,
    1.9585082530975342,
    1.9893598556518555,
    2.0201480388641357,
    2.0508229732513428,
    2.081453561782837,
    2.1123640537261963,
    2.1431376934051514,
    2.1736433506011963,
    2.2040812969207764,
    2.2349934577941895,
    2.2654991149902344,
    2.2960867881774902,
    2.3265419006347656,
    2.357018232345581,
    2.3875441551208496,
    2.418200731277466,
    2.4488883018493652,
    2.4797096252441406,
    2.5110204219818115,
    2.5423412322998047,
    2.5736069679260254,
    2.6049928665161133,
    2.636525869369507,
    2.667921781539917,
    2.699225664138794,
    2.7305216789245605,
    2.761827230453491,
    2.793199062347412,
    2.8245465755462646,
    2.85591197013855,
    2.887251853942871,
    2.918621063232422,
    2.9499499797821045,
    2.981355905532837,
    3.012638807296753,
    3.0438849925994873,
    3.0750138759613037,
    3.1059489250183105,
    3.1369102001190186,
    3.167823314666748,
    3.198437213897705,
    3.2290337085723877,
    3.2596678733825684,
    3.2901499271392822,
    3.320704698562622,
    3.351641893386841,
    3.382387638092041,
    3.413492441177368,
    3.444221019744873,
    3.474921226501465,
    3.505624294281006,
    3.5363919734954834,
    3.567218780517578,
    3.598073720932007,
    3.629004716873169,
    3.6599912643432617,
    3.690945625305176,
    3.7220640182495117,
    3.753181219100952,
    3.7840476036071777,
    3.814974308013916,
    3.846043825149536,
    3.8767528533935547,
    3.907400369644165,
    3.937948703765869,
    3.968428134918213,
    3.998870849609375,
    4.029239654541016,
    4.059492588043213,
    4.089757680892944,
    4.12006688117981,
    4.150502920150757,
    4.181323289871216,
    4.211838483810425,
    4.242340087890625,
    4.272954225540161,
    4.303570985794067,
    4.334290266036987,
    4.365077257156372,
    4.395917177200317,
    4.427006244659424,
    4.458212614059448,
    4.489582777023315,
    4.520853519439697,
    4.55214786529541,
    4.583505630493164,
    4.614830732345581
  ]
}