{
  "gesture_id": 4,
  "gesture_name": "wave",
  "timestamp": "2025-12-24T14:08:52.832983",
  "sample_rate": 50,
  "duration": 3.0,
  "distances": [
    44.82228755950928,
    44.634199142456055,
    44.474732875823975,
    44.225311279296875,
    44.43384408950806,
    44.62193250656128,
    44.41748857498169,
    43.2153582572937,
    43.07224750518799,
    43.223536014556885,
    43.0150032043457,
    43.84504556655884,
    45.227086544036865,
    43.223536014556885,
    43.2153582572937,
    43.87366771697998,
    42.80647039413452,
    44.23348903656006,
    42.34442710876465,
    42.062294483184814,
    43.836867809295654,
    41.86602830886841,
    43.62015724182129,
    56.56554698944092,
    50.845205783843994,
    48.436856269836426,
    54.27168607711792,
    55.670082569122314,
    55.70688247680664,
    57.51007795333862,
    54.95043992996216,
    56.806790828704834,
    56.93763494491577,
    56.491947174072266,
    56.61870241165161,
    56.671857833862305,
    57.21158981323242,
    56.810879707336426,
    56.82723522186279,
    58.3196759223938,
    56.66776895523071,
    51.53622627258301,
    56.487858295440674,
    47.2551703453064,
    56.512391567230225,
    43.39935779571533,
    47.83579111099243,
    41.13411903381348,
    43.836867809295654,
    40.925586223602295,
    41.632962226867676,
    44.4624662399292,
    44.8100209236145,
    44.842731952667236,
    45.431530475616455,
    49.230098724365234,
    47.619080543518066,
    47.22245931625366,
    48.40414524078369,
    50.3422737121582,
    49.843430519104004,
    50.19098520278931,
    47.85623550415039,
    48.866188526153564,
    47.430992126464844,
    45.21890878677368,
    46.03259563446045,
    45.856773853302,
    50.4935622215271,
    44.180333614349365,
    43.383002281188965,
    42.55295991897583,
    41.81696176528931,
    41.37536287307739,
    44.19668912887573,
    43.39526891708374,
    43.39935779571533,
    45.00628709793091,
    50.31774044036865,
    46.224772930145264,
    56.810879707336426,
    56.47968053817749,
    54.966795444488525,
    55.98492622375488,
    54.29213047027588,
    57.05212354660034,
    61.16553544998169,
    59.88571643829346,
    57.035768032073975,
    56.65959119796753,
    60.793447494506836,
    56.50421380996704,
    56.95399045944214,
    56.786346435546875,
    54.946351051330566,
    47.21837043762207,
    49.9947190284729,
    57.9189658164978,
    49.61036443710327,
    43.60380172729492,
    44.020867347717285,
    43.17446947097778,
    45.05126476287842,
    43.78780126571655,
    44.60148811340332,
    46.0080623626709,
    46.662282943725586,
    46.83810472488403,
    50.15418529510498,
    47.2551703453064,
    47.24699258804321,
    48.048412799835205,
    47.42281436920166,
    47.83579111099243,
    45.39881944656372,
    44.998109340667725,
    43.403446674346924,
    42.98638105392456,
    41.15865230560303,
    43.223536014556885,
    39.98923301696777,
    42.09500551223755,
    42.3198938369751,
    42.52433776855469,
    44.225311279296875,
    53.42528820037842,
    54.45568561553955,
    56.357014179229736,
    51.528048515319824,
    56.16074800491333,
    58.77354145050049,
    55.13852834701538,
    56.93354606628418,
    58.22563171386719,
    56.966257095336914,
    56.80270195007324,
    60.32731533050537,
    56.692302227020264,
    57.23203420639038,
    56.8231463432312,
    58.0702543258667,
    46.662282943725586,
    44.80184316635132,
    40.95829725265503,
    41.36309623718262,
    39.976966381073,
    39.48221206665039,
    46.19615077972412,
    50.33818483352661,
    43.39118003845215
  ],
  "timestamps": [
    0.010075569152832031,
    0.040331363677978516,
    0.07053375244140625,
    0.10076355934143066,
    0.13091373443603516,
    0.16108155250549316,
    0.19123244285583496,
    0.22130584716796875,
    0.2513725757598877,
    0.28148961067199707,
    0.3117377758026123,
    0.34200429916381836,
    0.37223100662231445,
    0.4023115634918213,
    0.432384729385376,
    0.4624929428100586,
    0.4925413131713867,
    0.5226833820343018,
    0.5527002811431885,
    0.5827004909515381,
    0.6128015518188477,
    0.6427879333496094,
    0.6728775501251221,
    0.7037408351898193,
    0.7342503070831299,
    0.7646181583404541,
    0.7953276634216309,
    0.8261148929595947,
    0.8569023609161377,
    0.8878028392791748,
    0.9185545444488525,
    0.949408769607544,
    0.9802730083465576,
    1.0111126899719238,
    1.042011022567749,
    1.072843074798584,
    1.1037068367004395,
    1.134568214416504,
    1.165438175201416,
    1.1964128017425537,
    1.227276086807251,
    1.2578277587890625,
    1.288743019104004,
    1.3191945552825928,
    1.3500757217407227,
    1.3801655769348145,
    1.410508632659912,
    1.4404735565185547,
    1.4705772399902344,
    1.5005090236663818,
    1.530501365661621,
    1.5606350898742676,
    1.5907938480377197,
    1.62095308303833,
    1.6511619091033936,
    1.681605577468872,
    1.711928129196167,
    1.7422451972961426,
    1.7726173400878906,
    1.8030955791473389,
    1.8335423469543457,
    1.8640077114105225,
    1.8943431377410889,
    1.9247329235076904,
    1.955064296722412,
    1.9852402210235596,
    2.015468120574951,
    2.045705795288086,
    2.0762245655059814,
    2.1063873767852783,
    2.1364786624908447,
    2.1665420532226562,
    2.196542978286743,
    2.2265028953552246,
    2.256622314453125,
    2.286752939224243,
    2.3169772624969482,
    2.3472139835357666,
    2.3777847290039062,
    2.4080450534820557,
    2.4389078617095947,
    2.469745635986328,
    2.5004844665527344,
    2.5312767028808594,
    2.561971426010132,
    2.5928304195404053,
    2.623940944671631,
    2.654973030090332,
    2.6858608722686768,
    2.7167060375213623,
    2.747795343399048,
    2.7786340713500977,
    2.809497117996216,
    2.840339183807373,
    2.871068000793457,
    2.9013583660125732,
    2.9318161010742188,
    2.962733268737793,
    2.9931845664978027,
    3.0232677459716797,
    3.0533761978149414,
    3.083437204360962,
    3.113603353500366,
    3.14369797706604,
    3.1738531589508057,
    3.204094409942627,
    3.2343685626983643,
    3.264641046524048,
    3.295161247253418,
    3.325543165206909,
    3.355862617492676,
    3.386220932006836,
    3.4165291786193848,
    3.446866750717163,
    3.4770596027374268,
    3.5072262287139893,
    3.537302017211914,
    3.567354679107666,
    3.5972938537597656,
    3.62735652923584,
    3.6572299003601074,
    3.687225580215454,
    3.717236280441284,
    3.7472639083862305,
    3.7773869037628174,
    3.808042526245117,
    3.838762044906616,
    3.8695924282073975,
    3.900151014328003,
    3.930973768234253,
    3.9619431495666504,
    3.9926974773406982,
    4.023575782775879,
    4.05451226234436,
    4.085376262664795,
    4.116229772567749,
    4.147279739379883,
    4.178117275238037,
    4.208982706069946,
    4.239846706390381,
    4.270776987075806,
    4.301123142242432,
    4.331387758255005,
    4.361360549926758,
    4.3913562297821045,
    4.421241044998169,
    4.4511048793792725,
    4.4813456535339355,
    4.511836051940918,
    4.541936159133911
  ]
}