{
  "gesture_id": 4,
  "gesture_name": "wave",
  "timestamp": "2025-12-24T14:15:31.699445",
  "sample_rate": 50,
  "duration": 3.0,
  "distances": [
    43.05998086929321,
    43.043625354766846,
    44.23757791519165,
    43.23171377182007,
    44.658732414245605,
    43.41980218887329,
    43.611979484558105,
    43.840956687927246,
    47.30832576751709,
    43.80006790161133,
    45.206642150878906,
    47.01801538467407,
    46.412861347198486,
    46.2084174156189,
    47.42281436920166,
    47.83170223236084,
    49.802541732788086,
    49.83116388320923,
    49.957919120788574,
    52.04733610153198,
    59.05567407608032,
    56.786346435546875,
    62.41673231124878,
    57.084834575653076,
    66.83272123336792,
    66.02312326431274,
    65.68374633789062,
    63.28766345977783,
    65.42614698410034,
    64.27717208862305,
    65.29121398925781,
    65.72872400283813,
    65.70827960968018,
    70.14471292495728,
    64.56339359283447,
    67.53600835800171,
    65.2503252029419,
    60.32322645187378,
    59.75896120071411,
    66.26436710357666,
    66.26436710357666,
    56.50012493133545,
    55.3266167640686,
    52.75471210479736,
    51.66298151016235,
    56.54101371765137,
    50.50173997879028,
    52.2395133972168,
    51.871514320373535,
    52.70564556121826,
    54.24715280532837,
    55.310261249542236,
    53.22902202606201,
    54.259419441223145,
    55.34297227859497,
    54.099953174591064,
    56.04217052459717,
    56.68412446975708,
    57.36287832260132,
    63.03006410598755,
    57.18705654144287,
    57.78403282165527,
    57.03167915344238,
    57.50598907470703,
    57.61638879776001,
    57.0725679397583,
    57.77994394302368,
    54.439330101013184,
    52.54617929458618,
    51.67115926742554,
    51.33178234100342,
    49.802541732788086,
    49.822986125946045,
    49.42636489868164,
    48.63312244415283,
    47.226548194885254,
    48.866188526153564,
    46.821749210357666,
    46.82583808898926,
    49.97836351394653,
    49.27098751068115,
    49.7943639755249,
    63.12410831451416,
    56.00128173828125,
    56.810879707336426,
    57.18296766281128,
    61.611223220825195,
    66.12125635147095,
    65.68374633789062,
    66.68552160263062,
    65.55699110031128,
    65.85956811904907,
    65.9945011138916,
    68.41102838516235,
    66.83681011199951,
    69.24515962600708,
    66.80409908294678,
    68.67680549621582,
    66.39930009841919,
    67.61778593063354,
    66.95129871368408,
    69.25333738327026,
    67.67911911010742,
    68.81582736968994,
    68.39876174926758,
    62.604820728302,
    59.746694564819336,
    56.512391567230225,
    54.9790620803833,
    52.91008949279785,
    52.19453573226929,
    50.325918197631836,
    49.97836351394653,
    49.638986587524414,
    50.17054080963135,
    52.05960273742676,
    52.73017883300781,
    56.76999092102051,
    56.68412446975708,
    56.626880168914795,
    58.34012031555176,
    58.76127481460571,
    58.48323106765747,
    61.042869091033936,
    59.62402820587158,
    59.223318099975586,
    59.34189558029175,
    59.77122783660889,
    61.85246706008911,
    57.9189658164978,
    56.64323568344116,
    53.96093130111694,
    52.90191173553467,
    52.0391583442688,
    51.72022581100464,
    50.3422737121582,
    49.683964252471924,
    49.85160827636719,
    49.81480836868286,
    49.66760873794556,
    49.81071949005127,
    56.52056932449341,
    50.689828395843506,
    51.18458271026611,
    63.76606225967407,
    55.989015102386475,
    56.79452419281006,
    60.63807010650635,
    62.16322183609009,
    64.83734846115112
  ],
  "timestamps": [
    0.009972572326660156,
    0.04015040397644043,
    0.07032489776611328,
    0.10044336318969727,
    0.1306917667388916,
    0.1607832908630371,
    0.19088315963745117,
    0.2209923267364502,
    0.2512979507446289,
    0.2814064025878906,
    0.3115885257720947,
    0.3418729305267334,
    0.3721346855163574,
    0.402376651763916,
    0.4327070713043213,
    0.463040828704834,
    0.4935417175292969,
    0.5240778923034668,
    0.554558515548706,
    0.585139274597168,
    0.616119384765625,
    0.6469738483428955,
    0.6781606674194336,
    0.7090318202972412,
    0.7404952049255371,
    0.7718889713287354,
    0.8032643795013428,
    0.8345010280609131,
    0.8659191131591797,
    0.8972084522247314,
    0.928544282913208,
    0.9599101543426514,
    0.9912974834442139,
    1.0229525566101074,
    1.054291009902954,
    1.085780382156372,
    1.1171331405639648,
    1.1481959819793701,
    1.1792328357696533,
    1.2106502056121826,
    1.2420496940612793,
    1.2728850841522217,
    1.303661823272705,
    1.334287405014038,
    1.3648974895477295,
    1.3957452774047852,
    1.4262354373931885,
    1.456784963607788,
    1.4874889850616455,
    1.5182645320892334,
    1.5489745140075684,
    1.5797832012176514,
    1.610447883605957,
    1.641169786453247,
    1.6719787120819092,
    1.7026922702789307,
    1.7335200309753418,
    1.764378547668457,
    1.7952730655670166,
    1.8265020847320557,
    1.8573849201202393,
    1.8883297443389893,
    1.9192073345184326,
    1.9501073360443115,
    1.981013536453247,
    2.011896848678589,
    2.0428028106689453,
    2.0735061168670654,
    2.1041080951690674,
    2.1346709728240967,
    2.1652112007141113,
    2.1956825256347656,
    2.226130247116089,
    2.2565600872039795,
    2.2869391441345215,
    2.3172354698181152,
    2.3476357460021973,
    2.377911329269409,
    2.4081871509552,
    2.438645839691162,
    2.4690611362457275,
    2.4995598793029785,
    2.530866861343384,
    2.5616989135742188,
    2.5925633907318115,
    2.623483896255493,
    2.6546127796173096,
    2.6859984397888184,
    2.7173702716827393,
    2.7488107681274414,
    2.7801778316497803,
    2.8115639686584473,
    2.842958927154541,
    2.8745007514953613,
    2.9059643745422363,
    2.937551736831665,
    2.9689905643463135,
    3.000542163848877,
    3.0319764614105225,
    3.063491106033325,
    3.094940185546875,
    3.1265220642089844,
    3.15801739692688,
    3.189577341079712,
    3.221132755279541,
    3.2523410320281982,
    3.2833714485168457,
    3.3142127990722656,
    3.344961643218994,
    3.3756039142608643,
    3.4061777591705322,
    3.4366507530212402,
    3.467108964920044,
    3.497596502304077,
    3.528142213821411,
    3.558748960494995,
    3.5893750190734863,
    3.6202406883239746,
    3.651088237762451,
    3.6819214820861816,
    3.7128500938415527,
    3.7438127994537354,
    3.7747671604156494,
    3.8058760166168213,
    3.8368980884552,
    3.8679111003875732,
    3.898920774459839,
    3.9299495220184326,
    3.9611072540283203,
    3.992018461227417,
    4.022863388061523,
    4.053548097610474,
    4.084182977676392,
    4.114761829376221,
    4.14534068107605,
    4.175819158554077,
    4.20625901222229,
    4.236711263656616,
    4.267166614532471,
    4.297608137130737,
    4.328061103820801,
    4.358923435211182,
    4.389465570449829,
    4.419999837875366,
    4.451264381408691,
    4.482112407684326,
    4.513178110122681,
    4.544326305389404,
    4.575540542602539,
    4.606875419616699
  ]
}