{
  "gesture_id": 4,
  "gesture_name": "wave",
  "timestamp": "2025-12-23T15:52:45.093825",
  "sample_rate": 50,
  "duration": 3.0,
  "distances": [
    51.70387029647827,
    52.533912658691406,
    52.24769115447998,
    51.52395963668823,
    51.70387029647827,
    51.871514320373535,
    50.869739055633545,
    51.213204860687256,
    51.56484842300415,
    51.008760929107666,
    51.90013647079468,
    51.532137393951416,
    49.63080883026123,
    50.33818483352661,
    52.370357513427734,
    52.20680236816406,
    60.32731533050537,
    53.75239849090576,
    56.95399045944214,
    56.82723522186279,
    53.098177909851074,
    56.54510259628296,
    54.14084196090698,
    50.002896785736084,
    47.00983762741089,
    49.483609199523926,
    50.162363052368164,
    48.83756637573242,
    49.638986587524414,
    53.40484380722046,
    56.966257095336914,
    49.46725368499756,
    47.01801538467407,
    46.22068405151367,
    49.598097801208496,
    51.22138261795044,
    53.27399969100952,
    56.78225755691528,
    54.647862911224365,
    54.786884784698486,
    54.32484149932861,
    56.647324562072754,
    53.057289123535156,
    49.050188064575195,
    49.643075466156006,
    49.81480836868286,
    56.63914680480957,
    48.665833473205566,
    49.82707500457764,
    48.477745056152344,
    49.63080883026123,
    46.4046835899353,
    47.64361381530762,
    49.638986587524414,
    49.6471643447876,
    49.957919120788574,
    60.02882719039917,
    51.188671588897705,
    51.01693868637085,
    51.18458271026611,
    49.6471643447876,
    49.802541732788086,
    47.26334810256958,
    46.817660331726074,
    46.21659517288208,
    48.641300201416016,
    50.530362129211426,
    50.01516342163086,
    49.234187602996826,
    49.85160827636719,
    47.046637535095215,
    49.25054311752319,
    45.99170684814453,
    49.23827648162842,
    52.75062322616577,
    52.22724676132202,
    53.077733516693115,
    52.39080190658569,
    60.061538219451904,
    50.36271810531616,
    49.83116388320923,
    49.82707500457764,
    47.21428155899048,
    47.046637535095215,
    47.639524936676025,
    57.35878944396973,
    56.91310167312622,
    48.412322998046875,
    46.024417877197266,
    44.429755210876465,
    46.83810472488403,
    47.21837043762207,
    50.01516342163086,
    53.920042514801025,
    59.89389419555664,
    56.4755916595459,
    57.080745697021484,
    54.59061861038208,
    52.07186937332153,
    51.213204860687256,
    49.85160827636719,
    50.67347288131714,
    50.17871856689453,
    49.44272041320801,
    47.864413261413574,
    49.01338815689087,
    49.03792142868042,
    49.83934164047241,
    47.2551703453064,
    49.479520320892334,
    49.594008922576904,
    49.97427463531494,
    48.232412338256836,
    50.88200569152832,
    58.16020965576172,
    57.514166831970215,
    51.168227195739746,
    50.12556314468384,
    53.42528820037842,
    48.4491229057312,
    50.35454034805298,
    49.25054311752319,
    48.277390003204346,
    51.49942636489868,
    49.663519859313965,
    48.641300201416016,
    45.2107310295105,
    46.84628248214722,
    43.971800804138184,
    44.814109802246094,
    56.63096904754639,
    50.166451930999756,
    58.789896965026855,
    59.64038372039795,
    58.176565170288086,
    56.80270195007324,
    50.49765110015869,
    49.97018575668335,
    49.234187602996826,
    48.49410057067871,
    49.234187602996826,
    50.002896785736084,
    51.36449337005615,
    52.4889349937439,
    46.80948257446289,
    47.42281436920166,
    45.615530014038086,
    47.0057487487793,
    47.046637535095215,
    48.83756637573242
  ],
  "timestamps": [
    0.010477542877197266,
    0.04120469093322754,
    0.07192158699035645,
    0.10251283645629883,
    0.13312482833862305,
    0.16372394561767578,
    0.19424653053283691,
    0.22478556632995605,
    0.2553975582122803,
    0.28600573539733887,
    0.31661248207092285,
    0.34719181060791016,
    0.37764501571655273,
    0.40812134742736816,
    0.43871307373046875,
    0.4692962169647217,
    0.5003690719604492,
    0.5310590267181396,
    0.561948299407959,
    0.5928199291229248,
    0.6234679222106934,
    0.6543154716491699,
    0.6850192546844482,
    0.7154860496520996,
    0.7457787990570068,
    0.7762277126312256,
    0.8067021369934082,
    0.8371055126190186,
    0.8675684928894043,
    0.8982634544372559,
    0.9291365146636963,
    0.9595599174499512,
    0.9898669719696045,
    1.020197868347168,
    1.0506582260131836,
    1.0812201499938965,
    1.1118810176849365,
    1.142749309539795,
    1.1734890937805176,
    1.2042367458343506,
    1.2349915504455566,
    1.2661170959472656,
    1.296809434890747,
    1.3272640705108643,
    1.357715368270874,
    1.3881783485412598,
    1.4190235137939453,
    1.4493966102600098,
    1.4798312187194824,
    1.5101995468139648,
    1.5406408309936523,
    1.5708990097045898,
    1.601243019104004,
    1.6316895484924316,
    1.6621310710906982,
    1.6925904750823975,
    1.7236335277557373,
    1.7541663646697998,
    1.7846837043762207,
    1.8152170181274414,
    1.845693588256836,
    1.8761498928070068,
    1.9064738750457764,
    1.9367666244506836,
    1.9670078754425049,
    1.997391700744629,
    2.027879476547241,
    2.058340311050415,
    2.088754177093506,
    2.1192078590393066,
    2.1495206356048584,
    2.179940700531006,
    2.210188865661621,
    2.2406814098358154,
    2.271453380584717,
    2.3020882606506348,
    2.3327505588531494,
    2.36336612701416,
    2.394418478012085,
    2.424922466278076,
    2.4553749561309814,
    2.4858274459838867,
    2.5161280632019043,
    2.546417713165283,
    2.5767409801483154,
    2.607632637023926,
    2.6385140419006348,
    2.6688854694366455,
    2.6991217136383057,
    2.7292654514312744,
    2.759545087814331,
    2.789846420288086,
    2.820310354232788,
    2.8510193824768066,
    2.882061004638672,
    2.91290283203125,
    2.9437789916992188,
    2.974501371383667,
    3.0050671100616455,
    3.0355894565582275,
    3.06606125831604,
    3.096569061279297,
    3.127046585083008,
    3.1575028896331787,
    3.18784236907959,
    3.2182483673095703,
    3.248699426651001,
    3.2792325019836426,
    3.309588670730591,
    3.340033769607544,
    3.370497703552246,
    3.400967597961426,
    3.4313271045684814,
    3.4618377685546875,
    3.4927926063537598,
    3.523693799972534,
    3.5542235374450684,
    3.5846939086914062,
    3.6153547763824463,
    3.645726442337036,
    3.676224946975708,
    3.70664381980896,
    3.737003803253174,
    3.767554521560669,
    3.797987461090088,
    3.8283591270446777,
    3.858527898788452,
    3.888838291168213,
    3.9189624786376953,
    3.949124336242676,
    3.979975461959839,
    4.01045823097229,
    4.0414323806762695,
    4.072454452514648,
    4.10339093208313,
    4.13425087928772,
    4.164743900299072,
    4.195204496383667,
    4.225630044937134,
    4.256061792373657,
    4.286535739898682,
    4.317089080810547,
    4.347708225250244,
    4.378357648849487,
    4.408674955368042,
    4.438995838165283,
    4.4692063331604,
    4.499497413635254,
    4.529792070388794,
    4.560192346572876
  ]
}