{
  "gesture_id": 4,
  "gesture_name": "wave",
  "timestamp": "2025-12-24T14:11:30.552816",
  "sample_rate": 50,
  "duration": 3.0,
  "distances": [
    49.44272041320801,
    49.85160827636719,
    49.867963790893555,
    49.33640956878662,
    48.69445562362671,
    49.47134256362915,
    56.970345973968506,
    49.11152124404907,
    48.69445562362671,
    49.254631996154785,
    48.8988995552063,
    49.30369853973389,
    50.02334117889404,
    48.26921224594116,
    49.86387491226196,
    50.366806983947754,
    49.48769807815552,
    50.18280744552612,
    57.694077491760254,
    54.149019718170166,
    54.009997844696045,
    56.57781362533569,
    59.09247398376465,
    56.72910213470459,
    62.110066413879395,
    59.697628021240234,
    63.08321952819824,
    62.678420543670654,
    63.10775279998779,
    63.23041915893555,
    62.841975688934326,
    62.886953353881836,
    63.34899663925171,
    63.46348524093628,
    63.87237310409546,
    63.44712972640991,
    64.06046152114868,
    64.16677236557007,
    63.7537956237793,
    63.28357458114624,
    63.33264112472534,
    57.6695442199707,
    56.94172382354736,
    53.944575786590576,
    52.92235612869263,
    52.37853527069092,
    51.70387029647827,
    50.166451930999756,
    49.82707500457764,
    49.81889724731445,
    49.42636489868164,
    49.05427694320679,
    49.81480836868286,
    49.97836351394653,
    50.17871856689453,
    50.849294662475586,
    56.90901279449463,
    51.896047592163086,
    53.940486907958984,
    52.88964509963989,
    52.05960273742676,
    52.415335178375244,
    62.179577350616455,
    56.63505792617798,
    54.12857532501221,
    56.18528127670288,
    57.927143573760986,
    56.50421380996704,
    54.98315095901489,
    54.966795444488525,
    52.07186937332153,
    50.685739517211914,
    49.65125322341919,
    49.001121520996094,
    49.957919120788574,
    48.252856731414795,
    49.25872087478638,
    49.82707500457764,
    49.23827648162842,
    48.682188987731934,
    50.67347288131714,
    56.512391567230225,
    50.505828857421875,
    51.47080421447754,
    51.20093822479248,
    66.28072261810303,
    60.76482534408569,
    54.47613000869751,
    56.79043531417847,
    56.68003559112549,
    57.767677307128906,
    59.063851833343506,
    60.02473831176758,
    61.451756954193115,
    64.17495012283325,
    71.00746631622314,
    64.98045921325684,
    63.91326189041138,
    70.9829330444336,
    64.28534984588623,
    64.84143733978271,
    64.84143733978271,
    64.58792686462402,
    64.44481611251831,
    64.42846059799194,
    64.44072723388672,
    62.040555477142334,
    58.04163217544556,
    56.66368007659912,
    58.35238695144653,
    50.162363052368164,
    56.68003559112549,
    49.2464542388916,
    56.487858295440674,
    45.62779664993286,
    44.793665409088135,
    45.40290832519531,
    45.41926383972168,
    46.253395080566406,
    51.56075954437256,
    54.263508319854736,
    51.56075954437256,
    63.89281749725342,
    52.3867130279541,
    54.63559627532959,
    56.49603605270386,
    54.962706565856934,
    55.31435012817383,
    57.82901048660278,
    56.54101371765137,
    56.536924839019775,
    54.31666374206543,
    63.62295150756836,
    52.58297920227051,
    51.35222673416138,
    50.87791681289673,
    50.162363052368164,
    49.81889724731445,
    51.573026180267334,
    49.99063014984131,
    50.66120624542236,
    52.259957790374756,
    51.37676000595093,
    54.79097366333008,
    54.14084196090698,
    55.670082569122314,
    56.692302227020264,
    57.767677307128906,
    63.76606225967407,
    61.725711822509766
  ],
  "timestamps": [
    0.010344266891479492,
    0.04092717170715332,
    0.07144665718078613,
    0.1019132137298584,
    0.13231468200683594,
    0.16277623176574707,
    0.19365668296813965,
    0.22407770156860352,
    0.2544708251953125,
    0.28492212295532227,
    0.31532931327819824,
    0.3457653522491455,
    0.37623047828674316,
    0.40659356117248535,
    0.43704962730407715,
    0.46753501892089844,
    0.4979894161224365,
    0.5284652709960938,
    0.5593798160552979,
    0.5900876522064209,
    0.6208059787750244,
    0.6518158912658691,
    0.6828491687774658,
    0.7138166427612305,
    0.745009183883667,
    0.7760553359985352,
    0.8072891235351562,
    0.8384919166564941,
    0.8697144985198975,
    0.9009370803833008,
    0.9321467876434326,
    0.9633677005767822,
    0.9946122169494629,
    1.0258855819702148,
    1.057159662246704,
    1.0884203910827637,
    1.1197404861450195,
    1.1510369777679443,
    1.1822972297668457,
    1.2135326862335205,
    1.2447829246520996,
    1.275700569152832,
    1.306577444076538,
    1.3372936248779297,
    1.3679323196411133,
    1.3985474109649658,
    1.4291417598724365,
    1.459627628326416,
    1.4900834560394287,
    1.520557165145874,
    1.5510032176971436,
    1.5814292430877686,
    1.6119179725646973,
    1.6425063610076904,
    1.6730787754058838,
    1.7036302089691162,
    1.7345073223114014,
    1.765096664428711,
    1.7958123683929443,
    1.8264806270599365,
    1.8570923805236816,
    1.8877410888671875,
    1.9189348220825195,
    1.949808120727539,
    1.9805214405059814,
    2.0113532543182373,
    2.0422799587249756,
    2.073138952255249,
    2.103914737701416,
    2.1346957683563232,
    2.1653366088867188,
    2.1958694458007812,
    2.226331949234009,
    2.2567572593688965,
    2.287233352661133,
    2.3176164627075195,
    2.3480794429779053,
    2.378556966781616,
    2.4089908599853516,
    2.4393985271453857,
    2.469937562942505,
    2.500800848007202,
    2.5313103199005127,
    2.5618631839752197,
    2.5924012660980225,
    2.62388014793396,
    2.655144214630127,
    2.6859259605407715,
    2.7168374061584473,
    2.747729778289795,
    2.778697967529297,
    2.8097352981567383,
    2.840817928314209,
    2.871978759765625,
    2.9032790660858154,
    2.9349734783172607,
    2.966308116912842,
    2.9975907802581787,
    3.0292716026306152,
    3.060593366622925,
    3.0919442176818848,
    3.1232964992523193,
    3.1546530723571777,
    3.1860015392303467,
    3.2173261642456055,
    3.248652458190918,
    3.2798335552215576,
    3.3107738494873047,
    3.3416285514831543,
    3.372573137283325,
    3.4030375480651855,
    3.4338958263397217,
    3.464312791824341,
    3.495156764984131,
    3.525364875793457,
    3.5555241107940674,
    3.5857183933258057,
    3.6159214973449707,
    3.646270513534546,
    3.6768908500671387,
    3.707648754119873,
    3.7382164001464844,
    3.769542932510376,
    3.8001708984375,
    3.830895185470581,
    3.861736297607422,
    3.8924736976623535,
    3.923239231109619,
    3.954164981842041,
    3.985013246536255,
    4.01587176322937,
    4.046589136123657,
    4.077843427658081,
    4.108458995819092,
    4.138997793197632,
    4.1695098876953125,
    4.199966192245483,
    4.230414628982544,
    4.260967969894409,
    4.291431903839111,
    4.321956634521484,
    4.352556228637695,
    4.383100986480713,
    4.413846492767334,
    4.444540739059448,
    4.475322246551514,
    4.5061540603637695,
    4.537065267562866,
    4.56833815574646,
    4.599489688873291
  ]
}