{
  "gesture_id": 5,
  "gesture_name": "press_once",
  "timestamp": "2025-12-24T14:56:46.873670",
  "sample_rate": 50,
  "duration": 3.0,
  "distances": [
    56.328392028808594,
    56.352925300598145,
    56.27932548522949,
    54.627418518066406,
    56.61870241165161,
    56.63505792617798,
    56.15257024765015,
    55.285727977752686,
    54.75008487701416,
    55.122172832489014,
    55.486083030700684,
    54.92590665817261,
    54.782795906066895,
    54.308485984802246,
    55.469727516174316,
    54.47204113006592,
    53.78919839859009,
    53.56839895248413,
    53.92822027206421,
    51.393115520477295,
    50.824761390686035,
    51.56075954437256,
    49.65534210205078,
    47.4023699760437,
    47.001659870147705,
    45.80361843109131,
    45.341575145721436,
    44.17624473571777,
    43.75509023666382,
    43.3666467666626,
    53.25355529785156,
    43.78371238708496,
    42.09091663360596,
    42.953670024871826,
    70.37777900695801,
    39.74798917770386,
    36.69768571853638,
    36.280620098114014,
    36.27653121948242,
    34.95582342147827,
    34.461069107055664,
    33.97858142852783,
    31.570231914520264,
    30.253612995147705,
    29.235482215881348,
    29.202771186828613,
    26.904821395874023,
    26.03389024734497,
    25.126159191131592,
    24.864470958709717,
    26.60224437713623,
    23.71140718460083,
    25.162959098815918,
    21.928656101226807,
    21.245813369750977,
    20.628392696380615,
    20.939147472381592,
    18.960130214691162,
    18.031954765319824,
    18.354976177215576,
    17.696666717529297,
    17.02200174331665,
    16.412758827209473,
    17.054712772369385,
    15.435516834259033,
    14.351963996887207,
    13.31338882446289,
    13.382899761199951,
    13.3583664894104,
    12.319791316986084,
    10.974550247192383,
    11.313927173614502,
    10.26308536529541,
    9.265398979187012,
    9.927797317504883,
    9.923708438873291,
    9.886908531188965,
    8.198201656341553,
    8.194112777709961,
    9.58024263381958,
    8.202290534973145,
    9.890997409820557,
    6.897938251495361,
    6.55447244644165,
    5.920696258544922,
    6.219184398651123,
    4.95980978012085,
    5.5854082107543945,
    6.922471523284912,
    9.58024263381958,
    8.529400825500488,
    49.07881021499634,
    20.632481575012207,
    12.33205795288086,
    11.653304100036621,
    12.327969074249268,
    13.317477703094482,
    15.022540092468262,
    15.758538246154785,
    16.093826293945312,
    17.717111110687256,
    19.324040412902832,
    19.61843967437744,
    21.213102340698242,
    22.533810138702393,
    25.14660358428955,
    29.480814933776855,
    52.893733978271484,
    28.37681770324707,
    29.53397035598755,
    29.73841428756714,
    31.33307695388794,
    32.92773962020874,
    34.47333574295044,
    36.031198501586914,
    36.69768571853638,
    37.89163827896118,
    39.061057567596436,
    39.95652198791504,
    41.36309623718262,
    43.13766956329346,
    45.795440673828125,
    44.384777545928955,
    45.22299766540527,
    45.56237459182739,
    45.39064168930054,
    45.79135179519653,
    47.01392650604248,
    47.83170223236084,
    49.414098262786865,
    49.65943098068237,
    50.63258409500122,
    51.67933702468872,
    51.84289216995239,
    52.06369161605835,
    52.54617929458618,
    53.077733516693115,
    53.56022119522095,
    54.14084196090698,
    54.12039756774902,
    54.11221981048584,
    54.921817779541016,
    55.306172370910645,
    56.90901279449463,
    54.95043992996216,
    55.809104442596436,
    54.44750785827637,
    55.281639099121094,
    55.306172370910645,
    55.285727977752686
  ],
  "timestamps": [
    0.010748147964477539,
    0.04169321060180664,
    0.07259202003479004,
    0.10335993766784668,
    0.13425612449645996,
    0.1652846336364746,
    0.19611573219299316,
    0.2269129753112793,
    0.25766730308532715,
    0.2884254455566406,
    0.3192172050476074,
    0.3499574661254883,
    0.38068509101867676,
    0.4113757610321045,
    0.44216394424438477,
    0.47289204597473145,
    0.5035581588745117,
    0.5342326164245605,
    0.5649218559265137,
    0.5954484939575195,
    0.6259524822235107,
    0.6564934253692627,
    0.6869001388549805,
    0.7172057628631592,
    0.7474851608276367,
    0.7777078151702881,
    0.8079128265380859,
    0.8380436897277832,
    0.8682670593261719,
    0.8983469009399414,
    0.9290030002593994,
    0.9590854644775391,
    0.989088773727417,
    1.0191609859466553,
    1.0508365631103516,
    1.0807030200958252,
    1.1103885173797607,
    1.1400926113128662,
    1.1698317527770996,
    1.19944167137146,
    1.2290019989013672,
    1.2585372924804688,
    1.287930965423584,
    1.3172545433044434,
    1.3465113639831543,
    1.3757610321044922,
    1.4048750400543213,
    1.4339380264282227,
    1.4629499912261963,
    1.4919495582580566,
    1.5210459232330322,
    1.5499749183654785,
    1.5790083408355713,
    1.6078367233276367,
    1.6366405487060547,
    1.6653971672058105,
    1.6941897869110107,
    1.7228624820709229,
    1.7514817714691162,
    1.78010892868042,
    1.8086977005004883,
    1.83723783493042,
    1.8657424449920654,
    1.8943092823028564,
    1.9227838516235352,
    1.9511988162994385,
    1.9795386791229248,
    2.007923126220703,
    2.036311388015747,
    2.0645971298217773,
    2.0928070545196533,
    2.1210367679595947,
    2.1492505073547363,
    2.177459239959717,
    2.2056808471679688,
    2.23392915725708,
    2.262104034423828,
    2.2901837825775146,
    2.318254232406616,
    2.3463902473449707,
    2.3744378089904785,
    2.4025888442993164,
    2.4305601119995117,
    2.4585297107696533,
    2.486443519592285,
    2.5143840312957764,
    2.542238473892212,
    2.57013201713562,
    2.5980968475341797,
    2.626228094100952,
    2.6542932987213135,
    2.68471622467041,
    2.713463306427002,
    2.741741180419922,
    2.769988775253296,
    2.7983336448669434,
    2.826693534851074,
    2.855144500732422,
    2.8836302757263184,
    2.91213321685791,
    2.9407143592834473,
    2.9694089889526367,
    2.9981212615966797,
    3.026932716369629,
    3.0557968616485596,
    3.084807872772217,
    3.114131450653076,
    3.144882917404175,
    3.1742146015167236,
    3.2035176753997803,
    3.2328310012817383,
    3.2622106075286865,
    3.2916948795318604,
    3.321277379989624,
    3.3509583473205566,
    3.3806676864624023,
    3.410444498062134,
    3.4402897357940674,
    3.47016978263855,
    3.5001237392425537,
    3.530184268951416,
    3.560404062271118,
    3.5905373096466064,
    3.620715379714966,
    3.650927782058716,
    3.6811208724975586,
    3.711336374282837,
    3.7416253089904785,
    3.771987199783325,
    3.8024330139160156,
    3.832897186279297,
    3.8633952140808105,
    3.893951654434204,
    3.9245176315307617,
    3.955096483230591,
    3.985706090927124,
    4.016348838806152,
    4.047034025192261,
    4.077733755111694,
    4.108431577682495,
    4.139218091964722,
    4.170065641403198,
    4.200842618942261,
    4.2317094802856445,
    4.262465000152588,
    4.293282747268677,
    4.324023008346558,
    4.354816436767578,
    4.385606527328491,
    4.416397333145142
  ]
}