{
  "gesture_id": 5,
  "gesture_name": "press_once",
  "timestamp": "2025-12-24T14:52:43.277552",
  "sample_rate": 50,
  "duration": 3.0,
  "distances": [
    53.417110443115234,
    53.22493314743042,
    51.851069927215576,
    52.54617929458618,
    52.04324722290039,
    52.36217975616455,
    53.56022119522095,
    53.396666049957275,
    54.58652973175049,
    55.81728219985962,
    53.8832426071167,
    54.099953174591064,
    52.010536193847656,
    51.1396050453186,
    54.946351051330566,
    49.434542655944824,
    48.4491229057312,
    47.2551703453064,
    47.39828109741211,
    46.21659517288208,
    45.40290832519531,
    44.60148811340332,
    45.19028663635254,
    42.98638105392456,
    43.55473518371582,
    41.792428493499756,
    42.769670486450195,
    41.628873348236084,
    39.968788623809814,
    38.82390260696411,
    37.66674995422363,
    36.97164058685303,
    36.24382019042969,
    36.02710962295532,
    36.94710731506348,
    36.25199794769287,
    34.19938087463379,
    32.65378475189209,
    31.58658742904663,
    31.320810317993164,
    31.046855449676514,
    30.51121234893799,
    30.28632402420044,
    29.235482215881348,
    28.029263019561768,
    26.908910274505615,
    25.727224349975586,
    25.109803676605225,
    24.85220432281494,
    23.36794137954712,
    24.59869384765625,
    22.517454624176025,
    21.883678436279297,
    22.2312331199646,
    21.56883478164673,
    20.91461420059204,
    20.27674913406372,
    18.620753288269043,
    18.653464317321777,
    17.692577838897705,
    17.668044567108154,
    16.388225555419922,
    16.425025463104248,
    16.06929302215576,
    16.102004051208496,
    17.030179500579834,
    17.034268379211426,
    15.79124927520752,
    15.415072441101074,
    15.096139907836914,
    14.711785316467285,
    14.392852783203125,
    15.398716926574707,
    14.715874195098877,
    15.4518723487854,
    14.4051194190979,
    13.718187808990479,
    14.413297176361084,
    13.386988639831543,
    12.72050142288208,
    12.295258045196533,
    13.002634048461914,
    12.3116135597229,
    11.939525604248047,
    11.252593994140625,
    10.974550247192383,
    11.30983829498291,
    10.618817806243896,
    10.962283611297607,
    11.955881118774414,
    16.719424724578857,
    14.037120342254639,
    17.02200174331665,
    16.126537322998047,
    17.08742380142212,
    18.3427095413208,
    18.02377700805664,
    19.61435079574585,
    20.25630474090576,
    22.178077697753906,
    48.616766929626465,
    24.54962730407715,
    25.1711368560791,
    25.764024257659912,
    29.227304458618164,
    27.182865142822266,
    28.92063856124878,
    29.521703720092773,
    29.99192476272583,
    31.3535213470459,
    31.840097904205322,
    33.16080570220947,
    34.45289134979248,
    34.46924686431885,
    35.785865783691406,
    37.89163827896118,
    37.879371643066406,
    39.39634561538696,
    42.28309392929077,
    42.78602600097656,
    55.99719285964966,
    56.52056932449341,
    45.840418338775635,
    46.20023965835571,
    47.44734764099121,
    46.42921686172485,
    47.251081466674805,
    47.05072641372681,
    47.22245931625366,
    49.234187602996826,
    49.45498704910278,
    49.982452392578125,
    50.12556314468384,
    51.17231607437134,
    52.20271348953247,
    52.72200107574463,
    52.74653434753418,
    53.60928773880005,
    53.09408903121948,
    53.40075492858887,
    53.74422073364258,
    54.467952251434326,
    54.263508319854736,
    54.987239837646484,
    55.10581731796265,
    54.98315095901489,
    54.63559627532959,
    54.77461814880371,
    54.987239837646484,
    54.623329639434814
  ],
  "timestamps": [
    0.010573387145996094,
    0.04135322570800781,
    0.07207655906677246,
    0.10273218154907227,
    0.13336944580078125,
    0.1640176773071289,
    0.19476580619812012,
    0.22542214393615723,
    0.25613903999328613,
    0.2869400978088379,
    0.31763362884521484,
    0.3483400344848633,
    0.37894201278686523,
    0.40947604179382324,
    0.440232515335083,
    0.4706692695617676,
    0.5010390281677246,
    0.5313308238983154,
    0.5616273880004883,
    0.5918588638305664,
    0.6220524311065674,
    0.652219295501709,
    0.682417631149292,
    0.7124936580657959,
    0.7426314353942871,
    0.7727241516113281,
    0.8027868270874023,
    0.8327698707580566,
    0.8626551628112793,
    0.8924906253814697,
    0.9222378730773926,
    0.9519407749176025,
    0.9815993309020996,
    1.011270523071289,
    1.0409889221191406,
    1.0706684589385986,
    1.1002137660980225,
    1.1296651363372803,
    1.1590642929077148,
    1.1884663105010986,
    1.217848539352417,
    1.2472059726715088,
    1.2765462398529053,
    1.305821180343628,
    1.3350763320922852,
    1.364201545715332,
    1.3932545185089111,
    1.4222798347473145,
    1.4513013362884521,
    1.4802358150482178,
    1.50923752784729,
    1.5381584167480469,
    1.566993236541748,
    1.5958387851715088,
    1.6246941089630127,
    1.6534864902496338,
    1.682241678237915,
    1.7109930515289307,
    1.7397117614746094,
    1.7683959007263184,
    1.7969980239868164,
    1.8255221843719482,
    1.8540592193603516,
    1.8825702667236328,
    1.911078929901123,
    1.939636468887329,
    1.9681808948516846,
    1.9966511726379395,
    2.025153160095215,
    2.0536203384399414,
    2.0820319652557373,
    2.1104378700256348,
    2.1389310359954834,
    2.167363166809082,
    2.1958353519439697,
    2.2242441177368164,
    2.252669095993042,
    2.2810633182525635,
    2.3093924522399902,
    2.3376877307891846,
    2.365983724594116,
    2.3943092823028564,
    2.422593832015991,
    2.450854778289795,
    2.479097843170166,
    2.5072884559631348,
    2.5355186462402344,
    2.563714027404785,
    2.5919253826141357,
    2.6201908588409424,
    2.6487343311309814,
    2.6771230697631836,
    2.7056920528411865,
    2.734455108642578,
    2.7630865573883057,
    2.791757822036743,
    2.820406436920166,
    2.849137306213379,
    2.8779027462005615,
    2.9067752361297607,
    2.9371860027313232,
    2.9661946296691895,
    2.9952409267425537,
    3.024313449859619,
    3.053586721420288,
    3.0827457904815674,
    3.112020492553711,
    3.14131236076355,
    3.1706454753875732,
    3.2000465393066406,
    3.2294719219207764,
    3.2589728832244873,
    3.2885513305664062,
    3.3181309700012207,
    3.3477823734283447,
    3.377568483352661,
    3.4073450565338135,
    3.4372031688690186,
    3.467237710952759,
    3.497298002243042,
    3.528132677078247,
    3.559006452560425,
    3.5892443656921387,
    3.6195099353790283,
    3.649845600128174,
    3.6801130771636963,
    3.7104265689849854,
    3.7407360076904297,
    3.771195888519287,
    3.8016514778137207,
    3.832124948501587,
    3.8628780841827393,
    3.893385410308838,
    3.923924207687378,
    3.9545226097106934,
    3.9851553440093994,
    4.01580286026001,
    4.046497106552124,
    4.0771706104278564,
    4.107853412628174,
    4.138558864593506,
    4.169299840927124,
    4.200031042098999,
    4.230787038803101,
    4.261552095413208,
    4.29229474067688,
    4.323063135147095,
    4.353807687759399,
    4.38457465171814,
    4.415307521820068
  ]
}