{
  "gesture_id": 5,
  "gesture_name": "press_once",
  "timestamp": "2025-12-24T14:54:27.648496",
  "sample_rate": 50,
  "duration": 3.0,
  "distances": [
    51.0414719581604,
    52.29266881942749,
    52.255868911743164,
    56.91310167312622,
    51.736581325531006,
    51.2418270111084,
    50.67347288131714,
    50.047874450683594,
    50.166451930999756,
    50.366806983947754,
    49.65943098068237,
    48.477745056152344,
    49.822986125946045,
    47.2551703453064,
    47.24290370941162,
    48.06476831436157,
    47.03845977783203,
    46.42512798309326,
    44.80593204498291,
    45.01446485519409,
    47.2551703453064,
    45.62370777130127,
    43.99224519729614,
    43.795979022979736,
    43.656957149505615,
    44.19668912887573,
    42.55704879760742,
    39.76025581359863,
    39.539456367492676,
    44.42566633224487,
    39.261412620544434,
    36.49733066558838,
    36.27244234085083,
    36.50550842285156,
    36.27653121948242,
    49.61445331573486,
    53.74830961227417,
    38.34141492843628,
    36.97164058685303,
    33.40613842010498,
    31.827831268310547,
    30.78925609588623,
    30.24543523788452,
    29.206860065460205,
    29.452192783355713,
    29.74250316619873,
    30.049169063568115,
    29.53397035598755,
    29.734325408935547,
    25.751757621765137,
    27.75939702987671,
    24.27976131439209,
    24.271583557128906,
    25.432825088500977,
    22.7791428565979,
    22.770965099334717,
    23.989450931549072,
    23.09807538986206,
    22.227144241333008,
    21.24990224838257,
    21.22945785522461,
    20.293104648590088,
    20.260393619537354,
    19.303596019744873,
    19.283151626586914,
    22.807765007019043,
    21.904122829437256,
    37.40506172180176,
    18.015599250793457,
    16.735780239105225,
    16.412758827209473,
    16.102004051208496,
    16.077470779418945,
    16.057026386260986,
    16.081559658050537,
    14.392852783203125,
    13.329744338989258,
    14.372408390045166,
    14.208853244781494,
    13.689565658569336,
    11.972236633300781,
    11.645126342773438,
    11.326193809509277,
    11.289393901824951,
    11.268949508666992,
    49.847519397735596,
    10.246729850769043,
    9.89917516708374,
    9.567975997924805,
    8.541667461395264,
    8.893311023712158,
    8.500778675079346,
    9.931886196136475,
    9.23677682876587,
    9.567975997924805,
    9.572064876556396,
    10.242640972137451,
    10.933661460876465,
    11.297571659088135,
    14.078009128570557,
    15.096139907836914,
    17.034268379211426,
    16.72760248184204,
    17.38591194152832,
    17.06697940826416,
    19.328129291534424,
    19.925105571746826,
    21.89185619354248,
    22.492921352386475,
    23.11851978302002,
    23.703229427337646,
    25.162959098815918,
    29.730236530303955,
    27.796196937561035,
    28.912460803985596,
    30.507123470306396,
    36.48097515106201,
    34.461069107055664,
    34.735023975372314,
    36.23155355453491,
    36.32559776306152,
    37.89572715759277,
    39.265501499176025,
    39.72345590591431,
    40.20185470581055,
    40.627098083496094,
    41.11367464065552,
    41.5716290473938,
    41.587984561920166,
    43.37891340255737,
    43.35438013076782,
    44.204866886138916,
    45.57873010635376,
    45.999884605407715,
    47.41872549057007,
    48.228323459625244,
    49.982452392578125,
    50.35862922668457,
    51.532137393951416,
    53.01640033721924,
    53.53977680206299,
    54.65195178985596,
    57.36287832260132,
    55.61692714691162,
    56.15665912628174,
    58.356475830078125,
    56.50012493133545,
    56.90901279449463,
    56.761813163757324,
    56.77816867828369
  ],
  "timestamps": [
    0.010437965393066406,
    0.04114484786987305,
    0.07188105583190918,
    0.10277032852172852,
    0.13337445259094238,
    0.1639420986175537,
    0.19445538520812988,
    0.22491145133972168,
    0.25537657737731934,
    0.2858610153198242,
    0.3163120746612549,
    0.3467280864715576,
    0.3774576187133789,
    0.40782713890075684,
    0.4381725788116455,
    0.46853160858154297,
    0.49883103370666504,
    0.529102087020874,
    0.5592691898345947,
    0.5894439220428467,
    0.619762659072876,
    0.6499717235565186,
    0.680086612701416,
    0.7101883888244629,
    0.7402801513671875,
    0.7704322338104248,
    0.8005023002624512,
    0.8303730487823486,
    0.8602378368377686,
    0.8903827667236328,
    0.9202229976654053,
    0.9498991966247559,
    0.9795889854431152,
    1.0093116760253906,
    1.0389881134033203,
    1.069432258605957,
    1.1001136302947998,
    1.129896879196167,
    1.1595981121063232,
    1.1890971660614014,
    1.2185015678405762,
    1.24784255027771,
    1.2771556377410889,
    1.306408166885376,
    1.3356704711914062,
    1.364969253540039,
    1.3943428993225098,
    1.4236948490142822,
    1.4530110359191895,
    1.4820868968963623,
    1.5112788677215576,
    1.5402565002441406,
    1.569225549697876,
    1.598254680633545,
    1.6271355152130127,
    1.6560120582580566,
    1.68495512008667,
    1.7138550281524658,
    1.7427127361297607,
    1.7715096473693848,
    1.8003132343292236,
    1.8290445804595947,
    1.8578226566314697,
    1.8865413665771484,
    1.915241003036499,
    1.9441449642181396,
    1.9729793071746826,
    2.002707004547119,
    2.0313005447387695,
    2.0598227977752686,
    2.0883402824401855,
    2.1168229579925537,
    2.14530611038208,
    2.173837423324585,
    2.2023632526397705,
    2.2307658195495605,
    2.2591183185577393,
    2.2875282764434814,
    2.3159117698669434,
    2.3443105220794678,
    2.3726730346679688,
    2.401134490966797,
    2.429388999938965,
    2.4576778411865234,
    2.4859116077423096,
    2.516387701034546,
    2.5445539951324463,
    2.572699546813965,
    2.600848913192749,
    2.628913402557373,
    2.6570074558258057,
    2.6850719451904297,
    2.7132222652435303,
    2.741326093673706,
    2.769465446472168,
    2.797602653503418,
    2.8257737159729004,
    2.8539810180664062,
    2.8822033405303955,
    2.9106171131134033,
    2.939060926437378,
    2.9676642417907715,
    2.9962079524993896,
    3.0247881412506104,
    3.0533480644226074,
    3.082043409347534,
    3.110773801803589,
    3.139600992202759,
    3.1684658527374268,
    3.197361469268799,
    3.226341962814331,
    3.255377769470215,
    3.284682035446167,
    3.3138790130615234,
    3.343182325363159,
    3.3726823329925537,
    3.402644634246826,
    3.432302236557007,
    3.4618871212005615,
    3.4915499687194824,
    3.5212254524230957,
    3.550978660583496,
    3.5808145999908447,
    3.6106767654418945,
    3.6405842304229736,
    3.670499801635742,
    3.7004446983337402,
    3.730415105819702,
    3.7604103088378906,
    3.7905054092407227,
    3.8205833435058594,
    3.850724697113037,
    3.880934238433838,
    3.9111645221710205,
    3.9414942264556885,
    3.971864938735962,
    4.002329111099243,
    4.032812833786011,
    4.063378810882568,
    4.094017505645752,
    4.124685525894165,
    4.155415773391724,
    4.186294317245483,
    4.217066764831543,
    4.247867107391357,
    4.27880859375,
    4.309647560119629,
    4.34052300453186,
    4.371514320373535,
    4.402423620223999
  ]
}