{
  "gesture_id": 5,
  "gesture_name": "press_once",
  "timestamp": "2025-12-23T16:04:30.844253",
  "sample_rate": 50,
  "duration": 3.0,
  "distances": [
    53.147244453430176,
    53.02457809448242,
    53.51933240890503,
    53.51524353027344,
    53.56839895248413,
    53.34351062774658,
    54.079508781433105,
    53.72786521911621,
    53.36804389953613,
    52.8364896774292,
    52.33355760574341,
    51.81427001953125,
    50.804316997528076,
    50.08876323699951,
    49.92111921310425,
    49.778008460998535,
    48.57587814331055,
    48.003435134887695,
    47.78263568878174,
    45.795440673828125,
    46.0080623626709,
    46.14708423614502,
    50.2932071685791,
    43.95953416824341,
    43.722379207611084,
    43.97997856140137,
    43.158113956451416,
    42.4670934677124,
    41.3222074508667,
    40.152788162231445,
    39.00790214538574,
    38.32505941390991,
    38.059282302856445,
    38.34141492843628,
    43.16220283508301,
    37.39279508590698,
    36.031198501586914,
    35.008978843688965,
    33.90498161315918,
    32.84187316894531,
    32.621073722839355,
    32.322585582733154,
    30.793344974517822,
    30.519390106201172,
    29.456281661987305,
    29.182326793670654,
    30.24134635925293,
    31.823742389678955,
    28.32775115966797,
    25.98891258239746,
    26.28331184387207,
    29.72205877304077,
    24.85220432281494,
    24.27976131439209,
    29.484903812408447,
    23.66642951965332,
    22.157633304595947,
    21.25399112701416,
    22.497010231018066,
    21.56883478164673,
    46.977126598358154,
    19.630706310272217,
    19.606173038482666,
    19.324040412902832,
    20.248126983642578,
    18.669819831848145,
    20.268571376800537,
    19.283151626586914,
    44.32753324508667,
    19.258618354797363,
    20.264482498168945,
    45.18619775772095,
    20.27674913406372,
    19.29950714111328,
    20.27674913406372,
    20.215415954589844,
    21.20901346206665,
    22.21078872680664,
    48.42867851257324,
    23.376119136810303,
    23.102164268493652,
    23.69096279144287,
    24.242961406707764,
    24.537360668182373,
    27.767574787139893,
    29.701614379882812,
    29.46445941925049,
    29.730236530303955,
    29.165971279144287,
    29.427659511566162,
    30.776989459991455,
    31.533432006835938,
    32.367563247680664,
    34.44880247116089,
    36.9839072227478,
    56.16483688354492,
    40.89287519454956,
    37.67901659011841,
    36.26426458358765,
    36.70586347579956,
    36.70586347579956,
    37.00026273727417,
    37.66674995422363,
    38.34959268569946,
    39.0283465385437,
    39.788877964019775,
    40.45945405960083,
    40.676164627075195,
    42.540693283081055,
    42.27491617202759,
    43.35029125213623,
    44.39295530319214,
    44.42157745361328,
    45.386552810668945,
    47.206103801727295,
    46.433305740356445,
    47.435081005096436,
    48.42458963394165,
    47.6517915725708,
    48.24059009552002,
    48.21196794509888,
    48.88254404067993,
    50.15418529510498,
    49.798452854156494,
    50.117385387420654,
    50.13782978057861,
    50.51809549331665,
    51.188671588897705,
    51.532137393951416,
    52.19453573226929,
    52.0391583442688,
    53.09408903121948,
    52.91008949279785,
    53.08182239532471,
    52.73017883300781,
    52.22724676132202,
    52.574801445007324,
    52.897822856903076,
    52.95506715774536,
    52.55844593048096,
    52.75471210479736,
    53.24946641921997,
    53.09408903121948,
    53.24946641921997,
    53.576576709747314,
    53.75239849090576,
    53.60928773880005,
    54.60697412490845,
    54.831862449645996,
    54.95043992996216
  ],
  "timestamps": [
    0.010574817657470703,
    0.04133152961730957,
    0.07207560539245605,
    0.10279345512390137,
    0.13349103927612305,
    0.16415643692016602,
    0.19486498832702637,
    0.22554731369018555,
    0.2562134265899658,
    0.2868688106536865,
    0.3174731731414795,
    0.34804463386535645,
    0.3785567283630371,
    0.40906810760498047,
    0.43958449363708496,
    0.47011423110961914,
    0.5005776882171631,
    0.5309484004974365,
    0.5612914562225342,
    0.5915179252624512,
    0.6217572689056396,
    0.6519999504089355,
    0.6824829578399658,
    0.7125935554504395,
    0.742699146270752,
    0.7728118896484375,
    0.8028945922851562,
    0.8329205513000488,
    0.8628768920898438,
    0.8927640914916992,
    0.9225831031799316,
    0.9523599147796631,
    0.9821257591247559,
    1.0118720531463623,
    1.0419361591339111,
    1.071667194366455,
    1.1013209819793701,
    1.1309094429016113,
    1.1604299545288086,
    1.189887523651123,
    1.2193353176116943,
    1.2487828731536865,
    1.2781267166137695,
    1.3074102401733398,
    1.336674451828003,
    1.3659205436706543,
    1.3952839374542236,
    1.4248852729797363,
    1.4541277885437012,
    1.4832122325897217,
    1.5123155117034912,
    1.5415983200073242,
    1.5705981254577637,
    1.599592924118042,
    1.6288788318634033,
    1.6578054428100586,
    1.686645746231079,
    1.7154276371002197,
    1.744297742843628,
    1.7731225490570068,
    1.8034310340881348,
    1.8321409225463867,
    1.8608458042144775,
    1.8895189762115479,
    1.918248176574707,
    1.9468915462493896,
    1.9756429195404053,
    2.004331350326538,
    2.0344841480255127,
    2.0631649494171143,
    2.091895341873169,
    2.122074842453003,
    2.15081524848938,
    2.179507255554199,
    2.2082576751708984,
    2.2370052337646484,
    2.2658209800720215,
    2.29469633102417,
    2.3251230716705322,
    2.354064702987671,
    2.382988929748535,
    2.4120898246765137,
    2.4411773681640625,
    2.470211982727051,
    2.499417781829834,
    2.528717279434204,
    2.558027744293213,
    2.587386131286621,
    2.616694927215576,
    2.6460068225860596,
    2.6753854751586914,
    2.7047812938690186,
    2.7342286109924316,
    2.76379132270813,
    2.79349684715271,
    2.824319839477539,
    2.854278087615967,
    2.884025812149048,
    2.9136898517608643,
    2.9433796405792236,
    2.973069190979004,
    3.002772331237793,
    3.0325114727020264,
    3.06229567527771,
    3.0921409130096436,
    3.12200927734375,
    3.1519174575805664,
    3.181837320327759,
    3.2118704319000244,
    3.2418813705444336,
    3.271958351135254,
    3.302096128463745,
    3.332235336303711,
    3.362424850463867,
    3.3927924633026123,
    3.4231998920440674,
    3.453660011291504,
    3.4840898513793945,
    3.5144288539886475,
    3.544794797897339,
    3.5751564502716064,
    3.605565309524536,
    3.636043071746826,
    3.6664950847625732,
    3.6969666481018066,
    3.72743558883667,
    3.7579283714294434,
    3.78847599029541,
    3.819040298461914,
    3.849632740020752,
    3.8802144527435303,
    3.910848617553711,
    3.9414660930633545,
    3.972086191177368,
    4.002700090408325,
    4.033291339874268,
    4.063904285430908,
    4.094559192657471,
    4.1251959800720215,
    4.155805826187134,
    4.1864259243011475,
    4.217076778411865,
    4.247718095779419,
    4.278364181518555,
    4.309049606323242,
    4.339726448059082,
    4.37039589881897,
    4.401170492172241,
    4.431983947753906,
    4.4627485275268555
  ]
}