{
  "gesture_id": 5,
  "gesture_name": "press_once",
  "timestamp": "2025-12-24T14:54:07.794980",
  "sample_rate": 50,
  "duration": 3.0,
  "distances": [
    60.21691560745239,
    60.086071491241455,
    60.4622483253479,
    60.03700494766235,
    59.48091745376587,
    60.29460430145264,
    59.32962894439697,
    59.34189558029175,
    64.16677236557007,
    57.89034366607666,
    56.93354606628418,
    56.63505792617798,
    55.968570709228516,
    55.146706104278564,
    54.92590665817261,
    54.782795906066895,
    54.61924076080322,
    53.5847544670105,
    52.2395133972168,
    50.8411169052124,
    49.99880790710449,
    49.97836351394653,
    49.6471643447876,
    47.42690324783325,
    46.228861808776855,
    45.406997203826904,
    44.18851137161255,
    42.9659366607666,
    43.199002742767334,
    42.75331497192383,
    41.60434007644653,
    42.94140338897705,
    41.36309623718262,
    51.67933702468872,
    39.98923301696777,
    39.26959037780762,
    52.873289585113525,
    37.18017339706421,
    36.52186393737793,
    36.284708976745605,
    34.77591276168823,
    33.15262794494629,
    32.86640644073486,
    32.13858604431152,
    31.85645341873169,
    33.643293380737305,
    57.3219895362854,
    31.619298458099365,
    30.543923377990723,
    29.48899269104004,
    29.48899269104004,
    30.004191398620605,
    30.26179075241089,
    52.02280282974243,
    50.849294662475586,
    25.768113136291504,
    25.117981433868408,
    25.195670127868652,
    48.62494468688965,
    48.81303310394287,
    26.610422134399414,
    22.2312331199646,
    20.612037181854248,
    18.63710880279541,
    17.986977100372314,
    18.350887298583984,
    17.70484447479248,
    17.071068286895752,
    16.40866994857788,
    17.08742380142212,
    17.36137866973877,
    16.72351360321045,
    15.762627124786377,
    14.384675025939941,
    14.72405195236206,
    19.311773777008057,
    15.439605712890625,
    12.315702438354492,
    11.99268102645874,
    12.982189655303955,
    11.984503269195557,
    12.28708028793335,
    11.959969997406006,
    13.031256198883057,
    11.988592147827148,
    44.62602138519287,
    14.376497268676758,
    13.362455368041992,
    14.028942584991455,
    14.715874195098877,
    15.402805805206299,
    16.073381900787354,
    15.758538246154785,
    16.392314434051514,
    16.08973741531372,
    17.982888221740723,
    18.645286560058594,
    19.279062747955322,
    19.622528553009033,
    19.93328332901001,
    21.258080005645752,
    22.513365745544434,
    22.52563238143921,
    23.39656352996826,
    26.00935697555542,
    30.028724670410156,
    27.522242069244385,
    29.231393337249756,
    29.72205877304077,
    30.233168601989746,
    30.781078338623047,
    31.300365924835205,
    32.616984844207764,
    34.780001640319824,
    58.20518732070923,
    36.239731311798096,
    36.54639720916748,
    37.18017339706421,
    38.56630325317383,
    38.33732604980469,
    38.54176998138428,
    38.77074718475342,
    39.49856758117676,
    42.225849628448486,
    49.822986125946045,
    44.5605993270874,
    44.609665870666504,
    45.03490924835205,
    45.8077073097229,
    46.57641649246216,
    47.78263568878174,
    48.03614616394043,
    49.62671995162964,
    49.40183162689209,
    49.2464542388916,
    49.76165294647217,
    49.822986125946045,
    50.31365156173706,
    51.33587121963501,
    52.337646484375,
    52.869200706481934,
    53.59293222427368,
    53.76875400543213,
    53.92822027206421,
    54.966795444488525,
    55.10990619659424,
    55.81728219985962,
    56.79043531417847,
    57.75949954986572,
    58.057987689971924
  ],
  "timestamps": [
    0.010970115661621094,
    0.042115211486816406,
    0.07322859764099121,
    0.10430407524108887,
    0.13541221618652344,
    0.1664905548095703,
    0.19750118255615234,
    0.22852063179016113,
    0.2599174976348877,
    0.2908973693847656,
    0.32177066802978516,
    0.35262393951416016,
    0.38344383239746094,
    0.41420865058898926,
    0.44498229026794434,
    0.47573041915893555,
    0.5064675807952881,
    0.5371456146240234,
    0.5677387714385986,
    0.5982506275177002,
    0.6287276744842529,
    0.6592345237731934,
    0.6896829605102539,
    0.7199969291687012,
    0.7502427101135254,
    0.7804529666900635,
    0.8105807304382324,
    0.8406391143798828,
    0.8707261085510254,
    0.9007682800292969,
    0.9307401180267334,
    0.9607899188995361,
    0.9907505512237549,
    1.0213093757629395,
    1.0511846542358398,
    1.0810410976409912,
    1.1116700172424316,
    1.141404151916504,
    1.1710801124572754,
    1.2007415294647217,
    1.2303330898284912,
    1.2599129676818848,
    1.2894549369812012,
    1.3189020156860352,
    1.3483097553253174,
    1.3778493404388428,
    1.4087743759155273,
    1.4381744861602783,
    1.4675092697143555,
    1.4968078136444092,
    1.526090145111084,
    1.555389642715454,
    1.5847034454345703,
    1.615288257598877,
    1.6458148956298828,
    1.6748840808868408,
    1.7039012908935547,
    1.7329189777374268,
    1.7633025646209717,
    1.793703556060791,
    1.8228039741516113,
    1.8516485691070557,
    1.8803966045379639,
    1.9090397357940674,
    1.937662124633789,
    1.9663002490997314,
    1.994901418685913,
    2.0234532356262207,
    2.0519652366638184,
    2.0805091857910156,
    2.109081745147705,
    2.1376290321350098,
    2.166121244430542,
    2.1945271492004395,
    2.2229537963867188,
    2.2516753673553467,
    2.280225992202759,
    2.308525800704956,
    2.336824893951416,
    2.3651435375213623,
    2.3933939933776855,
    2.4217171669006348,
    2.4499926567077637,
    2.478323221206665,
    2.50658917427063,
    2.5367579460144043,
    2.565164566040039,
    2.5935120582580566,
    2.621899127960205,
    2.6504271030426025,
    2.6788861751556396,
    2.707374334335327,
    2.7358577251434326,
    2.7643864154815674,
    2.7928996086120605,
    2.821516275405884,
    2.8502073287963867,
    2.878882884979248,
    2.9075753688812256,
    2.9362952709198,
    2.965120792388916,
    2.9940195083618164,
    3.022895097732544,
    3.0518147945404053,
    3.0808768272399902,
    3.110172748565674,
    3.1393768787384033,
    3.168666124343872,
    3.1979711055755615,
    3.2273058891296387,
    3.256765127182007,
    3.2862024307250977,
    3.3156580924987793,
    3.345252513885498,
    3.3762218952178955,
    3.405902862548828,
    3.4356038570404053,
    3.465332508087158,
    3.4951305389404297,
    3.524913787841797,
    3.5547056198120117,
    3.58451247215271,
    3.6143620014190674,
    3.6443872451782227,
    3.674853801727295,
    3.704998254776001,
    3.73514461517334,
    3.7653136253356934,
    3.795614004135132,
    3.825890064239502,
    3.85624361038208,
    3.8865880966186523,
    3.9170312881469727,
    3.9474568367004395,
    3.9778714179992676,
    4.008317470550537,
    4.03877854347229,
    4.069256544113159,
    4.0997960567474365,
    4.130394220352173,
    4.161043405532837,
    4.19171142578125,
    4.222387075424194,
    4.253099679946899,
    4.283918619155884,
    4.314674377441406,
    4.345458269119263,
    4.376308441162109,
    4.407245635986328,
    4.4381773471832275
  ]
}