{
  "gesture_id": 5,
  "gesture_name": "press_once",
  "timestamp": "2025-12-23T16:04:47.473735",
  "sample_rate": 50,
  "duration": 3.0,
  "distances": [
    56.79043531417847,
    56.696391105651855,
    56.446969509124756,
    56.32021427154541,
    55.993103981018066,
    55.47381639480591,
    55.146706104278564,
    54.602885246276855,
    54.95452880859375,
    52.75062322616577,
    51.3399600982666,
    49.83116388320923,
    49.618542194366455,
    49.43045377731323,
    47.38192558288574,
    46.76450490951538,
    46.19615077972412,
    45.611441135406494,
    45.615530014038086,
    43.39118003845215,
    42.00913906097412,
    41.608428955078125,
    39.514923095703125,
    39.50265645980835,
    38.79936933517456,
    38.09199333190918,
    35.99848747253418,
    35.76542139053345,
    34.984445571899414,
    34.95991230010986,
    36.26835346221924,
    34.6941351890564,
    32.63334035873413,
    31.075477600097656,
    29.754769802093506,
    29.521703720092773,
    29.19868230819702,
    27.78393030166626,
    27.48953104019165,
    29.206860065460205,
    25.453269481658936,
    25.150692462921143,
    24.860382080078125,
    29.26410436630249,
    49.60627555847168,
    26.356911659240723,
    22.501099109649658,
    21.266257762908936,
    20.284926891326904,
    19.31995153427124,
    17.41044521331787,
    17.668044567108154,
    19.009196758270264,
    17.651689052581787,
    16.392314434051514,
    16.061115264892578,
    16.400492191314697,
    16.392314434051514,
    16.416847705841064,
    17.08742380142212,
    53.75648736953735,
    17.050623893737793,
    16.122448444366455,
    15.778982639312744,
    16.061115264892578,
    17.06697940826416,
    17.422711849212646,
    17.369556427001953,
    18.68208646774292,
    19.945549964904785,
    21.262168884277344,
    21.241724491119385,
    23.085808753967285,
    23.989450931549072,
    24.839937686920166,
    29.771125316619873,
    27.19513177871704,
    28.663039207458496,
    30.032813549041748,
    29.73841428756714,
    30.26179075241089,
    32.12631940841675,
    33.982670307159424,
    33.941781520843506,
    34.76773500442505,
    35.5405330657959,
    36.26426458358765,
    37.879371643066406,
    37.396883964538574,
    39.51083421707153,
    39.95243310928345,
    43.427979946136475,
    43.34620237350464,
    44.63011026382446,
    44.0126895904541,
    45.22299766540527,
    45.02673149108887,
    44.793665409088135,
    46.40059471130371,
    46.6541051864624,
    48.665833473205566,
    49.434542655944824,
    50.01925230026245,
    49.234187602996826,
    49.81480836868286,
    49.83525276184082,
    49.83525276184082,
    50.13782978057861,
    50.48947334289551,
    51.008760929107666,
    50.68165063858032,
    52.01871395111084,
    54.11221981048584,
    53.07364463806152,
    53.965020179748535,
    55.150794982910156,
    54.95861768722534,
    54.75417375564575,
    54.627418518066406,
    55.261194705963135,
    55.41657209396362,
    56.47150278091431,
    56.74954652786255,
    56.48376941680908,
    56.14030361175537,
    55.75594902038574,
    55.44928312301636,
    55.38794994354248,
    55.43292760848999,
    56.29159212112427,
    56.74954652786255,
    56.561458110809326,
    56.31203651428223,
    56.61461353302002,
    56.467413902282715,
    56.283414363861084,
    55.62101602554321,
    54.57426309585571,
    54.758262634277344,
    55.06901741027832,
    54.942262172698975,
    53.875064849853516,
    54.373908042907715,
    54.03861999511719,
    54.22261953353882,
    54.91364002227783,
    55.400216579437256,
    56.128036975860596,
    54.25124168395996,
    54.95452880859375
  ],
  "timestamps": [
    0.010774374008178711,
    0.041739463806152344,
    0.07265496253967285,
    0.10353279113769531,
    0.13436675071716309,
    0.1651625633239746,
    0.19593453407287598,
    0.22667479515075684,
    0.25743722915649414,
    0.2880699634552002,
    0.31860780715942383,
    0.34905099868774414,
    0.37947869300842285,
    0.4099080562591553,
    0.44022035598754883,
    0.470505952835083,
    0.5007760524749756,
    0.5309896469116211,
    0.5611932277679443,
    0.591271162033081,
    0.6212453842163086,
    0.651212215423584,
    0.681053638458252,
    0.7109487056732178,
    0.7407622337341309,
    0.7706151008605957,
    0.8004133701324463,
    0.8300783634185791,
    0.8596773147583008,
    0.8892827033996582,
    0.9189701080322266,
    0.9485394954681396,
    0.9779925346374512,
    1.007354497909546,
    1.0366356372833252,
    1.0659008026123047,
    1.0951473712921143,
    1.1243109703063965,
    1.153456687927246,
    1.1827003955841064,
    1.2117290496826172,
    1.2407565116882324,
    1.269775629043579,
    1.2990479469299316,
    1.32950758934021,
    1.358644723892212,
    1.3874902725219727,
    1.416273593902588,
    1.4450182914733887,
    1.4737119674682617,
    1.5022943019866943,
    1.530893087387085,
    1.559605598449707,
    1.5881836414337158,
    1.6166820526123047,
    1.6451754570007324,
    1.6737072467803955,
    1.7022361755371094,
    1.7307641506195068,
    1.7593224048614502,
    1.790064811706543,
    1.8187017440795898,
    1.8472778797149658,
    1.8758392333984375,
    1.9043991565704346,
    1.9329044818878174,
    1.961477279663086,
    1.9900436401367188,
    2.018684148788452,
    2.047398328781128,
    2.0761990547180176,
    2.104985237121582,
    2.133876323699951,
    2.1628332138061523,
    2.1918599605560303,
    2.2211663722991943,
    2.2503256797790527,
    2.2795839309692383,
    2.3088901042938232,
    2.338200569152832,
    2.367520570755005,
    2.396944046020508,
    2.42648983001709,
    2.4560186862945557,
    2.4856083393096924,
    2.5152289867401123,
    2.544893503189087,
    2.574651002883911,
    2.604381799697876,
    2.634235382080078,
    2.6641130447387695,
    2.694202423095703,
    2.724287271499634,
    2.754436731338501,
    2.78460955619812,
    2.814876079559326,
    2.8450767993927,
    2.8752777576446533,
    2.905540943145752,
    2.9358155727386475,
    2.966210126876831,
    2.9966602325439453,
    3.027132272720337,
    3.0575504302978516,
    3.088005304336548,
    3.1184587478637695,
    3.148914337158203,
    3.1793651580810547,
    3.2098617553710938,
    3.2403855323791504,
    3.270887613296509,
    3.3014607429504395,
    3.3321521282196045,
    3.362779140472412,
    3.393470287322998,
    3.424241065979004,
    3.45500111579895,
    3.4857594966888428,
    3.5164945125579834,
    3.54726243019104,
    3.578042507171631,
    3.60888671875,
    3.6397359371185303,
    3.6705710887908936,
    3.7013866901397705,
    3.732182264328003,
    3.762972593307495,
    3.7938833236694336,
    3.824740171432495,
    3.8555941581726074,
    3.8864598274230957,
    3.9173061847686768,
    3.9481232166290283,
    3.9789583683013916,
    4.009798765182495,
    4.0406293869018555,
    4.071422100067139,
    4.102166652679443,
    4.13292121887207,
    4.163679122924805,
    4.194430589675903,
    4.2251081466674805,
    4.255810737609863,
    4.2864930629730225,
    4.317195177078247,
    4.3479461669921875,
    4.378728866577148,
    4.409546613693237,
    4.440264463424683,
    4.471018552780151
  ]
}