{
  "gesture_id": 5,
  "gesture_name": "press_once",
  "timestamp": "2025-12-23T16:05:03.331765",
  "sample_rate": 50,
  "duration": 3.0,
  "distances": [
    57.48145580291748,
    57.78403282165527,
    57.489633560180664,
    58.03345441818237,
    58.60180854797363,
    58.88394117355347,
    58.02527666091919,
    58.221542835235596,
    57.74723291397095,
    57.51825571060181,
    57.36287832260132,
    59.89798307418823,
    56.6759467124939,
    56.921279430389404,
    55.29390573501587,
    52.54617929458618,
    51.54440402984619,
    51.004672050476074,
    50.505828857421875,
    49.97836351394653,
    48.592233657836914,
    49.05836582183838,
    46.862637996673584,
    46.412861347198486,
    45.611441135406494,
    44.818198680877686,
    43.6160683631897,
    50.485384464263916,
    42.97820329666138,
    41.85376167297363,
    39.75207805633545,
    38.149237632751465,
    37.421417236328125,
    37.40915060043335,
    36.25608682632446,
    36.02710962295532,
    35.20933389663696,
    35.00488996505737,
    33.43067169189453,
    33.17307233810425,
    32.35938549041748,
    32.073163986206055,
    31.823742389678955,
    30.81378936767578,
    29.795658588409424,
    29.231393337249756,
    29.501259326934814,
    28.380906581878662,
    27.796196937561035,
    27.19104290008545,
    27.501797676086426,
    30.028724670410156,
    51.70795917510986,
    52.38262414932251,
    50.207340717315674,
    26.287400722503662,
    29.78339195251465,
    29.251837730407715,
    25.682246685028076,
    23.09398651123047,
    23.106253147125244,
    20.918703079223633,
    20.922791957855225,
    20.93505859375,
    20.89008092880249,
    20.922791957855225,
    51.053738594055176,
    20.583415031433105,
    18.322265148162842,
    18.346798419952393,
    19.311773777008057,
    18.972396850585938,
    19.655239582061768,
    19.974172115325928,
    21.213102340698242,
    21.213102340698242,
    21.237635612487793,
    21.883678436279297,
    22.558343410491943,
    22.815942764282227,
    23.09398651123047,
    24.25522804260254,
    28.111040592193604,
    27.1665096282959,
    28.389084339141846,
    28.340017795562744,
    29.979658126831055,
    29.521703720092773,
    30.26179075241089,
    30.793344974517822,
    31.848275661468506,
    32.645606994628906,
    32.88685083389282,
    33.712804317474365,
    35.262489318847656,
    35.53644418716431,
    36.99617385864258,
    37.21288442611694,
    37.883460521698,
    38.59492540359497,
    40.447187423706055,
    40.222299098968506,
    40.12007713317871,
    40.68843126296997,
    40.89696407318115,
    43.74282360076904,
    42.974114418029785,
    42.769670486450195,
    42.98638105392456,
    43.99224519729614,
    44.63011026382446,
    44.180333614349365,
    44.62602138519287,
    44.998109340667725,
    45.411086082458496,
    47.17748165130615,
    47.19792604446411,
    47.65588045120239,
    48.616766929626465,
    48.232412338256836,
    49.459075927734375,
    48.81303310394287,
    49.962007999420166,
    50.15418529510498,
    49.982452392578125,
    50.2932071685791,
    50.15827417373657,
    50.800228118896484,
    51.20093822479248,
    51.03738307952881,
    51.38493776321411,
    51.67524814605713,
    52.01462507247925,
    52.41124629974365,
    53.06137800216675,
    52.554357051849365,
    53.27399969100952,
    53.5847544670105,
    53.80146503448486,
    54.0835976600647,
    54.25533056259155,
    54.439330101013184,
    54.623329639434814,
    54.623329639434814,
    55.126261711120605,
    55.60874938964844,
    56.63096904754639,
    56.76999092102051,
    56.16483688354492,
    56.33656978607178
  ],
  "timestamps": [
    0.010859251022338867,
    0.041860342025756836,
    0.07280921936035156,
    0.10377216339111328,
    0.134779691696167,
    0.16573023796081543,
    0.19668865203857422,
    0.22764134407043457,
    0.25856757164001465,
    0.28948068618774414,
    0.3203742504119873,
    0.3514115810394287,
    0.38225555419921875,
    0.41314053535461426,
    0.44392943382263184,
    0.4745638370513916,
    0.5051290988922119,
    0.5356550216674805,
    0.5661423206329346,
    0.5965919494628906,
    0.6269795894622803,
    0.6574108600616455,
    0.6876962184906006,
    0.7179546356201172,
    0.7482078075408936,
    0.7783675193786621,
    0.8084466457366943,
    0.8389379978179932,
    0.8690061569213867,
    0.8990004062652588,
    0.9289145469665527,
    0.9587900638580322,
    0.9885573387145996,
    1.0182857513427734,
    1.047999382019043,
    1.0776753425598145,
    1.1073167324066162,
    1.1369390487670898,
    1.1664738655090332,
    1.1959867477416992,
    1.225459098815918,
    1.2549161911010742,
    1.284343957901001,
    1.3137080669403076,
    1.3429980278015137,
    1.3722524642944336,
    1.4015185832977295,
    1.4307200908660889,
    1.4598884582519531,
    1.489020586013794,
    1.5181713104248047,
    1.5474820137023926,
    1.5780699253082275,
    1.6086981296539307,
    1.6391971111297607,
    1.6683006286621094,
    1.6975843906402588,
    1.7268362045288086,
    1.7558917999267578,
    1.7848050594329834,
    1.8137390613555908,
    1.8425283432006836,
    1.8713104724884033,
    1.9000799655914307,
    1.9288921356201172,
    1.9577751159667969,
    1.988356351852417,
    2.017148494720459,
    2.045788526535034,
    2.074476957321167,
    2.1031527519226074,
    2.131804943084717,
    2.1605138778686523,
    2.1892457008361816,
    2.2180471420288086,
    2.2468488216400146,
    2.2756900787353516,
    2.3045153617858887,
    2.333375930786133,
    2.36226487159729,
    2.3911993503570557,
    2.420180082321167,
    2.449382781982422,
    2.4785656929016113,
    2.5077755451202393,
    2.536970853805542,
    2.566274404525757,
    2.5956029891967773,
    2.6249372959136963,
    2.6543705463409424,
    2.6837873458862305,
    2.7132363319396973,
    2.7428488731384277,
    2.772382974624634,
    2.8019869327545166,
    2.83164381980896,
    2.861368417739868,
    2.8910841941833496,
    2.920905590057373,
    2.9508938789367676,
    2.9808456897735596,
    3.010751485824585,
    3.0406606197357178,
    3.07058048248291,
    3.1005115509033203,
    3.1306087970733643,
    3.16068434715271,
    3.190722703933716,
    3.220778703689575,
    3.2508902549743652,
    3.281036615371704,
    3.3111534118652344,
    3.3412930965423584,
    3.3714773654937744,
    3.401667594909668,
    3.431960344314575,
    3.4622554779052734,
    3.4926016330718994,
    3.5230119228363037,
    3.5533881187438965,
    3.5838522911071777,
    3.6142654418945312,
    3.644763469696045,
    3.67525315284729,
    3.705728530883789,
    3.7362239360809326,
    3.7667102813720703,
    3.7972352504730225,
    3.827787399291992,
    3.8583288192749023,
    3.8889074325561523,
    3.9195914268493652,
    3.9503822326660156,
    3.9811058044433594,
    4.011847019195557,
    4.042459011077881,
    4.073101758956909,
    4.10378885269165,
    4.134495258331299,
    4.165219068527222,
    4.195968866348267,
    4.226708173751831,
    4.257455110549927,
    4.288203001022339,
    4.318979978561401,
    4.349782705307007,
    4.380643606185913,
    4.41153883934021,
    4.442361354827881,
    4.473189353942871
  ]
}