{
  "gesture_id": 5,
  "gesture_name": "press_once",
  "timestamp": "2025-12-24T14:52:59.646907",
  "sample_rate": 50,
  "duration": 3.0,
  "distances": [
    56.532835960388184,
    58.102965354919434,
    56.81496858596802,
    53.781020641326904,
    56.52056932449341,
    56.79452419281006,
    56.07079267501831,
    53.97319793701172,
    53.11044454574585,
    52.2885799407959,
    52.27631330490112,
    52.280402183532715,
    52.90191173553467,
    51.88378095626831,
    50.006985664367676,
    49.83525276184082,
    48.81303310394287,
    48.28147888183594,
    47.69268035888672,
    47.046637535095215,
    46.457839012145996,
    46.26566171646118,
    46.07348442077637,
    44.041311740875244,
    43.836867809295654,
    44.43384408950806,
    43.23580265045166,
    42.09909439086914,
    41.88647270202637,
    40.721142292022705,
    40.467631816864014,
    39.79296684265137,
    41.66158437728882,
    36.992084980010986,
    36.3378643989563,
    37.67901659011841,
    37.46230602264404,
    36.06799840927124,
    36.26835346221924,
    35.27475595474243,
    34.739112854003906,
    33.7455153465271,
    49.9947190284729,
    36.50550842285156,
    32.163119316101074,
    31.08774423599243,
    29.255926609039307,
    30.045080184936523,
    29.542148113250732,
    29.771125316619873,
    30.51121234893799,
    29.26410436630249,
    26.888465881347656,
    24.909448623657227,
    25.19158124923706,
    23.126697540283203,
    22.795498371124268,
    21.290791034698486,
    20.91461420059204,
    21.61790132522583,
    19.93328332901001,
    18.38768720626831,
    19.005107879638672,
    17.050623893737793,
    17.708933353424072,
    17.06697940826416,
    16.11427068710327,
    15.431427955627441,
    15.410983562469482,
    15.766716003417969,
    14.073920249938965,
    12.687790393829346,
    13.718187808990479,
    12.323880195617676,
    11.951792240142822,
    13.023078441619873,
    12.000858783721924,
    11.984503269195557,
    13.027167320251465,
    12.348413467407227,
    12.671434879302979,
    14.082098007202148,
    14.073920249938965,
    15.06342887878418,
    16.118359565734863,
    16.106092929840088,
    17.058801651000977,
    16.739869117736816,
    16.146981716156006,
    18.669819831848145,
    17.737555503845215,
    19.037818908691406,
    19.970083236694336,
    22.25167751312256,
    26.630866527557373,
    22.807765007019043,
    25.457358360290527,
    27.19513177871704,
    26.361000537872314,
    26.32420063018799,
    27.203309535980225,
    29.46854829788208,
    29.509437084197998,
    30.83014488220215,
    31.33307695388794,
    33.22622776031494,
    35.06622314453125,
    36.30106449127197,
    36.29697561264038,
    36.27653121948242,
    36.26426458358765,
    36.70995235443115,
    37.66266107559204,
    39.081501960754395,
    40.017855167388916,
    41.39580726623535,
    42.769670486450195,
    43.43615770339966,
    43.42389106750488,
    44.77730989456177,
    46.204328536987305,
    47.66814708709717,
    48.05659055709839,
    49.847519397735596,
    50.72662830352783,
    50.65711736679077,
    51.393115520477295,
    52.07186937332153,
    52.758800983428955,
    53.81782054901123,
    53.985464572906494,
    54.16537523269653,
    54.304397106170654,
    55.33479452133179,
    56.18528127670288,
    56.68003559112549,
    56.68412446975708,
    56.66368007659912,
    56.66368007659912,
    57.14207887649536,
    59.09247398376465,
    57.968032360076904,
    58.654963970184326,
    59.382784366607666,
    58.82669687271118,
    60.11878252029419,
    59.2151403427124,
    58.98207426071167,
    61.21869087219238,
    59.9143385887146
  ],
  "timestamps": [
    0.010758638381958008,
    0.04181241989135742,
    0.07280540466308594,
    0.10352039337158203,
    0.13438701629638672,
    0.16526317596435547,
    0.1960911750793457,
    0.22679853439331055,
    0.2574136257171631,
    0.28800368309020996,
    0.31862401962280273,
    0.3492283821105957,
    0.37992262840270996,
    0.4108271598815918,
    0.44130992889404297,
    0.47176218032836914,
    0.502159833908081,
    0.5325381755828857,
    0.5628690719604492,
    0.5931639671325684,
    0.6234221458435059,
    0.6536693572998047,
    0.6838979721069336,
    0.7140393257141113,
    0.7441632747650146,
    0.7743077278137207,
    0.804394006729126,
    0.834402322769165,
    0.86440110206604,
    0.8943195343017578,
    0.9242293834686279,
    0.9541034698486328,
    0.9840800762176514,
    1.0137856006622314,
    1.0434494018554688,
    1.0731935501098633,
    1.102921724319458,
    1.1325876712799072,
    1.1622517108917236,
    1.1918535232543945,
    1.2214250564575195,
    1.250943660736084,
    1.2814116477966309,
    1.3110885620117188,
    1.3405258655548096,
    1.3698954582214355,
    1.3991727828979492,
    1.4285712242126465,
    1.4579145908355713,
    1.4873065948486328,
    1.5167083740234375,
    1.5459961891174316,
    1.5751442909240723,
    1.604172706604004,
    1.6332032680511475,
    1.6621026992797852,
    1.6909785270690918,
    1.7197818756103516,
    1.7485687732696533,
    1.7773854732513428,
    1.8060956001281738,
    1.8347218036651611,
    1.8634109497070312,
    1.8919825553894043,
    1.9206140041351318,
    1.949187994003296,
    1.9776954650878906,
    2.0061655044555664,
    2.0346322059631348,
    2.0631096363067627,
    2.091477155685425,
    2.119769811630249,
    2.148169755935669,
    2.176448106765747,
    2.204714298248291,
    2.233025312423706,
    2.261296033859253,
    2.2895896434783936,
    2.317922353744507,
    2.3462142944335938,
    2.374540090560913,
    2.4030494689941406,
    2.431511878967285,
    2.459973096847534,
    2.48858642578125,
    2.5170857906341553,
    2.545637369155884,
    2.5741801261901855,
    2.6026968955993652,
    2.631359338760376,
    2.6599583625793457,
    2.6886515617370605,
    2.717386245727539,
    2.7462480068206787,
    2.775402784347534,
    2.804307222366333,
    2.8333611488342285,
    2.8625264167785645,
    2.8916239738464355,
    2.920707941055298,
    2.949841260910034,
    2.9791102409362793,
    3.0083906650543213,
    3.037733793258667,
    3.067108154296875,
    3.0966005325317383,
    3.1262104511260986,
    3.1558992862701416,
    3.1856343746185303,
    3.215287446975708,
    3.24495005607605,
    3.2746212482452393,
    3.3043646812438965,
    3.3341915607452393,
    3.364074230194092,
    3.394061326980591,
    3.424161434173584,
    3.4544241428375244,
    3.484541177749634,
    3.5147132873535156,
    3.5449583530426025,
    3.575289249420166,
    3.6056575775146484,
    3.636115312576294,
    3.6666181087493896,
    3.697122573852539,
    3.727674722671509,
    3.758268117904663,
    3.7888834476470947,
    3.819567918777466,
    3.850273370742798,
    3.8809900283813477,
    3.911726951599121,
    3.9425010681152344,
    3.973323106765747,
    4.004175186157227,
    4.035017490386963,
    4.0658533573150635,
    4.096688985824585,
    4.127561330795288,
    4.1585564613342285,
    4.189489126205444,
    4.220472812652588,
    4.251482963562012,
    4.282458305358887,
    4.3135154247283936,
    4.344508647918701,
    4.3755106925964355,
    4.406717300415039,
    4.437798023223877
  ]
}