{
  "gesture_id": 5,
  "gesture_name": "press_once",
  "timestamp": "2025-12-23T16:03:40.710564",
  "sample_rate": 50,
  "duration": 3.0,
  "distances": [
    62.244999408721924,
    61.97922229766846,
    61.94651126861572,
    61.701178550720215,
    62.269532680511475,
    61.382246017456055,
    61.84428930282593,
    62.28588819503784,
    61.98740005493164,
    62.41264343261719,
    61.885178089141846,
    61.88926696777344,
    61.44357919692993,
    62.608909606933594,
    61.74206733703613,
    62.57210969924927,
    61.611223220825195,
    61.43949031829834,
    61.29637956619263,
    61.16962432861328,
    61.05104684829712,
    60.89975833892822,
    61.18189096450806,
    60.33140420913696,
    61.03469133377075,
    58.217453956604004,
    58.21336507797241,
    58.18883180618286,
    56.806790828704834,
    56.324303150177,
    55.833637714385986,
    56.63914680480957,
    54.74599599838257,
    53.09000015258789,
    52.210891246795654,
    52.2395133972168,
    56.524658203125,
    49.99880790710449,
    48.81303310394287,
    47.21837043762207,
    45.63188552856445,
    45.82815170288086,
    44.55651044845581,
    43.39526891708374,
    43.57517957687378,
    42.77375936508179,
    41.60025119781494,
    41.37536287307739,
    40.676164627075195,
    52.374446392059326,
    43.0150032043457,
    39.74798917770386,
    38.582658767700195,
    38.3823037147522,
    40.676164627075195,
    38.353681564331055,
    38.09608221054077,
    41.41216278076172,
    36.055731773376465,
    34.9926233291626,
    33.937692642211914,
    32.90320634841919,
    32.416629791259766,
    31.345343589782715,
    30.83014488220215,
    29.754769802093506,
    29.24365997314453,
    28.634417057037354,
    28.961527347564697,
    30.049169063568115,
    29.521703720092773,
    29.72205877304077,
    51.17640495300293,
    50.65711736679077,
    56.516480445861816,
    49.802541732788086,
    29.51761484146118,
    50.66938400268555,
    29.750680923461914,
    51.19684934616089,
    51.74475908279419,
    50.665295124053955,
    30.000102519989014,
    28.08241844177246,
    29.227304458618164,
    29.505348205566406,
    29.21912670135498,
    30.29041290283203,
    30.556190013885498,
    31.341254711151123,
    33.13218355178833,
    55.52288293838501,
    52.74244546890259,
    37.879371643066406,
    36.73039674758911,
    38.128793239593506,
    39.5271897315979,
    39.70710039138794,
    41.12594127655029,
    42.516160011291504,
    42.953670024871826,
    43.97997856140137,
    44.40113306045532,
    44.793665409088135,
    46.03259563446045,
    45.84450721740723,
    46.59686088562012,
    47.26334810256958,
    47.99525737762451,
    48.24059009552002,
    49.44272041320801,
    49.67987537384033,
    50.30956268310547,
    50.99649429321289,
    52.02689170837402,
    52.76288986206055,
    52.92644500732422,
    53.920042514801025,
    54.43524122238159,
    54.42706346511841,
    55.330705642700195,
    55.310261249542236,
    56.02172613143921,
    56.30385875701904,
    56.512391567230225,
    56.83950185775757,
    55.79683780670166,
    56.92945718765259,
    57.32607841491699,
    57.63274431228638,
    58.05389881134033,
    58.356475830078125,
    58.72856378555298,
    59.04340744018555,
    59.288740158081055,
    59.468650817871094,
    60.041093826293945,
    59.89389419555664,
    60.04518270492554,
    60.32322645187378,
    60.43771505355835,
    60.76482534408569,
    60.05336046218872,
    60.1637601852417,
    60.61762571334839,
    62.179577350616455,
    60.8629584312439,
    60.18420457839966,
    60.200560092926025,
    61.01424694061279
  ],
  "timestamps": [
    0.011055946350097656,
    0.04232335090637207,
    0.07352757453918457,
    0.10470438003540039,
    0.13590121269226074,
    0.16704344749450684,
    0.19819331169128418,
    0.22941327095031738,
    0.26058268547058105,
    0.2917802333831787,
    0.32294273376464844,
    0.35414552688598633,
    0.3852696418762207,
    0.4164543151855469,
    0.4476008415222168,
    0.47881531715393066,
    0.5099623203277588,
    0.5410964488983154,
    0.5722239017486572,
    0.6033451557159424,
    0.6345915794372559,
    0.665762186050415,
    0.6969132423400879,
    0.7279922962188721,
    0.759105920791626,
    0.7900445461273193,
    0.8209733963012695,
    0.8519115447998047,
    0.882775068283081,
    0.9136078357696533,
    0.9444124698638916,
    0.9752681255340576,
    1.0060129165649414,
    1.0366594791412354,
    1.0672521591186523,
    1.0978317260742188,
    1.1286582946777344,
    1.1591143608093262,
    1.189511775970459,
    1.2198386192321777,
    1.2500522136688232,
    1.2802815437316895,
    1.310434103012085,
    1.3405146598815918,
    1.370607852935791,
    1.4006483554840088,
    1.4306237697601318,
    1.460582971572876,
    1.490506649017334,
    1.5210936069488525,
    1.551149845123291,
    1.5809996128082275,
    1.6109087467193604,
    1.640838384628296,
    1.6708180904388428,
    1.7006769180297852,
    1.7304651737213135,
    1.7604329586029053,
    1.7901291847229004,
    1.819713830947876,
    1.849247932434082,
    1.878718376159668,
    1.9081377983093262,
    1.9375131130218506,
    1.966865062713623,
    1.996138095855713,
    2.0254197120666504,
    2.054661750793457,
    2.083901882171631,
    2.11321759223938,
    2.1424949169158936,
    2.1717607975006104,
    2.2023186683654785,
    2.2328436374664307,
    2.2637314796447754,
    2.2942540645599365,
    2.323517084121704,
    2.3540291786193848,
    2.3833107948303223,
    2.413844585418701,
    2.4444074630737305,
    2.4749295711517334,
    2.504244327545166,
    2.533435821533203,
    2.5626864433288574,
    2.5919573307037354,
    2.62127685546875,
    2.6506948471069336,
    2.6801156997680664,
    2.7096152305603027,
    2.7391164302825928,
    2.7699310779571533,
    2.8005800247192383,
    2.83036470413208,
    2.8600587844848633,
    2.8898355960845947,
    2.9196977615356445,
    2.949594259262085,
    2.979565382003784,
    3.0096166133880615,
    3.0396831035614014,
    3.0698018074035645,
    3.0999419689178467,
    3.1301097869873047,
    3.1603424549102783,
    3.190560817718506,
    3.2208492755889893,
    3.251169443130493,
    3.2815299034118652,
    3.3118977546691895,
    3.3423280715942383,
    3.3727738857269287,
    3.40325665473938,
    3.4338018894195557,
    3.4643847942352295,
    3.495008707046509,
    3.525646448135376,
    3.556345224380493,
    3.5870487689971924,
    3.617828845977783,
    3.648695945739746,
    3.679502010345459,
    3.7103235721588135,
    3.7411837577819824,
    3.772047281265259,
    3.802931547164917,
    3.8337903022766113,
    3.864659070968628,
    3.8955459594726562,
    3.926429033279419,
    3.9573543071746826,
    3.988302707672119,
    4.019275903701782,
    4.050268173217773,
    4.08127498626709,
    4.112290859222412,
    4.143342733383179,
    4.174363374710083,
    4.205407619476318,
    4.2364747524261475,
    4.267592906951904,
    4.2987213134765625,
    4.329777002334595,
    4.36083722114563,
    4.391911268234253,
    4.4230735301971436,
    4.454155445098877,
    4.485205173492432,
    4.516266107559204,
    4.5473949909210205
  ]
}