{
  "gesture_id": 5,
  "gesture_name": "press_once",
  "timestamp": "2025-12-23T16:03:56.723747",
  "sample_rate": 50,
  "duration": 3.0,
  "distances": [
    50.01107454299927,
    50.01107454299927,
    50.52218437194824,
    50.1460075378418,
    50.166451930999756,
    49.802541732788086,
    49.85569715499878,
    49.82707500457764,
    50.166451930999756,
    49.63080883026123,
    49.82707500457764,
    49.638986587524414,
    49.81889724731445,
    49.46316480636597,
    49.99063014984131,
    49.97018575668335,
    50.321829319000244,
    50.2932071685791,
    50.19098520278931,
    48.665833473205566,
    46.64592742919922,
    46.80130481719971,
    45.6073522567749,
    45.411086082458496,
    45.2107310295105,
    43.19082498550415,
    42.998647689819336,
    42.54478216171265,
    42.066383361816406,
    42.745137214660645,
    42.315804958343506,
    42.111361026763916,
    39.76025581359863,
    39.535367488861084,
    37.64221668243408,
    37.879371643066406,
    38.14514875411987,
    37.91208267211914,
    37.646305561065674,
    36.97981834411621,
    35.52417755126953,
    34.45289134979248,
    32.62516260147095,
    31.58658742904663,
    31.100010871887207,
    30.83014488220215,
    29.771125316619873,
    29.996013641357422,
    28.070151805877686,
    28.389084339141846,
    26.912999153137207,
    26.27922296524048,
    26.299667358398438,
    29.26410436630249,
    27.497708797454834,
    26.311933994293213,
    25.453269481658936,
    26.017534732818604,
    26.925265789031982,
    24.909448623657227,
    48.86209964752197,
    24.541449546813965,
    23.41291904449463,
    24.25931692123413,
    22.25576639175415,
    21.924567222595215,
    22.840476036071777,
    21.544301509857178,
    21.217191219329834,
    19.93328332901001,
    20.91052532196045,
    19.68386173248291,
    19.63479518890381,
    18.3427095413208,
    18.036043643951416,
    18.972396850585938,
    17.696666717529297,
    17.369556427001953,
    18.314087390899658,
    18.01968812942505,
    17.38182306289673,
    17.982888221740723,
    18.350887298583984,
    36.239731311798096,
    45.02673149108887,
    46.04077339172363,
    36.74675226211548,
    19.941461086273193,
    18.690264225006104,
    19.610261917114258,
    18.346798419952393,
    18.371331691741943,
    18.375420570373535,
    19.63479518890381,
    20.61612606048584,
    20.579326152801514,
    20.579326152801514,
    21.540212631225586,
    23.404741287231445,
    27.473175525665283,
    24.267494678497314,
    23.973095417022705,
    25.158870220184326,
    26.295578479766846,
    27.767574787139893,
    26.365089416503906,
    27.50997543334961,
    28.64668369293213,
    28.92472743988037,
    30.56027889251709,
    30.801522731781006,
    31.046855449676514,
    32.10996389389038,
    33.119916915893555,
    34.17484760284424,
    35.237956047058105,
    36.26835346221924,
    39.09785747528076,
    38.39048147201538,
    37.16381788253784,
    37.41732835769653,
    37.20470666885376,
    38.57448101043701,
    40.013766288757324,
    38.36594820022583,
    39.28185701370239,
    42.27491617202759,
    42.749226093292236,
    42.77784824371338,
    42.77784824371338,
    43.199002742767334,
    43.996334075927734,
    43.01091432571411,
    43.82869005203247,
    45.406997203826904,
    44.38886642456055,
    45.62370777130127,
    45.00628709793091,
    45.84859609603882,
    47.03028202056885,
    45.98761796951294,
    47.206103801727295,
    46.62139415740967,
    46.42103910446167,
    46.8053936958313,
    48.01570177078247,
    47.001659870147705,
    48.6004114151001,
    48.05659055709839,
    48.80485534667969
  ],
  "timestamps": [
    0.010380744934082031,
    0.04097270965576172,
    0.0715322494506836,
    0.10207104682922363,
    0.1325986385345459,
    0.16307950019836426,
    0.1935429573059082,
    0.22400426864624023,
    0.25449061393737793,
    0.2849602699279785,
    0.31544995307922363,
    0.34592461585998535,
    0.37641072273254395,
    0.4068770408630371,
    0.43737077713012695,
    0.4678843021392822,
    0.49857068061828613,
    0.5291011333465576,
    0.559624195098877,
    0.5900411605834961,
    0.620337724685669,
    0.6506309509277344,
    0.6808464527130127,
    0.7110309600830078,
    0.7412219047546387,
    0.7712702751159668,
    0.8013298511505127,
    0.8313381671905518,
    0.8613476753234863,
    0.8913815021514893,
    0.9213995933532715,
    0.9513814449310303,
    0.9812507629394531,
    1.0110878944396973,
    1.0408308506011963,
    1.0705697536468506,
    1.100346326828003,
    1.1300878524780273,
    1.1598360538482666,
    1.189563274383545,
    1.2191636562347412,
    1.2487189769744873,
    1.2782156467437744,
    1.3076398372650146,
    1.3370287418365479,
    1.3663737773895264,
    1.3957138061523438,
    1.4250187873840332,
    1.4542078971862793,
    1.4834768772125244,
    1.512704849243164,
    1.5418565273284912,
    1.5710010528564453,
    1.6002922058105469,
    1.6294515132904053,
    1.6585464477539062,
    1.6876375675201416,
    1.7167322635650635,
    1.7458832263946533,
    1.7749030590057373,
    1.8053128719329834,
    1.8342969417572021,
    1.8632080554962158,
    1.8921964168548584,
    1.9210805892944336,
    1.949941635131836,
    1.9788475036621094,
    2.007674217224121,
    2.0364842414855957,
    2.065213203430176,
    2.0940067768096924,
    2.1227242946624756,
    2.151444673538208,
    2.1800832748413086,
    2.2087273597717285,
    2.237408399581909,
    2.2660136222839355,
    2.2945969104766846,
    2.3232991695404053,
    2.351947784423828,
    2.3805551528930664,
    2.4092113971710205,
    2.43786358833313,
    2.4675776958465576,
    2.4978981018066406,
    2.528228759765625,
    2.557969808578491,
    2.5867013931274414,
    2.615370035171509,
    2.6440863609313965,
    2.672750949859619,
    2.7014012336730957,
    2.730046272277832,
    2.7587814331054688,
    2.787583351135254,
    2.8163774013519287,
    2.845172882080078,
    2.874027729034424,
    2.9029858112335205,
    2.9321987628936768,
    2.9612202644348145,
    2.990178346633911,
    3.0191967487335205,
    3.0483312606811523,
    3.077505350112915,
    3.106616497039795,
    3.1357927322387695,
    3.1650233268737793,
    3.194249391555786,
    3.223583698272705,
    3.2529687881469727,
    3.282330274581909,
    3.311774253845215,
    3.341273784637451,
    3.3708746433258057,
    3.400479555130005,
    3.4301393032073975,
    3.459965229034424,
    3.489799976348877,
    3.5195963382720947,
    3.5493390560150146,
    3.579080104827881,
    3.6088778972625732,
    3.638761520385742,
    3.6685492992401123,
    3.6984047889709473,
    3.7284176349639893,
    3.7584540843963623,
    3.788501024246216,
    3.818561315536499,
    3.8486251831054688,
    3.87873911857605,
    3.9087908267974854,
    3.9389030933380127,
    3.969104290008545,
    3.9992475509643555,
    4.0294554233551025,
    4.059608697891235,
    4.089827537536621,
    4.120116949081421,
    4.150348424911499,
    4.180658340454102,
    4.210904121398926,
    4.241161108016968,
    4.271417140960693,
    4.301763296127319,
    4.332049608230591,
    4.362431526184082,
    4.3927881717681885,
    4.423165321350098
  ]
}