{
  "gesture_id": 5,
  "gesture_name": "press_once",
  "timestamp": "2025-12-23T16:01:46.764788",
  "sample_rate": 50,
  "duration": 3.0,
  "distances": [
    44.973576068878174,
    44.5605993270874,
    46.36788368225098,
    45.59508562088013,
    45.15348672866821,
    45.75455188751221,
    45.386552810668945,
    45.590996742248535,
    45.19846439361572,
    46.183884143829346,
    46.179795265197754,
    45.57873010635376,
    45.75455188751221,
    45.366108417510986,
    45.77908515930176,
    44.34797763824463,
    42.94140338897705,
    43.74282360076904,
    42.246294021606445,
    43.587446212768555,
    41.109585762023926,
    40.16505479812622,
    39.50674533843994,
    38.807547092437744,
    38.98745775222778,
    38.79528045654297,
    53.053200244903564,
    37.879371643066406,
    36.95937395095825,
    36.95937395095825,
    36.943018436431885,
    36.43190860748291,
    35.96986532211304,
    34.72684621810913,
    34.211647510528564,
    33.13627243041992,
    32.62925148010254,
    32.073163986206055,
    31.574320793151855,
    31.574320793151855,
    30.249524116516113,
    31.08774423599243,
    30.474412441253662,
    30.004191398620605,
    29.51761484146118,
    51.66298151016235,
    50.26049613952637,
    50.64893960952759,
    50.12965202331543,
    50.436317920684814,
    29.76703643798828,
    29.746592044830322,
    26.311933994293213,
    28.912460803985596,
    23.39247465133667,
    23.969006538391113,
    23.081719875335693,
    22.19034433364868,
    20.93505859375,
    20.881903171539307,
    20.881903171539307,
    19.597995281219482,
    19.647061824798584,
    19.61843967437744,
    18.29773187637329,
    19.005107879638672,
    19.630706310272217,
    18.027865886688232,
    19.009196758270264,
    18.645286560058594,
    17.353200912475586,
    17.377734184265137,
    16.993379592895508,
    17.026090621948242,
    16.739869117736816,
    16.416847705841064,
    16.077470779418945,
    15.774893760681152,
    15.06342887878418,
    16.04475975036621,
    15.774893760681152,
    16.52315855026245,
    16.400492191314697,
    15.390539169311523,
    15.42733907699585,
    16.437292098999023,
    14.732229709625244,
    15.079784393310547,
    15.443694591522217,
    15.758538246154785,
    16.719424724578857,
    16.43320322036743,
    16.396403312683105,
    16.06520414352417,
    17.050623893737793,
    18.011510372161865,
    18.99693012237549,
    18.624842166900635,
    19.6388840675354,
    21.585190296173096,
    48.01570177078247,
    47.62725830078125,
    23.400652408599854,
    24.586427211761475,
    24.32882785797119,
    27.518153190612793,
    25.158870220184326,
    26.62268877029419,
    30.29041290283203,
    37.66674995422363,
    32.13449716567993,
    30.01236915588379,
    31.868720054626465,
    31.61112070083618,
    32.142674922943115,
    31.864631175994873,
    31.61112070083618,
    32.093608379364014,
    31.819653511047363,
    32.367563247680664,
    33.45111608505249,
    33.97040367126465,
    33.92133712768555,
    34.47742462158203,
    35.5405330657959,
    36.04346513748169,
    36.95528507232666,
    36.22746467590332,
    37.20470666885376,
    37.15564012527466,
    39.240968227386475,
    38.2800817489624,
    38.35777044296265,
    38.75439167022705,
    40.8724308013916,
    41.338562965393066,
    40.16914367675781,
    40.68434238433838,
    41.543006896972656,
    42.50798225402832,
    42.96184778213501,
    43.75509023666382,
    44.55651044845581,
    44.33571100234985,
    43.80415678024292,
    45.34566402435303,
    45.1616644859314,
    44.96539831161499,
    45.19437551498413,
    44.94086503982544
  ],
  "timestamps": [
    0.010098695755004883,
    0.0404207706451416,
    0.07077765464782715,
    0.10105133056640625,
    0.13126635551452637,
    0.16150450706481934,
    0.1917099952697754,
    0.22192120552062988,
    0.2521092891693115,
    0.2823758125305176,
    0.3126239776611328,
    0.3428308963775635,
    0.3730497360229492,
    0.4032776355743408,
    0.43369460105895996,
    0.4638786315917969,
    0.49397706985473633,
    0.5240874290466309,
    0.5541090965270996,
    0.5842030048370361,
    0.6141455173492432,
    0.6440353393554688,
    0.6738824844360352,
    0.703693151473999,
    0.7335422039031982,
    0.7633607387542725,
    0.7939965724945068,
    0.8237528800964355,
    0.8534500598907471,
    0.8831527233123779,
    0.9128608703613281,
    0.9425594806671143,
    0.9722099304199219,
    1.0017881393432617,
    1.0313355922698975,
    1.0608148574829102,
    1.0902650356292725,
    1.119682788848877,
    1.1490862369537354,
    1.1784734725952148,
    1.2077891826629639,
    1.2371647357940674,
    1.266493558883667,
    1.295814037322998,
    1.3251256942749023,
    1.3556883335113525,
    1.3861918449401855,
    1.416748046875,
    1.4473319053649902,
    1.4778501987457275,
    1.507127046585083,
    1.5364336967468262,
    1.565521240234375,
    1.5947442054748535,
    1.623671531677246,
    1.6526339054107666,
    1.6815295219421387,
    1.7103536128997803,
    1.739121437072754,
    1.7678883075714111,
    1.7966501712799072,
    1.8253369331359863,
    1.8540253639221191,
    1.8827400207519531,
    1.911383867263794,
    1.9400599002838135,
    1.9687588214874268,
    1.997361421585083,
    2.0260021686553955,
    2.0546953678131104,
    2.0832839012145996,
    2.111870288848877,
    2.1404268741607666,
    2.1689765453338623,
    2.197481393814087,
    2.225987195968628,
    2.254453182220459,
    2.282968044281006,
    2.311393976211548,
    2.3398773670196533,
    2.368399143218994,
    2.3969593048095703,
    2.4255948066711426,
    2.454132080078125,
    2.4826278686523438,
    2.5112144947052,
    2.539635181427002,
    2.5681345462799072,
    2.5966477394104004,
    2.625148057937622,
    2.6537294387817383,
    2.682252883911133,
    2.7107677459716797,
    2.7392585277557373,
    2.7678017616271973,
    2.79640793800354,
    2.825065851211548,
    2.8537020683288574,
    2.882469415664673,
    2.911318302154541,
    2.9416956901550293,
    2.9720242023468018,
    3.0009562969207764,
    3.029921531677246,
    3.058889865875244,
    3.0880422592163086,
    3.1170685291290283,
    3.146167039871216,
    3.1754887104034424,
    3.20524525642395,
    3.234691858291626,
    3.264014720916748,
    3.2934932708740234,
    3.322890043258667,
    3.352313995361328,
    3.381718873977661,
    3.411165475845337,
    3.4407575130462646,
    3.47021484375,
    3.49971342086792,
    3.5292210578918457,
    3.5587518215179443,
    3.5882837772369385,
    3.617842197418213,
    3.6474649906158447,
    3.6771156787872314,
    3.7068428993225098,
    3.7364985942840576,
    3.766221284866333,
    3.795936346054077,
    3.825774908065796,
    3.855552911758423,
    3.885347366333008,
    3.915186882019043,
    3.9451210498809814,
    3.975079298019409,
    4.004971027374268,
    4.034886598587036,
    4.0648558139801025,
    4.094894647598267,
    4.124966382980347,
    4.155062913894653,
    4.185206413269043,
    4.215334415435791,
    4.24544882774353,
    4.275639533996582,
    4.305822849273682,
    4.335983037948608,
    4.366166591644287,
    4.396339178085327
  ]
}