{
  "gesture_id": 5,
  "gesture_name": "press_once",
  "timestamp": "2025-12-24T14:50:40.218612",
  "sample_rate": 50,
  "duration": 3.0,
  "distances": [
    49.12787675857544,
    48.637211322784424,
    48.28147888183594,
    48.228323459625244,
    48.297834396362305,
    47.24290370941162,
    48.06067943572998,
    46.862637996673584,
    46.617305278778076,
    46.23703956604004,
    46.83401584625244,
    45.451974868774414,
    45.46833038330078,
    44.40113306045532,
    43.840956687927246,
    43.59562397003174,
    43.45660209655762,
    43.23989152908325,
    41.16683006286621,
    40.48398733139038,
    41.14638566970825,
    39.776611328125,
    39.0774130821228,
    38.41501474380493,
    37.22923994064331,
    44.454288482666016,
    38.4313702583313,
    37.22106218338013,
    36.99617385864258,
    34.26889181137085,
    33.9949369430542,
    33.72507095336914,
    38.16559314727783,
    32.69467353820801,
    31.075477600097656,
    30.850589275360107,
    29.231393337249756,
    28.08241844177246,
    27.820730209350586,
    29.23957109451294,
    25.75993537902832,
    24.582338333129883,
    24.30020570755005,
    24.022161960601807,
    23.703229427337646,
    22.50518798828125,
    23.155319690704346,
    22.791409492492676,
    20.612037181854248,
    20.657014846801758,
    20.289015769958496,
    21.282613277435303,
    20.91052532196045,
    20.587503910064697,
    19.95372772216797,
    42.77375936508179,
    39.858388900756836,
    20.930969715118408,
    20.27266025543213,
    20.61612606048584,
    21.61381244659424,
    22.546076774597168,
    20.947325229644775,
    22.497010231018066,
    25.75584650039673,
    26.050245761871338,
    26.340556144714355,
    25.453269481658936,
    26.340556144714355,
    28.061974048614502,
    27.775752544403076,
    28.360462188720703,
    29.73841428756714,
    30.327212810516357,
    31.320810317993164,
    32.37982988357544,
    33.45111608505249,
    34.510135650634766,
    35.54871082305908,
    36.02710962295532,
    37.45003938674927,
    38.38639259338379,
    40.9214973449707,
    41.87420606613159,
    43.99224519729614,
    44.38068866729736,
    43.44024658203125,
    44.67099905014038,
    44.42566633224487,
    45.03899812698364,
    46.03668451309204,
    45.64824104309082,
    47.46370315551758,
    47.4514365196228,
    47.83579111099243,
    47.823524475097656,
    48.28556776046753,
    48.66992235183716,
    49.06654357910156,
    49.483609199523926,
    49.85160827636719,
    49.81889724731445,
    50.17054080963135,
    50.4935622215271,
    50.89836120605469,
    51.213204860687256,
    51.90831422805786,
    52.599334716796875,
    52.95097827911377,
    52.76288986206055,
    52.938711643218994,
    52.76288986206055,
    52.918267250061035,
    53.10635566711426,
    52.918267250061035,
    53.417110443115234,
    53.601109981536865,
    53.79328727722168,
    54.30030822753906,
    53.96093130111694,
    54.15310859680176,
    54.29621934890747,
    54.467952251434326,
    54.631507396698,
    54.67648506164551,
    54.353463649749756,
    54.81550693511963,
    54.31666374206543,
    55.126261711120605,
    54.627418518066406,
    54.10813093185425,
    53.95275354385376,
    54.29621934890747,
    54.14084196090698,
    54.48430776596069,
    54.32075262069702,
    53.82190942764282,
    54.16128635406494,
    54.51701879501343,
    54.50066328048706,
    54.80324029922485,
    55.1303505897522,
    56.83541297912598,
    54.1326642036438,
    54.80324029922485,
    54.668307304382324,
    54.61924076080322,
    53.621554374694824,
    53.62973213195801,
    53.421199321746826
  ],
  "timestamps": [
    0.010338783264160156,
    0.04086947441101074,
    0.07140278816223145,
    0.10183858871459961,
    0.1322627067565918,
    0.16259098052978516,
    0.1929636001586914,
    0.2232494354248047,
    0.25354552268981934,
    0.2837989330291748,
    0.31407642364501953,
    0.34427595138549805,
    0.3744933605194092,
    0.4046320915222168,
    0.4347398281097412,
    0.4648284912109375,
    0.49490833282470703,
    0.5249710083007812,
    0.5549395084381104,
    0.5848450660705566,
    0.6147940158843994,
    0.6446597576141357,
    0.6744816303253174,
    0.704279899597168,
    0.7340004444122314,
    0.7641417980194092,
    0.7939355373382568,
    0.8236544132232666,
    0.8534362316131592,
    0.8831264972686768,
    0.9126796722412109,
    0.9422168731689453,
    0.9720122814178467,
    1.0014963150024414,
    1.0308763980865479,
    1.060250997543335,
    1.0895164012908936,
    1.118701457977295,
    1.1478679180145264,
    1.1771228313446045,
    1.2061796188354492,
    1.2351624965667725,
    1.264122486114502,
    1.293074607849121,
    1.3220040798187256,
    1.350862741470337,
    1.3797626495361328,
    1.4086618423461914,
    1.437391757965088,
    1.4661622047424316,
    1.494896411895752,
    1.5237038135528564,
    1.5524728298187256,
    1.5812294483184814,
    1.6099622249603271,
    1.6400294303894043,
    1.6700053215026855,
    1.6987965106964111,
    1.7275331020355225,
    1.7562992572784424,
    1.785118579864502,
    1.8140029907226562,
    1.8427894115447998,
    1.8717372417449951,
    1.9009132385253906,
    1.9300158023834229,
    1.9591343402862549,
    1.9881927967071533,
    2.0173003673553467,
    2.046510696411133,
    2.075700283050537,
    2.1048996448516846,
    2.1341967582702637,
    2.163530111312866,
    2.1929283142089844,
    2.2223854064941406,
    2.2519049644470215,
    2.2814853191375732,
    2.3111326694488525,
    2.3408043384552,
    2.3705523014068604,
    2.4003546237945557,
    2.4303109645843506,
    2.4603278636932373,
    2.4904909133911133,
    2.5206494331359863,
    2.550718307495117,
    2.580888032913208,
    2.6110432147979736,
    2.6412363052368164,
    2.67148494720459,
    2.7017390727996826,
    2.73207688331604,
    2.762411594390869,
    2.792767286300659,
    2.8231148719787598,
    2.853543281555176,
    2.8840105533599854,
    2.914790630340576,
    2.9453485012054443,
    2.9758477210998535,
    3.0063295364379883,
    3.0368289947509766,
    3.067347526550293,
    3.097886562347412,
    3.128448247909546,
    3.159019708633423,
    3.1896278858184814,
    3.220262289047241,
    3.250894784927368,
    3.2815332412719727,
    3.312176465988159,
    3.342820167541504,
    3.373466968536377,
    3.404101848602295,
    3.4347615242004395,
    3.4654247760772705,
    3.496093988418579,
    3.5268023014068604,
    3.557497024536133,
    3.588202476501465,
    3.6189372539520264,
    3.649665117263794,
    3.6804046630859375,
    3.711151361465454,
    3.7418594360351562,
    3.7726073265075684,
    3.803305149078369,
    3.834073305130005,
    3.864840269088745,
    3.8956198692321777,
    3.926356792449951,
    3.9570324420928955,
    3.9877443313598633,
    4.018474340438843,
    4.049188852310181,
    4.079863548278809,
    4.110574007034302,
    4.141294002532959,
    4.172024965286255,
    4.202779293060303,
    4.233561277389526,
    4.264424085617065,
    4.295129776000977,
    4.325875282287598,
    4.356626033782959,
    4.387352466583252,
    4.4180097579956055,
    4.448691129684448,
    4.479376792907715
  ]
}