{
  "gesture_id": 5,
  "gesture_name": "press_once",
  "timestamp": "2025-12-23T15:59:07.727866",
  "sample_rate": 50,
  "duration": 3.0,
  "distances": [
    56.8722128868103,
    56.86403512954712,
    56.89674615859985,
    56.88856840133667,
    56.46332502365112,
    56.47968053817749,
    56.89265727996826,
    56.93763494491577,
    56.76999092102051,
    56.79452419281006,
    56.63096904754639,
    56.6227912902832,
    56.61461353302002,
    56.64323568344116,
    56.00128173828125,
    55.85817098617554,
    55.63328266143799,
    54.97088432312012,
    55.968570709228516,
    53.47026586532593,
    51.72840356826782,
    50.31774044036865,
    49.38547611236572,
    48.068857192993164,
    47.230637073516846,
    47.21428155899048,
    46.433305740356445,
    44.842731952667236,
    43.38709115982056,
    43.795979022979736,
    43.17038059234619,
    42.974114418029785,
    40.68843126296997,
    39.73572254180908,
    39.776611328125,
    37.196528911590576,
    37.241506576538086,
    36.02302074432373,
    35.91262102127075,
    36.06390953063965,
    36.24790906906128,
    36.31333112716675,
    38.811635971069336,
    50.1460075378418,
    36.06799840927124,
    33.45111608505249,
    32.13449716567993,
    31.619298458099365,
    30.572545528411865,
    30.028724670410156,
    29.46854829788208,
    30.33130168914795,
    29.48899269104004,
    29.525792598724365,
    29.521703720092773,
    28.066062927246094,
    28.070151805877686,
    28.89610528945923,
    28.066062927246094,
    49.822986125946045,
    49.6471643447876,
    48.616766929626465,
    24.001717567443848,
    22.533810138702393,
    21.89185619354248,
    20.95550298690796,
    20.967769622802734,
    19.929194450378418,
    19.013285636901855,
    18.015599250793457,
    18.011510372161865,
    18.68208646774292,
    18.0442214012146,
    18.015599250793457,
    17.982888221740723,
    18.36724281311035,
    18.68208646774292,
    18.669819831848145,
    18.992841243743896,
    20.607948303222656,
    22.811853885650635,
    23.404741287231445,
    23.41291904449463,
    26.062512397766113,
    30.06143569946289,
    36.24382019042969,
    30.04099130630493,
    49.7943639755249,
    33.438849449157715,
    36.534130573272705,
    33.71689319610596,
    33.414316177368164,
    33.92951488494873,
    35.77768802642822,
    36.27244234085083,
    36.72221899032593,
    38.10834884643555,
    39.06923532485962,
    39.07332420349121,
    39.31865692138672,
    39.98514413833618,
    40.64754247665405,
    42.520248889923096,
    44.4133996963501,
    43.816423416137695,
    44.000422954559326,
    44.60557699203491,
    45.202553272247314,
    45.81179618835449,
    45.82406282424927,
    49.0460991859436,
    47.82761335372925,
    47.41463661193848,
    46.99348211288452,
    47.435081005096436,
    48.83347749710083,
    48.8498330116272,
    48.841655254364014,
    48.82938861846924,
    49.205565452575684,
    49.6471643447876,
    49.96609687805176,
    50.301384925842285,
    50.31774044036865,
    50.67756175994873,
    51.01284980773926,
    51.38493776321411,
    51.71613693237305,
    52.897822856903076,
    53.282177448272705,
    53.11044454574585,
    52.897822856903076,
    53.102266788482666,
    53.625643253326416,
    54.09586429595947,
    53.781020641326904,
    53.9323091506958,
    54.30030822753906,
    54.45159673690796,
    55.16306161880493,
    55.99719285964966,
    55.84590435028076,
    55.66599369049072,
    55.490171909332275,
    55.66190481185913,
    56.328392028808594,
    56.49603605270386,
    56.806790828704834,
    56.536924839019775,
    57.170701026916504
  ],
  "timestamps": [
    0.010782480239868164,
    0.04176139831542969,
    0.07270312309265137,
    0.10359859466552734,
    0.13445758819580078,
    0.16528725624084473,
    0.19615578651428223,
    0.2270216941833496,
    0.2578704357147217,
    0.28870320320129395,
    0.3195490837097168,
    0.35041379928588867,
    0.38124775886535645,
    0.41210484504699707,
    0.44292616844177246,
    0.4737405776977539,
    0.504523515701294,
    0.5353212356567383,
    0.5662744045257568,
    0.5969381332397461,
    0.6275017261505127,
    0.6579978466033936,
    0.6884241104125977,
    0.7187821865081787,
    0.7490935325622559,
    0.77937912940979,
    0.8096339702606201,
    0.8397805690765381,
    0.869866132736206,
    0.8999526500701904,
    0.9300191402435303,
    0.9600558280944824,
    0.9899845123291016,
    1.019836187362671,
    1.049724817276001,
    1.0794262886047363,
    1.10914945602417,
    1.138784646987915,
    1.168428897857666,
    1.1980617046356201,
    1.2277443408966064,
    1.2574121952056885,
    1.2872037887573242,
    1.317673683166504,
    1.3473031520843506,
    1.3768022060394287,
    1.4062614440917969,
    1.4356563091278076,
    1.4649968147277832,
    1.4943008422851562,
    1.5236210823059082,
    1.5531678199768066,
    1.5827014446258545,
    1.61204195022583,
    1.6413469314575195,
    1.6705522537231445,
    1.6997427940368652,
    1.7289793491363525,
    1.7581603527069092,
    1.788619041442871,
    1.8190453052520752,
    1.849433183670044,
    1.8783652782440186,
    1.9072275161743164,
    1.9360408782958984,
    1.9648308753967285,
    1.9936048984527588,
    2.022343397140503,
    2.0510289669036865,
    2.079638719558716,
    2.1082375049591064,
    2.136873245239258,
    2.1654579639434814,
    2.194065809249878,
    2.222665548324585,
    2.251286029815674,
    2.2799336910247803,
    2.3085997104644775,
    2.3372578620910645,
    2.366032361984253,
    2.394932508468628,
    2.4238882064819336,
    2.4528238773345947,
    2.481919765472412,
    2.5112533569335938,
    2.541016101837158,
    2.5704212188720703,
    2.600919246673584,
    2.63047194480896,
    2.660184860229492,
    2.689749240875244,
    2.7192795276641846,
    2.7488322257995605,
    2.778489828109741,
    2.808176040649414,
    2.8378891944885254,
    2.8676891326904297,
    2.8975563049316406,
    2.927405595779419,
    2.9572722911834717,
    2.9871838092803955,
    3.0171258449554443,
    3.0471808910369873,
    3.0773465633392334,
    3.1074788570404053,
    3.1376125812530518,
    3.16778302192688,
    3.197988748550415,
    3.2282395362854004,
    3.258513927459717,
    3.2889528274536133,
    3.319334030151367,
    3.3497369289398193,
    3.3800556659698486,
    3.4103965759277344,
    3.440904140472412,
    3.4713058471679688,
    3.5016915798187256,
    3.53216814994812,
    3.562868118286133,
    3.5933687686920166,
    3.6238200664520264,
    3.6543004512786865,
    3.68475341796875,
    3.715242862701416,
    3.7457945346832275,
    3.7763285636901855,
    3.806859254837036,
    3.8375163078308105,
    3.8681893348693848,
    3.898838996887207,
    3.9294941425323486,
    3.9601590633392334,
    3.9908487796783447,
    4.021558523178101,
    4.05223536491394,
    4.082918882369995,
    4.113615274429321,
    4.144335985183716,
    4.175122022628784,
    4.205941677093506,
    4.236768960952759,
    4.267566919326782,
    4.298351764678955,
    4.329147100448608,
    4.359974384307861,
    4.390803098678589,
    4.421644926071167,
    4.452492713928223,
    4.483384132385254
  ]
}