{
  "gesture_id": 5,
  "gesture_name": "press_once",
  "timestamp": "2025-12-23T16:02:52.507719",
  "sample_rate": 50,
  "duration": 3.0,
  "distances": [
    54.79506254196167,
    54.7787070274353,
    54.31257486343384,
    53.79328727722168,
    54.079508781433105,
    53.91186475753784,
    53.2331109046936,
    53.4334659576416,
    53.06546688079834,
    53.057289123535156,
    52.55026817321777,
    52.06369161605835,
    51.5403151512146,
    51.02511644363403,
    50.530362129211426,
    50.01516342163086,
    49.78618621826172,
    48.63312244415283,
    47.83987998962402,
    47.62725830078125,
    46.408772468566895,
    46.204328536987305,
    45.05126476287842,
    46.44148349761963,
    45.81179618835449,
    46.04077339172363,
    43.20718050003052,
    43.427979946136475,
    43.17038059234619,
    53.74830961227417,
    51.3890266418457,
    42.98638105392456,
    39.310479164123535,
    38.54994773864746,
    37.4336838722229,
    37.171995639801025,
    36.26426458358765,
    36.080265045166016,
    34.96809005737305,
    33.97858142852783,
    33.67600440979004,
    32.63334035873413,
    32.38391876220703,
    32.10996389389038,
    30.56436777114868,
    30.045080184936523,
    29.53397035598755,
    29.754769802093506,
    30.298590660095215,
    29.497170448303223,
    27.133798599243164,
    29.235482215881348,
    26.651310920715332,
    27.48953104019165,
    29.19868230819702,
    24.889004230499268,
    26.046156883239746,
    27.174687385559082,
    27.452731132507324,
    23.363852500915527,
    22.546076774597168,
    21.20492458343506,
    21.213102340698242,
    22.223055362701416,
    44.98175382614136,
    23.421096801757812,
    19.34448480606079,
    19.651150703430176,
    18.624842166900635,
    19.642972946166992,
    21.52385711669922,
    45.611441135406494,
    22.182166576385498,
    21.879589557647705,
    22.513365745544434,
    24.00989532470703,
    49.230098724365234,
    25.432825088500977,
    25.449180603027344,
    25.44100284576416,
    29.190504550933838,
    28.344106674194336,
    36.23155355453491,
    31.324899196624756,
    30.24543523788452,
    31.852364540100098,
    32.65787363052368,
    32.10996389389038,
    32.40845203399658,
    32.6496958732605,
    34.2443585395813,
    34.47333574295044,
    35.54462194442749,
    35.54871082305908,
    35.5405330657959,
    36.01484298706055,
    36.04346513748169,
    36.93075180053711,
    37.42550611495972,
    38.79936933517456,
    39.743900299072266,
    40.69252014160156,
    41.13820791244507,
    41.57571792602539,
    41.57571792602539,
    42.066383361816406,
    42.52842664718628,
    42.54887104034424,
    42.08273887634277,
    43.41980218887329,
    42.7655816078186,
    42.77375936508179,
    43.971800804138184,
    44.769132137298584,
    44.769132137298584,
    44.83455419540405,
    45.23526430130005,
    46.64592742919922,
    46.6050386428833,
    46.60094976425171,
    48.03205728530884,
    48.00752401351929,
    48.04023504257202,
    48.4491229057312,
    49.62671995162964,
    49.82707500457764,
    50.02334117889404,
    49.80663061141968,
    50.17871856689453,
    50.17462968826294,
    50.186896324157715,
    50.99649429321289,
    51.01693868637085,
    51.34404897689819,
    51.72431468963623,
    52.04733610153198,
    52.394890785217285,
    53.09408903121948,
    52.88146734237671,
    53.07364463806152,
    53.75648736953735,
    53.9323091506958,
    54.124486446380615,
    54.263508319854736,
    54.439330101013184,
    54.647862911224365,
    54.79915142059326,
    55.26528358459473,
    54.95861768722534,
    55.11808395385742
  ],
  "timestamps": [
    0.01065516471862793,
    0.04151296615600586,
    0.07225584983825684,
    0.10300087928771973,
    0.13373756408691406,
    0.16446423530578613,
    0.1951303482055664,
    0.2258286476135254,
    0.2565174102783203,
    0.2871861457824707,
    0.31783461570739746,
    0.34845590591430664,
    0.37902379035949707,
    0.4095573425292969,
    0.44006919860839844,
    0.47055745124816895,
    0.5010228157043457,
    0.5314333438873291,
    0.5617861747741699,
    0.5921316146850586,
    0.6224143505096436,
    0.652660608291626,
    0.6828372478485107,
    0.7130930423736572,
    0.7433788776397705,
    0.7738053798675537,
    0.803917646408081,
    0.834021806716919,
    0.8641080856323242,
    0.8948276042938232,
    0.9254155158996582,
    0.955528736114502,
    0.9854986667633057,
    1.0155189037322998,
    1.045269250869751,
    1.0749967098236084,
    1.104665994644165,
    1.1343183517456055,
    1.1639103889465332,
    1.1934380531311035,
    1.2229509353637695,
    1.2524001598358154,
    1.2818355560302734,
    1.3112585544586182,
    1.3405921459197998,
    1.3698985576629639,
    1.399167776107788,
    1.4284520149230957,
    1.4578306674957275,
    1.4871277809143066,
    1.5163068771362305,
    1.5455784797668457,
    1.5746979713439941,
    1.6038570404052734,
    1.6331229209899902,
    1.6621599197387695,
    1.6912422180175781,
    1.7203786373138428,
    1.7495806217193604,
    1.778578281402588,
    1.807471513748169,
    1.8362822532653809,
    1.8651573657989502,
    1.8940329551696777,
    1.9242355823516846,
    1.9531946182250977,
    1.981886863708496,
    2.010589361190796,
    2.039226770401001,
    2.067919969558716,
    2.0967278480529785,
    2.126934289932251,
    2.1557717323303223,
    2.1846516132354736,
    2.2135496139526367,
    2.242520809173584,
    2.2729599475860596,
    2.3020095825195312,
    2.3310463428497314,
    2.360038995742798,
    2.3893091678619385,
    2.418534278869629,
    2.44821834564209,
    2.4776313304901123,
    2.507042407989502,
    2.5364596843719482,
    2.5659074783325195,
    2.595344305038452,
    2.6248228549957275,
    2.6543004512786865,
    2.683865785598755,
    2.713489294052124,
    2.7431812286376953,
    2.77298641204834,
    2.8026933670043945,
    2.832420587539673,
    2.8620872497558594,
    2.891807794570923,
    2.9215598106384277,
    2.9513754844665527,
    2.9812426567077637,
    3.011183500289917,
    3.0411667823791504,
    3.0711770057678223,
    3.101172924041748,
    3.1311986446380615,
    3.161245346069336,
    3.191296339035034,
    3.221325397491455,
    3.251427173614502,
    3.2814865112304688,
    3.3115603923797607,
    3.3416922092437744,
    3.3718795776367188,
    3.4020590782165527,
    3.4322409629821777,
    3.4624667167663574,
    3.4927525520324707,
    3.5230355262756348,
    3.5533339977264404,
    3.5837018489837646,
    3.6140894889831543,
    3.644498825073242,
    3.6748971939086914,
    3.7053637504577637,
    3.7358741760253906,
    3.7665107250213623,
    3.7970097064971924,
    3.8275206089019775,
    3.8580312728881836,
    3.8885395526885986,
    3.9191055297851562,
    3.9496538639068604,
    3.980212926864624,
    4.010801315307617,
    4.041379928588867,
    4.071972370147705,
    4.102602005004883,
    4.133227109909058,
    4.163870573043823,
    4.194549560546875,
    4.2252585887908936,
    4.255961656570435,
    4.28667426109314,
    4.317397356033325,
    4.348122596740723,
    4.378854751586914,
    4.40960955619812,
    4.440357208251953,
    4.471121311187744
  ]
}