{
  "gesture_id": 5,
  "gesture_name": "press_once",
  "timestamp": "2025-12-23T15:59:33.315770",
  "sample_rate": 50,
  "duration": 3.0,
  "distances": [
    51.38084888458252,
    51.846981048583984,
    50.50173997879028,
    50.17871856689453,
    50.13782978057861,
    52.58297920227051,
    50.162363052368164,
    50.1950740814209,
    49.26689863204956,
    49.67169761657715,
    50.002896785736084,
    49.83116388320923,
    49.08289909362793,
    54.668307304382324,
    52.37853527069092,
    50.13782978057861,
    47.39419221878052,
    46.79312705993652,
    48.65356683731079,
    44.39704418182373,
    43.19491386413574,
    41.84967279434204,
    42.49162673950195,
    40.68025350570679,
    39.30230140686035,
    38.36185932159424,
    36.95528507232666,
    36.50550842285156,
    36.49324178695679,
    34.485602378845215,
    33.68009328842163,
    33.414316177368164,
    33.189427852630615,
    32.33076333999634,
    32.86231756210327,
    33.42658281326294,
    56.671857833862305,
    29.255926609039307,
    28.380906581878662,
    29.235482215881348,
    27.800285816192627,
    30.28632402420044,
    25.158870220184326,
    25.78446865081787,
    24.541449546813965,
    26.025712490081787,
    22.832298278808594,
    20.93505859375,
    20.305371284484863,
    19.66341733932495,
    19.945549964904785,
    18.38359832763672,
    18.669819831848145,
    17.708933353424072,
    16.72760248184204,
    16.719424724578857,
    16.396403312683105,
    16.08973741531372,
    16.06520414352417,
    15.799427032470703,
    15.74627161026001,
    16.08564853668213,
    16.743957996368408,
    16.719424724578857,
    16.06520414352417,
    18.710708618164062,
    48.41641187667847,
    22.21078872680664,
    22.239410877227783,
    22.82412052154541,
    24.263405799865723,
    29.51352596282959,
    27.473175525665283,
    30.045080184936523,
    30.31085729598999,
    30.024635791778564,
    31.341254711151123,
    33.16080570220947,
    34.51831340789795,
    36.02710962295532,
    36.67724132537842,
    36.898040771484375,
    51.96555852890015,
    53.028666973114014,
    38.31688165664673,
    38.77483606338501,
    39.25732374191284,
    38.582658767700195,
    39.514923095703125,
    38.807547092437744,
    40.18141031265259,
    41.5716290473938,
    40.88469743728638,
    42.270827293395996,
    42.745137214660645,
    42.724692821502686,
    44.17624473571777,
    44.54833269119263,
    43.14993619918823,
    46.588683128356934,
    44.82228755950928,
    44.76504325866699,
    45.14939785003662,
    45.6073522567749,
    45.56237459182739,
    46.388328075408936,
    47.61090278625488,
    46.592772006988525,
    47.37374782562256,
    46.79312705993652,
    47.21428155899048,
    48.4000563621521,
    48.40823411941528,
    48.39596748352051,
    49.22600984573364,
    48.616766929626465,
    48.38370084762573,
    49.189209938049316,
    48.98476600646973,
    49.76574182510376,
    49.62671995162964,
    54.921817779541016,
    52.370357513427734,
    56.606435775756836,
    52.713823318481445,
    53.711509704589844,
    53.192222118377686,
    52.15773582458496,
    52.38262414932251,
    51.66298151016235,
    51.67524814605713,
    52.15364694595337,
    52.18226909637451,
    51.8388032913208,
    51.81018114089966,
    52.36626863479614,
    51.47489309310913,
    51.81835889816284,
    51.83062553405762,
    51.826536655426025,
    51.79791450500488,
    51.47898197174072,
    51.83471441268921,
    51.826536655426025,
    51.83471441268921,
    51.84289216995239,
    51.822447776794434,
    51.31542682647705,
    52.19862461090088,
    51.667070388793945
  ],
  "timestamps": [
    0.010453462600708008,
    0.04111647605895996,
    0.07166600227355957,
    0.10216784477233887,
    0.132676362991333,
    0.16332268714904785,
    0.19382143020629883,
    0.2243185043334961,
    0.25476741790771484,
    0.2852344512939453,
    0.3157081604003906,
    0.346118688583374,
    0.37652087211608887,
    0.407393217086792,
    0.43802404403686523,
    0.46851372718811035,
    0.49883508682250977,
    0.5290906429290771,
    0.5594666004180908,
    0.5895833969116211,
    0.6196599006652832,
    0.6496574878692627,
    0.6796712875366211,
    0.7095956802368164,
    0.7394187450408936,
    0.7692053318023682,
    0.7989315986633301,
    0.8286440372467041,
    0.8583226203918457,
    0.8878896236419678,
    0.917410135269165,
    0.9470467567443848,
    0.9766061305999756,
    1.006089210510254,
    1.0355823040008545,
    1.0650913715362549,
    1.0959551334381104,
    1.1252100467681885,
    1.1544294357299805,
    1.1836881637573242,
    1.2128698825836182,
    1.2422139644622803,
    1.2712762355804443,
    1.300353765487671,
    1.3293468952178955,
    1.3584177494049072,
    1.3873000144958496,
    1.4160802364349365,
    1.444840431213379,
    1.4735565185546875,
    1.502291202545166,
    1.530930757522583,
    1.5595920085906982,
    1.5881874561309814,
    1.6167418956756592,
    1.645275592803955,
    1.6737792491912842,
    1.7022647857666016,
    1.7308034896850586,
    1.759300708770752,
    1.7877907752990723,
    1.8162944316864014,
    1.844855785369873,
    1.8734004497528076,
    1.9019320011138916,
    1.9306504726409912,
    1.9612250328063965,
    1.9901254177093506,
    2.019010305404663,
    2.0479066371917725,
    2.076885938644409,
    2.1061582565307617,
    2.1353185176849365,
    2.164644479751587,
    2.1939640045166016,
    2.2232625484466553,
    2.252656936645508,
    2.2821547985076904,
    2.3117191791534424,
    2.3413729667663574,
    2.371062994003296,
    2.400770902633667,
    2.431349515914917,
    2.4619929790496826,
    2.491776943206787,
    2.5215890407562256,
    2.551450252532959,
    2.581295967102051,
    2.6112124919891357,
    2.6410279273986816,
    2.6709444522857666,
    2.7009732723236084,
    2.7309467792510986,
    2.7609689235687256,
    2.791092872619629,
    2.8211193084716797,
    2.851245641708374,
    2.881389856338501,
    2.9114863872528076,
    2.9418208599090576,
    2.9721081256866455,
    3.0022950172424316,
    3.0324602127075195,
    3.062671661376953,
    3.0928595066070557,
    3.1231160163879395,
    3.15342116355896,
    3.1837046146392822,
    3.214024782180786,
    3.244286060333252,
    3.2746074199676514,
    3.3049631118774414,
    3.3353331089019775,
    3.365830183029175,
    3.3962671756744385,
    3.426654815673828,
    3.457002878189087,
    3.487436056137085,
    3.5178182125091553,
    3.5482664108276367,
    3.5787038803100586,
    3.609464168548584,
    3.640078544616699,
    3.670929431915283,
    3.7015466690063477,
    3.7322261333465576,
    3.762836456298828,
    3.7934224605560303,
    3.824092149734497,
    3.854647397994995,
    3.8851864337921143,
    3.9157800674438477,
    3.94816255569458,
    3.9788403511047363,
    4.009509325027466,
    4.040217161178589,
    4.070806503295898,
    4.101407527923584,
    4.132053375244141,
    4.1626293659210205,
    4.1931681632995605,
    4.223822593688965,
    4.254461050033569,
    4.285022974014282,
    4.315616846084595,
    4.346194505691528,
    4.376747369766235,
    4.407296180725098,
    4.437866687774658,
    4.468419790267944
  ]
}