{
  "gesture_id": 5,
  "gesture_name": "press_once",
  "timestamp": "2025-12-23T15:58:46.822947",
  "sample_rate": 50,
  "duration": 3.0,
  "distances": [
    39.47403430938721,
    39.944255352020264,
    40.41038751602173,
    40.880608558654785,
    40.21003246307373,
    40.19367694854736,
    41.5716290473938,
    40.85198640823364,
    41.130030155181885,
    40.856075286865234,
    40.901052951812744,
    40.39812088012695,
    40.631186962127686,
    41.105496883392334,
    39.69074487686157,
    39.98514413833618,
    38.77074718475342,
    37.65857219696045,
    37.13928461074829,
    36.72630786895752,
    36.72221899032593,
    36.73039674758911,
    34.22391414642334,
    32.91138410568237,
    32.3512077331543,
    31.079566478729248,
    31.76649808883667,
    30.26587963104248,
    28.94108295440674,
    28.949260711669922,
    29.73841428756714,
    27.497708797454834,
    25.69042444229126,
    49.58583116531372,
    23.339319229125977,
    22.517454624176025,
    23.359763622283936,
    47.570013999938965,
    47.36965894699097,
    47.56183624267578,
    19.925105571746826,
    18.01968812942505,
    17.721199989318848,
    16.08973741531372,
    15.742182731628418,
    16.073381900787354,
    16.36369228363037,
    16.731691360473633,
    15.40689468383789,
    15.059340000152588,
    14.740407466888428,
    17.050623893737793,
    48.82938861846924,
    17.079246044158936,
    14.057564735412598,
    16.11018180847168,
    16.11427068710327,
    14.33560848236084,
    15.419161319732666,
    17.005646228790283,
    16.077470779418945,
    18.007421493530273,
    17.713022232055664,
    19.5898175239563,
    20.260393619537354,
    20.587503910064697,
    22.218966484069824,
    50.984227657318115,
    24.55371618270874,
    26.344645023345947,
    27.207398414611816,
    29.480814933776855,
    30.000102519989014,
    31.35761022567749,
    32.097697257995605,
    34.23209190368652,
    34.47333574295044,
    36.04755401611328,
    36.25199794769287,
    39.061057567596436,
    38.787102699279785,
    40.222299098968506,
    41.16683006286621,
    42.53660440444946,
    42.95775890350342,
    43.383002281188965,
    44.2130446434021,
    46.64183855056763,
    46.821749210357666,
    47.44734764099121,
    48.42458963394165,
    49.80663061141968,
    49.98654127120972,
    49.9947190284729,
    49.9947190284729,
    50.002896785736084,
    50.33000707626343,
    51.2418270111084,
    51.233649253845215,
    51.17640495300293,
    51.56075954437256,
    51.896047592163086,
    51.37676000595093,
    52.06778049468994,
    52.70564556121826,
    52.55026817321777,
    52.4357795715332,
    52.54209041595459,
    52.73017883300781,
    52.39897966384888,
    52.56662368774414,
    52.235424518585205,
    52.3867130279541,
    52.95506715774536,
    52.57071256637573,
    52.56662368774414,
    53.09000015258789,
    53.07364463806152,
    54.43115234375,
    54.45159673690796,
    56.536924839019775,
    54.627418518066406,
    54.602885246276855,
    55.48199415206909,
    54.962706565856934,
    54.15310859680176,
    54.66421842575073,
    54.63968515396118,
    54.149019718170166,
    54.07133102416992,
    54.07133102416992,
    54.09177541732788,
    54.104042053222656,
    54.63968515396118,
    54.60697412490845,
    54.647862911224365,
    53.80964279174805,
    54.31666374206543,
    54.27168607711792,
    54.25533056259155,
    54.304397106170654,
    54.2798638343811,
    54.28804159164429,
    54.259419441223145,
    54.60697412490845,
    54.63559627532959,
    54.10813093185425,
    54.124486446380615,
    54.49248552322388,
    53.625643253326416
  ],
  "timestamps": [
    0.009774923324584961,
    0.039777517318725586,
    0.06974959373474121,
    0.09973692893981934,
    0.12965154647827148,
    0.15967416763305664,
    0.18965792655944824,
    0.21957707405090332,
    0.2495424747467041,
    0.2794978618621826,
    0.3094508647918701,
    0.33939099311828613,
    0.3693265914916992,
    0.39929795265197754,
    0.42933154106140137,
    0.4593040943145752,
    0.4894990921020508,
    0.5192267894744873,
    0.5489537715911865,
    0.5786557197570801,
    0.6083600521087646,
    0.638019323348999,
    0.6676151752471924,
    0.6970951557159424,
    0.726710319519043,
    0.7560858726501465,
    0.7859055995941162,
    0.8152165412902832,
    0.844475507736206,
    0.8737573623657227,
    0.9030475616455078,
    0.9322106838226318,
    0.9612815380096436,
    0.9917294979095459,
    1.020665168762207,
    1.049567461013794,
    1.0785393714904785,
    1.108870029449463,
    1.1391773223876953,
    1.1695003509521484,
    1.1982173919677734,
    1.2268216609954834,
    1.2553980350494385,
    1.283900260925293,
    1.3123657703399658,
    1.340855360031128,
    1.369370698928833,
    1.397918701171875,
    1.4264352321624756,
    1.455005407333374,
    1.4834661483764648,
    1.5120265483856201,
    1.5424208641052246,
    1.5709774494171143,
    1.5993692874908447,
    1.6278753280639648,
    1.6563808917999268,
    1.6847813129425049,
    1.7132549285888672,
    1.741818904876709,
    1.7703053951263428,
    1.7989685535430908,
    1.827554702758789,
    1.8562469482421875,
    1.8850252628326416,
    1.9137747287750244,
    1.9426438808441162,
    1.973188877105713,
    2.0021605491638184,
    2.031247854232788,
    2.0603837966918945,
    2.0896613597869873,
    2.118964195251465,
    2.1483609676361084,
    2.1778016090393066,
    2.20739483833313,
    2.2369589805603027,
    2.266608476638794,
    2.2962698936462402,
    2.3260936737060547,
    2.3559114933013916,
    2.3858184814453125,
    2.4158191680908203,
    2.446061372756958,
    2.4763083457946777,
    2.5065126419067383,
    2.5366737842559814,
    2.566969156265259,
    2.5972795486450195,
    2.6275932788848877,
    2.657965898513794,
    2.6884148120880127,
    2.7189035415649414,
    2.7493655681610107,
    2.779831647872925,
    2.810295820236206,
    2.8407845497131348,
    2.8713178634643555,
    2.9018709659576416,
    2.932403564453125,
    2.9629595279693604,
    2.993530750274658,
    3.0240659713745117,
    3.054633378982544,
    3.085240125656128,
    3.115837574005127,
    3.1464431285858154,
    3.1770527362823486,
    3.207676887512207,
    3.238319158554077,
    3.2689194679260254,
    3.2994933128356934,
    3.330054759979248,
    3.360689640045166,
    3.3913180828094482,
    3.422022819519043,
    3.4528331756591797,
    3.483515977859497,
    3.514265298843384,
    3.5449934005737305,
    3.575829267501831,
    3.6065452098846436,
    3.6372745037078857,
    3.6680595874786377,
    3.6988110542297363,
    3.729539394378662,
    3.7602756023406982,
    3.7910068035125732,
    3.821725368499756,
    3.8524277210235596,
    3.8831138610839844,
    3.9137983322143555,
    3.944493532180786,
    3.9752254486083984,
    4.005960702896118,
    4.0367090702056885,
    4.06740927696228,
    4.098120927810669,
    4.128831624984741,
    4.1595306396484375,
    4.190227031707764,
    4.220921039581299,
    4.2516255378723145,
    4.282335042953491,
    4.313067674636841,
    4.343820810317993,
    4.374526023864746,
    4.40522575378418,
    4.43599534034729,
    4.466772556304932
  ]
}