{
  "gesture_id": 5,
  "gesture_name": "press_once",
  "timestamp": "2025-12-23T16:02:18.195763",
  "sample_rate": 50,
  "duration": 3.0,
  "distances": [
    51.053738594055176,
    51.74475908279419,
    51.50351524353027,
    51.8878698348999,
    52.20271348953247,
    52.20271348953247,
    53.057289123535156,
    52.90191173553467,
    53.06137800216675,
    53.40075492858887,
    52.738356590270996,
    52.35400199890137,
    51.891958713531494,
    51.66298151016235,
    51.8388032913208,
    52.65249013900757,
    50.485384464263916,
    50.30956268310547,
    48.83347749710083,
    48.21196794509888,
    47.63134717941284,
    47.386014461517334,
    47.794902324676514,
    47.2551703453064,
    47.635436058044434,
    46.18797302246094,
    47.022104263305664,
    45.18619775772095,
    45.19028663635254,
    43.50975751876831,
    43.75917911529541,
    44.16806697845459,
    53.78919839859009,
    56.33656978607178,
    52.92235612869263,
    44.4133996963501,
    42.07864999771118,
    40.64754247665405,
    41.35082960128784,
    39.490389823913574,
    38.562214374542236,
    39.72345590591431,
    52.394890785217285,
    36.25608682632446,
    35.213422775268555,
    34.7432017326355,
    34.20755863189697,
    33.692359924316406,
    33.18533897399902,
    32.616984844207764,
    32.641518115997314,
    32.616984844207764,
    31.3535213470459,
    31.3535213470459,
    31.324899196624756,
    31.33716583251953,
    30.008280277252197,
    29.28454875946045,
    29.23957109451294,
    29.726147651672363,
    28.05788516998291,
    28.070151805877686,
    29.509437084197998,
    27.767574787139893,
    30.049169063568115,
    28.364551067352295,
    49.21783208847046,
    30.032813549041748,
    29.2600154876709,
    25.44100284576416,
    24.287939071655273,
    26.904821395874023,
    52.17409133911133,
    24.831759929656982,
    24.247050285339355,
    27.215576171875,
    24.292027950286865,
    24.55371618270874,
    29.223215579986572,
    29.251837730407715,
    27.219665050506592,
    30.274057388305664,
    29.497170448303223,
    27.477264404296875,
    28.094685077667236,
    30.004191398620605,
    50.301384925842285,
    30.576634407043457,
    30.805611610412598,
    31.095921993255615,
    31.33716583251953,
    32.412540912628174,
    32.645606994628906,
    33.65964889526367,
    34.739112854003906,
    34.440624713897705,
    35.47102212905884,
    36.010754108428955,
    36.21110916137695,
    36.26426458358765,
    37.1842622756958,
    38.11652660369873,
    38.104259967803955,
    38.537681102752686,
    40.6230092048645,
    40.173232555389404,
    39.70710039138794,
    41.359007358551025,
    40.173232555389404,
    41.80060625076294,
    42.26264953613281,
    42.22993850708008,
    42.25447177886963,
    42.221760749816895,
    43.14584732055664,
    42.92095899581909,
    42.96184778213501,
    44.14762258529663,
    43.53429079055786,
    44.38068866729736,
    44.155800342559814,
    44.953131675720215,
    46.5559720993042,
    45.99170684814453,
    46.179795265197754,
    46.98530435562134,
    46.78086042404175,
    46.98939323425293,
    48.17516803741455,
    47.978901863098145,
    47.80716896057129,
    48.00752401351929,
    47.79081344604492,
    47.982990741729736,
    48.183345794677734,
    48.39596748352051,
    48.4981894493103,
    48.821210861206055,
    49.41000938415527,
    49.58583116531372,
    48.81712198257446,
    49.43045377731323,
    49.60218667984009,
    49.757564067840576,
    50.280940532684326,
    49.63080883026123,
    50.62440633773804,
    49.93338584899902,
    50.963783264160156,
    51.13551616668701
  ],
  "timestamps": [
    0.010436296463012695,
    0.04111337661743164,
    0.07179880142211914,
    0.10251951217651367,
    0.13318848609924316,
    0.1638796329498291,
    0.19456720352172852,
    0.22524738311767578,
    0.2559242248535156,
    0.2866206169128418,
    0.3172750473022461,
    0.34791135787963867,
    0.3785223960876465,
    0.4091174602508545,
    0.43971991539001465,
    0.47028088569641113,
    0.5007932186126709,
    0.531287670135498,
    0.5616981983184814,
    0.5920770168304443,
    0.622408390045166,
    0.6527454853057861,
    0.6830940246582031,
    0.7134013175964355,
    0.7437288761138916,
    0.7739720344543457,
    0.80426025390625,
    0.8344435691833496,
    0.8646435737609863,
    0.8947515487670898,
    0.9248499870300293,
    0.9549777507781982,
    0.9856967926025391,
    1.0165412425994873,
    1.0471861362457275,
    1.077446699142456,
    1.1077990531921387,
    1.1378707885742188,
    1.1679255962371826,
    1.1978106498718262,
    1.2276239395141602,
    1.2574925422668457,
    1.2880914211273193,
    1.3177642822265625,
    1.3473708629608154,
    1.3769705295562744,
    1.406548261642456,
    1.4361083507537842,
    1.4656248092651367,
    1.4950847625732422,
    1.5245451927185059,
    1.5540592670440674,
    1.583449125289917,
    1.6128344535827637,
    1.6422114372253418,
    1.6716008186340332,
    1.7009162902832031,
    1.7301743030548096,
    1.7594249248504639,
    1.7887709140777588,
    1.8179821968078613,
    1.8471949100494385,
    1.8764824867248535,
    1.9056367874145508,
    1.934941053390503,
    1.964179515838623,
    1.9945988655090332,
    2.023916482925415,
    2.0532548427581787,
    2.082444429397583,
    2.111450433731079,
    2.140599250793457,
    2.171207904815674,
    2.2002339363098145,
    2.2291948795318604,
    2.258335590362549,
    2.287304401397705,
    2.316289186477661,
    2.3455381393432617,
    2.374791145324707,
    2.4039251804351807,
    2.4332542419433594,
    2.4625308513641357,
    2.491684913635254,
    2.5208816528320312,
    2.550222873687744,
    2.5807371139526367,
    2.6101531982421875,
    2.639519453048706,
    2.6688930988311768,
    2.6982719898223877,
    2.7277116775512695,
    2.7571656703948975,
    2.7866621017456055,
    2.816235065460205,
    2.845775842666626,
    2.8753767013549805,
    2.9050214290618896,
    2.934659481048584,
    2.964320182800293,
    2.994013786315918,
    3.0237817764282227,
    3.0536491870880127,
    3.083575963973999,
    3.113532304763794,
    3.1434452533721924,
    3.1733288764953613,
    3.2032830715179443,
    3.2331955432891846,
    3.2631876468658447,
    3.2931978702545166,
    3.3232080936431885,
    3.353214979171753,
    3.38322377204895,
    3.413282871246338,
    3.4433481693267822,
    3.4733965396881104,
    3.5035159587860107,
    3.533595561981201,
    3.563741445541382,
    3.593872547149658,
    3.62404203414917,
    3.6543545722961426,
    3.684600353240967,
    3.7148396968841553,
    3.7451260089874268,
    3.775397777557373,
    3.8056800365448,
    3.8360376358032227,
    3.8664040565490723,
    3.8967325687408447,
    3.9270763397216797,
    3.9574227333068848,
    3.9877684116363525,
    4.018120050430298,
    4.048551321029663,
    4.079049348831177,
    4.109520435333252,
    4.139987230300903,
    4.170447587966919,
    4.200849294662476,
    4.231282949447632,
    4.261746168136597,
    4.292208909988403,
    4.322685718536377,
    4.353123188018799,
    4.383610248565674,
    4.414049386978149,
    4.444552183151245,
    4.4750707149505615
  ]
}