{
  "gesture_id": 5,
  "gesture_name": "press_once",
  "timestamp": "2025-12-24T14:55:00.999689",
  "sample_rate": 50,
  "duration": 3.0,
  "distances": [
    57.13390111923218,
    56.65550231933594,
    57.53052234649658,
    56.95807933807373,
    56.990790367126465,
    56.81905746459961,
    58.540475368499756,
    56.70456886291504,
    56.970345973968506,
    56.83950185775757,
    56.70456886291504,
    56.04625940322876,
    62.49442100524902,
    56.38154745101929,
    56.23025894165039,
    56.66368007659912,
    54.11221981048584,
    53.785109519958496,
    52.58297920227051,
    53.11453342437744,
    55.694615840911865,
    52.24769115447998,
    50.734806060791016,
    49.97836351394653,
    49.847519397735596,
    50.043785572052,
    48.08112382888794,
    47.888946533203125,
    47.68041372299194,
    45.2597975730896,
    44.62193250656128,
    43.96771192550659,
    43.771445751190186,
    44.409310817718506,
    54.079508781433105,
    54.623329639434814,
    50.13782978057861,
    46.59686088562012,
    53.90777587890625,
    44.34797763824463,
    38.31279277801514,
    37.66674995422363,
    37.38870620727539,
    36.72630786895752,
    36.738574504852295,
    36.22337579727173,
    36.035287380218506,
    40.89696407318115,
    50.50173997879028,
    34.44880247116089,
    34.20346975326538,
    33.11582803726196,
    33.418405055999756,
    36.235642433166504,
    50.15827417373657,
    49.97836351394653,
    31.660187244415283,
    28.64668369293213,
    27.15015411376953,
    27.779841423034668,
    25.481891632080078,
    27.775752544403076,
    24.541449546813965,
    23.948562145233154,
    47.21837043762207,
    45.82406282424927,
    43.98406744003296,
    24.52918291091919,
    20.61612606048584,
    19.630706310272217,
    19.949638843536377,
    18.988752365112305,
    17.99924373626709,
    17.04244613647461,
    17.02200174331665,
    17.09151268005371,
    16.11018180847168,
    16.735780239105225,
    16.061115264892578,
    14.417386054992676,
    15.390539169311523,
    16.11018180847168,
    13.399255275726318,
    11.96814775466919,
    11.665570735931396,
    10.909128189086914,
    10.250818729400635,
    10.577929019927979,
    11.007261276245117,
    10.606551170349121,
    11.636948585510254,
    11.636948585510254,
    11.980414390563965,
    13.035345077514648,
    16.711246967315674,
    14.024853706359863,
    14.343786239624023,
    17.058801651000977,
    17.083334922790527,
    17.054712772369385,
    18.031954765319824,
    18.992841243743896,
    19.945549964904785,
    22.79958724975586,
    29.53397035598755,
    49.234187602996826,
    49.38547611236572,
    36.24790906906128,
    50.48947334289551,
    56.48376941680908,
    51.826536655426025,
    30.474412441253662,
    31.046855449676514,
    32.122230529785156,
    32.621073722839355,
    33.688271045684814,
    34.67777967453003,
    36.24790906906128,
    38.09199333190918,
    40.39403200149536,
    44.59739923477173,
    41.3712739944458,
    42.062294483184814,
    43.358469009399414,
    44.58104372024536,
    45.79952955245972,
    45.62370777130127,
    46.384239196777344,
    48.03614616394043,
    48.641300201416016,
    49.80663061141968,
    51.3399600982666,
    53.22902202606201,
    54.758262634277344,
    54.921817779541016,
    55.48199415206909,
    56.332480907440186,
    56.810879707336426,
    58.63451957702637,
    59.3173623085022,
    58.491408824920654,
    58.20518732070923,
    59.20696258544922,
    60.131049156188965,
    60.30278205871582,
    60.93655824661255,
    60.57673692703247,
    60.564470291137695,
    59.906160831451416,
    60.77709197998047
  ],
  "timestamps": [
    0.010790348052978516,
    0.04176044464111328,
    0.07279539108276367,
    0.10377931594848633,
    0.134718656539917,
    0.16564011573791504,
    0.19662070274353027,
    0.22748208045959473,
    0.2583603858947754,
    0.2892334461212158,
    0.3200669288635254,
    0.3508923053741455,
    0.3820981979370117,
    0.41290807723999023,
    0.44371986389160156,
    0.4745652675628662,
    0.505291223526001,
    0.5359764099121094,
    0.5666141510009766,
    0.5972990989685059,
    0.6281325817108154,
    0.6587812900543213,
    0.6893095970153809,
    0.7197849750518799,
    0.7502458095550537,
    0.7807233333587646,
    0.8110647201538086,
    0.8414099216461182,
    0.8717198371887207,
    0.9019079208374023,
    0.932044506072998,
    0.9622018337249756,
    0.9923064708709717,
    1.0224452018737793,
    1.053208589553833,
    1.084047794342041,
    1.1145524978637695,
    1.1448454856872559,
    1.1755447387695312,
    1.2056846618652344,
    1.2354655265808105,
    1.2652132511138916,
    1.2949566841125488,
    1.3246612548828125,
    1.3543329238891602,
    1.3839936256408691,
    1.4136390686035156,
    1.4435725212097168,
    1.4740617275238037,
    1.5036320686340332,
    1.5331878662109375,
    1.5626680850982666,
    1.5921645164489746,
    1.6218421459197998,
    1.6523211002349854,
    1.6827828884124756,
    1.712205171585083,
    1.7414250373840332,
    1.7705559730529785,
    1.7997229099273682,
    1.828751802444458,
    1.8579187393188477,
    1.8868956565856934,
    1.9159247875213623,
    1.9462549686431885,
    1.9765210151672363,
    2.0066518783569336,
    2.0356431007385254,
    2.064413070678711,
    2.0931813716888428,
    2.121905565261841,
    2.1505889892578125,
    2.1791906356811523,
    2.207740306854248,
    2.236288547515869,
    2.2648580074310303,
    2.293375015258789,
    2.3219387531280518,
    2.3504347801208496,
    2.3788297176361084,
    2.407271385192871,
    2.43580961227417,
    2.464160203933716,
    2.4924497604370117,
    2.520716428756714,
    2.5489423274993896,
    2.5771114826202393,
    2.605297327041626,
    2.6335110664367676,
    2.661701202392578,
    2.6899452209472656,
    2.718193769454956,
    2.746462345123291,
    2.7747905254364014,
    2.8033335208892822,
    2.8317220211029053,
    2.8601250648498535,
    2.8887789249420166,
    2.9173264503479004,
    2.9458694458007812,
    2.9744958877563477,
    3.0031790733337402,
    3.03190541267395,
    3.060850143432617,
    3.090205669403076,
    3.120645523071289,
    3.151071548461914,
    3.180737257003784,
    3.2112314701080322,
    3.2420735359191895,
    3.272660255432129,
    3.301987409591675,
    3.331340789794922,
    3.3607563972473145,
    3.390202045440674,
    3.419717788696289,
    3.449284553527832,
    3.47894287109375,
    3.5086824893951416,
    3.5385961532592773,
    3.5687413215637207,
    3.5986998081207275,
    3.628697395324707,
    3.6587793827056885,
    3.6889290809631348,
    3.719146728515625,
    3.7493510246276855,
    3.77961802482605,
    3.8099703788757324,
    3.8403587341308594,
    3.870804786682129,
    3.9013450145721436,
    3.9319956302642822,
    3.962743043899536,
    3.993518114089966,
    4.024309158325195,
    4.055175304412842,
    4.086117267608643,
    4.11709451675415,
    4.148107290267944,
    4.179063081741333,
    4.210057020187378,
    4.241112232208252,
    4.272217273712158,
    4.303302764892578,
    4.334413290023804,
    4.365500450134277,
    4.396562576293945,
    4.427668809890747,
    4.458753824234009
  ]
}