{
  "gesture_id": 5,
  "gesture_name": "press_once",
  "timestamp": "2025-12-24T14:50:01.895800",
  "sample_rate": 50,
  "duration": 3.0,
  "distances": [
    43.59562397003174,
    41.84558391571045,
    42.8187370300293,
    40.09145498275757,
    42.05820560455322,
    42.04593896865845,
    42.05002784729004,
    42.07456111907959,
    42.05411672592163,
    43.38709115982056,
    41.84558391571045,
    42.066383361816406,
    41.31811857223511,
    41.09323024749756,
    41.14229679107666,
    41.13820791244507,
    40.68843126296997,
    39.768433570861816,
    38.852524757385254,
    38.33732604980469,
    37.84257173538208,
    37.421417236328125,
    40.467631816864014,
    40.18549919128418,
    37.66674995422363,
    36.77946329116821,
    36.25199794769287,
    36.95937395095825,
    36.035287380218506,
    35.01306772232056,
    34.47742462158203,
    33.418405055999756,
    32.890939712524414,
    33.1485390663147,
    32.6496958732605,
    31.598854064941406,
    30.556190013885498,
    29.48899269104004,
    63.99095058441162,
    29.227304458618164,
    29.276371002197266,
    27.78393030166626,
    27.17059850692749,
    26.585888862609863,
    26.037979125976562,
    26.01344585418701,
    25.473713874816895,
    29.754769802093506,
    27.219665050506592,
    26.316022872924805,
    22.7791428565979,
    22.82412052154541,
    21.585190296173096,
    22.509276866912842,
    20.922791957855225,
    20.612037181854248,
    21.237635612487793,
    19.6388840675354,
    20.268571376800537,
    19.965994358062744,
    18.33862066268921,
    19.02146339416504,
    18.36724281311035,
    17.357289791107178,
    17.43088960647583,
    18.375420570373535,
    18.02377700805664,
    19.647061824798584,
    18.645286560058594,
    18.968307971954346,
    21.286702156066895,
    21.241724491119385,
    23.408830165863037,
    23.134875297546387,
    24.565982818603516,
    27.796196937561035,
    23.695051670074463,
    24.14482831954956,
    49.43045377731323,
    29.754769802093506,
    29.21912670135498,
    27.779841423034668,
    28.086507320404053,
    29.24365997314453,
    30.024635791778564,
    31.349432468414307,
    31.31263256072998,
    33.38978290557861,
    34.68186855316162,
    35.52008867263794,
    36.284708976745605,
    36.21928691864014,
    37.883460521698,
    38.34550380706787,
    39.49856758117676,
    39.056968688964844,
    39.265501499176025,
    42.05411672592163,
    42.291271686553955,
    42.05002784729004,
    42.94140338897705,
    43.97997856140137,
    43.97997856140137,
    47.03028202056885,
    55.64146041870117,
    46.2084174156189,
    46.01215124130249,
    45.43561935424805,
    44.38068866729736,
    45.1616644859314,
    45.59508562088013,
    46.020328998565674,
    46.433305740356445,
    46.81357145309448,
    46.862637996673584,
    47.614991664886475,
    48.03205728530884,
    49.638986587524414,
    49.42227602005005,
    50.47720670700073,
    55.2775502204895,
    52.897822856903076,
    53.57248783111572,
    54.647862911224365,
    56.16483688354492,
    55.45337200164795,
    56.18528127670288,
    56.647324562072754,
    56.487858295440674,
    54.07133102416992,
    53.9323091506958,
    53.5847544670105,
    54.22670841217041,
    54.7787070274353,
    54.422974586486816,
    54.169464111328125,
    54.099953174591064,
    55.809104442596436,
    56.63505792617798,
    54.09177541732788,
    54.09586429595947,
    53.24537754058838,
    52.738356590270996,
    52.70973443984985,
    53.04911136627197,
    52.190446853637695,
    52.56253480911255,
    52.55844593048096,
    52.4357795715332,
    52.030980587005615
  ],
  "timestamps": [
    0.010016679763793945,
    0.040128469467163086,
    0.07026529312133789,
    0.10032176971435547,
    0.1303877830505371,
    0.16044282913208008,
    0.19054651260375977,
    0.22059369087219238,
    0.25066113471984863,
    0.28076982498168945,
    0.31079554557800293,
    0.3407883644104004,
    0.37075352668762207,
    0.4006822109222412,
    0.4306461811065674,
    0.46059203147888184,
    0.49051713943481445,
    0.5203828811645508,
    0.5501933097839355,
    0.5799527168273926,
    0.609703779220581,
    0.6394319534301758,
    0.6693177223205566,
    0.6992061138153076,
    0.7289257049560547,
    0.7586159706115723,
    0.7882769107818604,
    0.8179800510406494,
    0.8476316928863525,
    0.8772194385528564,
    0.9067740440368652,
    0.9363007545471191,
    0.9657819271087646,
    0.995267391204834,
    1.0247232913970947,
    1.0541326999664307,
    1.083458423614502,
    1.1127219200134277,
    1.1440482139587402,
    1.1734576225280762,
    1.202805995941162,
    1.2320191860198975,
    1.2612364292144775,
    1.2904114723205566,
    1.3194856643676758,
    1.3486013412475586,
    1.3776226043701172,
    1.406925916671753,
    1.436079740524292,
    1.4651784896850586,
    1.4940578937530518,
    1.5229365825653076,
    1.5517868995666504,
    1.5806679725646973,
    1.6094529628753662,
    1.6382191181182861,
    1.6670165061950684,
    1.6957106590270996,
    1.7244410514831543,
    1.7531461715698242,
    1.78175950050354,
    1.8104112148284912,
    1.8390250205993652,
    1.8676340579986572,
    1.8962266445159912,
    1.9248695373535156,
    1.953493595123291,
    1.9822053909301758,
    2.0108587741851807,
    2.0395772457122803,
    2.068394660949707,
    2.097188711166382,
    2.126098394393921,
    2.1550474166870117,
    2.1841206550598145,
    2.2133424282073975,
    2.242304563522339,
    2.2712981700897217,
    2.301745891571045,
    2.331035852432251,
    2.360286235809326,
    2.3894472122192383,
    2.4187803268432617,
    2.448049306869507,
    2.4773507118225098,
    2.506735324859619,
    2.5361275672912598,
    2.5656392574310303,
    2.5952484607696533,
    2.6248841285705566,
    2.6545610427856445,
    2.684239625930786,
    2.7140121459960938,
    2.7437987327575684,
    2.773646116256714,
    2.8034677505493164,
    2.8332982063293457,
    2.8632922172546387,
    2.8932995796203613,
    2.923304557800293,
    2.953364610671997,
    2.983475685119629,
    3.013603687286377,
    3.0438897609710693,
    3.0746800899505615,
    3.1049370765686035,
    3.1351613998413086,
    3.165390968322754,
    3.1956284046173096,
    3.2258810997009277,
    3.256082534790039,
    3.286297559738159,
    3.316555976867676,
    3.346851110458374,
    3.3771274089813232,
    3.407464027404785,
    3.4378249645233154,
    3.4683010578155518,
    3.498732805252075,
    3.5292248725891113,
    3.5599920749664307,
    3.590623378753662,
    3.621309757232666,
    3.65203857421875,
    3.6828579902648926,
    3.7136340141296387,
    3.744445562362671,
    3.7752814292907715,
    3.8061091899871826,
    3.836799144744873,
    3.867485284805298,
    3.898153305053711,
    3.92889142036438,
    3.9596450328826904,
    3.9903621673583984,
    4.02102518081665,
    4.051723480224609,
    4.0825207233428955,
    4.113364219665527,
    4.146026134490967,
    4.1769397258758545,
    4.2076194286346436,
    4.238259792327881,
    4.268885850906372,
    4.299513816833496,
    4.330087900161743,
    4.360692024230957,
    4.391284465789795,
    4.421903133392334,
    4.4525146484375
  ]
}