{
  "gesture_id": 5,
  "gesture_name": "press_once",
  "timestamp": "2025-12-23T16:00:46.224727",
  "sample_rate": 50,
  "duration": 3.0,
  "distances": [
    56.77816867828369,
    56.74545764923096,
    56.7740797996521,
    56.79861307144165,
    56.79043531417847,
    56.786346435546875,
    56.81496858596802,
    56.324303150177,
    56.647324562072754,
    55.83772659301758,
    55.29799461364746,
    54.63559627532959,
    53.75648736953735,
    52.74653434753418,
    52.94688940048218,
    51.732492446899414,
    49.9947190284729,
    48.252856731414795,
    50.01107454299927,
    46.23703956604004,
    44.98584270477295,
    43.82869005203247,
    43.23171377182007,
    43.771445751190186,
    40.82745313644409,
    38.61128091812134,
    38.81981372833252,
    36.963462829589844,
    36.0393762588501,
    34.71866846084595,
    34.1952919960022,
    33.618760108947754,
    32.37574100494385,
    32.412540912628174,
    31.08774423599243,
    29.779303073883057,
    29.779303073883057,
    29.754769802093506,
    28.094685077667236,
    29.484903812408447,
    30.020546913146973,
    26.663577556610107,
    24.590516090393066,
    24.30020570755005,
    25.747668743133545,
    28.683483600616455,
    23.952651023864746,
    23.71140718460083,
    21.900033950805664,
    22.791409492492676,
    24.30429458618164,
    22.55425453186035,
    23.126697540283203,
    24.287939071655273,
    25.457358360290527,
    29.272282123565674,
    26.62677764892578,
    27.48953104019165,
    28.908371925354004,
    29.509437084197998,
    31.08365535736084,
    32.92365074157715,
    33.962225914001465,
    36.26426458358765,
    36.06799840927124,
    37.45821714401245,
    37.646305561065674,
    37.90799379348755,
    38.1328821182251,
    40.25909900665283,
    40.66798686981201,
    41.150474548339844,
    42.794203758239746,
    46.2084174156189,
    45.8077073097229,
    48.03205728530884,
    46.817660331726074,
    46.87081575393677,
    48.6494779586792,
    49.42636489868164,
    49.7943639755249,
    49.83116388320923,
    50.18280744552612,
    50.8411169052124,
    51.552581787109375,
    52.21906900405884,
    52.36626863479614,
    53.421199321746826,
    54.79097366333008,
    56.66776895523071,
    55.809104442596436,
    55.8254599571228,
    55.829548835754395,
    56.18937015533447,
    56.50421380996704,
    56.487858295440674,
    57.219767570495605,
    57.927143573760986,
    57.34652280807495,
    58.18883180618286,
    58.63451957702637,
    59.767138957977295,
    57.79629945755005,
    57.608211040496826,
    57.61229991912842,
    57.21158981323242,
    56.79452419281006,
    57.19114542007446,
    57.20750093460083,
    57.65727758407593,
    57.240211963653564,
    57.878077030181885,
    57.534611225128174,
    56.65959119796753,
    57.09301233291626,
    57.084834575653076,
    56.966257095336914,
    56.90492391586304,
    56.94172382354736,
    56.91719055175781,
    56.82723522186279,
    56.78225755691528,
    56.75363540649414,
    56.75772428512573,
    56.82723522186279,
    56.786346435546875,
    56.75772428512573,
    56.806790828704834,
    56.765902042388916,
    57.06847906112671,
    56.64323568344116,
    56.64323568344116,
    57.09710121154785,
    56.512391567230225,
    56.516480445861816,
    56.945812702178955,
    56.79043531417847,
    56.79452419281006,
    56.80270195007324,
    58.789896965026855,
    57.47736692428589,
    57.084834575653076,
    56.70865774154663,
    56.66368007659912,
    56.94172382354736,
    56.50830268859863,
    56.52874708175659,
    56.47968053817749,
    56.78225755691528,
    56.79043531417847
  ],
  "timestamps": [
    0.010774612426757812,
    0.04174089431762695,
    0.07270598411560059,
    0.10385394096374512,
    0.134796142578125,
    0.16567206382751465,
    0.19652557373046875,
    0.22736501693725586,
    0.25822973251342773,
    0.28903985023498535,
    0.31981921195983887,
    0.35057735443115234,
    0.38126206398010254,
    0.41188931465148926,
    0.44257116317749023,
    0.4731273651123047,
    0.5035808086395264,
    0.5339393615722656,
    0.5644121170043945,
    0.594663143157959,
    0.6248648166656494,
    0.6549885272979736,
    0.6850576400756836,
    0.7151608467102051,
    0.745072603225708,
    0.7748744487762451,
    0.8046863079071045,
    0.8343908786773682,
    0.8640365600585938,
    0.8936083316802979,
    0.9231512546539307,
    0.9526710510253906,
    0.9821083545684814,
    1.011552095413208,
    1.040912389755249,
    1.0702290534973145,
    1.0998308658599854,
    1.129209280014038,
    1.1584320068359375,
    1.1877105236053467,
    1.2170615196228027,
    1.24617338180542,
    1.2751636505126953,
    1.3041322231292725,
    1.3331818580627441,
    1.3624117374420166,
    1.3913817405700684,
    1.4203336238861084,
    1.449188470840454,
    1.4780807495117188,
    1.5070528984069824,
    1.5359201431274414,
    1.564824104309082,
    1.5938136577606201,
    1.6228740215301514,
    1.652153730392456,
    1.6812686920166016,
    1.7104198932647705,
    1.7396550178527832,
    1.7689259052276611,
    1.7982959747314453,
    1.8277640342712402,
    1.8572907447814941,
    1.8869662284851074,
    1.91664457321167,
    1.9464051723480225,
    1.9762260913848877,
    2.005997657775879,
    2.035776376724243,
    2.065678834915161,
    2.0957305431365967,
    2.1257526874542236,
    2.155816078186035,
    2.1860644817352295,
    2.2162909507751465,
    2.246645450592041,
    2.276935338973999,
    2.3072471618652344,
    2.3376147747039795,
    2.3680460453033447,
    2.398479700088501,
    2.42893385887146,
    2.4594078063964844,
    2.4899044036865234,
    2.520477056503296,
    2.551072120666504,
    2.5816545486450195,
    2.6123178005218506,
    2.643044948577881,
    2.673898935317993,
    2.704716920852661,
    2.735502004623413,
    2.766308069229126,
    2.7971324920654297,
    2.8279666900634766,
    2.8587770462036133,
    2.889643430709839,
    2.920560359954834,
    2.9514338970184326,
    2.9823801517486572,
    3.013367176055908,
    3.044402837753296,
    3.0753633975982666,
    3.106428861618042,
    3.137404680252075,
    3.1683685779571533,
    3.1992127895355225,
    3.2301065921783447,
    3.261007785797119,
    3.291926622390747,
    3.322817802429199,
    3.3537464141845703,
    3.3846511840820312,
    3.4154865741729736,
    3.4463584423065186,
    3.4772284030914307,
    3.508087158203125,
    3.5389368534088135,
    3.5698068141937256,
    3.6006808280944824,
    3.6315481662750244,
    3.6624138355255127,
    3.693275213241577,
    3.7241368293762207,
    3.754974365234375,
    3.78582501411438,
    3.8166723251342773,
    3.8475124835968018,
    3.878382444381714,
    3.909263849258423,
    3.9401285648345947,
    3.9709649085998535,
    4.001842737197876,
    4.032687425613403,
    4.063506841659546,
    4.094392776489258,
    4.125315189361572,
    4.156203508377075,
    4.187066555023193,
    4.218053340911865,
    4.248912811279297,
    4.2797956466674805,
    4.3106324672698975,
    4.34151029586792,
    4.37238335609436,
    4.4031994342803955,
    4.434027194976807,
    4.464860916137695,
    4.49572491645813,
    4.526575088500977
  ]
}