{
  "gesture_id": 5,
  "gesture_name": "press_once",
  "timestamp": "2025-12-24T14:52:10.536042",
  "sample_rate": 50,
  "duration": 3.0,
  "distances": [
    52.54617929458618,
    52.02689170837402,
    52.38262414932251,
    52.38262414932251,
    52.20271348953247,
    52.538001537323,
    51.52395963668823,
    52.210891246795654,
    52.04324722290039,
    51.36040449142456,
    51.008760929107666,
    50.63258409500122,
    50.66938400268555,
    50.1460075378418,
    49.97836351394653,
    49.18103218078613,
    48.436856269836426,
    56.57781362533569,
    50.83702802658081,
    49.76574182510376,
    49.638986587524414,
    45.19846439361572,
    45.01446485519409,
    45.22299766540527,
    45.40290832519531,
    47.794902324676514,
    43.975889682769775,
    40.64345359802246,
    42.08273887634277,
    38.81981372833252,
    39.77252244949341,
    39.02425765991211,
    41.334474086761475,
    38.33732604980469,
    39.73572254180908,
    36.260175704956055,
    35.99848747253418,
    36.27653121948242,
    34.72275733947754,
    33.189427852630615,
    32.08951950073242,
    31.844186782836914,
    30.26179075241089,
    31.324899196624756,
    31.06321096420288,
    28.928816318511963,
    27.78801918029785,
    28.380906581878662,
    26.37326717376709,
    29.509437084197998,
    24.251139163970947,
    23.07354211807251,
    26.340556144714355,
    46.19206190109253,
    22.497010231018066,
    22.795498371124268,
    20.922791957855225,
    21.225368976593018,
    19.291329383850098,
    18.359065055847168,
    17.68440008163452,
    16.748046875,
    17.02200174331665,
    16.38004779815674,
    17.09151268005371,
    16.412758827209473,
    15.460050106048584,
    14.012587070465088,
    13.689565658569336,
    13.816320896148682,
    13.002634048461914,
    13.746809959411621,
    14.028942584991455,
    14.06165361404419,
    14.691340923309326,
    15.071606636047363,
    13.33383321762085,
    14.719963073730469,
    15.787160396575928,
    16.093826293945312,
    16.72760248184204,
    16.739869117736816,
    17.06289052963257,
    19.287240505218506,
    19.311773777008057,
    20.289015769958496,
    22.202610969543457,
    24.582338333129883,
    24.271583557128906,
    28.389084339141846,
    30.01236915588379,
    30.26179075241089,
    29.268193244934082,
    30.343568325042725,
    31.83600902557373,
    34.76364612579346,
    36.05164289474487,
    35.52417755126953,
    36.51777505874634,
    36.2887978553772,
    38.15741539001465,
    39.5271897315979,
    40.9214973449707,
    42.78193712234497,
    43.82051229476929,
    43.82460117340088,
    43.80006790161133,
    44.654643535614014,
    45.860862731933594,
    46.62139415740967,
    47.480058670043945,
    46.84628248214722,
    48.502278327941895,
    48.25694561004639,
    49.85978603363037,
    50.06014108657837,
    50.70618391036987,
    50.86565017700195,
    51.56484842300415,
    52.22724676132202,
    53.77693176269531,
    55.01586198806763,
    54.79506254196167,
    54.64377403259277,
    56.855857372283936,
    56.512391567230225,
    57.06439018249512,
    56.83950185775757,
    56.84767961502075,
    56.93763494491577,
    56.855857372283936,
    56.96216821670532,
    56.83541297912598,
    56.83950185775757,
    57.66545534133911,
    56.85994625091553,
    56.82723522186279,
    57.26065635681152,
    56.80270195007324,
    57.5223445892334,
    56.70047998428345,
    58.65905284881592,
    56.94990158081055,
    56.81496858596802,
    56.806790828704834,
    56.77816867828369,
    56.806790828704834,
    56.68003559112549,
    57.51825571060181,
    56.95399045944214
  ],
  "timestamps": [
    0.010454654693603516,
    0.04099011421203613,
    0.0715172290802002,
    0.10203862190246582,
    0.13254737854003906,
    0.16307473182678223,
    0.1935427188873291,
    0.22405076026916504,
    0.2545466423034668,
    0.28500795364379883,
    0.3154425621032715,
    0.3458561897277832,
    0.37627315521240234,
    0.4066593647003174,
    0.4371297359466553,
    0.46763086318969727,
    0.49805784225463867,
    0.5289859771728516,
    0.5595769882202148,
    0.5900509357452393,
    0.6205203533172607,
    0.6507165431976318,
    0.680894136428833,
    0.7110867500305176,
    0.7412834167480469,
    0.771620512008667,
    0.801734447479248,
    0.831660270690918,
    0.8616588115692139,
    0.891470193862915,
    0.9213526248931885,
    0.9511897563934326,
    0.9811675548553467,
    1.0109703540802002,
    1.0408377647399902,
    1.0705070495605469,
    1.100153923034668,
    1.129819631576538,
    1.1593971252441406,
    1.188880443572998,
    1.218301773071289,
    1.2477080821990967,
    1.2770164012908936,
    1.3063912391662598,
    1.3357491493225098,
    1.3649895191192627,
    1.3941540718078613,
    1.4233605861663818,
    1.4524545669555664,
    1.481745958328247,
    1.5107700824737549,
    1.5398755073547363,
    1.5689947605133057,
    1.5992510318756104,
    1.6281063556671143,
    1.6569952964782715,
    1.6857843399047852,
    1.7145960330963135,
    1.7432894706726074,
    1.7719647884368896,
    1.8005461692810059,
    1.8290691375732422,
    1.8576200008392334,
    1.8861470222473145,
    1.9147155284881592,
    1.9432504177093506,
    1.971705436706543,
    2.000070095062256,
    2.028409719467163,
    2.056807041168213,
    2.0851497650146484,
    2.1135194301605225,
    2.141902446746826,
    2.1702871322631836,
    2.198712110519409,
    2.227156400680542,
    2.2554965019226074,
    2.2838897705078125,
    2.3123748302459717,
    2.340876817703247,
    2.3694145679473877,
    2.397955894470215,
    2.4265387058258057,
    2.4552383422851562,
    2.48392915725708,
    2.5128207206726074,
    2.54189133644104,
    2.570963144302368,
    2.6000983715057373,
    2.629390001296997,
    2.658703565597534,
    2.688088893890381,
    2.717397451400757,
    2.7467451095581055,
    2.776172399520874,
    2.8057637214660645,
    2.8354132175445557,
    2.8650379180908203,
    2.8947315216064453,
    2.924415111541748,
    2.954198122024536,
    2.984052896499634,
    3.013990879058838,
    3.044064998626709,
    3.074173927307129,
    3.1043035984039307,
    3.134410858154297,
    3.164569854736328,
    3.194795846939087,
    3.225071668624878,
    3.255389451980591,
    3.285672426223755,
    3.316080331802368,
    3.3464457988739014,
    3.376901865005493,
    3.4073736667633057,
    3.4379100799560547,
    3.468430519104004,
    3.4989867210388184,
    3.5296339988708496,
    3.5604248046875,
    3.5912182331085205,
    3.6219921112060547,
    3.6527440547943115,
    3.6836330890655518,
    3.7144806385040283,
    3.745378017425537,
    3.776242971420288,
    3.8071181774139404,
    3.8380203247070312,
    3.8688910007476807,
    3.8997533321380615,
    3.9306132793426514,
    3.961496114730835,
    3.9924111366271973,
    4.023273468017578,
    4.054156064987183,
    4.085046052932739,
    4.115900993347168,
    4.146803379058838,
    4.177646160125732,
    4.2085981369018555,
    4.239446640014648,
    4.270299196243286,
    4.301188707351685,
    4.3320534229278564,
    4.3629395961761475,
    4.393796443939209,
    4.424742221832275,
    4.455660104751587
  ]
}