{
  "gesture_id": 5,
  "gesture_name": "press_once",
  "timestamp": "2025-12-24T14:53:51.487153",
  "sample_rate": 50,
  "duration": 3.0,
  "distances": [
    57.6695442199707,
    58.96162986755371,
    57.94349908828735,
    56.93763494491577,
    57.853543758392334,
    57.2238564491272,
    58.11523199081421,
    57.95576572418213,
    56.54101371765137,
    56.83541297912598,
    57.25656747817993,
    53.97728681564331,
    56.038081645965576,
    55.490171909332275,
    56.55328035354614,
    52.75471210479736,
    56.68003559112549,
    53.282177448272705,
    50.37907361984253,
    50.50991773605347,
    50.17054080963135,
    49.85978603363037,
    48.682188987731934,
    48.277390003204346,
    51.21729373931885,
    45.0594425201416,
    44.225311279296875,
    43.41162443161011,
    42.11544990539551,
    42.070472240448,
    41.66158437728882,
    40.7252311706543,
    39.77252244949341,
    37.695372104644775,
    36.97164058685303,
    37.920260429382324,
    37.695372104644775,
    37.920260429382324,
    36.534130573272705,
    37.21288442611694,
    37.88754940032959,
    36.4850640296936,
    51.22547149658203,
    50.186896324157715,
    51.70387029647827,
    52.439868450164795,
    49.83934164047241,
    29.509437084197998,
    29.276371002197266,
    29.546236991882324,
    27.50997543334961,
    28.10286283493042,
    27.505886554718018,
    30.302679538726807,
    30.01645803451538,
    25.976645946502686,
    25.43691396713257,
    26.606333255767822,
    23.989450931549072,
    23.102164268493652,
    22.178077697753906,
    22.194433212280273,
    19.921016693115234,
    19.994616508483887,
    19.009196758270264,
    18.06875467300415,
    18.015599250793457,
    17.02200174331665,
    17.353200912475586,
    16.420936584472656,
    16.40866994857788,
    15.431427955627441,
    15.378272533416748,
    15.40689468383789,
    15.754449367523193,
    14.384675025939941,
    14.04120922088623,
    12.990367412567139,
    13.37881088256836,
    17.06289052963257,
    14.703607559204102,
    12.99445629119873,
    12.340235710144043,
    16.057026386260986,
    13.010811805725098,
    12.663257122039795,
    13.382899761199951,
    13.701832294464111,
    16.743957996368408,
    15.055251121520996,
    14.057564735412598,
    14.368319511413574,
    16.06929302215576,
    17.717111110687256,
    16.707158088684082,
    16.711246967315674,
    17.672133445739746,
    19.941461086273193,
    20.93505859375,
    21.855056285858154,
    24.238872528076172,
    49.982452392578125,
    25.1711368560791,
    26.62268877029419,
    29.775214195251465,
    28.977882862091064,
    28.96970510482788,
    30.29041290283203,
    30.294501781463623,
    31.615209579467773,
    33.487915992736816,
    37.45003938674927,
    35.5405330657959,
    35.52008867263794,
    36.7876410484314,
    36.260175704956055,
    37.920260429382324,
    39.53127861022949,
    39.55581188201904,
    40.696609020233154,
    42.81055927276611,
    43.656957149505615,
    43.03544759750366,
    43.41980218887329,
    43.82460117340088,
    44.225311279296875,
    46.06121778488159,
    46.42512798309326,
    46.85854911804199,
    47.65588045120239,
    48.870277404785156,
    50.05605220794678,
    49.83116388320923,
    51.07827186584473,
    51.19684934616089,
    52.80786752700806,
    52.60751247406006,
    53.29853296279907,
    53.63790988922119,
    54.34119701385498,
    55.00768423080444,
    54.81959581375122,
    56.38563632965088,
    56.91719055175781,
    57.98438787460327,
    58.66314172744751,
    59.25602912902832,
    59.91842746734619,
    60.380470752716064,
    60.67078113555908
  ],
  "timestamps": [
    0.010827064514160156,
    0.04195237159729004,
    0.07300591468811035,
    0.1039586067199707,
    0.1349344253540039,
    0.16585421562194824,
    0.19680547714233398,
    0.22773122787475586,
    0.25856685638427734,
    0.2894301414489746,
    0.320324182510376,
    0.35103607177734375,
    0.38185572624206543,
    0.4126462936401367,
    0.4434945583343506,
    0.4741222858428955,
    0.5049893856048584,
    0.5356647968292236,
    0.5662429332733154,
    0.596782922744751,
    0.6272799968719482,
    0.6577420234680176,
    0.688164234161377,
    0.7185337543487549,
    0.7490737438201904,
    0.7792582511901855,
    0.8094058036804199,
    0.8394906520843506,
    0.8694980144500732,
    0.8995013236999512,
    0.9294977188110352,
    0.9594688415527344,
    0.9894096851348877,
    1.019176721572876,
    1.0488872528076172,
    1.078660249710083,
    1.1084129810333252,
    1.1381726264953613,
    1.167853593826294,
    1.1975929737091064,
    1.2273585796356201,
    1.2570397853851318,
    1.2875747680664062,
    1.3180468082427979,
    1.3486089706420898,
    1.3792140483856201,
    1.4096834659576416,
    1.4389588832855225,
    1.468214988708496,
    1.4974899291992188,
    1.5266444683074951,
    1.555859088897705,
    1.585090160369873,
    1.6144285202026367,
    1.643738031387329,
    1.672814130783081,
    1.7018539905548096,
    1.730954885482788,
    1.7599022388458252,
    1.7887976169586182,
    1.8176453113555908,
    1.8464906215667725,
    1.8751988410949707,
    1.903909683227539,
    1.9326708316802979,
    1.9613263607025146,
    1.9899580478668213,
    2.0185275077819824,
    2.0471107959747314,
    2.075655937194824,
    2.1041884422302246,
    2.132662773132324,
    2.1611316204071045,
    2.1896026134490967,
    2.2180848121643066,
    2.2464940547943115,
    2.274876594543457,
    2.303206443786621,
    2.3315348625183105,
    2.3600871562957764,
    2.388540029525757,
    2.4168691635131836,
    2.4451754093170166,
    2.473670244216919,
    2.5019800662994385,
    2.5302653312683105,
    2.558680295944214,
    2.5871315002441406,
    2.615701675415039,
    2.6441757678985596,
    2.672579050064087,
    2.700986385345459,
    2.7294974327087402,
    2.7580957412719727,
    2.7866249084472656,
    2.815154790878296,
    2.8437352180480957,
    2.87250018119812,
    2.9012956619262695,
    2.9301540851593018,
    2.9591574668884277,
    2.989636182785034,
    3.018657922744751,
    3.0477616786956787,
    3.0770974159240723,
    3.106415271759033,
    3.1356770992279053,
    3.1650140285491943,
    3.1943233013153076,
    3.223721742630005,
    3.2532217502593994,
    3.282935380935669,
    3.3125531673431396,
    3.3421566486358643,
    3.3718488216400146,
    3.4015626907348633,
    3.4313247203826904,
    3.4612014293670654,
    3.4910523891448975,
    3.5209896564483643,
    3.5510661602020264,
    3.581230640411377,
    3.6116597652435303,
    3.6418442726135254,
    3.671949863433838,
    3.702138662338257,
    3.7323598861694336,
    3.762619972229004,
    3.7929117679595947,
    3.8232243061065674,
    3.853623151779175,
    3.884071111679077,
    3.914560317993164,
    3.945155382156372,
    3.975677251815796,
    4.00631046295166,
    4.036920070648193,
    4.067547559738159,
    4.098207712173462,
    4.128922939300537,
    4.159662485122681,
    4.190407752990723,
    4.221263647079468,
    4.252128601074219,
    4.283059120178223,
    4.314027786254883,
    4.345001697540283,
    4.3760294914245605,
    4.407090425491333,
    4.43817138671875
  ]
}