{
  "gesture_id": 5,
  "gesture_name": "press_once",
  "timestamp": "2025-12-24T14:53:16.459262",
  "sample_rate": 50,
  "duration": 3.0,
  "distances": [
    57.424211502075195,
    57.34243392944336,
    57.649099826812744,
    57.93123245239258,
    57.33834505081177,
    56.91719055175781,
    56.148481369018555,
    56.352925300598145,
    56.47968053817749,
    55.989015102386475,
    55.11399507522583,
    55.48199415206909,
    54.124486446380615,
    53.899598121643066,
    54.08768653869629,
    56.328392028808594,
    53.40075492858887,
    52.20680236816406,
    50.46902894973755,
    49.618542194366455,
    47.798991203308105,
    47.4023699760437,
    45.60326337814331,
    45.590996742248535,
    43.37073564529419,
    42.50798225402832,
    42.53251552581787,
    40.925586223602295,
    41.35082960128784,
    40.18958806991577,
    38.54585886001587,
    38.34141492843628,
    37.66266107559204,
    36.97164058685303,
    36.75493001937866,
    51.896047592163086,
    35.507822036743164,
    33.97449254989624,
    33.65964889526367,
    33.40613842010498,
    31.852364540100098,
    32.11405277252197,
    32.3512077331543,
    29.480814933776855,
    29.206860065460205,
    28.94108295440674,
    37.650394439697266,
    27.747130393981934,
    26.316022872924805,
    24.85220432281494,
    24.238872528076172,
    23.674607276916504,
    23.110342025756836,
    22.509276866912842,
    22.2312331199646,
    21.540212631225586,
    20.268571376800537,
    19.98234987258911,
    18.36315393447876,
    18.040132522583008,
    17.68031120300293,
    16.122448444366455,
    16.760313510894775,
    16.11427068710327,
    15.423250198364258,
    14.711785316467285,
    13.693654537200928,
    14.388763904571533,
    49.94974136352539,
    12.319791316986084,
    13.407433032989502,
    12.307524681091309,
    11.980414390563965,
    12.655079364776611,
    14.72405195236206,
    13.3583664894104,
    16.093826293945312,
    16.731691360473633,
    14.711785316467285,
    15.092051029205322,
    15.423250198364258,
    16.72351360321045,
    16.70306921005249,
    17.72528886795044,
    19.974172115325928,
    19.916927814483643,
    21.225368976593018,
    22.214877605438232,
    23.114430904388428,
    23.98127317428589,
    24.864470958709717,
    27.174687385559082,
    27.19104290008545,
    29.78339195251465,
    29.758858680725098,
    29.775214195251465,
    30.56436777114868,
    32.08951950073242,
    32.371652126312256,
    33.97040367126465,
    34.191203117370605,
    34.461069107055664,
    35.511910915374756,
    37.4336838722229,
    36.25199794769287,
    36.02302074432373,
    37.441861629486084,
    37.16381788253784,
    39.07332420349121,
    38.333237171173096,
    38.582658767700195,
    39.95652198791504,
    40.66389799118042,
    41.84967279434204,
    42.516160011291504,
    43.178558349609375,
    44.00860071182251,
    43.383002281188965,
    45.39473056793213,
    45.99579572677612,
    46.592772006988525,
    46.797215938568115,
    48.41641187667847,
    47.823524475097656,
    48.4000563621521,
    49.9947190284729,
    50.15827417373657,
    50.29729604721069,
    51.01284980773926,
    52.04324722290039,
    51.85515880584717,
    53.715598583221436,
    54.786884784698486,
    54.966795444488525,
    54.90546226501465,
    54.966795444488525,
    55.27346134185791,
    56.47150278091431,
    56.786346435546875,
    56.61870241165161,
    56.88447952270508,
    56.79043531417847,
    56.63505792617798,
    56.925368309020996,
    58.51185321807861,
    57.35878944396973,
    58.450520038604736,
    58.291053771972656,
    58.05389881134033,
    58.605897426605225
  ],
  "timestamps": [
    0.010778665542602539,
    0.04184532165527344,
    0.07285714149475098,
    0.10382390022277832,
    0.1347494125366211,
    0.16563010215759277,
    0.1964406967163086,
    0.22725939750671387,
    0.25809669494628906,
    0.2889127731323242,
    0.3196737766265869,
    0.3504934310913086,
    0.38121461868286133,
    0.4119100570678711,
    0.4426097869873047,
    0.473438024520874,
    0.5040919780731201,
    0.5346715450286865,
    0.5651559829711914,
    0.5956239700317383,
    0.626060962677002,
    0.656395435333252,
    0.6866538524627686,
    0.716928243637085,
    0.7470154762268066,
    0.7770483493804932,
    0.8070774078369141,
    0.8370120525360107,
    0.8669869899749756,
    0.8968801498413086,
    0.926673412322998,
    0.9564564228057861,
    0.9862022399902344,
    1.0159056186676025,
    1.0455951690673828,
    1.0761735439300537,
    1.1057941913604736,
    1.1353302001953125,
    1.1648509502410889,
    1.1943514347076416,
    1.2237579822540283,
    1.2531838417053223,
    1.28261399269104,
    1.3118815422058105,
    1.3411319255828857,
    1.370365858078003,
    1.4001033306121826,
    1.4292702674865723,
    1.4583513736724854,
    1.4873459339141846,
    1.5163028240203857,
    1.5452284812927246,
    1.5741615295410156,
    1.6032304763793945,
    1.6321732997894287,
    1.6610422134399414,
    1.6898384094238281,
    1.7185945510864258,
    1.7472376823425293,
    1.775855302810669,
    1.8044712543487549,
    1.8330109119415283,
    1.8615856170654297,
    1.8901185989379883,
    1.9186022281646729,
    1.947033405303955,
    1.9753978252410889,
    2.0038225650787354,
    2.0343379974365234,
    2.0626516342163086,
    2.09102725982666,
    2.11932373046875,
    2.1475918292999268,
    2.175896644592285,
    2.204347848892212,
    2.232722759246826,
    2.261253833770752,
    2.2898244857788086,
    2.31826114654541,
    2.3467040061950684,
    2.375164747238159,
    2.403700828552246,
    2.432286262512207,
    2.4608917236328125,
    2.4896247386932373,
    2.518404960632324,
    2.5472397804260254,
    2.576169490814209,
    2.6052157878875732,
    2.6345174312591553,
    2.6636390686035156,
    2.6928977966308594,
    2.7221262454986572,
    2.751448392868042,
    2.7807564735412598,
    2.810058832168579,
    2.839401960372925,
    2.8688220977783203,
    2.8982584476470947,
    2.9277853965759277,
    2.957343101501465,
    2.986896276473999,
    3.0165138244628906,
    3.0462429523468018,
    3.075915813446045,
    3.1055641174316406,
    3.135314702987671,
    3.1650285720825195,
    3.194842576980591,
    3.2246294021606445,
    3.254427671432495,
    3.2843170166015625,
    3.3142313957214355,
    3.3442139625549316,
    3.3742380142211914,
    3.40429949760437,
    3.4344093799591064,
    3.464482069015503,
    3.494675397872925,
    3.5249006748199463,
    3.5551817417144775,
    3.585510015487671,
    3.6159515380859375,
    3.6463046073913574,
    3.6766796112060547,
    3.7071421146392822,
    3.7376177310943604,
    3.768122911453247,
    3.7986555099487305,
    3.829237699508667,
    3.859807252883911,
    3.8904764652252197,
    3.9212026596069336,
    3.951936960220337,
    3.9826815128326416,
    4.013432264328003,
    4.044201850891113,
    4.07506251335144,
    4.105927467346191,
    4.136775493621826,
    4.167637586593628,
    4.198485851287842,
    4.229325294494629,
    4.260175704956055,
    4.291125535964966,
    4.322015285491943,
    4.352967262268066,
    4.383929014205933,
    4.414866924285889,
    4.445828914642334
  ]
}