{
  "gesture_id": 5,
  "gesture_name": "press_once",
  "timestamp": "2025-12-24T14:50:22.282880",
  "sample_rate": 50,
  "duration": 3.0,
  "distances": [
    50.18280744552612,
    48.45321178436279,
    48.48592281341553,
    49.8965859413147,
    48.506367206573486,
    48.49001169204712,
    48.85392189025879,
    49.66760873794556,
    48.273301124572754,
    47.24290370941162,
    47.44325876235962,
    47.7008581161499,
    49.80663061141968,
    57.559144496917725,
    54.47613000869751,
    45.864951610565186,
    44.63828802108765,
    44.2130446434021,
    44.25802230834961,
    42.80238151550293,
    43.02318096160889,
    44.21713352203369,
    41.39171838760376,
    41.60434007644653,
    41.379451751708984,
    40.721142292022705,
    37.93661594390869,
    38.38639259338379,
    38.11652660369873,
    37.88754940032959,
    36.5382194519043,
    36.29288673400879,
    36.49733066558838,
    35.56506633758545,
    35.053956508636475,
    33.94995927810669,
    32.94409513473511,
    33.189427852630615,
    32.142674922943115,
    31.100010871887207,
    30.568456649780273,
    30.781078338623047,
    31.61112070083618,
    29.779303073883057,
    29.280459880828857,
    28.667128086090088,
    27.223753929138184,
    26.639044284820557,
    29.509437084197998,
    24.909448623657227,
    26.340556144714355,
    26.929354667663574,
    22.836387157440186,
    22.218966484069824,
    21.564745903015137,
    19.581639766693115,
    20.329904556274414,
    19.324040412902832,
    19.352662563323975,
    18.988752365112305,
    18.68617534637451,
    18.350887298583984,
    17.099690437316895,
    18.04831027984619,
    17.7457332611084,
    16.457736492156982,
    16.061115264892578,
    17.050623893737793,
    16.735780239105225,
    16.122448444366455,
    16.146981716156006,
    17.054712772369385,
    17.434978485107422,
    17.72937774658203,
    17.70075559616089,
    17.373645305633545,
    17.06289052963257,
    19.02146339416504,
    18.354976177215576,
    19.961905479431152,
    20.280838012695312,
    21.560657024383545,
    21.924567222595215,
    23.727762699127197,
    24.590516090393066,
    24.21025037765503,
    27.23602056503296,
    26.9170880317688,
    29.28454875946045,
    29.816102981567383,
    30.83423376083374,
    31.361699104309082,
    32.686495780944824,
    33.962225914001465,
    35.262489318847656,
    36.284708976745605,
    38.807547092437744,
    36.77537441253662,
    38.12061548233032,
    39.061057567596436,
    41.38762950897217,
    41.84558391571045,
    41.39989614486694,
    42.291271686553955,
    42.81055927276611,
    44.654643535614014,
    45.42744159698486,
    46.65001630783081,
    46.478283405303955,
    48.06476831436157,
    48.273301124572754,
    48.83756637573242,
    49.48769807815552,
    51.38084888458252,
    51.90422534942627,
    52.77515649795532,
    51.06600522994995,
    50.869739055633545,
    51.92058086395264,
    52.100491523742676,
    52.214980125427246,
    52.738356590270996,
    52.39897966384888,
    53.282177448272705,
    52.075958251953125,
    52.96733379364014,
    52.92235612869263,
    56.54510259628296,
    56.05034828186035,
    55.50652742385864,
    52.40306854248047,
    52.460312843322754,
    51.92058086395264,
    52.4357795715332,
    52.39897966384888,
    51.88378095626831,
    51.88378095626831,
    51.90013647079468,
    52.235424518585205,
    52.25178003311157,
    52.24360227584839,
    51.76929235458374,
    51.7406702041626,
    51.18458271026611,
    51.22956037521362,
    51.188671588897705,
    51.25000476837158,
    52.04324722290039,
    51.17231607437134,
    51.24591588973999
  ],
  "timestamps": [
    0.010390281677246094,
    0.0408780574798584,
    0.0713353157043457,
    0.10185718536376953,
    0.13232827186584473,
    0.16269683837890625,
    0.19307875633239746,
    0.22352099418640137,
    0.25404882431030273,
    0.28438520431518555,
    0.31474781036376953,
    0.34508490562438965,
    0.37554001808166504,
    0.40644216537475586,
    0.4371654987335205,
    0.46738648414611816,
    0.49753546714782715,
    0.5276572704315186,
    0.5577845573425293,
    0.5878369808197021,
    0.6178936958312988,
    0.648012638092041,
    0.6780107021331787,
    0.7079899311065674,
    0.7379481792449951,
    0.7679035663604736,
    0.7977309226989746,
    0.8275346755981445,
    0.8573427200317383,
    0.8871140480041504,
    0.9167952537536621,
    0.9464647769927979,
    0.9761462211608887,
    1.0057666301727295,
    1.035353660583496,
    1.0648815631866455,
    1.0943591594696045,
    1.12384033203125,
    1.1532578468322754,
    1.1826198101043701,
    1.2119488716125488,
    1.241319179534912,
    1.2707493305206299,
    1.3000524044036865,
    1.329308271408081,
    1.3585245609283447,
    1.3876605033874512,
    1.4167652130126953,
    1.4460358619689941,
    1.475036382675171,
    1.504117488861084,
    1.5332374572753906,
    1.5621325969696045,
    1.5910096168518066,
    1.6198339462280273,
    1.6486337184906006,
    1.6773858070373535,
    1.7060649394989014,
    1.7347357273101807,
    1.763455867767334,
    1.7921912670135498,
    1.8208482265472412,
    1.8494172096252441,
    1.8780267238616943,
    1.9066171646118164,
    1.9351272583007812,
    1.9636693000793457,
    1.992239236831665,
    2.020782470703125,
    2.0492920875549316,
    2.07780122756958,
    2.106370449066162,
    2.1349520683288574,
    2.163550615310669,
    2.1921377182006836,
    2.220698118209839,
    2.2492411136627197,
    2.277904748916626,
    2.306546688079834,
    2.335277557373047,
    2.3640289306640625,
    2.3928401470184326,
    2.421663284301758,
    2.4505882263183594,
    2.479565382003784,
    2.5085644721984863,
    2.5376968383789062,
    2.5668134689331055,
    2.596079111099243,
    2.625380516052246,
    2.6547439098358154,
    2.6841368675231934,
    2.713649272918701,
    2.743173837661743,
    2.7727911472320557,
    2.8025259971618652,
    2.83241868019104,
    2.8622331619262695,
    2.8920490741729736,
    2.9218294620513916,
    2.9517953395843506,
    2.981781244277954,
    3.0117433071136475,
    3.041752576828003,
    3.071800708770752,
    3.101945161819458,
    3.1321420669555664,
    3.162405252456665,
    3.1926848888397217,
    3.223034143447876,
    3.2533950805664062,
    3.2837882041931152,
    3.314218759536743,
    3.3447601795196533,
    3.375330924987793,
    3.4059479236602783,
    3.436469554901123,
    3.466991662979126,
    3.497563123703003,
    3.528141736984253,
    3.5587315559387207,
    3.589353322982788,
    3.6199445724487305,
    3.6505813598632812,
    3.681149482727051,
    3.7117745876312256,
    3.7424063682556152,
    3.7732691764831543,
    3.804196834564209,
    3.835003137588501,
    3.8656277656555176,
    3.8962395191192627,
    3.926809310913086,
    3.957402229309082,
    3.987990379333496,
    4.018557071685791,
    4.049130201339722,
    4.079706192016602,
    4.110315322875977,
    4.1409080028533936,
    4.171502351760864,
    4.20206618309021,
    4.23261022567749,
    4.263139247894287,
    4.293669939041138,
    4.324179172515869,
    4.354712724685669,
    4.385291814804077,
    4.415810585021973,
    4.446338653564453
  ]
}