{
  "gesture_id": 5,
  "gesture_name": "press_once",
  "timestamp": "2025-12-23T15:57:56.641821",
  "sample_rate": 50,
  "duration": 3.0,
  "distances": [
    48.616766929626465,
    44.74459886550903,
    43.57109069824219,
    43.73055696487427,
    42.929136753082275,
    43.37073564529419,
    41.80469512939453,
    43.358469009399414,
    43.55882406234741,
    43.358469009399414,
    42.720603942871094,
    43.971800804138184,
    44.35615539550781,
    43.97997856140137,
    45.77908515930176,
    43.199002742767334,
    43.338024616241455,
    41.82513952255249,
    39.70710039138794,
    39.03243541717529,
    36.9348406791687,
    37.216973304748535,
    39.93607759475708,
    36.534130573272705,
    29.227304458618164,
    27.1665096282959,
    24.296116828918457,
    26.884377002716064,
    20.248126983642578,
    18.02377700805664,
    18.040132522583008,
    16.093826293945312,
    14.045298099517822,
    12.33205795288086,
    13.669121265411377,
    15.051162242889404,
    12.319791316986084,
    11.30983829498291,
    11.281216144561768,
    10.267174243927002,
    12.307524681091309,
    16.118359565734863,
    16.102004051208496,
    17.65577793121338,
    19.626617431640625,
    23.425185680389404,
    29.480814933776855,
    29.51352596282959,
    31.85645341873169,
    37.196528911590576,
    37.20879554748535,
    39.75616693496704,
    41.86602830886841,
    42.09909439086914,
    42.790114879608154,
    43.62015724182129,
    45.59917449951172,
    45.202553272247314,
    45.206642150878906,
    46.42512798309326,
    46.62957191467285,
    47.24290370941162,
    46.82992696762085,
    46.797215938568115,
    47.25925922393799,
    46.8544602394104,
    46.821749210357666,
    46.866726875305176,
    46.87490463256836,
    47.251081466674805,
    47.64770269393921,
    45.79952955245972,
    46.24521732330322,
    46.228861808776855,
    46.23295068740845,
    46.21250629425049,
    46.26157283782959,
    46.60912752151489,
    46.63366079330444,
    46.637749671936035,
    46.24521732330322,
    46.253395080566406,
    46.21659517288208,
    46.60094976425171,
    46.60094976425171,
    47.0057487487793,
    45.635974407196045,
    45.21481990814209,
    45.17393112182617,
    45.19028663635254,
    45.206642150878906,
    45.19028663635254,
    45.635974407196045,
    45.615530014038086,
    45.19028663635254,
    45.66459655761719,
    45.58690786361694,
    45.99579572677612,
    46.433305740356445,
    46.40059471130371,
    44.96948719024658,
    44.98993158340454,
    44.98993158340454,
    45.05126476287842,
    45.047175884246826,
    45.0103759765625,
    45.386552810668945,
    45.431530475616455,
    45.411086082458496,
    45.43970823287964,
    45.44788599014282,
    45.8077073097229,
    45.83224058151245,
    45.82815170288086,
    46.253395080566406,
    46.21250629425049,
    46.65001630783081,
    45.182108879089355,
    44.818198680877686,
    44.83046531677246,
    45.2107310295105,
    45.227086544036865,
    44.80593204498291,
    44.82637643814087,
    45.25570869445801,
    46.62548303604126,
    45.2107310295105,
    45.202553272247314,
    45.89766263961792,
    45.23117542266846,
    46.62139415740967,
    45.23117542266846,
    45.19437551498413,
    45.206642150878906,
    46.26566171646118,
    46.224772930145264,
    45.840418338775635,
    45.860862731933594,
    45.79135179519653,
    45.840418338775635,
    45.83224058151245,
    45.411086082458496,
    45.386552810668945,
    45.43970823287964,
    45.411086082458496,
    45.39064168930054,
    45.4601526260376,
    45.39473056793213,
    45.42744159698486,
    45.40290832519531
  ],
  "timestamps": [
    0.01029825210571289,
    0.0405735969543457,
    0.0707087516784668,
    0.10085129737854004,
    0.1309194564819336,
    0.16106843948364258,
    0.19103169441223145,
    0.2211010456085205,
    0.251173734664917,
    0.281261682510376,
    0.3112828731536865,
    0.3414161205291748,
    0.37153077125549316,
    0.40164756774902344,
    0.43184471130371094,
    0.46192479133605957,
    0.49199485778808594,
    0.522010087966919,
    0.5518679618835449,
    0.5817484855651855,
    0.6115410327911377,
    0.641348123550415,
    0.6712300777435303,
    0.7009296417236328,
    0.7301719188690186,
    0.7593350410461426,
    0.7883124351501465,
    0.8174104690551758,
    0.8461456298828125,
    0.8747484683990479,
    0.9033510684967041,
    0.9318387508392334,
    0.9602162837982178,
    0.9884707927703857,
    1.0168194770812988,
    1.0452280044555664,
    1.073509693145752,
    1.1017582416534424,
    1.1300079822540283,
    1.158212423324585,
    1.1865167617797852,
    1.2150330543518066,
    1.2435426712036133,
    1.2721445560455322,
    1.3008253574371338,
    1.3297433853149414,
    1.3590242862701416,
    1.3883106708526611,
    1.4177281856536865,
    1.4474740028381348,
    1.4772188663482666,
    1.5070831775665283,
    1.5370726585388184,
    1.567075490951538,
    1.5971927642822266,
    1.6274936199188232,
    1.6577727794647217,
    1.688002586364746,
    1.7182097434997559,
    1.7484753131866455,
    1.7787244319915771,
    1.8090300559997559,
    1.8392891883850098,
    1.869572639465332,
    1.8998558521270752,
    1.9301433563232422,
    1.9604253768920898,
    1.9906845092773438,
    2.020983934402466,
    2.0512921810150146,
    2.081617832183838,
    2.1119062900543213,
    2.142158031463623,
    2.172403335571289,
    2.2026495933532715,
    2.23289155960083,
    2.263141393661499,
    2.293409824371338,
    2.323678493499756,
    2.353961944580078,
    2.3842077255249023,
    2.414449453353882,
    2.4446909427642822,
    2.474958658218384,
    2.505225658416748,
    2.535515785217285,
    2.565727472305298,
    2.595956325531006,
    2.626354217529297,
    2.656575918197632,
    2.6867802143096924,
    2.716967821121216,
    2.7471930980682373,
    2.7774078845977783,
    2.807595729827881,
    2.8378264904022217,
    2.868039846420288,
    2.8982903957366943,
    2.9285500049591064,
    2.9588043689727783,
    2.9889426231384277,
    3.019111156463623,
    3.049304485321045,
    3.079479217529297,
    3.1096549034118652,
    3.139826774597168,
    3.170037269592285,
    3.2002365589141846,
    3.230435609817505,
    3.260633707046509,
    3.2908310890197754,
    3.3210501670837402,
    3.351268768310547,
    3.381502389907837,
    3.4117467403411865,
    3.441988945007324,
    3.472261428833008,
    3.5024449825286865,
    3.532606840133667,
    3.5627858638763428,
    3.59298038482666,
    3.6232662200927734,
    3.6534957885742188,
    3.6836745738983154,
    3.713871479034424,
    3.7441437244415283,
    3.7743375301361084,
    3.8045220375061035,
    3.83475923538208,
    3.8649511337280273,
    3.8952040672302246,
    3.9253907203674316,
    3.9555561542510986,
    3.985745668411255,
    4.015974521636963,
    4.046233177185059,
    4.076460838317871,
    4.106664657592773,
    4.136885166168213,
    4.167086601257324,
    4.197306394577026,
    4.227482795715332,
    4.257676124572754,
    4.2878711223602295,
    4.318063974380493,
    4.348241329193115,
    4.378439903259277,
    4.40863299369812,
    4.4388134479522705,
    4.469033479690552
  ]
}