{
  "gesture_id": 5,
  "gesture_name": "press_once",
  "timestamp": "2025-12-24T14:55:19.165860",
  "sample_rate": 50,
  "duration": 3.0,
  "distances": [
    57.927143573760986,
    56.524658203125,
    56.831324100494385,
    56.81496858596802,
    56.720924377441406,
    56.66368007659912,
    56.18937015533447,
    55.171239376068115,
    56.716835498809814,
    55.01586198806763,
    56.855857372283936,
    54.987239837646484,
    54.86048460006714,
    53.80146503448486,
    53.96910905838013,
    51.90831422805786,
    51.233649253845215,
    50.40360689163208,
    50.03969669342041,
    49.70440864562988,
    48.86209964752197,
    48.51045608520508,
    48.3019232749939,
    46.8544602394104,
    45.856773853302,
    45.62779664993286,
    46.069395542144775,
    45.47241926193237,
    45.2597975730896,
    43.64469051361084,
    43.019092082977295,
    44.20895576477051,
    43.2153582572937,
    40.94194173812866,
    40.68434238433838,
    49.847519397735596,
    39.32274580001831,
    38.16559314727783,
    36.53004169464111,
    37.924349308013916,
    37.012529373168945,
    35.02533435821533,
    34.759557247161865,
    33.72507095336914,
    33.45111608505249,
    32.40845203399658,
    32.62925148010254,
    32.122230529785156,
    35.76951026916504,
    50.55898427963257,
    33.17716121673584,
    32.12631940841675,
    55.5269718170166,
    29.24365997314453,
    28.953349590301514,
    26.62268877029419,
    26.050245761871338,
    25.453269481658936,
    24.909448623657227,
    25.179314613342285,
    47.823524475097656,
    23.989450931549072,
    22.227144241333008,
    22.562432289123535,
    21.601545810699463,
    20.918703079223633,
    19.97826099395752,
    19.02146339416504,
    18.326354026794434,
    17.353200912475586,
    16.72760248184204,
    17.103779315948486,
    16.43320322036743,
    15.774893760681152,
    17.034268379211426,
    16.093826293945312,
    15.402805805206299,
    15.415072441101074,
    13.669121265411377,
    13.362455368041992,
    13.043522834777832,
    13.010811805725098,
    14.012587070465088,
    13.714098930358887,
    12.327969074249268,
    13.37881088256836,
    13.006722927093506,
    12.683701515197754,
    10.62699556350708,
    10.26308536529541,
    11.62877082824707,
    18.65755319595337,
    10.60246229171753,
    18.011510372161865,
    36.0393762588501,
    10.23855209350586,
    9.253132343292236,
    9.9196195602417,
    9.269487857818604,
    9.911441802978516,
    9.21633243560791,
    7.253670692443848,
    9.26131010055542,
    7.580780982971191,
    7.241404056549072,
    6.6117167472839355,
    9.273576736450195,
    31.602942943572998,
    9.588420391082764,
    9.265398979187012,
    11.28530502319336,
    11.665570735931396,
    12.998545169830322,
    17.030179500579834,
    16.36369228363037,
    18.334531784057617,
    19.311773777008057,
    20.30128240585327,
    21.2335467338562,
    22.157633304595947,
    23.66642951965332,
    26.001179218292236,
    26.892554759979248,
    30.020546913146973,
    31.324899196624756,
    31.602942943572998,
    33.667826652526855,
    35.27884483337402,
    35.49555540084839,
    36.23155355453491,
    36.93892955780029,
    38.84843587875366,
    39.0774130821228,
    40.41447639465332,
    42.291271686553955,
    43.37073564529419,
    43.02726984024048,
    44.0126895904541,
    45.022642612457275,
    46.44148349761963,
    46.42512798309326,
    48.661744594573975,
    49.07881021499634,
    49.83116388320923,
    50.17871856689453,
    53.58884334564209,
    52.35400199890137,
    52.22315788269043,
    53.24128866195679,
    53.80146503448486
  ],
  "timestamps": [
    0.010964155197143555,
    0.041889190673828125,
    0.0727996826171875,
    0.10370111465454102,
    0.13459277153015137,
    0.16556286811828613,
    0.19640326499938965,
    0.2271735668182373,
    0.25806522369384766,
    0.28885555267333984,
    0.319735050201416,
    0.35050034523010254,
    0.38124704360961914,
    0.411928653717041,
    0.4426231384277344,
    0.4732339382171631,
    0.503795862197876,
    0.5342938899993896,
    0.5647618770599365,
    0.59521484375,
    0.6256177425384521,
    0.6559956073760986,
    0.6863760948181152,
    0.7166588306427002,
    0.7468819618225098,
    0.7770936489105225,
    0.8073275089263916,
    0.8375599384307861,
    0.8678293228149414,
    0.8979687690734863,
    0.9280335903167725,
    0.9581735134124756,
    0.9882476329803467,
    1.0181858539581299,
    1.0481066703796387,
    1.0785627365112305,
    1.1084258556365967,
    1.1382081508636475,
    1.167886734008789,
    1.1976470947265625,
    1.2273564338684082,
    1.2569653987884521,
    1.2865383625030518,
    1.3160552978515625,
    1.345552921295166,
    1.3749871253967285,
    1.40444016456604,
    1.433882713317871,
    1.4635183811187744,
    1.4940159320831299,
    1.523498296737671,
    1.5529241561889648,
    1.583714246749878,
    1.6129860877990723,
    1.642221450805664,
    1.6713237762451172,
    1.7004194259643555,
    1.7294535636901855,
    1.7584500312805176,
    1.7874643802642822,
    1.8178093433380127,
    1.846841812133789,
    1.8757359981536865,
    1.904613971710205,
    1.9334344863891602,
    1.962235927581787,
    1.990976095199585,
    2.0196540355682373,
    2.048287868499756,
    2.0768508911132812,
    2.1053717136383057,
    2.1339690685272217,
    2.162475109100342,
    2.190943479537964,
    2.219479560852051,
    2.2480242252349854,
    2.276503324508667,
    2.304979085922241,
    2.3333520889282227,
    2.3617031574249268,
    2.390033483505249,
    2.418374538421631,
    2.4467625617980957,
    2.475133180618286,
    2.5034241676330566,
    2.531773090362549,
    2.5600969791412354,
    2.5884039402008057,
    2.616590738296509,
    2.644754648208618,
    2.6729977130889893,
    2.7016518115997314,
    2.729844331741333,
    2.758465528488159,
    2.788120746612549,
    2.8162806034088135,
    2.844461441040039,
    2.8726561069488525,
    2.9007728099823,
    2.9289379119873047,
    2.957051992416382,
    2.9850499629974365,
    3.013157367706299,
    3.0411670207977295,
    3.069155216217041,
    3.097111940383911,
    3.1252193450927734,
    3.154627799987793,
    3.1827635765075684,
    3.2108705043792725,
    3.239091157913208,
    3.267333507537842,
    3.2957208156585693,
    3.32432222366333,
    3.352877378463745,
    3.3815436363220215,
    3.410264015197754,
    3.439042806625366,
    3.4678688049316406,
    3.496799945831299,
    3.5257530212402344,
    3.5548384189605713,
    3.583986520767212,
    3.6133363246917725,
    3.642754554748535,
    3.672184944152832,
    3.7017438411712646,
    3.7313690185546875,
    3.761030912399292,
    3.7907040119171143,
    3.820439100265503,
    3.8504209518432617,
    3.880267858505249,
    3.9101953506469727,
    3.9402167797088623,
    3.970301866531372,
    4.000355005264282,
    4.030471324920654,
    4.060641765594482,
    4.090915679931641,
    4.121168851852417,
    4.151553392410278,
    4.181962966918945,
    4.212416648864746,
    4.242885589599609,
    4.2735559940338135,
    4.304173946380615,
    4.334768533706665,
    4.365427017211914,
    4.396113157272339
  ]
}