{
  "gesture_id": 5,
  "gesture_name": "press_once",
  "timestamp": "2025-12-23T16:03:08.660853",
  "sample_rate": 50,
  "duration": 3.0,
  "distances": [
    56.52874708175659,
    56.49603605270386,
    56.512391567230225,
    56.013548374176025,
    56.324303150177,
    56.128036975860596,
    55.98492622375488,
    55.31435012817383,
    55.45337200164795,
    55.14261722564697,
    54.782795906066895,
    54.77461814880371,
    54.304397106170654,
    53.76466512680054,
    54.12039756774902,
    56.68003559112549,
    56.49603605270386,
    51.17640495300293,
    50.526273250579834,
    49.798452854156494,
    49.63489770889282,
    47.64361381530762,
    47.39828109741211,
    47.6027250289917,
    45.60326337814331,
    45.82815170288086,
    44.18442249298096,
    44.77730989456177,
    43.611979484558105,
    43.19491386413574,
    42.52842664718628,
    40.6720757484436,
    40.00149965286255,
    40.218210220336914,
    39.29821252822876,
    38.603103160858154,
    53.2862663269043,
    37.625861167907715,
    36.29288673400879,
    36.509597301483154,
    36.035287380218506,
    35.49964427947998,
    34.99671220779419,
    35.282933712005615,
    34.714579582214355,
    34.23209190368652,
    33.19351673126221,
    32.65787363052368,
    31.58249855041504,
    31.88098669052124,
    36.86532974243164,
    31.1040997505188,
    29.99192476272583,
    28.10695171356201,
    29.235482215881348,
    28.090596199035645,
    28.39726209640503,
    25.723135471343994,
    24.811315536499023,
    24.89718198776245,
    30.01236915588379,
    26.639044284820557,
    25.49006938934326,
    23.41700792312622,
    23.973095417022705,
    27.747130393981934,
    23.134875297546387,
    23.715496063232422,
    24.570071697235107,
    24.602782726287842,
    28.94517183303833,
    27.820730209350586,
    30.073702335357666,
    26.60224437713623,
    27.203309535980225,
    29.48899269104004,
    27.751219272613525,
    29.272282123565674,
    30.26179075241089,
    30.008280277252197,
    31.075477600097656,
    32.097697257995605,
    33.941781520843506,
    37.43777275085449,
    39.265501499176025,
    36.00257635116577,
    35.830843448638916,
    37.68310546875,
    36.97164058685303,
    36.759018898010254,
    36.95528507232666,
    38.852524757385254,
    44.18442249298096,
    47.80716896057129,
    45.42744159698486,
    42.994558811187744,
    42.745137214660645,
    43.02318096160889,
    50.006985664367676,
    55.30208349227905,
    56.647324562072754,
    50.186896324157715,
    56.95807933807373,
    49.65534210205078,
    50.19098520278931,
    50.13374090194702,
    50.15418529510498,
    47.66814708709717,
    49.83116388320923,
    49.459075927734375,
    49.414098262786865,
    49.81889724731445,
    49.3977427482605,
    48.45321178436279,
    49.67169761657715,
    49.822986125946045,
    49.97018575668335,
    49.66760873794556,
    49.83934164047241,
    49.97836351394653,
    49.66760873794556,
    49.81480836868286,
    49.97427463531494,
    50.15009641647339,
    50.30547380447388,
    50.849294662475586,
    51.004672050476074,
    50.644850730895996,
    51.168227195739746,
    50.849294662475586,
    51.36449337005615,
    51.3399600982666,
    51.49942636489868,
    52.04733610153198,
    51.72840356826782,
    51.348137855529785,
    51.87560319900513,
    51.52395963668823,
    51.56075954437256,
    52.05960273742676,
    52.06778049468994,
    52.04324722290039,
    51.687514781951904,
    52.214980125427246,
    52.2395133972168,
    52.40306854248047,
    52.90191173553467,
    53.07364463806152,
    52.76288986206055,
    53.75239849090576
  ],
  "timestamps": [
    0.010754823684692383,
    0.041710615158081055,
    0.07262396812438965,
    0.1034843921661377,
    0.13433003425598145,
    0.16513705253601074,
    0.19595813751220703,
    0.22673344612121582,
    0.257504940032959,
    0.2883129119873047,
    0.3190615177154541,
    0.3497889041900635,
    0.38050413131713867,
    0.411238431930542,
    0.44191741943359375,
    0.47275400161743164,
    0.5035953521728516,
    0.534111499786377,
    0.5646040439605713,
    0.5950548648834229,
    0.6255664825439453,
    0.6560251712799072,
    0.6863813400268555,
    0.7166774272918701,
    0.7469038963317871,
    0.7771236896514893,
    0.8072774410247803,
    0.8374207019805908,
    0.8675155639648438,
    0.8975679874420166,
    0.9276127815246582,
    0.9575145244598389,
    0.9874129295349121,
    1.017289638519287,
    1.047133207321167,
    1.0769145488739014,
    1.1075665950775146,
    1.137284755706787,
    1.1669447422027588,
    1.196601390838623,
    1.2262487411499023,
    1.2558794021606445,
    1.285470962524414,
    1.3150742053985596,
    1.344648838043213,
    1.3741869926452637,
    1.403667688369751,
    1.4331152439117432,
    1.46250319480896,
    1.491905927658081,
    1.5216052532196045,
    1.55096435546875,
    1.5802638530731201,
    1.609626293182373,
    1.6390056610107422,
    1.668257474899292,
    1.6975290775299072,
    1.7267072200775146,
    1.7556970119476318,
    1.7847330570220947,
    1.8140637874603271,
    1.843193769454956,
    1.8722436428070068,
    1.9011623859405518,
    1.9301121234893799,
    1.9592819213867188,
    1.9881911277770996,
    2.017122745513916,
    2.046100616455078,
    2.0750911235809326,
    2.104356288909912,
    2.1335480213165283,
    2.1628949642181396,
    2.192009210586548,
    2.221144437789917,
    2.2504162788391113,
    2.2796003818511963,
    2.308875799179077,
    2.338207960128784,
    2.3675267696380615,
    2.3969550132751465,
    2.426382303237915,
    2.4559106826782227,
    2.485661745071411,
    2.515549659729004,
    2.5452263355255127,
    2.5749335289001465,
    2.6047909259796143,
    2.634685754776001,
    2.6644139289855957,
    2.6941258907318115,
    2.7239394187927246,
    2.754084348678589,
    2.7844555377960205,
    2.8146567344665527,
    2.8447179794311523,
    2.874760150909424,
    2.9048163890838623,
    2.9352850914001465,
    2.9660582542419434,
    2.9968912601470947,
    3.0273633003234863,
    3.0582356452941895,
    3.0886967182159424,
    3.119168996810913,
    3.149639844894409,
    3.180112361907959,
    3.210437297821045,
    3.2408945560455322,
    3.271331548690796,
    3.301783323287964,
    3.3322741985321045,
    3.3627495765686035,
    3.3931496143341064,
    3.423604965209961,
    3.4540698528289795,
    3.4845402240753174,
    3.515002965927124,
    3.5454823970794678,
    3.5759692192077637,
    3.606518507003784,
    3.6371653079986572,
    3.667686700820923,
    3.6981968879699707,
    3.728719711303711,
    3.7592718601226807,
    3.789821147918701,
    3.820356845855713,
    3.8509442806243896,
    3.881486415863037,
    3.912048578262329,
    3.942619562149048,
    3.9731976985931396,
    4.003800630569458,
    4.034404754638672,
    4.06497049331665,
    4.0955610275268555,
    4.1261327266693115,
    4.156703472137451,
    4.1873109340667725,
    4.217918634414673,
    4.2485387325286865,
    4.279121398925781,
    4.309732437133789,
    4.340345621109009,
    4.370975732803345,
    4.401612758636475,
    4.432251214981079,
    4.462884426116943,
    4.493580102920532
  ]
}