{
  "gesture_id": 5,
  "gesture_name": "press_once",
  "timestamp": "2025-12-23T16:04:14.006376",
  "sample_rate": 50,
  "duration": 3.0,
  "distances": [
    58.40963125228882,
    58.32785367965698,
    58.176565170288086,
    58.85123014450073,
    59.04340744018555,
    57.71043300628662,
    56.90901279449463,
    56.8722128868103,
    56.324303150177,
    55.78866004943848,
    55.60874938964844,
    54.58652973175049,
    54.01817560195923,
    53.90368700027466,
    53.192222118377686,
    52.40306854248047,
    51.17640495300293,
    50.82067251205444,
    49.97836351394653,
    49.663519859313965,
    50.64893960952759,
    49.65943098068237,
    49.01747703552246,
    47.05072641372681,
    46.40059471130371,
    46.637749671936035,
    45.002198219299316,
    44.38886642456055,
    44.204866886138916,
    43.97997856140137,
    44.200778007507324,
    42.98229217529297,
    40.700697898864746,
    39.972877502441406,
    39.310479164123535,
    39.48630094528198,
    37.650394439697266,
    37.89572715759277,
    36.509597301483154,
    36.309242248535156,
    36.534130573272705,
    36.235642433166504,
    37.196528911590576,
    35.77768802642822,
    34.75137948989868,
    34.99671220779419,
    33.937692642211914,
    32.8991174697876,
    31.9014310836792,
    31.341254711151123,
    30.28632402420044,
    29.76294755935669,
    30.024635791778564,
    29.472637176513672,
    30.3067684173584,
    28.098773956298828,
    27.182865142822266,
    29.750680923461914,
    29.746592044830322,
    28.92472743988037,
    27.80846357345581,
    30.0573468208313,
    27.48544216156006,
    29.71796989440918,
    24.271583557128906,
    26.02980136871338,
    22.169899940490723,
    22.766876220703125,
    22.546076774597168,
    23.089897632598877,
    22.537899017333984,
    22.836387157440186,
    21.883678436279297,
    21.895945072174072,
    21.88776731491089,
    22.501099109649658,
    22.202610969543457,
    22.84865379333496,
    22.21078872680664,
    44.98584270477295,
    24.590516090393066,
    24.85220432281494,
    23.989450931549072,
    23.96491765975952,
    24.835848808288574,
    24.91353750228882,
    24.844026565551758,
    26.594066619873047,
    28.96561622619629,
    27.78801918029785,
    28.094685077667236,
    27.779841423034668,
    29.705703258514404,
    30.008280277252197,
    31.06321096420288,
    31.33307695388794,
    31.590676307678223,
    33.15671682357788,
    33.42658281326294,
    33.63102674484253,
    35.262489318847656,
    35.44648885726929,
    36.25608682632446,
    36.45644187927246,
    38.09608221054077,
    37.18835115432739,
    38.32505941390991,
    40.6720757484436,
    40.88878631591797,
    41.09731912612915,
    41.379451751708984,
    43.77962350845337,
    42.02958345413208,
    42.51207113265991,
    43.975889682769775,
    43.55473518371582,
    44.589221477508545,
    46.39650583267212,
    45.19028663635254,
    46.17570638656616,
    45.795440673828125,
    46.772682666778564,
    46.8053936958313,
    48.1997013092041,
    47.823524475097656,
    48.17516803741455,
    48.99294376373291,
    48.800766468048096,
    48.9970326423645,
    49.22192096710205,
    49.434542655944824,
    49.62671995162964,
    49.9947190284729,
    50.33409595489502,
    50.31774044036865,
    51.07009410858154,
    51.871514320373535,
    53.06955575942993,
    54.59061861038208,
    52.75471210479736,
    53.57248783111572,
    53.92822027206421,
    54.63968515396118,
    54.962706565856934,
    54.82368469238281,
    55.50243854522705,
    55.31843900680542,
    55.968570709228516,
    56.66776895523071,
    56.532835960388184
  ],
  "timestamps": [
    0.010863304138183594,
    0.04191327095031738,
    0.07289552688598633,
    0.1039435863494873,
    0.1349620819091797,
    0.16587018966674805,
    0.19674396514892578,
    0.2276172637939453,
    0.25854945182800293,
    0.28951454162597656,
    0.32035160064697266,
    0.35108256340026855,
    0.38177037239074707,
    0.412428617477417,
    0.44307994842529297,
    0.4736940860748291,
    0.5042130947113037,
    0.5347514152526855,
    0.5651974678039551,
    0.5956461429595947,
    0.6261510848999023,
    0.6565771102905273,
    0.68699049949646,
    0.7172632217407227,
    0.7475402355194092,
    0.7778069972991943,
    0.8079612255096436,
    0.8380992412567139,
    0.8682098388671875,
    0.8983364105224609,
    0.9284472465515137,
    0.9585013389587402,
    0.9884097576141357,
    1.0182909965515137,
    1.048111915588379,
    1.0779786109924316,
    1.1077256202697754,
    1.1374907493591309,
    1.167175054550171,
    1.1968424320220947,
    1.2265303134918213,
    1.2562990188598633,
    1.2861135005950928,
    1.3157751560211182,
    1.3453497886657715,
    1.3749523162841797,
    1.4044880867004395,
    1.4339637756347656,
    1.4633758068084717,
    1.4927644729614258,
    1.5220756530761719,
    1.5513627529144287,
    1.5806779861450195,
    1.6099731922149658,
    1.6393122673034668,
    1.6685206890106201,
    1.6977124214172363,
    1.7269985675811768,
    1.7562832832336426,
    1.7855286598205566,
    1.8146955966949463,
    1.843998670578003,
    1.873150110244751,
    1.902440071105957,
    1.9314119815826416,
    1.9604854583740234,
    1.989351511001587,
    2.018303871154785,
    2.0471932888031006,
    2.076120138168335,
    2.1050751209259033,
    2.1339640617370605,
    2.162792205810547,
    2.1916332244873047,
    2.2204809188842773,
    2.2494168281555176,
    2.278371572494507,
    2.3072757720947266,
    2.3361337184906006,
    2.366313934326172,
    2.3953006267547607,
    2.4243085384368896,
    2.4532575607299805,
    2.4822518825531006,
    2.5113446712493896,
    2.5403778553009033,
    2.569397449493408,
    2.598496913909912,
    2.627739667892456,
    2.6569125652313232,
    2.6861178874969482,
    2.7152862548828125,
    2.7445662021636963,
    2.7738609313964844,
    2.80322527885437,
    2.83262038230896,
    2.8620285987854004,
    2.8915326595306396,
    2.921079635620117,
    2.9506077766418457,
    2.9802117347717285,
    3.0098865032196045,
    3.0395729541778564,
    3.0692708492279053,
    3.099057197570801,
    3.128786087036133,
    3.158596992492676,
    3.1885154247283936,
    3.218463897705078,
    3.2484498023986816,
    3.278489589691162,
    3.3086140155792236,
    3.3386197090148926,
    3.36865234375,
    3.3987622261047363,
    3.4288723468780518,
    3.459038496017456,
    3.4892938137054443,
    3.5194787979125977,
    3.5497162342071533,
    3.579932451248169,
    3.610206365585327,
    3.6404974460601807,
    3.670849561691284,
    3.7011821269989014,
    3.7315335273742676,
    3.761932849884033,
    3.7923195362091064,
    3.82273006439209,
    3.853142023086548,
    3.883571147918701,
    3.914008855819702,
    3.9444727897644043,
    3.974952220916748,
    4.005432605743408,
    4.035953044891357,
    4.066542625427246,
    4.097183704376221,
    4.1279144287109375,
    4.158535480499268,
    4.189205646514893,
    4.219898700714111,
    4.25067663192749,
    4.281511306762695,
    4.312293529510498,
    4.343108177185059,
    4.373892545700073,
    4.40470814704895,
    4.435568809509277,
    4.46643328666687
  ]
}