{
  "gesture_id": 5,
  "gesture_name": "press_once",
  "timestamp": "2025-12-23T16:02:02.799037",
  "sample_rate": 50,
  "duration": 3.0,
  "distances": [
    52.55026817321777,
    52.14955806732178,
    51.84289216995239,
    51.81427001953125,
    52.19453573226929,
    51.65889263153076,
    51.51169300079346,
    51.30724906921387,
    50.95560550689697,
    50.95151662826538,
    51.008760929107666,
    49.95383024215698,
    49.42636489868164,
    49.76983070373535,
    49.22600984573364,
    48.228323459625244,
    47.62316942214966,
    46.9525933265686,
    46.78903818130493,
    45.182108879089355,
    46.39241695404053,
    45.337486267089844,
    44.818198680877686,
    43.77553462982178,
    43.19082498550415,
    43.926823139190674,
    42.01322793960571,
    41.792428493499756,
    42.037761211395264,
    44.11900043487549,
    39.94016647338867,
    40.21003246307373,
    39.22461271286011,
    39.93198871612549,
    38.08790445327759,
    38.762569427490234,
    36.72630786895752,
    36.239731311798096,
    37.39279508590698,
    36.45235300064087,
    36.02302074432373,
    36.215198040008545,
    35.75315475463867,
    34.72684621810913,
    33.692359924316406,
    31.83600902557373,
    31.296277046203613,
    30.78925609588623,
    31.01414442062378,
    33.164894580841064,
    48.01161289215088,
    31.320810317993164,
    30.008280277252197,
    28.658950328826904,
    29.98783588409424,
    26.59815549850464,
    26.30784511566162,
    26.042068004608154,
    25.158870220184326,
    24.80722665786743,
    24.038517475128174,
    24.001717567443848,
    23.977184295654297,
    22.19034433364868,
    23.0776309967041,
    21.88776731491089,
    22.840476036071777,
    21.57292366027832,
    21.241724491119385,
    20.95550298690796,
    20.25221586227417,
    20.930969715118408,
    20.62021493911743,
    20.25221586227417,
    19.597995281219482,
    19.009196758270264,
    19.311773777008057,
    19.332218170166016,
    18.988752365112305,
    19.667506217956543,
    20.293104648590088,
    20.289015769958496,
    21.589279174804688,
    25.46553611755371,
    22.566521167755127,
    23.110342025756836,
    23.41291904449463,
    24.55371618270874,
    24.28385019302368,
    24.55371618270874,
    25.78037977218628,
    26.884377002716064,
    29.73841428756714,
    28.67530584335327,
    28.94108295440674,
    30.045080184936523,
    29.750680923461914,
    30.850589275360107,
    30.503034591674805,
    31.06321096420288,
    32.08951950073242,
    33.18533897399902,
    32.86231756210327,
    33.937692642211914,
    34.48969125747681,
    35.008978843688965,
    36.00666522979736,
    36.93892955780029,
    36.309242248535156,
    36.2887978553772,
    36.75084114074707,
    37.20061779022217,
    37.66674995422363,
    38.13697099685669,
    38.59901428222656,
    39.0774130821228,
    41.59616231918335,
    40.45945405960083,
    42.50798225402832,
    41.354918479919434,
    41.82513952255249,
    42.30762720108032,
    42.749226093292236,
    42.769670486450195,
    43.57517957687378,
    44.21713352203369,
    44.24166679382324,
    46.024417877197266,
    45.64824104309082,
    45.590996742248535,
    47.05072641372681,
    47.41872549057007,
    46.821749210357666,
    47.63134717941284,
    48.436856269836426,
    48.26512336730957,
    49.44272041320801,
    48.870277404785156,
    49.688053131103516,
    49.96609687805176,
    50.370895862579346,
    49.81071949005127,
    50.65711736679077,
    50.984227657318115,
    51.70795917510986,
    51.86742544174194,
    51.691603660583496,
    51.86333656311035,
    52.05960273742676,
    52.214980125427246
  ],
  "timestamps": [
    0.010525941848754883,
    0.04130053520202637,
    0.07191634178161621,
    0.10252070426940918,
    0.1331639289855957,
    0.16373109817504883,
    0.1942896842956543,
    0.22484993934631348,
    0.25542593002319336,
    0.28594255447387695,
    0.3164539337158203,
    0.3469083309173584,
    0.3773379325866699,
    0.4077908992767334,
    0.4383249282836914,
    0.4687671661376953,
    0.4991471767425537,
    0.5294501781463623,
    0.5597333908081055,
    0.5899105072021484,
    0.6201510429382324,
    0.6503422260284424,
    0.6805276870727539,
    0.7106378078460693,
    0.7407493591308594,
    0.770880937576294,
    0.8009016513824463,
    0.8309042453765869,
    0.8609230518341064,
    0.8910605907440186,
    0.9209625720977783,
    0.9508745670318604,
    0.9807250499725342,
    1.0106258392333984,
    1.0404181480407715,
    1.0702261924743652,
    1.0999376773834229,
    1.1296179294586182,
    1.1593756675720215,
    1.1890649795532227,
    1.2187397480010986,
    1.2484304904937744,
    1.2780876159667969,
    1.307692527770996,
    1.3372600078582764,
    1.366682767868042,
    1.3960716724395752,
    1.425452470779419,
    1.454895257949829,
    1.4844155311584473,
    1.5147781372070312,
    1.5441579818725586,
    1.57346773147583,
    1.6026935577392578,
    1.6319925785064697,
    1.661088228225708,
    1.6901922225952148,
    1.7192611694335938,
    1.7482755184173584,
    1.7772743701934814,
    1.8062467575073242,
    1.8352103233337402,
    1.8641726970672607,
    1.893028736114502,
    1.9219543933868408,
    1.9507851600646973,
    1.9796702861785889,
    2.008481979370117,
    2.037269353866577,
    2.066040515899658,
    2.0947835445404053,
    2.123579502105713,
    2.1523520946502686,
    2.181103229522705,
    2.209804058074951,
    2.2384612560272217,
    2.267138719558716,
    2.2958645820617676,
    2.3245530128479004,
    2.3532657623291016,
    2.3820371627807617,
    2.4108164310455322,
    2.4398012161254883,
    2.4688668251037598,
    2.4977505207061768,
    2.526667356491089,
    2.55558705329895,
    2.5845630168914795,
    2.613543748855591,
    2.642543077468872,
    2.6716363430023193,
    2.7007761001586914,
    2.7300779819488525,
    2.759298324584961,
    2.7885327339172363,
    2.8178300857543945,
    2.8471083641052246,
    2.876448392868042,
    2.905787706375122,
    2.935173749923706,
    2.9645941257476807,
    2.9940810203552246,
    3.023573160171509,
    3.0531296730041504,
    3.0827057361602783,
    3.1123690605163574,
    3.1420838832855225,
    3.1717960834503174,
    3.2014644145965576,
    3.2311277389526367,
    3.260815382003784,
    3.2905287742614746,
    3.320326566696167,
    3.3501319885253906,
    3.379950523376465,
    3.409834861755371,
    3.440056324005127,
    3.4701454639434814,
    3.5002143383026123,
    3.530214309692383,
    3.5602052211761475,
    3.5902228355407715,
    3.620262384414673,
    3.6503095626831055,
    3.6803979873657227,
    3.7105226516723633,
    3.7406668663024902,
    3.7709007263183594,
    3.8011181354522705,
    3.831329822540283,
    3.8616178035736084,
    3.8919289112091064,
    3.922217845916748,
    3.952552318572998,
    3.9829211235046387,
    4.013287305831909,
    4.043736696243286,
    4.0741353034973145,
    4.104577541351318,
    4.135040044784546,
    4.165522813796997,
    4.195970296859741,
    4.226469278335571,
    4.256989240646362,
    4.287551641464233,
    4.318115472793579,
    4.348693370819092,
    4.379266023635864,
    4.4098803997039795,
    4.440685987472534
  ]
}