{
  "gesture_id": 5,
  "gesture_name": "press_once",
  "timestamp": "2025-12-24T14:56:12.231243",
  "sample_rate": 50,
  "duration": 3.0,
  "distances": [
    56.73727989196777,
    56.72910213470459,
    56.25070333480835,
    56.561458110809326,
    56.52874708175659,
    56.831324100494385,
    56.38563632965088,
    56.68003559112549,
    56.66776895523071,
    55.54741621017456,
    55.00768423080444,
    56.6759467124939,
    55.18759489059448,
    55.16306161880493,
    52.623867988586426,
    51.736581325531006,
    50.86565017700195,
    49.98654127120972,
    51.597559452056885,
    49.050188064575195,
    49.07881021499634,
    47.2551703453064,
    46.433305740356445,
    45.611441135406494,
    45.61961889266968,
    43.795979022979736,
    43.21944713592529,
    42.33216047286987,
    41.39989614486694,
    40.93785285949707,
    40.4758095741272,
    39.53127861022949,
    38.13697099685669,
    37.196528911590576,
    36.32559776306152,
    34.9926233291626,
    33.72507095336914,
    33.692359924316406,
    36.75493001937866,
    43.39935779571533,
    30.56436777114868,
    29.791569709777832,
    28.69575023651123,
    29.251837730407715,
    26.64722204208374,
    26.361000537872314,
    30.319035053253174,
    27.812552452087402,
    25.731313228607178,
    47.843968868255615,
    24.61913824081421,
    22.25167751312256,
    21.57292366027832,
    19.61843967437744,
    19.990527629852295,
    18.334531784057617,
    18.690264225006104,
    18.0442214012146,
    17.353200912475586,
    16.711246967315674,
    16.06929302215576,
    16.739869117736816,
    16.13062620162964,
    16.048848628997803,
    15.639960765838623,
    13.693654537200928,
    12.291169166564941,
    12.33205795288086,
    11.33028268814087,
    11.318016052246094,
    11.297571659088135,
    9.596598148345947,
    10.941839218139648,
    23.41700792312622,
    9.621131420135498,
    9.543442726135254,
    10.635173320770264,
    9.621131420135498,
    7.1964263916015625,
    8.194112777709961,
    8.521223068237305,
    9.903264045715332,
    9.23677682876587,
    13.354277610778809,
    12.691879272460938,
    16.073381900787354,
    12.65099048614502,
    14.351963996887207,
    14.037120342254639,
    15.38236141204834,
    16.061115264892578,
    18.011510372161865,
    24.251139163970947,
    19.6388840675354,
    21.24990224838257,
    21.57292366027832,
    22.16172218322754,
    23.376119136810303,
    24.570071697235107,
    29.227304458618164,
    29.255926609039307,
    29.505348205566406,
    29.730236530303955,
    30.76881170272827,
    32.666051387786865,
    33.13627243041992,
    34.48151350021362,
    34.99671220779419,
    37.216973304748535,
    36.489152908325195,
    37.4336838722229,
    39.75616693496704,
    39.52310085296631,
    41.34265184402466,
    41.632962226867676,
    43.0150032043457,
    44.58104372024536,
    44.200778007507324,
    46.42103910446167,
    49.65125322341919,
    47.01392650604248,
    47.81534671783447,
    48.42867851257324,
    49.0460991859436,
    49.65943098068237,
    50.78796148300171,
    52.010536193847656,
    51.846981048583984,
    53.392577171325684,
    53.24537754058838,
    53.90777587890625,
    54.61515188217163,
    55.6291937828064,
    57.19114542007446,
    56.76999092102051,
    57.35878944396973,
    56.75772428512573,
    56.49603605270386,
    57.354700565338135,
    56.76999092102051,
    57.22794532775879,
    57.21158981323242,
    56.81905746459961,
    57.20750093460083,
    56.647324562072754,
    56.6759467124939,
    56.602346897125244,
    56.647324562072754,
    56.63505792617798,
    56.63505792617798
  ],
  "timestamps": [
    0.010775327682495117,
    0.04176521301269531,
    0.07265591621398926,
    0.10354065895080566,
    0.1344153881072998,
    0.1653139591217041,
    0.19619441032409668,
    0.22707533836364746,
    0.2579517364501953,
    0.2887570858001709,
    0.3195226192474365,
    0.3503892421722412,
    0.3811807632446289,
    0.41199779510498047,
    0.44265079498291016,
    0.4732532501220703,
    0.5038242340087891,
    0.5343279838562012,
    0.5649123191833496,
    0.5953381061553955,
    0.6257579326629639,
    0.6560888290405273,
    0.6863255500793457,
    0.7165665626525879,
    0.7467975616455078,
    0.7769222259521484,
    0.8070552349090576,
    0.8371312618255615,
    0.8671350479125977,
    0.8971431255340576,
    0.9271342754364014,
    0.9570083618164062,
    0.9867918491363525,
    1.0165185928344727,
    1.046189308166504,
    1.0757842063903809,
    1.1053011417388916,
    1.134833812713623,
    1.1645257472991943,
    1.1946182250976562,
    1.2239749431610107,
    1.253283977508545,
    1.2825396060943604,
    1.3118839263916016,
    1.3410308361053467,
    1.3701457977294922,
    1.3994944095611572,
    1.4287266731262207,
    1.4578254222869873,
    1.488220453262329,
    1.5172393321990967,
    1.546118974685669,
    1.5749590396881104,
    1.6036851406097412,
    1.6324458122253418,
    1.6611099243164062,
    1.6898057460784912,
    1.718437671661377,
    1.7470285892486572,
    1.7756047248840332,
    1.8041410446166992,
    1.8327665328979492,
    1.861276388168335,
    1.8898074626922607,
    1.9182641506195068,
    1.9466519355773926,
    1.9749441146850586,
    2.00323224067688,
    2.0314688682556152,
    2.0597023963928223,
    2.087934970855713,
    2.1160876750946045,
    2.144256591796875,
    2.1731913089752197,
    2.201366424560547,
    2.2294979095458984,
    2.257692337036133,
    2.2858235836029053,
    2.3138318061828613,
    2.34190034866333,
    2.3699748516082764,
    2.3981270790100098,
    2.4262683391571045,
    2.4546148777008057,
    2.482921838760376,
    2.511430501937866,
    2.539733409881592,
    2.5681495666503906,
    2.596539258956909,
    2.6250059604644775,
    2.653506278991699,
    2.6821236610412598,
    2.711111068725586,
    2.7398242950439453,
    2.768629789352417,
    2.797518253326416,
    2.8264613151550293,
    2.8553991317749023,
    2.8844048976898193,
    2.9136641025543213,
    2.9429328441619873,
    2.972235918045044,
    3.0015203952789307,
    3.0308597087860107,
    3.0603320598602295,
    3.0898420810699463,
    3.1194233894348145,
    3.1490323543548584,
    3.1788198947906494,
    3.2085258960723877,
    3.238284111022949,
    3.268160104751587,
    3.2980411052703857,
    3.3280458450317383,
    3.3580615520477295,
    3.3881332874298096,
    3.4182825088500977,
    3.4484164714813232,
    3.478689670562744,
    3.5091676712036133,
    3.539518117904663,
    3.569892644882202,
    3.6002774238586426,
    3.630685806274414,
    3.6611318588256836,
    3.6916468143463135,
    3.722252607345581,
    3.752864122390747,
    3.7835731506347656,
    3.8143362998962402,
    3.845104694366455,
    3.8758480548858643,
    3.906651020050049,
    3.9375531673431396,
    3.968417167663574,
    3.999311685562134,
    4.030170202255249,
    4.061009883880615,
    4.091920614242554,
    4.122777223587036,
    4.153660297393799,
    4.184537649154663,
    4.21538782119751,
    4.246266603469849,
    4.277108192443848,
    4.307952165603638,
    4.338819980621338,
    4.369686841964722,
    4.40057897567749,
    4.43143630027771
  ]
}