{
  "gesture_id": 5,
  "gesture_name": "press_once",
  "timestamp": "2025-12-24T14:49:38.044010",
  "sample_rate": 50,
  "duration": 3.0,
  "distances": [
    50.49765110015869,
    50.01516342163086,
    49.97427463531494,
    50.890183448791504,
    50.03151893615723,
    50.027430057525635,
    50.35454034805298,
    49.86387491226196,
    49.88431930541992,
    50.17462968826294,
    49.66760873794556,
    49.483609199523926,
    49.67987537384033,
    50.043785572052,
    50.18280744552612,
    49.09107685089111,
    49.320054054260254,
    49.85160827636719,
    49.115610122680664,
    50.01107454299927,
    49.26689863204956,
    56.217992305755615,
    56.532835960388184,
    56.806790828704834,
    49.70031976699829,
    49.688053131103516,
    49.65534210205078,
    46.65001630783081,
    46.26157283782959,
    46.253395080566406,
    43.636512756347656,
    43.2153582572937,
    43.223536014556885,
    43.26033592224121,
    42.28309392929077,
    42.81055927276611,
    40.72932004928589,
    41.13820791244507,
    41.14229679107666,
    39.54763412475586,
    39.03243541717529,
    39.13874626159668,
    39.54354524612427,
    37.94070482254028,
    37.45003938674927,
    36.94710731506348,
    37.012529373168945,
    36.992084980010986,
    36.52595281600952,
    36.080265045166016,
    36.06799840927124,
    34.739112854003906,
    34.236180782318115,
    33.712804317474365,
    33.74142646789551,
    32.38391876220703,
    31.864631175994873,
    31.08774423599243,
    31.10818862915039,
    31.095921993255615,
    30.33130168914795,
    30.274057388305664,
    30.327212810516357,
    30.3067684173584,
    30.3067684173584,
    30.282235145568848,
    30.323123931884766,
    30.28632402420044,
    29.53397035598755,
    26.92117691040039,
    26.03389024734497,
    30.008280277252197,
    25.743579864501953,
    29.779303073883057,
    28.05788516998291,
    26.9170880317688,
    24.905359745025635,
    24.590516090393066,
    24.5741605758667,
    24.3247389793396,
    22.513365745544434,
    22.5297212600708,
    21.237635612487793,
    20.971858501434326,
    20.624303817749023,
    20.29719352722168,
    20.019149780273438,
    19.651150703430176,
    19.336307048797607,
    18.992841243743896,
    18.988752365112305,
    18.649375438690186,
    18.36315393447876,
    18.036043643951416,
    18.36315393447876,
    18.350887298583984,
    18.060576915740967,
    18.187332153320312,
    18.052399158477783,
    18.673908710479736,
    20.284926891326904,
    20.280838012695312,
    22.566521167755127,
    23.13896417617798,
    24.610960483551025,
    25.776290893554688,
    26.953887939453125,
    27.526330947875977,
    28.961527347564697,
    30.846500396728516,
    37.94888257980347,
    33.46747159957886,
    33.95813703536987,
    33.96631479263306,
    34.7922682762146,
    35.58551073074341,
    35.851287841796875,
    36.055731773376465,
    36.73039674758911,
    37.740349769592285,
    39.51901197433472,
    39.08967971801758,
    40.69252014160156,
    40.71296453475952,
    42.360782623291016,
    44.05357837677002,
    43.44433546066284,
    44.21713352203369,
    44.8590874671936,
    45.63188552856445,
    47.28379249572754,
    47.04254865646362,
    46.87081575393677,
    48.87845516204834,
    49.0992546081543,
    48.70263338088989,
    49.27098751068115,
    49.65943098068237,
    50.207340717315674,
    50.20325183868408,
    51.07009410858154,
    51.06191635131836,
    51.90422534942627,
    52.74653434753418,
    52.81604528427124,
    53.646087646484375,
    54.49248552322388,
    54.827773571014404,
    54.82368469238281,
    55.146706104278564
  ],
  "timestamps": [
    0.010411500930786133,
    0.04100918769836426,
    0.0715484619140625,
    0.1021277904510498,
    0.1326131820678711,
    0.16309547424316406,
    0.1935887336730957,
    0.2240614891052246,
    0.25455546379089355,
    0.28504204750061035,
    0.31547069549560547,
    0.3459045886993408,
    0.3763248920440674,
    0.4067869186401367,
    0.43726325035095215,
    0.4676830768585205,
    0.4981091022491455,
    0.5285587310791016,
    0.558966875076294,
    0.5894351005554199,
    0.6198511123657227,
    0.6506922245025635,
    0.6815376281738281,
    0.7124009132385254,
    0.7428483963012695,
    0.7732956409454346,
    0.8037312030792236,
    0.8339836597442627,
    0.8642241954803467,
    0.8944718837738037,
    0.9245657920837402,
    0.9546549320220947,
    0.9847409725189209,
    1.0149128437042236,
    1.0449800491333008,
    1.0750441551208496,
    1.104982852935791,
    1.134936809539795,
    1.164907693862915,
    1.1947658061981201,
    1.224592924118042,
    1.254422664642334,
    1.284287452697754,
    1.314058542251587,
    1.3437917232513428,
    1.3735661506652832,
    1.403299331665039,
    1.4330263137817383,
    1.4627318382263184,
    1.4923977851867676,
    1.522031545639038,
    1.5516037940979004,
    1.5811505317687988,
    1.610642671585083,
    1.6401641368865967,
    1.6695818901062012,
    1.6990039348602295,
    1.7283673286437988,
    1.7577130794525146,
    1.7870862483978271,
    1.816425085067749,
    1.8457367420196533,
    1.875072956085205,
    1.9044513702392578,
    1.9337525367736816,
    1.9630696773529053,
    1.9924650192260742,
    2.0219461917877197,
    2.0512619018554688,
    2.0804131031036377,
    2.1094725131988525,
    2.1387887001037598,
    2.1678433418273926,
    2.1971404552459717,
    2.226327419281006,
    2.2554659843444824,
    2.28450083732605,
    2.3135523796081543,
    2.3425369262695312,
    2.371501922607422,
    2.4003732204437256,
    2.429255723953247,
    2.4580633640289307,
    2.4868528842926025,
    2.5156118869781494,
    2.5443427562713623,
    2.5730538368225098,
    2.6017909049987793,
    2.6304891109466553,
    2.6591672897338867,
    2.68784236907959,
    2.7164828777313232,
    2.745084285736084,
    2.773690700531006,
    2.80230975151062,
    2.830936908721924,
    2.859536647796631,
    2.888172149658203,
    2.916762590408325,
    2.945404052734375,
    2.974153518676758,
    3.0029218196868896,
    3.031893014907837,
    3.0608062744140625,
    3.0897912979125977,
    3.118893623352051,
    3.1480648517608643,
    3.177259922027588,
    3.206519842147827,
    3.2358765602111816,
    3.2656381130218506,
    3.2951436042785645,
    3.3246946334838867,
    3.3542301654815674,
    3.3838062286376953,
    3.413423538208008,
    3.443058490753174,
    3.472708225250244,
    3.5023951530456543,
    3.5321547985076904,
    3.562006711959839,
    3.5918309688568115,
    3.62174654006958,
    3.6516642570495605,
    3.68168568611145,
    3.7118124961853027,
    3.7418906688690186,
    3.772021532058716,
    3.8021934032440186,
    3.832406759262085,
    3.862706184387207,
    3.8929946422576904,
    3.923272132873535,
    3.9536869525909424,
    3.9841034412384033,
    4.014612436294556,
    4.045077085494995,
    4.075539588928223,
    4.105973243713379,
    4.136461019515991,
    4.166986465454102,
    4.1975133419036865,
    4.2280848026275635,
    4.258750677108765,
    4.289381504058838,
    4.320058584213257,
    4.350780487060547,
    4.381519079208374,
    4.4122583866119385,
    4.4430091381073
  ]
}