{
  "gesture_id": 5,
  "gesture_name": "press_once",
  "timestamp": "2025-12-24T14:51:35.362725",
  "sample_rate": 50,
  "duration": 3.0,
  "distances": [
    46.96485996246338,
    47.455525398254395,
    46.44966125488281,
    47.22245931625366,
    46.62548303604126,
    46.433305740356445,
    45.795440673828125,
    45.202553272247314,
    45.00628709793091,
    44.83046531677246,
    43.971800804138184,
    44.00860071182251,
    44.42157745361328,
    52.779245376586914,
    53.77693176269531,
    54.40253019332886,
    45.8077073097229,
    53.3843994140625,
    41.12594127655029,
    39.011991024017334,
    39.02016878128052,
    37.88754940032959,
    36.27244234085083,
    35.507822036743164,
    34.714579582214355,
    34.74729061126709,
    35.4914665222168,
    34.17893648147583,
    32.10996389389038,
    31.345343589782715,
    30.56027889251709,
    29.779303073883057,
    29.497170448303223,
    29.979658126831055,
    28.348195552825928,
    28.086507320404053,
    25.727224349975586,
    23.723673820495605,
    23.376119136810303,
    23.723673820495605,
    21.262168884277344,
    20.6365704536438,
    19.93328332901001,
    20.632481575012207,
    19.961905479431152,
    19.31995153427124,
    18.36724281311035,
    18.322265148162842,
    17.33684539794922,
    17.390000820159912,
    17.42680072784424,
    16.118359565734863,
    17.079246044158936,
    16.4495587348938,
    17.030179500579834,
    16.081559658050537,
    16.756224632263184,
    17.075157165527344,
    17.70484447479248,
    17.071068286895752,
    16.08564853668213,
    15.092051029205322,
    16.106092929840088,
    15.77080488204956,
    16.138803958892822,
    16.097915172576904,
    16.40866994857788,
    16.412758827209473,
    17.36546754837036,
    17.099690437316895,
    18.690264225006104,
    18.0442214012146,
    18.334531784057617,
    19.986438751220703,
    20.219504833221436,
    21.56883478164673,
    22.815942764282227,
    22.811853885650635,
    24.541449546813965,
    23.944473266601562,
    25.731313228607178,
    26.070690155029297,
    27.771663665771484,
    28.961527347564697,
    30.294501781463623,
    38.128793239593506,
    42.9659366607666,
    36.260175704956055,
    33.70871543884277,
    33.71689319610596,
    34.51831340789795,
    35.81039905548096,
    36.55048608779907,
    38.59492540359497,
    50.56716203689575,
    50.15418529510498,
    40.68843126296997,
    42.3198938369751,
    40.925586223602295,
    42.55295991897583,
    43.41162443161011,
    43.22762489318848,
    44.838643074035645,
    45.018553733825684,
    46.024417877197266,
    45.64824104309082,
    46.04077339172363,
    46.43739461898804,
    47.82761335372925,
    47.89303541183472,
    47.46370315551758,
    48.870277404785156,
    48.49410057067871,
    49.095165729522705,
    49.254631996154785,
    49.87614154815674,
    49.97836351394653,
    51.05782747268677,
    51.56075954437256,
    52.5870680809021,
    53.09000015258789,
    53.122711181640625,
    53.97728681564331,
    53.785109519958496,
    54.15310859680176,
    54.308485984802246,
    54.48430776596069,
    54.987239837646484,
    54.99541759490967,
    55.011773109436035,
    54.987239837646484,
    54.991328716278076,
    54.467952251434326,
    53.94866466522217,
    54.28804159164429,
    54.31257486343384,
    53.79328727722168,
    54.17355298995972,
    54.52519655227661,
    54.4802188873291,
    53.96910905838013,
    54.349374771118164,
    53.805553913116455,
    54.1326642036438,
    53.26582193374634,
    53.65426540374756,
    53.13906669616699,
    53.43755483627319,
    53.44982147216797,
    53.4825325012207
  ],
  "timestamps": [
    0.010210752487182617,
    0.040663957595825195,
    0.07100200653076172,
    0.10132145881652832,
    0.13164234161376953,
    0.16193199157714844,
    0.19218206405639648,
    0.22238922119140625,
    0.25257062911987305,
    0.2827455997467041,
    0.3128640651702881,
    0.34297728538513184,
    0.37313055992126465,
    0.40375709533691406,
    0.43443846702575684,
    0.46515893936157227,
    0.4953787326812744,
    0.5260379314422607,
    0.5559980869293213,
    0.5858602523803711,
    0.6156868934631348,
    0.6454403400421143,
    0.6751937866210938,
    0.7049071788787842,
    0.7345037460327148,
    0.7640829086303711,
    0.7937045097351074,
    0.823249101638794,
    0.852670431137085,
    0.8820462226867676,
    0.911374568939209,
    0.9406616687774658,
    0.9699265956878662,
    0.9992549419403076,
    1.0284826755523682,
    1.0577244758605957,
    1.0868008136749268,
    1.115793228149414,
    1.1447062492370605,
    1.1736371517181396,
    1.2024445533752441,
    1.2312226295471191,
    1.2599546909332275,
    1.288743019104004,
    1.3174993991851807,
    1.3461899757385254,
    1.3748090267181396,
    1.4034407138824463,
    1.4320323467254639,
    1.4606146812438965,
    1.489196538925171,
    1.517690896987915,
    1.546252965927124,
    1.5747783184051514,
    1.6033422946929932,
    1.6318275928497314,
    1.660351037979126,
    1.6889421939849854,
    1.7176222801208496,
    1.7462408542633057,
    1.77482271194458,
    1.803271770477295,
    1.8317484855651855,
    1.8602194786071777,
    1.8887138366699219,
    1.91727614402771,
    1.9458198547363281,
    1.974351406097412,
    2.002932071685791,
    2.0316367149353027,
    2.060319662094116,
    2.0889475345611572,
    2.1175897121429443,
    2.1463310718536377,
    2.1750805377960205,
    2.203887939453125,
    2.232790946960449,
    2.2616913318634033,
    2.290670156478882,
    2.3195955753326416,
    2.348649024963379,
    2.3777384757995605,
    2.4069230556488037,
    2.436162233352661,
    2.4655306339263916,
    2.495299816131592,
    2.525350332260132,
    2.555030345916748,
    2.5845088958740234,
    2.614039659500122,
    2.6436169147491455,
    2.674783706665039,
    2.7045786380767822,
    2.7345621585845947,
    2.765120267868042,
    2.795612096786499,
    2.8255386352539062,
    2.8555753231048584,
    2.8855087757110596,
    2.9155383110046387,
    2.9456214904785156,
    2.9756879806518555,
    3.005847692489624,
    3.0360214710235596,
    3.066279888153076,
    3.096492052078247,
    3.126722574234009,
    3.1569771766662598,
    3.187316417694092,
    3.2176599502563477,
    3.247972011566162,
    3.2783865928649902,
    3.3087618350982666,
    3.339170217514038,
    3.369586944580078,
    3.4000396728515625,
    3.4304983615875244,
    3.461026906967163,
    3.491597890853882,
    3.522212266921997,
    3.5528552532196045,
    3.5835061073303223,
    3.61421275138855,
    3.6449177265167236,
    3.676307439804077,
    3.7070975303649902,
    3.737853527069092,
    3.768636703491211,
    3.79941987991333,
    3.8301916122436523,
    3.8609471321105957,
    3.8917064666748047,
    3.922471761703491,
    3.9531612396240234,
    3.9838619232177734,
    4.014575719833374,
    4.045284271240234,
    4.076003551483154,
    4.106750249862671,
    4.137476921081543,
    4.1681742668151855,
    4.198888778686523,
    4.229562044143677,
    4.260250091552734,
    4.290884971618652,
    4.321552038192749,
    4.352195501327515,
    4.382858514785767,
    4.413552522659302,
    4.444218635559082
  ]
}