{
  "gesture_id": 5,
  "gesture_name": "press_once",
  "timestamp": "2025-12-24T14:51:16.632598",
  "sample_rate": 50,
  "duration": 3.0,
  "distances": [
    52.27222442626953,
    52.59524583816528,
    52.08004713058472,
    51.8878698348999,
    52.61569023132324,
    52.40306854248047,
    51.7406702041626,
    51.40947103500366,
    50.7429838180542,
    50.3954291343689,
    50.37498474121094,
    50.35045146942139,
    49.85160827636719,
    49.254631996154785,
    49.663519859313965,
    50.03969669342041,
    48.686277866363525,
    49.070632457733154,
    47.64770269393921,
    46.67046070098877,
    46.433305740356445,
    49.299609661102295,
    45.227086544036865,
    43.22762489318848,
    42.99046993255615,
    42.82691478729248,
    43.0150032043457,
    41.66567325592041,
    41.18727445602417,
    39.77252244949341,
    38.84025812149048,
    39.56807851791382,
    39.08967971801758,
    37.69946098327637,
    38.84025812149048,
    37.91617155075073,
    36.534130573272705,
    35.552799701690674,
    35.04577875137329,
    35.33200025558472,
    34.260714054107666,
    33.17307233810425,
    32.616984844207764,
    31.623387336730957,
    30.568456649780273,
    30.294501781463623,
    29.23957109451294,
    29.51352596282959,
    28.389084339141846,
    27.219665050506592,
    26.912999153137207,
    26.64722204208374,
    25.49006938934326,
    24.287939071655273,
    23.71140718460083,
    23.11851978302002,
    22.55016565322876,
    22.807765007019043,
    23.408830165863037,
    22.578787803649902,
    21.241724491119385,
    22.546076774597168,
    21.556568145751953,
    20.27674913406372,
    18.99693012237549,
    19.95781660079956,
    20.930969715118408,
    19.279062747955322,
    18.38768720626831,
    18.698441982269287,
    19.626617431640625,
    18.97648572921753,
    19.009196758270264,
    20.27674913406372,
    21.237635612487793,
    21.270346641540527,
    21.29896879196167,
    22.57061004638672,
    21.59336805343628,
    22.84456491470337,
    23.682785034179688,
    26.361000537872314,
    47.843968868255615,
    24.880826473236084,
    25.162959098815918,
    29.791569709777832,
    27.526330947875977,
    27.53450870513916,
    29.795658588409424,
    30.33539056777954,
    30.805611610412598,
    31.872808933258057,
    32.93182849884033,
    32.95636177062988,
    34.780001640319824,
    34.75137948989868,
    36.08435392379761,
    38.14105987548828,
    37.22106218338013,
    38.378214836120605,
    39.06923532485962,
    39.75207805633545,
    40.467631816864014,
    41.199541091918945,
    41.84558391571045,
    42.10318326950073,
    43.20718050003052,
    49.67169761657715,
    45.840418338775635,
    46.024417877197266,
    47.095704078674316,
    46.26157283782959,
    47.664058208465576,
    50.689828395843506,
    49.28325414657593,
    48.072946071624756,
    48.46547842025757,
    48.46956729888916,
    49.80663061141968,
    50.186896324157715,
    49.67987537384033,
    50.56716203689575,
    50.87791681289673,
    51.21729373931885,
    51.92875862121582,
    52.22724676132202,
    51.72840356826782,
    52.06778049468994,
    52.79560089111328,
    52.59115695953369,
    53.2862663269043,
    53.670620918273926,
    53.49888801574707,
    54.1326642036438,
    54.827773571014404,
    54.63559627532959,
    55.32252788543701,
    56.36928081512451,
    56.945812702178955,
    56.23434782028198,
    56.68412446975708,
    56.05443716049194,
    55.70279359817505,
    55.33479452133179,
    55.51879405975342,
    55.486083030700684,
    55.49426078796387,
    55.52288293838501,
    54.991328716278076,
    55.85817098617554
  ],
  "timestamps": [
    0.010511636734008789,
    0.04125165939331055,
    0.07188653945922852,
    0.10249543190002441,
    0.1331346035003662,
    0.16376519203186035,
    0.19434189796447754,
    0.22489070892333984,
    0.2553987503051758,
    0.28589820861816406,
    0.3163905143737793,
    0.34687042236328125,
    0.37731289863586426,
    0.40773963928222656,
    0.43820786476135254,
    0.4687504768371582,
    0.4991629123687744,
    0.5295841693878174,
    0.5598950386047363,
    0.5901672840118408,
    0.6204230785369873,
    0.6508731842041016,
    0.6811001300811768,
    0.711179256439209,
    0.7412395477294922,
    0.7712898254394531,
    0.8013546466827393,
    0.8313307762145996,
    0.8612813949584961,
    0.8911600112915039,
    0.9209709167480469,
    0.9508259296417236,
    0.9806699752807617,
    1.010420322418213,
    1.0402367115020752,
    1.0699942111968994,
    1.099670171737671,
    1.1292872428894043,
    1.1588728427886963,
    1.1884760856628418,
    1.2180230617523193,
    1.2475035190582275,
    1.2769532203674316,
    1.306347370147705,
    1.335677146911621,
    1.3649871349334717,
    1.3942348957061768,
    1.4235365390777588,
    1.452817440032959,
    1.482133150100708,
    1.5112872123718262,
    1.540400743484497,
    1.569441556930542,
    1.598407506942749,
    1.627333402633667,
    1.6562342643737793,
    1.6850943565368652,
    1.7139852046966553,
    1.7429215908050537,
    1.7718079090118408,
    1.8006162643432617,
    1.8294918537139893,
    1.8582961559295654,
    1.8870630264282227,
    1.9157333374023438,
    1.9444756507873535,
    1.9732658863067627,
    2.0019617080688477,
    2.030585765838623,
    2.0592198371887207,
    2.0878987312316895,
    2.116553544998169,
    2.145216703414917,
    2.1739485263824463,
    2.20273494720459,
    2.231534957885742,
    2.2603514194488525,
    2.2892398834228516,
    2.3180654048919678,
    2.346952199935913,
    2.375880002975464,
    2.404963731765747,
    2.4353153705596924,
    2.4643871784210205,
    2.493438482284546,
    2.522798776626587,
    2.5520830154418945,
    2.5812699794769287,
    2.610579013824463,
    2.639915704727173,
    2.669278860092163,
    2.6986894607543945,
    2.7281599044799805,
    2.757633924484253,
    2.787208080291748,
    2.816788673400879,
    2.8464365005493164,
    2.8762145042419434,
    2.905930757522583,
    2.9357120990753174,
    2.9655354022979736,
    2.995426654815674,
    3.025331974029541,
    3.055299997329712,
    3.0852866172790527,
    3.1152875423431396,
    3.1453516483306885,
    3.1757924556732178,
    3.2060139179229736,
    3.236250877380371,
    3.2665412425994873,
    3.296790599822998,
    3.327117681503296,
    3.3576223850250244,
    3.3880629539489746,
    3.419238805770874,
    3.449826717376709,
    3.480226516723633,
    3.510685920715332,
    3.5411829948425293,
    3.5716497898101807,
    3.6021482944488525,
    3.6326611042022705,
    3.6632025241851807,
    3.6937689781188965,
    3.7243480682373047,
    3.7548956871032715,
    3.785475015640259,
    3.8161158561706543,
    3.8467373847961426,
    3.877410411834717,
    3.9080898761749268,
    3.9387545585632324,
    3.969459295272827,
    4.000197649002075,
    4.030914545059204,
    4.06166934967041,
    4.092493057250977,
    4.123363733291626,
    4.154187440872192,
    4.1850526332855225,
    4.21586799621582,
    4.246660947799683,
    4.277439117431641,
    4.3082311153411865,
    4.339012622833252,
    4.369785308837891,
    4.40056586265564,
    4.43138575553894,
    4.462275981903076
  ]
}