{
  "gesture_id": 5,
  "gesture_name": "press_once",
  "timestamp": "2025-12-23T16:03:24.200227",
  "sample_rate": 50,
  "duration": 3.0,
  "distances": [
    60.86704730987549,
    60.74029207229614,
    60.34367084503174,
    61.07558012008667,
    60.221004486083984,
    60.46633720397949,
    60.03700494766235,
    59.88571643829346,
    59.91024971008301,
    59.75078344345093,
    59.6158504486084,
    59.93478298187256,
    59.61993932723999,
    58.626341819763184,
    57.50190019607544,
    56.78225755691528,
    56.31612539291382,
    56.14439249038696,
    55.29390573501587,
    54.11221981048584,
    53.785109519958496,
    53.9323091506958,
    53.24128866195679,
    52.05960273742676,
    50.51400661468506,
    49.83116388320923,
    49.26689863204956,
    48.6004114151001,
    48.641300201416016,
    47.6517915725708,
    47.03437089920044,
    46.02850675582886,
    45.39881944656372,
    45.202553272247314,
    45.022642612457275,
    44.4133996963501,
    44.200778007507324,
    44.73233222961426,
    41.61251783370972,
    41.857850551605225,
    42.53251552581787,
    40.20185470581055,
    41.37536287307739,
    39.98514413833618,
    40.68025350570679,
    39.2777681350708,
    38.378214836120605,
    39.514923095703125,
    38.128793239593506,
    36.74675226211548,
    36.26835346221924,
    36.52186393737793,
    36.04346513748169,
    35.51599979400635,
    35.008978843688965,
    33.95404815673828,
    33.38569402694702,
    32.88685083389282,
    33.18533897399902,
    49.80663061141968,
    32.6496958732605,
    30.020546913146973,
    29.480814933776855,
    28.928816318511963,
    28.92063856124878,
    28.977882862091064,
    30.26587963104248,
    50.01516342163086,
    29.795658588409424,
    30.31085729598999,
    30.000102519989014,
    27.19513177871704,
    30.04099130630493,
    28.953349590301514,
    26.32420063018799,
    26.32828950881958,
    26.017534732818604,
    27.174687385559082,
    51.51578187942505,
    29.497170448303223,
    28.663039207458496,
    29.21912670135498,
    28.360462188720703,
    29.779303073883057,
    30.29041290283203,
    30.004191398620605,
    32.39618539810181,
    34.75546836853027,
    37.89163827896118,
    52.56253480911255,
    36.26426458358765,
    36.06390953063965,
    36.74675226211548,
    37.87119388580322,
    36.513686180114746,
    37.695372104644775,
    39.2777681350708,
    40.45945405960083,
    39.99741077423096,
    43.82869005203247,
    41.379451751708984,
    42.53660440444946,
    43.23580265045166,
    43.37891340255737,
    44.00860071182251,
    45.79952955245972,
    45.41517496109009,
    47.226548194885254,
    46.453750133514404,
    47.42690324783325,
    49.60627555847168,
    57.968032360076904,
    49.9456524848938,
    49.24236536026001,
    48.86209964752197,
    49.22600984573364,
    50.19098520278931,
    50.162363052368164,
    50.984227657318115,
    51.573026180267334,
    52.39080190658569,
    52.35400199890137,
    52.873289585113525,
    52.40306854248047,
    52.918267250061035,
    53.24537754058838,
    54.11221981048584,
    54.15310859680176,
    55.81728219985962,
    54.95452880859375,
    55.34297227859497,
    55.15488386154175,
    55.52288293838501,
    55.65781593322754,
    56.34883642196655,
    56.516480445861816,
    56.33656978607178,
    56.536924839019775,
    56.651413440704346,
    56.765902042388916,
    56.810879707336426,
    56.94172382354736,
    56.63505792617798,
    57.22794532775879,
    57.33834505081177,
    57.51007795333862,
    58.05389881134033,
    58.40963125228882,
    58.609986305236816,
    58.43007564544678
  ],
  "timestamps": [
    0.011010408401489258,
    0.042261362075805664,
    0.07340002059936523,
    0.10469722747802734,
    0.1358654499053955,
    0.166978120803833,
    0.19803237915039062,
    0.22908687591552734,
    0.2601447105407715,
    0.2911801338195801,
    0.3222174644470215,
    0.35326480865478516,
    0.3842906951904297,
    0.4152555465698242,
    0.4461045265197754,
    0.4769465923309326,
    0.5077905654907227,
    0.5386209487915039,
    0.5693919658660889,
    0.6001200675964355,
    0.6308078765869141,
    0.661505937576294,
    0.692162036895752,
    0.7227556705474854,
    0.7532594203948975,
    0.7837076187133789,
    0.8141236305236816,
    0.844512939453125,
    0.8748981952667236,
    0.9052267074584961,
    0.9355318546295166,
    0.965766191482544,
    0.9959671497344971,
    1.0261592864990234,
    1.0563342571258545,
    1.0865471363067627,
    1.1167919635772705,
    1.1471178531646729,
    1.177370548248291,
    1.207451581954956,
    1.2375187873840332,
    1.267425775527954,
    1.297377347946167,
    1.3272454738616943,
    1.3572065830230713,
    1.3870556354522705,
    1.4168453216552734,
    1.4467082023620605,
    1.476482629776001,
    1.5063495635986328,
    1.5360209941864014,
    1.5658142566680908,
    1.595461130142212,
    1.6250956058502197,
    1.6546757221221924,
    1.6842150688171387,
    1.7137219905853271,
    1.7431867122650146,
    1.7726953029632568,
    1.8031370639801025,
    1.8325958251953125,
    1.8619663715362549,
    1.8912415504455566,
    1.920522928237915,
    1.949768304824829,
    1.9790914058685303,
    2.0084400177001953,
    2.038942575454712,
    2.0682461261749268,
    2.0976366996765137,
    2.1270394325256348,
    2.1562116146087646,
    2.185539722442627,
    2.2147886753082275,
    2.2438957691192627,
    2.273002862930298,
    2.302107095718384,
    2.331271171569824,
    2.361853837966919,
    2.3911917209625244,
    2.4204206466674805,
    2.4496963024139404,
    2.4789164066314697,
    2.5082244873046875,
    2.537560224533081,
    2.5668821334838867,
    2.596376895904541,
    2.6259548664093018,
    2.6557178497314453,
    2.6863365173339844,
    2.71600079536438,
    2.7456552982330322,
    2.775374412536621,
    2.8051350116729736,
    2.834810733795166,
    2.8645541667938232,
    2.8943939208984375,
    2.924302577972412,
    2.9542415142059326,
    2.984347105026245,
    3.0143089294433594,
    3.044339418411255,
    3.0744404792785645,
    3.1045703887939453,
    3.1347599029541016,
    3.165001153945923,
    3.1952061653137207,
    3.2255148887634277,
    3.255781888961792,
    3.286121368408203,
    3.3165693283081055,
    3.3474974632263184,
    3.377957820892334,
    3.408367395401001,
    3.4387497901916504,
    3.4691503047943115,
    3.4996159076690674,
    3.5300896167755127,
    3.560610294342041,
    3.591177463531494,
    3.6217989921569824,
    3.6524016857147217,
    3.6830525398254395,
    3.7136640548706055,
    3.7442939281463623,
    3.774935722351074,
    3.8056399822235107,
    3.836346387863159,
    3.8671765327453613,
    3.897956371307373,
    3.928734540939331,
    3.9594993591308594,
    3.9902844429016113,
    4.021069765090942,
    4.0518882274627686,
    4.082720041275024,
    4.113842964172363,
    4.144765377044678,
    4.175634860992432,
    4.206541538238525,
    4.237439155578613,
    4.268334150314331,
    4.299221992492676,
    4.3300940990448,
    4.361008405685425,
    4.391929864883423,
    4.422880172729492,
    4.453852415084839,
    4.484841585159302,
    4.515832901000977
  ]
}