{
  "gesture_id": 5,
  "gesture_name": "press_once",
  "timestamp": "2025-12-23T16:00:30.139039",
  "sample_rate": 50,
  "duration": 3.0,
  "distances": [
    60.539937019348145,
    59.59949493408203,
    59.20696258544922,
    60.429537296295166,
    60.110604763031006,
    59.149718284606934,
    59.14562940597534,
    58.695852756500244,
    58.744919300079346,
    60.29869318008423,
    57.70634412765503,
    57.27701187133789,
    57.74723291397095,
    59.722161293029785,
    57.039856910705566,
    57.46101140975952,
    56.45923614501953,
    56.29159212112427,
    55.625104904174805,
    54.39026355743408,
    54.079508781433105,
    53.19631099700928,
    52.6852011680603,
    50.984227657318115,
    50.46494007110596,
    49.00929927825928,
    48.56770038604736,
    46.80948257446289,
    46.78903818130493,
    44.96948719024658,
    44.59331035614014,
    44.589221477508545,
    43.39118003845215,
    42.516160011291504,
    41.3222074508667,
    40.15687704086304,
    39.93198871612549,
    40.173232555389404,
    41.812872886657715,
    39.0283465385437,
    37.65857219696045,
    37.879371643066406,
    36.444175243377686,
    37.151551246643066,
    35.761332511901855,
    35.22977828979492,
    34.22391414642334,
    34.42426919937134,
    34.187114238739014,
    33.90907049179077,
    34.440624713897705,
    31.54160976409912,
    31.827831268310547,
    30.772900581359863,
    29.72205877304077,
    28.638505935668945,
    29.76294755935669,
    26.90073251724243,
    29.750680923461914,
    25.71495771408081,
    26.573622226715088,
    24.23478364944458,
    24.25931692123413,
    24.25522804260254,
    25.449180603027344,
    26.60224437713623,
    26.332378387451172,
    22.795498371124268,
    22.492921352386475,
    24.23478364944458,
    23.363852500915527,
    25.412380695343018,
    24.876737594604492,
    25.698602199554443,
    29.182326793670654,
    29.44401502609253,
    29.51761484146118,
    31.574320793151855,
    36.714041233062744,
    36.21110916137695,
    36.21110916137695,
    36.943018436431885,
    37.6340389251709,
    39.46585655212402,
    54.77052927017212,
    50.599873065948486,
    51.86333656311035,
    42.94549226760864,
    44.96539831161499,
    43.94317865371704,
    45.18619775772095,
    46.76041603088379,
    48.796677589416504,
    48.17516803741455,
    47.62316942214966,
    49.94974136352539,
    49.42227602005005,
    49.573564529418945,
    49.79027509689331,
    50.321829319000244,
    50.12556314468384,
    49.9456524848938,
    51.164138317108154,
    51.16004943847656,
    51.10280513763428,
    51.99418067932129,
    52.02280282974243,
    51.986002922058105,
    52.51346826553345,
    52.87737846374512,
    52.85693407058716,
    53.691065311431885,
    54.079508781433105,
    54.43115234375,
    54.74190711975098,
    55.97265958786011,
    56.29976987838745,
    56.13212585449219,
    56.422436237335205,
    56.70456886291504,
    56.56963586807251,
    56.88856840133667,
    58.72447490692139,
    59.73442792892456,
    58.70403051376343,
    57.444655895233154,
    57.150256633758545,
    57.7226996421814,
    57.40785598754883,
    57.898521423339844,
    58.40554237365723,
    57.71043300628662,
    57.73496627807617,
    58.18065404891968,
    58.45460891723633,
    58.037543296813965,
    57.48145580291748,
    57.48145580291748,
    57.34652280807495,
    57.29745626449585,
    57.31790065765381,
    57.334256172180176,
    57.63274431228638,
    57.20750093460083,
    57.14616775512695,
    57.20341205596924,
    57.57550001144409,
    57.604122161865234,
    57.64092206954956,
    57.21158981323242
  ],
  "timestamps": [
    0.01098942756652832,
    0.04214811325073242,
    0.0732419490814209,
    0.10440397262573242,
    0.13548016548156738,
    0.1665654182434082,
    0.1976456642150879,
    0.22864222526550293,
    0.2596254348754883,
    0.2907226085662842,
    0.3216414451599121,
    0.352536678314209,
    0.3834564685821533,
    0.41451358795166016,
    0.4453907012939453,
    0.4762880802154541,
    0.5071287155151367,
    0.537956714630127,
    0.5687391757965088,
    0.599445104598999,
    0.6301381587982178,
    0.6607952117919922,
    0.6914238929748535,
    0.7219736576080322,
    0.7524662017822266,
    0.7828719615936279,
    0.8132493495941162,
    0.8435063362121582,
    0.8737845420837402,
    0.9039571285247803,
    0.934084415435791,
    0.964249849319458,
    0.9943299293518066,
    1.0243582725524902,
    1.05430006980896,
    1.084188461303711,
    1.1140456199645996,
    1.1439380645751953,
    1.173983097076416,
    1.203883409500122,
    1.2336771488189697,
    1.2635066509246826,
    1.293217420578003,
    1.3229422569274902,
    1.352602243423462,
    1.3822059631347656,
    1.4117505550384521,
    1.4412908554077148,
    1.4708290100097656,
    1.5003573894500732,
    1.5298960208892822,
    1.5592858791351318,
    1.5886931419372559,
    1.618016242980957,
    1.64729905128479,
    1.6765782833099365,
    1.7058672904968262,
    1.7350139617919922,
    1.7643187046051025,
    1.79335355758667,
    1.8224499225616455,
    1.8514256477355957,
    1.8803846836090088,
    1.9093272686004639,
    1.9383602142333984,
    1.9674592018127441,
    1.9965887069702148,
    2.0254697799682617,
    2.0543978214263916,
    2.083380937576294,
    2.112301826477051,
    2.1413280963897705,
    2.170379877090454,
    2.1995904445648193,
    2.228919267654419,
    2.2582168579101562,
    2.2875113487243652,
    2.3169353008270264,
    2.346630096435547,
    2.3762929439544678,
    2.40596866607666,
    2.435671806335449,
    2.4654293060302734,
    2.495274305343628,
    2.5260117053985596,
    2.5565078258514404,
    2.5870769023895264,
    2.6171436309814453,
    2.647315263748169,
    2.677424430847168,
    2.7076096534729004,
    2.7378990650177,
    2.768296480178833,
    2.7986550331115723,
    2.8289921283721924,
    2.8594512939453125,
    2.889876127243042,
    2.920307159423828,
    2.9507551193237305,
    2.9812328815460205,
    3.011704921722412,
    3.042161703109741,
    3.0726912021636963,
    3.1032192707061768,
    3.1337594985961914,
    3.1643917560577393,
    3.1950459480285645,
    3.225659132003784,
    3.256307363510132,
    3.2869458198547363,
    3.317579746246338,
    3.348280668258667,
    3.378981113433838,
    3.4097015857696533,
    3.440439462661743,
    3.4712400436401367,
    3.5020530223846436,
    3.5328528881073,
    3.5636959075927734,
    3.594550371170044,
    3.625394821166992,
    3.6562790870666504,
    3.687239408493042,
    3.718268394470215,
    3.7492384910583496,
    3.7801077365875244,
    3.810969591140747,
    3.841864824295044,
    3.8727610111236572,
    3.9036672115325928,
    3.9346303939819336,
    3.9655582904815674,
    3.9964520931243896,
    4.027389049530029,
    4.0583391189575195,
    4.089260101318359,
    4.120123863220215,
    4.151015281677246,
    4.1819987297058105,
    4.21295428276062,
    4.243855237960815,
    4.274747371673584,
    4.305659770965576,
    4.336521625518799,
    4.36740255355835,
    4.398329973220825,
    4.429224014282227,
    4.460094213485718,
    4.490996360778809,
    4.521886110305786
  ]
}