{
  "gesture_id": 5,
  "gesture_name": "press_once",
  "timestamp": "2025-12-24T14:52:27.413967",
  "sample_rate": 50,
  "duration": 3.0,
  "distances": [
    54.79915142059326,
    53.66244316101074,
    54.41070795059204,
    54.27577495574951,
    54.099953174591064,
    56.193459033966064,
    55.45746088027954,
    55.11808395385742,
    53.92413139343262,
    52.52164602279663,
    52.370357513427734,
    51.71613693237305,
    50.47720670700073,
    51.851069927215576,
    49.63080883026123,
    48.81712198257446,
    49.06654357910156,
    46.981215476989746,
    45.37428617477417,
    44.79775428771973,
    43.57517957687378,
    44.14353370666504,
    43.358469009399414,
    45.37019729614258,
    52.17818021774292,
    51.871514320373535,
    44.19260025024414,
    39.29412364959717,
    38.79936933517456,
    36.75084114074707,
    36.260175704956055,
    37.854838371276855,
    36.010754108428955,
    37.854838371276855,
    31.85645341873169,
    30.552101135253906,
    30.053257942199707,
    28.634417057037354,
    27.730774879455566,
    26.89664363861084,
    26.892554759979248,
    27.80437469482422,
    24.8726487159729,
    24.516916275024414,
    23.400652408599854,
    23.678696155548096,
    24.25931692123413,
    23.678696155548096,
    22.247588634490967,
    21.286702156066895,
    20.244038105010986,
    20.30128240585327,
    19.27497386932373,
    18.011510372161865,
    19.00101900100708,
    18.3427095413208,
    18.65755319595337,
    18.960130214691162,
    18.968307971954346,
    18.649375438690186,
    19.258618354797363,
    19.655239582061768,
    18.66164207458496,
    19.921016693115234,
    19.93328332901001,
    46.81357145309448,
    27.15015411376953,
    22.169899940490723,
    24.545538425445557,
    27.771663665771484,
    29.21912670135498,
    24.84811544418335,
    25.150692462921143,
    26.00935697555542,
    26.89664363861084,
    27.80437469482422,
    29.255926609039307,
    29.19868230819702,
    30.543923377990723,
    31.071388721466064,
    31.623387336730957,
    33.45111608505249,
    33.896803855895996,
    35.25431156158447,
    35.73271036148071,
    37.421417236328125,
    36.95937395095825,
    38.11243772506714,
    38.83616924285889,
    39.99741077423096,
    41.59616231918335,
    42.769670486450195,
    42.291271686553955,
    42.998647689819336,
    56.6227912902832,
    44.99402046203613,
    45.611441135406494,
    45.64006328582764,
    47.01801538467407,
    48.83347749710083,
    49.83116388320923,
    49.962007999420166,
    48.457300662994385,
    48.62085580825806,
    49.21374320983887,
    49.802541732788086,
    49.81071949005127,
    50.325918197631836,
    51.71613693237305,
    52.1863579750061,
    52.70155668258667,
    52.72608995437622,
    53.22493314743042,
    53.08182239532471,
    53.417110443115234,
    53.7319540977478,
    54.60697412490845,
    55.50652742385864,
    56.013548374176025,
    56.6759467124939,
    56.692302227020264,
    57.00305700302124,
    56.84767961502075,
    56.671857833862305,
    58.51185321807861,
    58.54456424713135,
    61.9587779045105,
    57.54687786102295,
    57.63274431228638,
    57.80447721481323,
    57.53052234649658,
    58.515942096710205,
    59.0679407119751,
    57.399678230285645,
    58.34420919418335,
    58.48323106765747,
    57.6695442199707,
    57.23612308502197,
    57.68589973449707,
    57.240211963653564,
    60.07380485534668,
    57.93532133102417,
    59.22740697860718,
    57.96394348144531,
    58.810341358184814,
    57.812654972076416,
    59.09247398376465,
    59.95522737503052,
    63.24268579483032,
    63.17726373672485
  ],
  "timestamps": [
    0.010652780532836914,
    0.04146456718444824,
    0.07232785224914551,
    0.10314106941223145,
    0.13387703895568848,
    0.16474246978759766,
    0.19555163383483887,
    0.2263035774230957,
    0.25696516036987305,
    0.28757381439208984,
    0.31817150115966797,
    0.3487205505371094,
    0.37923216819763184,
    0.40978479385375977,
    0.44022417068481445,
    0.47061824798583984,
    0.5010039806365967,
    0.5312883853912354,
    0.5614640712738037,
    0.5916273593902588,
    0.6217267513275146,
    0.6518309116363525,
    0.6819283962249756,
    0.7121753692626953,
    0.7427842617034912,
    0.7733364105224609,
    0.8034868240356445,
    0.8333115577697754,
    0.8631224632263184,
    0.892789363861084,
    0.9224514961242676,
    0.9521994590759277,
    0.9818756580352783,
    1.0116136074066162,
    1.0410232543945312,
    1.0703539848327637,
    1.0996346473693848,
    1.1288607120513916,
    1.1580255031585693,
    1.1871211528778076,
    1.216235876083374,
    1.2454028129577637,
    1.274402141571045,
    1.30336594581604,
    1.3322761058807373,
    1.3612031936645508,
    1.3901634216308594,
    1.4190711975097656,
    1.4479150772094727,
    1.4767022132873535,
    1.505425214767456,
    1.534165620803833,
    1.562849998474121,
    1.5914685726165771,
    1.6201508045196533,
    1.6487798690795898,
    1.6774682998657227,
    1.706178903579712,
    1.7348573207855225,
    1.7635180950164795,
    1.7922134399414062,
    1.8209280967712402,
    1.8495712280273438,
    1.8782610893249512,
    1.9069719314575195,
    1.937309741973877,
    1.9664900302886963,
    1.9953439235687256,
    2.024348020553589,
    2.0535244941711426,
    2.0827550888061523,
    2.111751079559326,
    2.140780210494995,
    2.1698555946350098,
    2.198970317840576,
    2.228135824203491,
    2.257402181625366,
    2.286710739135742,
    2.3160595893859863,
    2.345452308654785,
    2.374864339828491,
    2.4043872356414795,
    2.433931350708008,
    2.463541269302368,
    2.493173599243164,
    2.5229015350341797,
    2.5526018142700195,
    2.5823686122894287,
    2.6121792793273926,
    2.642054557800293,
    2.672070264816284,
    2.7021827697753906,
    2.7322120666503906,
    2.7623069286346436,
    2.7931721210479736,
    2.823371410369873,
    2.853600025177002,
    2.883805751800537,
    2.914095640182495,
    2.944483757019043,
    2.9750099182128906,
    3.0054779052734375,
    3.0358481407165527,
    3.0662312507629395,
    3.0966477394104004,
    3.127100944519043,
    3.1575512886047363,
    3.188030242919922,
    3.218595504760742,
    3.24918532371521,
    3.2798211574554443,
    3.3104398250579834,
    3.3410868644714355,
    3.3717269897460938,
    3.402385950088501,
    3.4330637454986572,
    3.463792562484741,
    3.4945874214172363,
    3.525397539138794,
    3.5563039779663086,
    3.5871968269348145,
    3.6180968284606934,
    3.6489670276641846,
    3.679856061935425,
    3.7109131813049316,
    3.7419521808624268,
    3.773219347000122,
    3.8041913509368896,
    3.8351428508758545,
    3.866096019744873,
    3.8970251083374023,
    3.927996873855591,
    3.9589948654174805,
    3.9899001121520996,
    4.020870923995972,
    4.051856279373169,
    4.082790851593018,
    4.113726854324341,
    4.144665241241455,
    4.175576210021973,
    4.206652641296387,
    4.237594127655029,
    4.26860499382019,
    4.299535751342773,
    4.330528020858765,
    4.36147141456604,
    4.392484903335571,
    4.423569917678833,
    4.45483660697937,
    4.486085653305054
  ]
}