{
  "gesture_id": 5,
  "gesture_name": "press_once",
  "timestamp": "2025-12-23T16:05:21.093846",
  "sample_rate": 50,
  "duration": 3.0,
  "distances": [
    60.52767038345337,
    60.24962663650513,
    59.98384952545166,
    59.28465127944946,
    59.27647352218628,
    59.57496166229248,
    58.7162971496582,
    58.1683874130249,
    57.73496627807617,
    57.16252326965332,
    56.45514726638794,
    56.13212585449219,
    54.89319562911987,
    54.05906438827515,
    53.20039987564087,
    51.806092262268066,
    51.29498243331909,
    50.759339332580566,
    50.28911828994751,
    53.01231145858765,
    50.11329650878906,
    49.94156360626221,
    45.55419683456421,
    44.163978099823,
    42.94549226760864,
    42.724692821502686,
    41.09323024749756,
    38.31279277801514,
    37.66674995422363,
    38.124704360961914,
    36.27244234085083,
    35.262489318847656,
    34.735023975372314,
    33.688271045684814,
    33.144450187683105,
    32.10996389389038,
    30.28632402420044,
    29.746592044830322,
    28.03335189819336,
    29.509437084197998,
    27.481353282928467,
    26.320111751556396,
    25.73540210723877,
    24.292027950286865,
    24.541449546813965,
    23.977184295654297,
    25.150692462921143,
    24.586427211761475,
    21.789634227752686,
    22.19034433364868,
    21.20492458343506,
    19.916927814483643,
    19.916927814483643,
    18.68208646774292,
    19.622528553009033,
    18.350887298583984,
    18.040132522583008,
    17.68031120300293,
    17.38182306289673,
    18.0442214012146,
    18.65755319595337,
    17.733466625213623,
    17.708933353424072,
    17.995154857635498,
    18.960130214691162,
    19.307684898376465,
    19.622528553009033,
    20.906436443328857,
    21.88776731491089,
    23.68687391281128,
    23.68687391281128,
    24.565982818603516,
    26.929354667663574,
    26.87211036682129,
    29.235482215881348,
    29.231393337249756,
    32.596540451049805,
    32.37574100494385,
    32.15903043746948,
    32.6496958732605,
    33.15671682357788,
    35.01715660095215,
    36.00257635116577,
    38.5785698890686,
    38.63581418991089,
    39.056968688964844,
    39.51901197433472,
    41.53074026107788,
    41.608428955078125,
    40.64345359802246,
    40.89287519454956,
    42.49162673950195,
    42.53251552581787,
    44.83455419540405,
    44.79775428771973,
    46.613216400146484,
    46.6050386428833,
    48.82938861846924,
    49.81071949005127,
    49.81071949005127,
    49.663519859313965,
    50.325918197631836,
    50.49765110015869,
    52.3867130279541,
    55.2775502204895,
    54.099953174591064,
    53.80146503448486,
    53.3843994140625,
    53.86688709259033,
    54.422974586486816,
    54.987239837646484,
    55.45746088027954,
    55.98492622375488,
    56.50421380996704,
    56.54919147491455,
    57.354700565338135,
    57.4732780456543,
    57.61638879776001,
    58.50367546081543,
    58.92074108123779,
    58.904385566711426,
    59.62402820587158,
    59.607672691345215,
    60.02473831176758,
    60.425448417663574,
    60.903847217559814,
    61.312735080718994,
    61.74206733703613,
    63.021886348724365,
    63.76197338104248,
    63.99503946304321,
    64.14223909378052,
    64.56748247146606,
    65.09085893630981,
    63.3040189743042,
    64.70650434494019,
    63.29993009567261,
    63.84783983230591,
    63.88055086135864,
    64.28126096725464,
    66.27254486083984,
    65.56107997894287,
    65.11948108673096,
    64.68197107315063,
    64.71059322357178,
    65.15219211578369,
    66.08445644378662,
    65.69192409515381,
    65.30348062515259,
    65.26259183883667
  ],
  "timestamps": [
    0.010992765426635742,
    0.04218435287475586,
    0.07331562042236328,
    0.10439205169677734,
    0.1356678009033203,
    0.16672897338867188,
    0.1977846622467041,
    0.22883892059326172,
    0.2597835063934326,
    0.2906758785247803,
    0.3214879035949707,
    0.35231828689575195,
    0.3830690383911133,
    0.4137532711029053,
    0.44443511962890625,
    0.4750082492828369,
    0.505530595779419,
    0.5360472202301025,
    0.5665197372436523,
    0.5971243381500244,
    0.6275739669799805,
    0.6580195426940918,
    0.6882004737854004,
    0.7182807922363281,
    0.7483129501342773,
    0.7783486843109131,
    0.808274507522583,
    0.8380634784698486,
    0.8677856922149658,
    0.8975570201873779,
    0.9272050857543945,
    0.9568130970001221,
    0.9863851070404053,
    1.0158779621124268,
    1.0453574657440186,
    1.0747730731964111,
    1.1040723323822021,
    1.133349895477295,
    1.162600040435791,
    1.1919605731964111,
    1.221369743347168,
    1.250549077987671,
    1.279632568359375,
    1.308609962463379,
    1.337594985961914,
    1.3665344715118408,
    1.3955771923065186,
    1.424583911895752,
    1.4534802436828613,
    1.4823322296142578,
    1.5111267566680908,
    1.5398313999176025,
    1.5685551166534424,
    1.5972237586975098,
    1.625931739807129,
    1.654550313949585,
    1.6831600666046143,
    1.7117376327514648,
    1.7402973175048828,
    1.768902063369751,
    1.7975609302520752,
    1.8261408805847168,
    1.8547422885894775,
    1.883345365524292,
    1.912003993988037,
    1.9406862258911133,
    1.969391107559204,
    1.9981963634490967,
    2.0270302295684814,
    2.056002140045166,
    2.084984540939331,
    2.1139848232269287,
    2.1430883407592773,
    2.1731553077697754,
    2.2025563716888428,
    2.231940269470215,
    2.2614922523498535,
    2.290923833847046,
    2.320350170135498,
    2.3498072624206543,
    2.3792684078216553,
    2.40885591506958,
    2.438509941101074,
    2.4683127403259277,
    2.498112440109253,
    2.527913808822632,
    2.5577659606933594,
    2.587867498397827,
    2.617844581604004,
    2.6477394104003906,
    2.677672863006592,
    2.7076778411865234,
    2.737705945968628,
    2.767848014831543,
    2.7980029582977295,
    2.8282477855682373,
    2.8585104942321777,
    2.8889050483703613,
    2.919360637664795,
    2.949798583984375,
    2.9802396297454834,
    3.0107507705688477,
    3.041219472885132,
    3.071815013885498,
    3.102598190307617,
    3.1332805156707764,
    3.1639606952667236,
    3.194690227508545,
    3.2254626750946045,
    3.2562007904052734,
    3.286940574645996,
    3.3177013397216797,
    3.3485162258148193,
    3.379356622695923,
    3.4101784229278564,
    3.4410793781280518,
    3.4719810485839844,
    3.502890110015869,
    3.533817768096924,
    3.5647857189178467,
    3.595747947692871,
    3.626777410507202,
    3.6577813625335693,
    3.688828706741333,
    3.719893455505371,
    3.750988006591797,
    3.7820847034454346,
    3.813228130340576,
    3.8444983959198,
    3.8757503032684326,
    3.907008409500122,
    3.9382758140563965,
    3.9695847034454346,
    4.00090765953064,
    4.032142400741577,
    4.063470363616943,
    4.094683885574341,
    4.125950813293457,
    4.157196760177612,
    4.188537120819092,
    4.220094680786133,
    4.251555919647217,
    4.282999277114868,
    4.314314365386963,
    4.345638036727905,
    4.376968860626221,
    4.408366680145264,
    4.439770221710205,
    4.471126317977905,
    4.502460479736328
  ]
}