{
  "gesture_id": 5,
  "gesture_name": "press_once",
  "timestamp": "2025-12-24T14:50:59.382248",
  "sample_rate": 50,
  "duration": 3.0,
  "distances": [
    47.05072641372681,
    47.43916988372803,
    47.81125783920288,
    46.412861347198486,
    46.46192789077759,
    46.44148349761963,
    46.82583808898926,
    46.253395080566406,
    47.067081928253174,
    47.26334810256958,
    45.660507678985596,
    46.224772930145264,
    46.26157283782959,
    47.046637535095215,
    47.4514365196228,
    46.83810472488403,
    47.022104263305664,
    54.65195178985596,
    54.49248552322388,
    53.29444408416748,
    43.59971284866333,
    43.82869005203247,
    39.55172300338745,
    39.54354524612427,
    37.920260429382324,
    36.31742000579834,
    35.82266569137573,
    34.49786901473999,
    34.510135650634766,
    36.055731773376465,
    32.3512077331543,
    30.020546913146973,
    29.505348205566406,
    29.21503782272339,
    30.024635791778564,
    27.526330947875977,
    25.768113136291504,
    23.997628688812256,
    23.151230812072754,
    23.110342025756836,
    22.811853885650635,
    21.266257762908936,
    20.607948303222656,
    18.694353103637695,
    18.968307971954346,
    19.332218170166016,
    18.33862066268921,
    17.050623893737793,
    18.031954765319824,
    17.377734184265137,
    16.731691360473633,
    17.08742380142212,
    17.095601558685303,
    16.694891452789307,
    17.741644382476807,
    17.054712772369385,
    17.054712772369385,
    17.74982213973999,
    19.31995153427124,
    19.31995153427124,
    20.61612606048584,
    21.57292366027832,
    22.513365745544434,
    23.106253147125244,
    24.386072158813477,
    28.086507320404053,
    26.937532424926758,
    30.03690242767334,
    29.247748851776123,
    29.754769802093506,
    30.821967124938965,
    31.909608840942383,
    32.964539527893066,
    35.24613380432129,
    36.01484298706055,
    36.30106449127197,
    37.24559545516968,
    39.0774130821228,
    40.017855167388916,
    40.94194173812866,
    42.52433776855469,
    42.54887104034424,
    43.19491386413574,
    43.39118003845215,
    44.43793296813965,
    46.83810472488403,
    45.66868543624878,
    47.03845977783203,
    47.0548152923584,
    49.6471643447876,
    52.24360227584839,
    56.8231463432312,
    56.54101371765137,
    49.65534210205078,
    50.52218437194824,
    49.98654127120972,
    58.23380947113037,
    56.68821334838867,
    51.92466974258423,
    51.37676000595093,
    51.372671127319336,
    51.76111459732056,
    51.17231607437134,
    51.88378095626831,
    52.28449106216431,
    52.06778049468994,
    53.261733055114746,
    52.779245376586914,
    53.60519886016846,
    53.29035520553589,
    53.96910905838013,
    54.422974586486816,
    54.304397106170654,
    54.50066328048706,
    54.98315095901489,
    54.647862911224365,
    54.31257486343384,
    54.283952713012695,
    54.27577495574951,
    54.6805739402771,
    54.1326642036438,
    53.601109981536865,
    53.93639802932739,
    53.47026586532593,
    53.80146503448486,
    53.24946641921997,
    53.65017652511597,
    53.94866466522217,
    53.466176986694336,
    53.47844362258911,
    52.97142267227173,
    52.938711643218994,
    52.95097827911377,
    53.282177448272705,
    53.27399969100952,
    52.963244915008545,
    53.25355529785156,
    53.29444408416748,
    53.26582193374634,
    53.282177448272705,
    53.306710720062256,
    53.805553913116455,
    53.78919839859009,
    53.785109519958496,
    52.91417837142944,
    53.80964279174805,
    53.80146503448486,
    53.79737615585327,
    53.77693176269531,
    53.257644176483154
  ],
  "timestamps": [
    0.010220527648925781,
    0.04087066650390625,
    0.07128119468688965,
    0.10158848762512207,
    0.13190150260925293,
    0.16223597526550293,
    0.19252395629882812,
    0.22277021408081055,
    0.25309133529663086,
    0.28340864181518555,
    0.3136465549468994,
    0.3439066410064697,
    0.37418222427368164,
    0.4044966697692871,
    0.4348280429840088,
    0.4651200771331787,
    0.49539923667907715,
    0.5261359214782715,
    0.5568671226501465,
    0.5875089168548584,
    0.6176025867462158,
    0.6477072238922119,
    0.6775782108306885,
    0.7074358463287354,
    0.7372739315032959,
    0.7669327259063721,
    0.796574592590332,
    0.8261387348175049,
    0.8557274341583252,
    0.8854186534881592,
    0.91489577293396,
    0.9442274570465088,
    0.9735221862792969,
    1.002791166305542,
    1.0320982933044434,
    1.0612452030181885,
    1.0903122425079346,
    1.1192612648010254,
    1.1481585502624512,
    1.1770665645599365,
    1.205970048904419,
    1.2347793579101562,
    1.263551950454712,
    1.292196273803711,
    1.320852518081665,
    1.3495252132415771,
    1.3781964778900146,
    1.4067606925964355,
    1.4353792667388916,
    1.4639620780944824,
    1.4924943447113037,
    1.5210363864898682,
    1.5495860576629639,
    1.5781280994415283,
    1.60679292678833,
    1.6353569030761719,
    1.6639184951782227,
    1.692568063735962,
    1.7213430404663086,
    1.7513253688812256,
    1.780214548110962,
    1.8090415000915527,
    1.837937831878662,
    1.8668549060821533,
    1.8958981037139893,
    1.9251205921173096,
    1.95426607131958,
    1.9835853576660156,
    2.012910842895508,
    2.0422065258026123,
    2.0716302394866943,
    2.1010653972625732,
    2.130565643310547,
    2.160195827484131,
    2.1898672580718994,
    2.2195889949798584,
    2.2493114471435547,
    2.279137372970581,
    2.3090174198150635,
    2.338947296142578,
    2.3689723014831543,
    2.3990137577056885,
    2.429079532623291,
    2.459155321121216,
    2.4892919063568115,
    2.519566774368286,
    2.549778461456299,
    2.5800693035125732,
    2.6103603839874268,
    2.6408119201660156,
    2.671405553817749,
    2.7022814750671387,
    2.733198642730713,
    2.763662099838257,
    2.7941854000091553,
    2.8246607780456543,
    2.855611801147461,
    2.8864729404449463,
    2.9170703887939453,
    2.9476237297058105,
    2.978168249130249,
    3.0087337493896484,
    3.0392637252807617,
    3.0698375701904297,
    3.100436210632324,
    3.1310393810272217,
    3.1616907119750977,
    3.1923139095306396,
    3.2229807376861572,
    3.2536323070526123,
    3.2843234539031982,
    3.31502366065979,
    3.345749616622925,
    3.376471757888794,
    3.4072234630584717,
    3.437955617904663,
    3.4686684608459473,
    3.4993786811828613,
    3.530088424682617,
    3.5608367919921875,
    3.5915393829345703,
    3.62221097946167,
    3.6529035568237305,
    3.683565378189087,
    3.7143237590789795,
    3.745006799697876,
    3.7756993770599365,
    3.8063764572143555,
    3.8370633125305176,
    3.867734909057617,
    3.8983752727508545,
    3.929008960723877,
    3.9596455097198486,
    3.9902985095977783,
    4.020950555801392,
    4.051592588424683,
    4.082263469696045,
    4.112917423248291,
    4.143572807312012,
    4.174224853515625,
    4.204880714416504,
    4.235559940338135,
    4.266238212585449,
    4.296921968460083,
    4.327555418014526,
    4.358236074447632,
    4.388933897018433,
    4.419613361358643,
    4.450303316116333,
    4.480954647064209
  ]
}