{
  "gesture_id": 2,
  "gesture_name": "pull",
  "timestamp": "2025-12-23T15:32:00.943845",
  "sample_rate": 50,
  "duration": 3.0,
  "distances": [
    9.204065799713135,
    8.181846141815186,
    8.517134189605713,
    8.50895643234253,
    8.496689796447754,
    9.915530681610107,
    8.19002389907837,
    9.224510192871094,
    8.889222145080566,
    8.480334281921387,
    9.539353847503662,
    9.212243556976318,
    8.549845218658447,
    9.224510192871094,
    9.87464189529419,
    10.271263122558594,
    10.590195655822754,
    10.937750339508057,
    11.301660537719727,
    11.686015129089355,
    11.636948585510254,
    12.99445629119873,
    12.998545169830322,
    14.339697360992432,
    14.666807651519775,
    14.372408390045166,
    16.122448444366455,
    16.097915172576904,
    16.102004051208496,
    17.38591194152832,
    16.375958919525146,
    16.748046875,
    16.694891452789307,
    17.995154857635498,
    19.311773777008057,
    19.31586265563965,
    19.31995153427124,
    20.61612606048584,
    19.647061824798584,
    20.943236351013184,
    20.918703079223633,
    21.200835704803467,
    22.497010231018066,
    21.536123752593994,
    22.80367612838745,
    22.840476036071777,
    24.537360668182373,
    27.186954021453857,
    25.49006938934326,
    24.561893939971924,
    26.340556144714355,
    25.73540210723877,
    30.04099130630493,
    26.02980136871338,
    26.001179218292236,
    26.89664363861084,
    27.796196937561035,
    28.634417057037354,
    29.251837730407715,
    30.298590660095215,
    30.3067684173584,
    32.13858604431152,
    32.61289596557617,
    33.19351673126221,
    36.29697561264038,
    34.72275733947754,
    35.76542139053345,
    36.260175704956055,
    37.21288442611694,
    39.03243541717529,
    53.22084426879883,
    50.1460075378418,
    50.849294662475586,
    38.32097053527832,
    36.95119619369507,
    38.11652660369873,
    37.646305561065674,
    38.79936933517456,
    39.968788623809814,
    38.59492540359497,
    39.7275447845459,
    38.80345821380615,
    39.96061086654663,
    39.0283465385437,
    40.66389799118042,
    39.75616693496704,
    40.4758095741272,
    41.61251783370972,
    42.30762720108032,
    42.98229217529297,
    43.37891340255737,
    45.40290832519531,
    47.39419221878052,
    57.68998861312866,
    45.03082036972046,
    56.925368309020996,
    50.29729604721069,
    49.65534210205078,
    49.434542655944824,
    59.902071952819824,
    45.37837505340576,
    47.44734764099121,
    47.21428155899048,
    45.23526430130005,
    47.22245931625366,
    46.044862270355225,
    48.457300662994385,
    49.005210399627686,
    56.47968053817749,
    56.64323568344116,
    52.08004713058472,
    50.849294662475586,
    50.1460075378418,
    49.45089817047119,
    49.65943098068237,
    49.79027509689331,
    49.97427463531494,
    48.457300662994385,
    49.982452392578125,
    51.20093822479248,
    49.798452854156494,
    49.97836351394653,
    49.80663061141968,
    49.97018575668335,
    50.15418529510498,
    49.99880790710449,
    50.13782978057861,
    50.31774044036865,
    49.65125322341919,
    49.82707500457764,
    50.481295585632324,
    50.6939172744751,
    50.81658363342285,
    51.01284980773926,
    50.370895862579346,
    51.38084888458252,
    51.5403151512146,
    51.72431468963623,
    52.23133563995361,
    52.38262414932251,
    53.79737615585327,
    56.50830268859863,
    56.647324562072754,
    58.93709659576416,
    53.785109519958496,
    53.90777587890625,
    54.10813093185425,
    54.29621934890747,
    58.92891883850098,
    57.77994394302368
  ],
  "timestamps": [
    0.008024930953979492,
    0.03618311882019043,
    0.06432008743286133,
    0.09244585037231445,
    0.12059235572814941,
    0.1487722396850586,
    0.1768054962158203,
    0.20491552352905273,
    0.23300480842590332,
    0.2610805034637451,
    0.2891972064971924,
    0.3173105716705322,
    0.34537696838378906,
    0.37348294258117676,
    0.4016306400299072,
    0.4297952651977539,
    0.45798373222351074,
    0.48620057106018066,
    0.5144531726837158,
    0.5427088737487793,
    0.5709636211395264,
    0.5992987155914307,
    0.6276280879974365,
    0.6560580730438232,
    0.6844954490661621,
    0.7128827571868896,
    0.7413938045501709,
    0.7698807716369629,
    0.7983870506286621,
    0.826970100402832,
    0.8554978370666504,
    0.8840641975402832,
    0.9126324653625488,
    0.9412777423858643,
    0.9699733257293701,
    0.9987366199493408,
    1.027625322341919,
    1.056443452835083,
    1.0852100849151611,
    1.1139891147613525,
    1.1427862644195557,
    1.1715986728668213,
    1.2004833221435547,
    1.2292790412902832,
    1.2581613063812256,
    1.2870995998382568,
    1.316108226776123,
    1.3452630043029785,
    1.3742947578430176,
    1.4032959938049316,
    1.432387351989746,
    1.4614558219909668,
    1.4907927513122559,
    1.519902229309082,
    1.5489962100982666,
    1.5781209468841553,
    1.6073064804077148,
    1.6365280151367188,
    1.6657624244689941,
    1.6950771808624268,
    1.724395513534546,
    1.753831386566162,
    1.7832646369934082,
    1.8127546310424805,
    1.8424255847930908,
    1.8720266819000244,
    1.9016830921173096,
    1.9313645362854004,
    1.9610865116119385,
    1.9909346103668213,
    2.0217814445495605,
    2.052276134490967,
    2.082801580429077,
    2.1126134395599365,
    2.1423122882843018,
    2.172084331512451,
    2.201836109161377,
    2.2316298484802246,
    2.261509656906128,
    2.291287422180176,
    2.3211679458618164,
    2.3509597778320312,
    2.38084077835083,
    2.4106438159942627,
    2.4405624866485596,
    2.470404863357544,
    2.5003128051757812,
    2.5303127765655518,
    2.5603206157684326,
    2.5903823375701904,
    2.620445966720581,
    2.650667428970337,
    2.6809966564178467,
    2.711906909942627,
    2.7420811653137207,
    2.772947072982788,
    2.8034281730651855,
    2.8338851928710938,
    2.8643171787261963,
    2.8954291343688965,
    2.925661563873291,
    2.9560019969940186,
    2.988584280014038,
    3.0189313888549805,
    3.0494987964630127,
    3.079850196838379,
    3.110316753387451,
    3.1407766342163086,
    3.1716413497924805,
    3.202502965927124,
    3.2330968379974365,
    3.263607978820801,
    3.294071674346924,
    3.324490547180176,
    3.3549325466156006,
    3.385390520095825,
    3.4158575534820557,
    3.4462296962738037,
    3.476696491241455,
    3.5072293281555176,
    3.5376994609832764,
    3.5681605339050293,
    3.5986196994781494,
    3.6290719509124756,
    3.6595492362976074,
    3.690018653869629,
    3.7204980850219727,
    3.751004695892334,
    3.7814624309539795,
    3.811918258666992,
    3.8424134254455566,
    3.872911214828491,
    3.903414726257324,
    3.9339263439178467,
    3.9644105434417725,
    3.995114803314209,
    4.025878429412842,
    4.056544780731201,
    4.08716607093811,
    4.117803335189819,
    4.148515701293945,
    4.17936372756958,
    4.210200548171997,
    4.241168260574341,
    4.271845817565918,
    4.302539587020874,
    4.333243370056152,
    4.3639726638793945,
    4.394959926605225,
    4.4258787631988525
  ]
}