{
  "gesture_id": 2,
  "gesture_name": "pull",
  "timestamp": "2025-12-23T15:30:48.493879",
  "sample_rate": 50,
  "duration": 3.0,
  "distances": [
    12.303435802459717,
    12.663257122039795,
    14.347875118255615,
    13.018989562988281,
    11.645126342773438,
    16.38413667678833,
    26.888465881347656,
    23.91993999481201,
    16.36369228363037,
    15.74627161026001,
    24.242961406707764,
    16.748046875,
    17.054712772369385,
    16.093826293945312,
    16.400492191314697,
    16.715335845947266,
    16.731691360473633,
    17.0465350151062,
    17.013823986053467,
    49.9456524848938,
    32.6006293296814,
    16.739869117736816,
    17.04244613647461,
    16.102004051208496,
    16.097915172576904,
    17.36137866973877,
    17.651689052581787,
    17.663955688476562,
    20.27674913406372,
    20.280838012695312,
    19.31586265563965,
    19.29541826248169,
    19.622528553009033,
    20.89008092880249,
    21.25399112701416,
    22.770965099334717,
    23.07354211807251,
    50.10102987289429,
    49.93338584899902,
    23.130786418914795,
    23.07354211807251,
    23.07354211807251,
    22.182166576385498,
    22.182166576385498,
    22.497010231018066,
    23.39247465133667,
    24.271583557128906,
    27.211487293243408,
    25.457358360290527,
    25.41646957397461,
    25.457358360290527,
    26.320111751556396,
    26.34873390197754,
    27.215576171875,
    29.231393337249756,
    27.48544216156006,
    29.206860065460205,
    28.634417057037354,
    28.932905197143555,
    29.190504550933838,
    30.020546913146973,
    29.48899269104004,
    30.588901042938232,
    30.253612995147705,
    31.026411056518555,
    31.840097904205322,
    31.33716583251953,
    31.61112070083618,
    32.37982988357544,
    33.164894580841064,
    33.42658281326294,
    33.692359924316406,
    33.962225914001465,
    34.22800302505493,
    34.49786901473999,
    36.01893186569214,
    36.284708976745605,
    35.785865783691406,
    37.45003938674927,
    36.509597301483154,
    36.52595281600952,
    36.50550842285156,
    38.12061548233032,
    38.10834884643555,
    38.10017108917236,
    39.719367027282715,
    39.285945892333984,
    39.490389823913574,
    40.66798686981201,
    42.266738414764404,
    43.19082498550415,
    40.70887565612793,
    41.36309623718262,
    40.44309854507446,
    41.59616231918335,
    41.61251783370972,
    41.8210506439209,
    42.55295991897583,
    43.19491386413574,
    43.98815631866455,
    44.180333614349365,
    42.97820329666138,
    43.178558349609375,
    42.998647689819336,
    43.17446947097778,
    43.39118003845215,
    43.99224519729614,
    45.635974407196045,
    45.043087005615234,
    46.62139415740967,
    45.6073522567749,
    47.58636951446533,
    49.982452392578125,
    49.798452854156494,
    56.80270195007324,
    56.536924839019775,
    49.61445331573486,
    49.4468092918396,
    49.60218667984009,
    49.434542655944824,
    49.638986587524414,
    49.81480836868286,
    49.67578649520874,
    49.80663061141968,
    49.982452392578125,
    50.117385387420654,
    51.164138317108154,
    51.86333656311035,
    51.896047592163086,
    51.188671588897705,
    51.38084888458252,
    51.72022581100464,
    52.3867130279541,
    52.23133563995361,
    52.0391583442688,
    52.738356590270996,
    52.90191173553467,
    53.053200244903564,
    52.873289585113525,
    52.75062322616577,
    53.38031053543091,
    54.124486446380615,
    59.1660737991333,
    55.13443946838379,
    53.60519886016846,
    53.20857763290405,
    53.41302156448364,
    55.150794982910156,
    56.81905746459961,
    57.4732780456543
  ],
  "timestamps": [
    0.008170843124389648,
    0.03660893440246582,
    0.06505703926086426,
    0.09342455863952637,
    0.12172079086303711,
    0.15025687217712402,
    0.17937684059143066,
    0.20832204818725586,
    0.2368781566619873,
    0.2654554843902588,
    0.2944471836090088,
    0.32300257682800293,
    0.3515632152557373,
    0.3800513744354248,
    0.4085538387298584,
    0.43710780143737793,
    0.4657409191131592,
    0.4943866729736328,
    0.5229678153991699,
    0.5534653663635254,
    0.582942008972168,
    0.611487865447998,
    0.6400501728057861,
    0.6686170101165771,
    0.6971123218536377,
    0.7256720066070557,
    0.7542572021484375,
    0.7828612327575684,
    0.811610221862793,
    0.8403384685516357,
    0.8690223693847656,
    0.8976962566375732,
    0.9263854026794434,
    0.9552001953125,
    0.9840264320373535,
    1.0129308700561523,
    1.0418424606323242,
    1.0723206996917725,
    1.102783441543579,
    1.1316757202148438,
    1.1605870723724365,
    1.1894810199737549,
    1.2183167934417725,
    1.2471563816070557,
    1.2760186195373535,
    1.3049142360687256,
    1.333871841430664,
    1.3630053997039795,
    1.3920314311981201,
    1.4210436344146729,
    1.4501335620880127,
    1.479407548904419,
    1.5085289478302002,
    1.5376935005187988,
    1.5669636726379395,
    1.5961382389068604,
    1.6253859996795654,
    1.6546239852905273,
    1.6838672161102295,
    1.7131025791168213,
    1.7424018383026123,
    1.771714687347412,
    1.8010327816009521,
    1.8303699493408203,
    1.8597478866577148,
    1.8891448974609375,
    1.9185187816619873,
    1.9478881359100342,
    1.9773328304290771,
    2.006821393966675,
    2.0363199710845947,
    2.0658326148986816,
    2.095358371734619,
    2.1249027252197266,
    2.15446400642395,
    2.1841256618499756,
    2.2137880325317383,
    2.243422746658325,
    2.2731540203094482,
    2.3028366565704346,
    2.3325090408325195,
    2.362182378768921,
    2.3919684886932373,
    2.4217333793640137,
    2.4515469074249268,
    2.481492519378662,
    2.5113608837127686,
    2.541213274002075,
    2.5711371898651123,
    2.6011710166931152,
    2.6312382221221924,
    2.6611838340759277,
    2.691143751144409,
    2.721047878265381,
    2.7510194778442383,
    2.7809882164001465,
    2.8109798431396484,
    2.8410072326660156,
    2.8710732460021973,
    2.901186227798462,
    2.9313175678253174,
    2.9613726139068604,
    2.991450786590576,
    3.0215260982513428,
    3.051590919494629,
    3.081669569015503,
    3.111778497695923,
    3.1419873237609863,
    3.1721608638763428,
    3.2024264335632324,
    3.2326462268829346,
    3.262968063354492,
    3.2934257984161377,
    3.323984146118164,
    3.354841709136963,
    3.385683536529541,
    3.4161229133605957,
    3.4466302394866943,
    3.4772469997406006,
    3.5077524185180664,
    3.5383009910583496,
    3.5687711238861084,
    3.5992178916931152,
    3.6296849250793457,
    3.660146951675415,
    3.6906182765960693,
    3.7211461067199707,
    3.7517170906066895,
    3.782284736633301,
    3.8128201961517334,
    3.843363046646118,
    3.873926877975464,
    3.9045255184173584,
    3.9351186752319336,
    3.965731382369995,
    3.9963560104370117,
    4.026986598968506,
    4.057626247406006,
    4.088252067565918,
    4.118873596191406,
    4.1495301723480225,
    4.180233955383301,
    4.211228370666504,
    4.242000579833984,
    4.272705316543579,
    4.303358316421509,
    4.334019899368286,
    4.364800691604614,
    4.395663022994995,
    4.426562070846558
  ]
}