{
  "gesture_id": 2,
  "gesture_name": "pull",
  "timestamp": "2025-12-24T13:23:20.659458",
  "sample_rate": 50,
  "duration": 3.0,
  "distances": [
    7.911980152130127,
    8.157312870025635,
    7.507181167602539,
    7.834291458129883,
    7.879269123077393,
    7.883358001708984,
    9.212243556976318,
    7.597136497497559,
    7.560336589813232,
    8.50895643234253,
    7.2577595710754395,
    6.910204887390137,
    7.548069953918457,
    8.21455717086792,
    7.916069030761719,
    8.53348970413208,
    7.891535758972168,
    9.94415283203125,
    8.917844295501709,
    9.596598148345947,
    10.28352975845337,
    9.195888042449951,
    9.907352924346924,
    10.250818729400635,
    10.950016975402832,
    10.258996486663818,
    10.913217067718506,
    11.64921522140503,
    12.348413467407227,
    12.998545169830322,
    12.364768981933594,
    13.03943395614624,
    13.72227668762207,
    12.990367412567139,
    13.710010051727295,
    16.11018180847168,
    13.69774341583252,
    14.703607559204102,
    14.033031463623047,
    14.715874195098877,
    14.06165361404419,
    15.092051029205322,
    14.368319511413574,
    15.100228786468506,
    14.38058614730835,
    15.059340000152588,
    15.783071517944336,
    16.122448444366455,
    15.402805805206299,
    17.058801651000977,
    16.420936584472656,
    16.719424724578857,
    17.38591194152832,
    16.760313510894775,
    17.075157165527344,
    17.688488960266113,
    17.06697940826416,
    17.377734184265137,
    18.060576915740967,
    18.3427095413208,
    18.972396850585938,
    18.346798419952393,
    19.98234987258911,
    19.27088499069214,
    19.974172115325928,
    19.31586265563965,
    19.606173038482666,
    21.196746826171875,
    21.564745903015137,
    21.883678436279297,
    22.23532199859619,
    25.457358360290527,
    24.84811544418335,
    23.41700792312622,
    23.727762699127197,
    26.087045669555664,
    24.586427211761475,
    24.876737594604492,
    26.344645023345947,
    18.105554580688477,
    25.16704797744751,
    26.344645023345947,
    30.028724670410156,
    26.037979125976562,
    26.320111751556396,
    26.639044284820557,
    26.953887939453125,
    29.51761484146118,
    27.19104290008545,
    28.405439853668213,
    29.51761484146118,
    28.39726209640503,
    29.497170448303223,
    28.393173217773438,
    29.529881477355957,
    29.292726516723633,
    30.045080184936523,
    30.31085729598999,
    31.095921993255615,
    31.361699104309082,
    30.846500396728516,
    31.091833114624023,
    31.90551996231079,
    32.14676380157471,
    32.92365074157715,
    32.42071866989136,
    32.621073722839355,
    32.90320634841919,
    33.18125009536743,
    34.236180782318115,
    33.937692642211914,
    34.22391414642334,
    34.007203578948975,
    35.00488996505737,
    34.77182388305664,
    35.81039905548096,
    36.32150888442993,
    36.055731773376465,
    36.25608682632446,
    36.08435392379761,
    36.27653121948242,
    37.04115152359009,
    61.52944564819336,
    63.774240016937256,
    63.06277513504028,
    43.039536476135254,
    62.91557550430298,
    57.55505561828613,
    38.16559314727783,
    37.47866153717041,
    38.14514875411987,
    38.41092586517334,
    38.63990306854248,
    38.88932466506958,
    39.57216739654541,
    38.173770904541016,
    40.04647731781006,
    40.68843126296997,
    40.95829725265503,
    40.70887565612793,
    40.94194173812866,
    40.745675563812256,
    40.96238613128662,
    40.71296453475952,
    40.94194173812866,
    42.315804958343506,
    41.60025119781494,
    41.812872886657715,
    41.56754016876221,
    43.0150032043457
  ],
  "timestamps": [
    0.007924556732177734,
    0.03606104850769043,
    0.06411194801330566,
    0.09217381477355957,
    0.12022876739501953,
    0.1482834815979004,
    0.1763932704925537,
    0.2044064998626709,
    0.23241543769836426,
    0.2606046199798584,
    0.2888185977935791,
    0.31696391105651855,
    0.34499096870422363,
    0.3730344772338867,
    0.40105319023132324,
    0.42916250228881836,
    0.4572007656097412,
    0.48535585403442383,
    0.5134479999542236,
    0.5415787696838379,
    0.5697455406188965,
    0.597851037979126,
    0.625993013381958,
    0.6541588306427002,
    0.6823747158050537,
    0.7105462551116943,
    0.7387783527374268,
    0.7670245170593262,
    0.7953095436096191,
    0.8236348628997803,
    0.8519079685211182,
    0.8802423477172852,
    0.9085919857025146,
    0.9369468688964844,
    0.9653148651123047,
    0.9938218593597412,
    1.0221855640411377,
    1.050633430480957,
    1.0790185928344727,
    1.10744047164917,
    1.1358463764190674,
    1.1643853187561035,
    1.1927757263183594,
    1.221200942993164,
    1.2496020793914795,
    1.2781836986541748,
    1.3067944049835205,
    1.3353557586669922,
    1.3638689517974854,
    1.392439842224121,
    1.4209692478179932,
    1.4495303630828857,
    1.4781403541564941,
    1.5067102909088135,
    1.535292148590088,
    1.563901662826538,
    1.5924670696258545,
    1.6210541725158691,
    1.6496710777282715,
    1.678328514099121,
    1.7070205211639404,
    1.7356770038604736,
    1.7644150257110596,
    1.7930858135223389,
    1.821807622909546,
    1.850555658340454,
    1.8792972564697266,
    1.9081246852874756,
    1.9369711875915527,
    1.9658267498016357,
    1.9946880340576172,
    2.0237395763397217,
    2.0527544021606445,
    2.081669807434082,
    2.110624074935913,
    2.139711856842041,
    2.1687207221984863,
    2.1977429389953613,
    2.226846218109131,
    2.2562503814697266,
    2.28556489944458,
    2.3148398399353027,
    2.344200372695923,
    2.373304605484009,
    2.4024932384490967,
    2.4316182136535645,
    2.460855007171631,
    2.490163803100586,
    2.519317150115967,
    2.548539161682129,
    2.577828884124756,
    2.6070523262023926,
    2.6363394260406494,
    2.6655609607696533,
    2.6948561668395996,
    2.7241272926330566,
    2.7536826133728027,
    2.7830164432525635,
    2.8124003410339355,
    2.8418006896972656,
    2.8711726665496826,
    2.9005634784698486,
    2.9302282333374023,
    2.9596714973449707,
    2.9892537593841553,
    3.01871395111084,
    3.0481855869293213,
    3.0776736736297607,
    3.107180595397949,
    3.1367428302764893,
    3.1663615703582764,
    3.1959340572357178,
    3.2257182598114014,
    3.255388021469116,
    3.2852540016174316,
    3.314908504486084,
    3.3445849418640137,
    3.3742239475250244,
    3.4039204120635986,
    3.4336049556732178,
    3.4632771015167236,
    3.4929919242858887,
    3.5241119861602783,
    3.555379867553711,
    3.5866036415100098,
    3.6166794300079346,
    3.647876739501953,
    3.678783416748047,
    3.7085633277893066,
    3.7382779121398926,
    3.7681522369384766,
    3.7979185581207275,
    3.8277173042297363,
    3.8575122356414795,
    3.887371063232422,
    3.9171602725982666,
    3.9470226764678955,
    3.976942777633667,
    4.0068583488464355,
    4.0367937088012695,
    4.066710710525513,
    4.096631765365601,
    4.126545667648315,
    4.156463146209717,
    4.186484098434448,
    4.216497898101807,
    4.246488571166992,
    4.27652645111084,
    4.306576490402222,
    4.336673736572266
  ]
}