{
  "gesture_id": 2,
  "gesture_name": "pull",
  "timestamp": "2025-12-23T15:31:27.929544",
  "sample_rate": 50,
  "duration": 3.0,
  "distances": [
    10.94592809677124,
    9.265398979187012,
    10.631084442138672,
    10.23855209350586,
    9.886908531188965,
    9.612953662872314,
    10.561573505401611,
    9.890997409820557,
    10.594284534454346,
    9.907352924346924,
    11.996769905090332,
    10.933661460876465,
    10.295796394348145,
    12.3116135597229,
    11.273038387298584,
    11.62877082824707,
    11.976325511932373,
    12.303435802459717,
    14.037120342254639,
    15.443694591522217,
    15.423250198364258,
    15.415072441101074,
    16.412758827209473,
    15.410983562469482,
    15.419161319732666,
    15.803515911102295,
    15.783071517944336,
    17.058801651000977,
    16.073381900787354,
    17.38591194152832,
    17.68031120300293,
    18.015599250793457,
    18.326354026794434,
    18.665730953216553,
    18.972396850585938,
    19.29950714111328,
    19.168663024902344,
    20.93505859375,
    21.270346641540527,
    20.62021493911743,
    20.91052532196045,
    20.25221586227417,
    20.583415031433105,
    21.900033950805664,
    21.89185619354248,
    25.723135471343994,
    22.7791428565979,
    23.719584941864014,
    24.30429458618164,
    27.78393030166626,
    28.348195552825928,
    26.32828950881958,
    26.02980136871338,
    27.501797676086426,
    28.35637331008911,
    28.03744077682495,
    29.48899269104004,
    30.053257942199707,
    29.734325408935547,
    30.31085729598999,
    30.81378936767578,
    31.345343589782715,
    32.6496958732605,
    33.21805000305176,
    37.89163827896118,
    55.146706104278564,
    56.647324562072754,
    36.27653121948242,
    36.26426458358765,
    34.97217893600464,
    35.52417755126953,
    35.52008867263794,
    36.01893186569214,
    36.95528507232666,
    37.17608451843262,
    38.149237632751465,
    39.09785747528076,
    40.8724308013916,
    41.837406158447266,
    42.291271686553955,
    42.769670486450195,
    41.8210506439209,
    41.82922840118408,
    41.81696176528931,
    41.81696176528931,
    43.971800804138184,
    45.541930198669434,
    42.949581146240234,
    44.13944482803345,
    43.57517957687378,
    45.611441135406494,
    44.977664947509766,
    44.78139877319336,
    46.797215938568115,
    45.77908515930176,
    47.390103340148926,
    47.185659408569336,
    46.57641649246216,
    48.1997013092041,
    47.58228063583374,
    48.76805543899536,
    49.63489770889282,
    49.03792142868042,
    49.01747703552246,
    49.798452854156494,
    49.753475189208984,
    50.48947334289551,
    49.94156360626221,
    50.27276277542114,
    49.733030796051025,
    50.15009641647339,
    50.45676231384277,
    50.800228118896484,
    51.507604122161865,
    51.327693462371826,
    51.646625995635986,
    51.846981048583984,
    52.20680236816406,
    51.99418067932129,
    52.734267711639404,
    52.533912658691406,
    53.17177772521973,
    53.02048921585083,
    53.71968746185303,
    53.870975971221924,
    54.57426309585571,
    54.418885707855225,
    54.20217514038086,
    54.93817329406738,
    54.73372936248779,
    55.40839433670044,
    55.649638175964355,
    56.123948097229004,
    56.283414363861084,
    55.923593044281006,
    56.128036975860596,
    55.805015563964844,
    55.96039295196533,
    56.692302227020264,
    56.74954652786255,
    56.647324562072754,
    56.81905746459961,
    56.63096904754639,
    56.74954652786255,
    58.176565170288086,
    58.23380947113037,
    58.21336507797241,
    57.493722438812256,
    57.195234298706055,
    57.62456655502319
  ],
  "timestamps": [
    0.0102386474609375,
    0.03854513168334961,
    0.06687068939208984,
    0.09515500068664551,
    0.12343120574951172,
    0.15161609649658203,
    0.17983198165893555,
    0.20797133445739746,
    0.23616981506347656,
    0.26430273056030273,
    0.29257822036743164,
    0.320767879486084,
    0.3489413261413574,
    0.37723588943481445,
    0.4054603576660156,
    0.4337151050567627,
    0.4619910717010498,
    0.490281343460083,
    0.518671989440918,
    0.54714035987854,
    0.5756180286407471,
    0.6040859222412109,
    0.6325974464416504,
    0.6610345840454102,
    0.6895110607147217,
    0.7180018424987793,
    0.7464914321899414,
    0.775078535079956,
    0.8035852909088135,
    0.8321678638458252,
    0.8607580661773682,
    0.8894362449645996,
    0.9180793762207031,
    0.9467196464538574,
    0.9753849506378174,
    1.0040810108184814,
    1.0328989028930664,
    1.0618164539337158,
    1.0906600952148438,
    1.11942458152771,
    1.1482038497924805,
    1.176985502243042,
    1.205765724182129,
    1.2346141338348389,
    1.263460636138916,
    1.2925193309783936,
    1.3213756084442139,
    1.3503062725067139,
    1.3792688846588135,
    1.4084484577178955,
    1.4376342296600342,
    1.4667155742645264,
    1.4957916736602783,
    1.5249669551849365,
    1.5542316436767578,
    1.5834574699401855,
    1.6127941608428955,
    1.642099380493164,
    1.6713802814483643,
    1.7007064819335938,
    1.7300710678100586,
    1.7594702243804932,
    1.7889630794525146,
    1.8184690475463867,
    1.8482482433319092,
    1.8790531158447266,
    1.9099292755126953,
    1.9396405220031738,
    1.9693019390106201,
    1.9989123344421387,
    2.028610944747925,
    2.0583362579345703,
    2.0880255699157715,
    2.1177427768707275,
    2.1474649906158447,
    2.177241325378418,
    2.2070727348327637,
    2.2370083332061768,
    2.266991376876831,
    2.2970073223114014,
    2.3270466327667236,
    2.3570308685302734,
    2.3870151042938232,
    2.416999578475952,
    2.446981906890869,
    2.4770915508270264,
    2.507296323776245,
    2.5373783111572266,
    2.567518472671509,
    2.5976202487945557,
    2.62782621383667,
    2.657999277114868,
    2.6881632804870605,
    2.7184407711029053,
    2.7486557960510254,
    2.7789599895477295,
    2.8092563152313232,
    2.8395190238952637,
    2.8698842525482178,
    2.900217294692993,
    2.930633783340454,
    2.961076021194458,
    2.9914817810058594,
    3.02207088470459,
    3.0527126789093018,
    3.0831944942474365,
    3.113678216934204,
    3.1441352367401123,
    3.17462158203125,
    3.2050726413726807,
    3.2355642318725586,
    3.266056776046753,
    3.2965645790100098,
    3.327117681503296,
    3.357656478881836,
    3.3882107734680176,
    3.4187612533569336,
    3.4493682384490967,
    3.479954719543457,
    3.510578155517578,
    3.5412023067474365,
    3.5718448162078857,
    3.6024749279022217,
    3.6331403255462646,
    3.663822650909424,
    3.6945512294769287,
    3.7252674102783203,
    3.7559895515441895,
    3.7867472171783447,
    3.8174855709075928,
    3.8482658863067627,
    3.879059314727783,
    3.9098739624023438,
    3.940690279006958,
    3.9714930057525635,
    4.002338409423828,
    4.033219814300537,
    4.064136028289795,
    4.095035791397095,
    4.12591552734375,
    4.156775951385498,
    4.187639951705933,
    4.218477249145508,
    4.249317646026611,
    4.28025484085083,
    4.31119966506958,
    4.34214186668396,
    4.373059988021851,
    4.403949022293091,
    4.434858322143555
  ]
}