{
  "gesture_id": 2,
  "gesture_name": "pull",
  "timestamp": "2025-12-24T13:23:53.278102",
  "sample_rate": 50,
  "duration": 3.0,
  "distances": [
    9.224510192871094,
    9.58024263381958,
    11.326193809509277,
    9.985041618347168,
    9.923708438873291,
    11.301660537719727,
    10.9663724899292,
    10.655617713928223,
    9.935975074768066,
    10.950016975402832,
    11.62877082824707,
    10.618817806243896,
    11.346638202667236,
    11.661481857299805,
    11.984503269195557,
    12.37703561782837,
    12.700057029724121,
    13.088500499725342,
    13.419699668884277,
    14.08618688583374,
    14.388763904571533,
    16.441380977630615,
    17.08742380142212,
    16.486358642578125,
    15.807604789733887,
    16.11427068710327,
    15.42733907699585,
    17.099690437316895,
    16.420936584472656,
    15.787160396575928,
    16.13062620162964,
    15.79124927520752,
    16.126537322998047,
    16.77258014678955,
    16.151070594787598,
    17.753911018371582,
    17.079246044158936,
    17.398178577423096,
    17.70484447479248,
    19.31586265563965,
    18.743419647216797,
    18.97648572921753,
    19.67977285385132,
    20.325815677642822,
    19.671595096588135,
    20.293104648590088,
    20.93505859375,
    21.601545810699463,
    20.967769622802734,
    21.56883478164673,
    21.262168884277344,
    21.93683385848999,
    21.27852439880371,
    21.88776731491089,
    22.55425453186035,
    20.967769622802734,
    22.558343410491943,
    23.151230812072754,
    22.582876682281494,
    22.840476036071777,
    22.247588634490967,
    23.46198558807373,
    23.723673820495605,
    23.813629150390625,
    23.43745231628418,
    24.565982818603516,
    24.905359745025635,
    25.203847885131836,
    26.344645023345947,
    30.020546913146973,
    29.501259326934814,
    29.235482215881348,
    30.08188009262085,
    29.550325870513916,
    27.477264404296875,
    26.929354667663574,
    28.111040592193604,
    30.077791213989258,
    28.10695171356201,
    28.42179536819458,
    28.708016872406006,
    28.949260711669922,
    29.251837730407715,
    29.521703720092773,
    29.791569709777832,
    29.227304458618164,
    29.51352596282959,
    30.269968509674072,
    30.601167678833008,
    31.37805461883545,
    31.62747621536255,
    31.844186782836914,
    32.19174146652222,
    32.37574100494385,
    32.17947483062744,
    33.20169448852539,
    32.88685083389282,
    32.641518115997314,
    33.1976056098938,
    34.22391414642334,
    33.97040367126465,
    34.236180782318115,
    33.982670307159424,
    35.01306772232056,
    35.27475595474243,
    35.0416898727417,
    35.28702259063721,
    35.00080108642578,
    36.06390953063965,
    35.80222129821777,
    36.08435392379761,
    36.309242248535156,
    37.47866153717041,
    36.080265045166016,
    36.280620098114014,
    36.53004169464111,
    36.783552169799805,
    36.97572946548462,
    38.39048147201538,
    38.16150426864624,
    37.42959499359131,
    37.69946098327637,
    38.648080825805664,
    37.89163827896118,
    38.15741539001465,
    37.91617155075073,
    39.30230140686035,
    39.54354524612427,
    39.30230140686035,
    39.535367488861084,
    39.768433570861816,
    39.993321895599365,
    40.287721157073975,
    40.95829725265503,
    40.50034284591675,
    40.696609020233154,
    40.90923070907593,
    41.16274118423462,
    40.925586223602295,
    41.84149503707886,
    41.64113998413086,
    43.019092082977295,
    42.32398271560669,
    42.1195387840271,
    42.33216047286987,
    43.4157133102417,
    43.6160683631897,
    43.427979946136475,
    44.06993389129639,
    44.204866886138916
  ],
  "timestamps": [
    0.008021831512451172,
    0.03626823425292969,
    0.06456542015075684,
    0.09277224540710449,
    0.12153983116149902,
    0.1498091220855713,
    0.17804336547851562,
    0.20625996589660645,
    0.23443174362182617,
    0.2629837989807129,
    0.2912905216217041,
    0.319516658782959,
    0.34777164459228516,
    0.3759922981262207,
    0.40427446365356445,
    0.4325706958770752,
    0.4608745574951172,
    0.48924970626831055,
    0.5176289081573486,
    0.5466296672821045,
    0.5750629901885986,
    0.6036067008972168,
    0.632209062576294,
    0.6608037948608398,
    0.6904685497283936,
    0.7190485000610352,
    0.7475731372833252,
    0.7762236595153809,
    0.8047018051147461,
    0.8332152366638184,
    0.8617348670959473,
    0.8902332782745361,
    0.9187514781951904,
    0.947312593460083,
    0.9758880138397217,
    1.0045218467712402,
    1.0331125259399414,
    1.0617165565490723,
    1.0903351306915283,
    1.119037389755249,
    1.1477007865905762,
    1.1764335632324219,
    1.2051796913146973,
    1.2339544296264648,
    1.2626910209655762,
    1.2914721965789795,
    1.320284128189087,
    1.3491151332855225,
    1.3779053688049316,
    1.4067356586456299,
    1.4355425834655762,
    1.4643924236297607,
    1.4932496547698975,
    1.5221240520477295,
    1.5510318279266357,
    1.5798490047454834,
    1.6087260246276855,
    1.6376497745513916,
    1.6666264533996582,
    1.6957623958587646,
    1.72467041015625,
    1.7536821365356445,
    1.7826652526855469,
    1.811673641204834,
    1.8405959606170654,
    1.8696033954620361,
    1.8986294269561768,
    1.9276883602142334,
    1.9567594528198242,
    1.9860801696777344,
    2.015380382537842,
    2.0446794033050537,
    2.07399845123291,
    2.103313684463501,
    2.132537603378296,
    2.1616625785827637,
    2.1908724308013916,
    2.2202045917510986,
    2.249408721923828,
    2.2786595821380615,
    2.3079469203948975,
    2.337204694747925,
    2.3664968013763428,
    2.395806074142456,
    2.4250974655151367,
    2.4543747901916504,
    2.4836699962615967,
    2.512986183166504,
    2.542335033416748,
    2.571734666824341,
    2.601123332977295,
    2.6305625438690186,
    2.660074472427368,
    2.6897401809692383,
    2.7192800045013428,
    2.7488958835601807,
    2.7783923149108887,
    2.807953357696533,
    2.8374826908111572,
    2.8670713901519775,
    2.896636962890625,
    2.9262351989746094,
    2.955824136734009,
    2.9854342937469482,
    3.015070676803589,
    3.0446958541870117,
    3.074322462081909,
    3.103952169418335,
    3.1336584091186523,
    3.163339138031006,
    3.193026542663574,
    3.2227282524108887,
    3.2524936199188232,
    3.2821829319000244,
    3.3118863105773926,
    3.3416130542755127,
    3.371323585510254,
    3.401066303253174,
    3.4308900833129883,
    3.4606964588165283,
    3.490466356277466,
    3.520250082015991,
    3.5501089096069336,
    3.579904794692993,
    3.6097137928009033,
    3.639512300491333,
    3.669464349746704,
    3.699535369873047,
    3.7294600009918213,
    3.7593281269073486,
    3.789217472076416,
    3.8191094398498535,
    3.849050760269165,
    3.878983974456787,
    3.9089081287384033,
    3.9389588832855225,
    3.968916416168213,
    3.998863458633423,
    4.028817653656006,
    4.058822154998779,
    4.088817834854126,
    4.118873119354248,
    4.148906230926514,
    4.178905010223389,
    4.208938360214233,
    4.2390172481536865,
    4.269143104553223,
    4.2992262840271,
    4.329366683959961,
    4.359490633010864
  ]
}