{
  "gesture_id": 2,
  "gesture_name": "pull",
  "timestamp": "2025-12-24T13:19:18.474540",
  "sample_rate": 50,
  "duration": 3.0,
  "distances": [
    13.018989562988281,
    13.010811805725098,
    49.85978603363037,
    11.608326435089111,
    9.94415283203125,
    9.907352924346924,
    9.931886196136475,
    10.937750339508057,
    10.577929019927979,
    11.612415313720703,
    12.340235710144043,
    11.669659614562988,
    12.315702438354492,
    13.055789470672607,
    12.0131254196167,
    12.667346000671387,
    13.018989562988281,
    11.99268102645874,
    14.037120342254639,
    13.018989562988281,
    14.740407466888428,
    15.075695514678955,
    15.390539169311523,
    15.778982639312744,
    17.071068286895752,
    16.106092929840088,
    16.735780239105225,
    17.054712772369385,
    23.433363437652588,
    17.798888683319092,
    17.70484447479248,
    18.027865886688232,
    18.031954765319824,
    18.359065055847168,
    18.33862066268921,
    18.326354026794434,
    19.597995281219482,
    19.655239582061768,
    19.61435079574585,
    20.951414108276367,
    20.918703079223633,
    21.2335467338562,
    21.221280097961426,
    22.52563238143921,
    22.50518798828125,
    23.37203025817871,
    25.46553611755371,
    27.178776264190674,
    28.094685077667236,
    25.154781341552734,
    25.18749237060547,
    26.05433464050293,
    26.02980136871338,
    26.912999153137207,
    26.888465881347656,
    27.767574787139893,
    29.231393337249756,
    29.23957109451294,
    28.936994075775146,
    29.497170448303223,
    30.552101135253906,
    31.615209579467773,
    31.345343589782715,
    31.85645341873169,
    32.38391876220703,
    32.416629791259766,
    32.92773962020874,
    34.187114238739014,
    34.2443585395813,
    35.04986763000488,
    35.52826642990112,
    35.54462194442749,
    36.759018898010254,
    37.70354986190796,
    44.225311279296875,
    37.96114921569824,
    39.32274580001831,
    38.15332651138306,
    39.514923095703125,
    40.00149965286255,
    40.92967510223389,
    41.86602830886841,
    41.84967279434204,
    41.38762950897217,
    41.403985023498535,
    41.85376167297363,
    43.0150032043457,
    43.45660209655762,
    44.22122240066528,
    49.72076416015625,
    48.28556776046753,
    48.6494779586792,
    49.85160827636719,
    62.768375873565674,
    47.843968868255615,
    50.03969669342041,
    48.45321178436279,
    48.04432392120361,
    49.81889724731445,
    49.08289909362793,
    48.70263338088989,
    49.10743236541748,
    49.074721336364746,
    49.85160827636719,
    49.683964252471924,
    50.03151893615723,
    50.73889493942261,
    50.57942867279053,
    50.710272789001465,
    51.438093185424805,
    52.10458040237427,
    51.92875862121582,
    51.74475908279419,
    51.92058086395264,
    52.60751247406006,
    53.261733055114746,
    53.65835428237915,
    53.15133333206177,
    52.942800521850586,
    53.59702110290527,
    54.831862449645996,
    53.79737615585327,
    53.94866466522217,
    55.51879405975342,
    56.20572566986084,
    54.80324029922485,
    54.1326642036438,
    54.29621934890747,
    56.2261700630188,
    56.52056932449341,
    55.84590435028076,
    55.18759489059448,
    57.14616775512695,
    56.217992305755615,
    55.84590435028076,
    56.352925300598145,
    56.36928081512451,
    56.38563632965088,
    56.85994625091553,
    56.54919147491455,
    57.968032360076904,
    59.77531671524048,
    56.70865774154663,
    56.82723522186279,
    56.86403512954712,
    56.58599138259888,
    56.6759467124939,
    56.80270195007324,
    57.79629945755005,
    59.906160831451416
  ],
  "timestamps": [
    0.008219003677368164,
    0.0366053581237793,
    0.06712508201599121,
    0.09540796279907227,
    0.12355852127075195,
    0.1516878604888916,
    0.17981481552124023,
    0.20804572105407715,
    0.23620867729187012,
    0.2644631862640381,
    0.29273152351379395,
    0.32097816467285156,
    0.34926676750183105,
    0.3776094913482666,
    0.4059159755706787,
    0.4342505931854248,
    0.46260523796081543,
    0.49086737632751465,
    0.5192668437957764,
    0.5476789474487305,
    0.5762577056884766,
    0.6049721240997314,
    0.6335828304290771,
    0.6620986461639404,
    0.6906983852386475,
    0.7192175388336182,
    0.7477567195892334,
    0.7763073444366455,
    0.8052308559417725,
    0.8338816165924072,
    0.8624916076660156,
    0.8911185264587402,
    0.9197533130645752,
    0.9484982490539551,
    0.977128267288208,
    1.005753517150879,
    1.0344488620758057,
    1.063150405883789,
    1.0918705463409424,
    1.120680332183838,
    1.1494526863098145,
    1.1782476902008057,
    1.2070326805114746,
    1.2358958721160889,
    1.2647652626037598,
    1.2936937808990479,
    1.3227415084838867,
    1.3518903255462646,
    1.3811464309692383,
    1.4101622104644775,
    1.4391870498657227,
    1.4682869911193848,
    1.497375249862671,
    1.5265281200408936,
    1.5557165145874023,
    1.5849859714508057,
    1.6142797470092773,
    1.6435608863830566,
    1.6728122234344482,
    1.7020823955535889,
    1.7314317226409912,
    1.7608625888824463,
    1.7902355194091797,
    1.8196570873260498,
    1.8491158485412598,
    1.8785431385040283,
    1.9080138206481934,
    1.9375503063201904,
    1.967095136642456,
    1.996694803237915,
    2.0263092517852783,
    2.055929183959961,
    2.085641860961914,
    2.1154091358184814,
    2.145552635192871,
    2.1753296852111816,
    2.2051780223846436,
    2.2349464893341064,
    2.2647910118103027,
    2.2946665287017822,
    2.3245937824249268,
    2.3545796871185303,
    2.384584665298462,
    2.414543390274048,
    2.4445064067840576,
    2.474493980407715,
    2.504564046859741,
    2.534660577774048,
    2.5649023056030273,
    2.595435380935669,
    2.6258130073547363,
    2.656202793121338,
    2.6866629123687744,
    2.7178759574890137,
    2.7482123374938965,
    2.7786765098571777,
    2.8090522289276123,
    2.8393983840942383,
    2.8698489665985107,
    2.9002554416656494,
    2.930642604827881,
    2.9610519409179688,
    2.991460084915161,
    3.0219039916992188,
    3.0523288249969482,
    3.082771062850952,
    3.1132638454437256,
    3.143749237060547,
    3.1742537021636963,
    3.2048263549804688,
    3.2354190349578857,
    3.265995979309082,
    3.296565532684326,
    3.3271334171295166,
    3.357733964920044,
    3.3883745670318604,
    3.41904878616333,
    3.4497034549713135,
    3.480344295501709,
    3.511047601699829,
    3.5418460369110107,
    3.5727128982543945,
    3.6034398078918457,
    3.6342251300811768,
    3.665048360824585,
    3.6957809925079346,
    3.726482391357422,
    3.757199764251709,
    3.788036823272705,
    3.8188860416412354,
    3.849694013595581,
    3.880458354949951,
    3.9113385677337646,
    3.942162036895752,
    3.9729559421539307,
    4.003776550292969,
    4.034606695175171,
    4.065445899963379,
    4.096309661865234,
    4.127174377441406,
    4.158103942871094,
    4.189139127731323,
    4.2199952602386475,
    4.25084924697876,
    4.281697511672974,
    4.312527179718018,
    4.343376874923706,
    4.374242067337036,
    4.4051713943481445,
    4.4362194538116455
  ]
}