{
  "gesture_id": 2,
  "gesture_name": "pull",
  "timestamp": "2025-12-24T13:17:34.174154",
  "sample_rate": 50,
  "duration": 3.0,
  "distances": [
    12.691879272460938,
    12.679612636566162,
    12.679612636566162,
    11.305749416351318,
    11.281216144561768,
    11.338460445404053,
    11.30983829498291,
    11.28530502319336,
    12.634634971618652,
    12.708234786987305,
    12.315702438354492,
    13.726365566253662,
    13.33383321762085,
    14.401030540466309,
    14.037120342254639,
    13.3583664894104,
    14.401030540466309,
    13.685476779937744,
    15.778982639312744,
    14.748585224151611,
    13.65276575088501,
    14.037120342254639,
    14.049386978149414,
    15.79124927520752,
    15.74627161026001,
    15.390539169311523,
    16.739869117736816,
    16.416847705841064,
    16.077470779418945,
    17.050623893737793,
    17.696666717529297,
    18.322265148162842,
    19.29541826248169,
    19.93328332901001,
    20.612037181854248,
    21.237635612487793,
    21.89185619354248,
    22.509276866912842,
    23.114430904388428,
    28.389084339141846,
    24.53327178955078,
    25.14251470565796,
    25.175225734710693,
    26.892554759979248,
    28.663039207458496,
    28.65077257156372,
    27.78393030166626,
    29.497170448303223,
    30.26179075241089,
    30.269968509674072,
    30.801522731781006,
    32.08543062210083,
    33.97858142852783,
    35.26657819747925,
    34.49786901473999,
    34.21982526779175,
    34.71866846084595,
    33.93360376358032,
    34.48969125747681,
    34.9926233291626,
    37.22106218338013,
    56.80270195007324,
    37.66674995422363,
    37.66674995422363,
    37.70763874053955,
    40.25092124938965,
    37.65857219696045,
    64.72285985946655,
    57.89034366607666,
    39.51901197433472,
    39.52310085296631,
    40.447187423706055,
    41.39580726623535,
    42.28309392929077,
    42.77375936508179,
    42.05820560455322,
    43.00682544708252,
    43.362557888031006,
    45.61961889266968,
    44.80184316635132,
    45.21481990814209,
    45.63188552856445,
    46.0080623626709,
    46.42512798309326,
    45.42744159698486,
    45.815885066986084,
    46.24521732330322,
    46.6050386428833,
    47.00983762741089,
    47.046637535095215,
    49.25872087478638,
    48.83756637573242,
    52.3867130279541,
    50.01925230026245,
    50.01516342163086,
    50.01107454299927,
    50.01516342163086,
    50.88609457015991,
    51.188671588897705,
    52.08004713058472,
    52.90191173553467,
    52.84057855606079,
    53.20448875427246,
    52.693378925323486,
    53.41302156448364,
    55.49426078796387,
    55.809104442596436,
    56.63914680480957,
    55.645549297332764,
    55.49834966659546,
    55.79683780670166,
    56.02990388870239,
    56.1771035194397,
    55.490171909332275,
    55.65372705459595,
    56.66368007659912,
    55.99719285964966,
    56.16483688354492,
    56.78225755691528,
    56.91719055175781,
    56.16074800491333,
    55.84590435028076,
    56.357014179229736,
    56.0258150100708,
    56.47968053817749,
    56.65550231933594,
    56.66368007659912,
    56.945812702178955,
    56.671857833862305,
    56.81905746459961,
    56.91310167312622,
    57.5223445892334,
    56.65550231933594,
    56.7740797996521,
    56.945812702178955,
    57.10119009017944,
    57.21158981323242,
    57.79629945755005,
    57.767677307128906,
    57.75132179260254,
    57.493722438812256,
    57.927143573760986,
    58.07843208312988,
    58.63451957702637,
    58.18474292755127,
    59.18242931365967,
    60.335493087768555,
    60.49904823303223,
    59.767138957977295,
    59.77531671524048
  ],
  "timestamps": [
    0.008199930191040039,
    0.03657698631286621,
    0.06490802764892578,
    0.09314846992492676,
    0.12136721611022949,
    0.14961552619934082,
    0.1778571605682373,
    0.20607805252075195,
    0.23438191413879395,
    0.26267218589782715,
    0.29091668128967285,
    0.3192720413208008,
    0.34760308265686035,
    0.3760066032409668,
    0.40438032150268555,
    0.4327082633972168,
    0.46109843254089355,
    0.48944878578186035,
    0.5179188251495361,
    0.5463290214538574,
    0.5746579170227051,
    0.603029727935791,
    0.6314022541046143,
    0.6598823070526123,
    0.6883420944213867,
    0.7168323993682861,
    0.7453727722167969,
    0.7738866806030273,
    0.802375316619873,
    0.8309001922607422,
    0.8604230880737305,
    0.8891518115997314,
    0.9179039001464844,
    0.9466667175292969,
    0.9754395484924316,
    1.0042192935943604,
    1.0330572128295898,
    1.0619361400604248,
    1.090841293334961,
    1.1200439929962158,
    1.149033546447754,
    1.1780509948730469,
    1.2070889472961426,
    1.2362124919891357,
    1.2654478549957275,
    1.2946724891662598,
    1.3238539695739746,
    1.353132724761963,
    1.382441520690918,
    1.4117531776428223,
    1.4410924911499023,
    1.470534086227417,
    1.500063180923462,
    1.5296521186828613,
    1.559206247329712,
    1.588731050491333,
    1.6182947158813477,
    1.647836685180664,
    1.6773927211761475,
    1.7069802284240723,
    1.736701488494873,
    1.7675449848175049,
    1.7972846031188965,
    1.8270142078399658,
    1.8567607402801514,
    1.8867511749267578,
    1.9165549278259277,
    1.9478933811187744,
    1.9788353443145752,
    2.008680582046509,
    2.0385196208953857,
    2.068424940109253,
    2.0983734130859375,
    2.128365993499756,
    2.158395290374756,
    2.188373565673828,
    2.21842098236084,
    2.2485034465789795,
    2.2786946296691895,
    2.308847188949585,
    2.339015245437622,
    2.3692071437835693,
    2.399416208267212,
    2.429652452468872,
    2.4598309993743896,
    2.4900331497192383,
    2.520258665084839,
    2.550504207611084,
    2.580773115158081,
    2.61104416847229,
    2.641442060470581,
    2.6718215942382812,
    2.7024104595184326,
    2.7328567504882812,
    2.76330828666687,
    2.7937700748443604,
    2.824214220046997,
    2.854703187942505,
    2.885234832763672,
    2.9158685207366943,
    2.9465348720550537,
    2.977224111557007,
    3.0079145431518555,
    3.0385262966156006,
    3.06917142868042,
    3.0999388694763184,
    3.1307692527770996,
    3.161592721939087,
    3.1923537254333496,
    3.223114013671875,
    3.2539010047912598,
    3.284695625305176,
    3.315521717071533,
    3.3462886810302734,
    3.377066135406494,
    3.4078965187072754,
    3.438683032989502,
    3.469470500946045,
    3.5002987384796143,
    3.5311388969421387,
    3.561943769454956,
    3.592726230621338,
    3.6235454082489014,
    3.654343366622925,
    3.6851706504821777,
    3.7160019874572754,
    3.7468371391296387,
    3.7776870727539062,
    3.808525800704956,
    3.839369535446167,
    3.870281934738159,
    3.9013376235961914,
    3.932217836380005,
    3.9630775451660156,
    3.993932008743286,
    4.02479100227356,
    4.055660009384155,
    4.086559295654297,
    4.117457628250122,
    4.148374557495117,
    4.179261207580566,
    4.210163593292236,
    4.241076469421387,
    4.272017955780029,
    4.3029279708862305,
    4.333894968032837,
    4.364932537078857,
    4.3959949016571045,
    4.427018880844116,
    4.458031892776489
  ]
}