{
  "gesture_id": 2,
  "gesture_name": "pull",
  "timestamp": "2025-12-24T13:24:35.678318",
  "sample_rate": 50,
  "duration": 3.0,
  "distances": [
    9.915530681610107,
    11.293482780456543,
    9.629309177398682,
    9.576153755187988,
    9.269487857818604,
    9.265398979187012,
    9.265398979187012,
    8.844244480133057,
    9.948241710662842,
    9.23677682876587,
    10.295796394348145,
    9.584331512451172,
    10.26308536529541,
    10.909128189086914,
    11.645126342773438,
    13.714098930358887,
    12.33205795288086,
    14.396941661834717,
    13.370633125305176,
    12.254369258880615,
    14.396941661834717,
    16.416847705841064,
    15.386450290679932,
    14.053475856781006,
    16.11018180847168,
    15.075695514678955,
    15.419161319732666,
    17.071068286895752,
    16.13471508026123,
    16.420936584472656,
    16.739869117736816,
    17.06697940826416,
    16.102004051208496,
    17.696666717529297,
    17.04244613647461,
    16.097915172576904,
    16.739869117736816,
    17.04244613647461,
    16.142892837524414,
    16.743957996368408,
    17.079246044158936,
    17.688488960266113,
    17.08742380142212,
    17.70484447479248,
    19.303596019744873,
    18.698441982269287,
    24.132561683654785,
    18.68617534637451,
    19.287240505218506,
    19.61435079574585,
    20.313549041748047,
    19.66341733932495,
    19.99870538711548,
    20.599770545959473,
    20.943236351013184,
    21.22945785522461,
    21.895945072174072,
    22.227144241333008,
    21.589279174804688,
    21.920478343963623,
    24.296116828918457,
    24.639582633972168,
    23.085808753967285,
    23.39247465133667,
    23.699140548706055,
    23.973095417022705,
    24.28385019302368,
    27.219665050506592,
    25.453269481658936,
    25.747668743133545,
    26.05433464050293,
    26.369178295135498,
    26.634955406188965,
    28.074240684509277,
    26.594066619873047,
    26.949799060821533,
    27.178776264190674,
    27.518153190612793,
    27.78801918029785,
    28.111040592193604,
    28.69166135787964,
    28.663039207458496,
    28.981971740722656,
    29.227304458618164,
    29.505348205566406,
    29.78339195251465,
    31.316721439361572,
    31.602942943572998,
    31.909608840942383,
    31.9504976272583,
    31.889164447784424,
    32.13040828704834,
    32.412540912628174,
    32.6496958732605,
    32.38391876220703,
    32.66196250915527,
    32.3512077331543,
    32.67422914505005,
    33.71689319610596,
    33.94995927810669,
    33.70462656021118,
    33.962225914001465,
    34.780001640319824,
    35.81448793411255,
    36.76719665527344,
    36.55048608779907,
    36.29697561264038,
    36.10888719558716,
    36.34195327758789,
    36.09253168106079,
    36.305153369903564,
    38.61536979675293,
    38.41910362243652,
    37.02888488769531,
    37.241506576538086,
    38.63581418991089,
    38.398659229278564,
    38.17785978317261,
    40.04647731781006,
    41.88647270202637,
    40.03012180328369,
    41.882383823394775,
    41.1709189414978,
    41.39989614486694,
    43.22762489318848,
    42.12771654129028,
    41.44078493118286,
    43.452513217926025,
    44.45837736129761,
    42.80647039413452,
    42.53660440444946,
    56.83950185775757,
    57.833099365234375,
    49.8965859413147,
    43.03135871887207,
    50.03560781478882,
    43.019092082977295,
    42.84735918045044,
    43.83277893066406,
    43.0681586265564,
    42.385315895080566,
    42.57749319076538,
    44.02495622634888,
    42.82691478729248,
    43.44433546066284,
    44.474732875823975,
    43.223536014556885,
    43.84913444519043,
    43.04771423339844,
    43.69375705718994
  ],
  "timestamps": [
    0.00803995132446289,
    0.036368370056152344,
    0.06455397605895996,
    0.09270668029785156,
    0.120849609375,
    0.14897441864013672,
    0.17712926864624023,
    0.20523738861083984,
    0.23340272903442383,
    0.26157236099243164,
    0.28995656967163086,
    0.3181614875793457,
    0.34635472297668457,
    0.3745851516723633,
    0.40285253524780273,
    0.4312448501586914,
    0.4595515727996826,
    0.487973690032959,
    0.5163352489471436,
    0.5446491241455078,
    0.5730860233306885,
    0.6016280651092529,
    0.6301071643829346,
    0.6584906578063965,
    0.6869959831237793,
    0.7154414653778076,
    0.7439756393432617,
    0.772564172744751,
    0.8010823726654053,
    0.8296239376068115,
    0.8581826686859131,
    0.8867590427398682,
    0.9152834415435791,
    0.943901538848877,
    0.9725031852722168,
    1.001025915145874,
    1.0295803546905518,
    1.0581605434417725,
    1.0866801738739014,
    1.1152410507202148,
    1.1438202857971191,
    1.1725068092346191,
    1.2010631561279297,
    1.229677438735962,
    1.2584075927734375,
    1.2871737480163574,
    1.3162286281585693,
    1.3449735641479492,
    1.373734712600708,
    1.4024834632873535,
    1.4312427043914795,
    1.4599549770355225,
    1.488682746887207,
    1.5174720287322998,
    1.5462918281555176,
    1.5751326084136963,
    1.6039881706237793,
    1.63283109664917,
    1.6616456508636475,
    1.6905262470245361,
    1.719533920288086,
    1.748551368713379,
    1.7774596214294434,
    1.8063981533050537,
    1.8353474140167236,
    1.8643064498901367,
    1.8932640552520752,
    1.9224116802215576,
    1.9514591693878174,
    1.9805192947387695,
    2.0095908641815186,
    2.0387096405029297,
    2.0678372383117676,
    2.0970709323883057,
    2.1261696815490723,
    2.155336856842041,
    2.1844840049743652,
    2.213660717010498,
    2.2428596019744873,
    2.2721376419067383,
    2.3015823364257812,
    2.3308634757995605,
    2.3601491451263428,
    2.389439344406128,
    2.418734550476074,
    2.4480392932891846,
    2.477424383163452,
    2.506887197494507,
    2.5363378524780273,
    2.5657742023468018,
    2.595231771469116,
    2.624676465988159,
    2.654130697250366,
    2.683598279953003,
    2.713043212890625,
    2.742509365081787,
    2.771956443786621,
    2.801419734954834,
    2.8310039043426514,
    2.860569477081299,
    2.8901166915893555,
    2.9196832180023193,
    2.949280261993408,
    2.9789326190948486,
    3.0086309909820557,
    3.038320302963257,
    3.0679922103881836,
    3.0976574420928955,
    3.127335548400879,
    3.157029390335083,
    3.1867058277130127,
    3.216513156890869,
    3.2463104724884033,
    3.2760655879974365,
    3.30587100982666,
    3.3357017040252686,
    3.3655624389648438,
    3.395364284515381,
    3.4252641201019287,
    3.455275297164917,
    3.48517107963562,
    3.51517653465271,
    3.5451560020446777,
    3.5751559734344482,
    3.6052393913269043,
    3.635261058807373,
    3.66524076461792,
    3.6953365802764893,
    3.725494861602783,
    3.755586624145508,
    3.785626173019409,
    3.81650447845459,
    3.847432851791382,
    3.8778984546661377,
    3.9079623222351074,
    3.9384448528289795,
    3.968529224395752,
    3.9985885620117188,
    4.028719425201416,
    4.058790445327759,
    4.088816165924072,
    4.118857145309448,
    4.148981094360352,
    4.1790549755096436,
    4.209143877029419,
    4.239290475845337,
    4.2694432735443115,
    4.299727916717529,
    4.329841136932373,
    4.359961748123169
  ]
}