{
  "gesture_id": 2,
  "gesture_name": "pull",
  "timestamp": "2025-12-23T15:28:49.421020",
  "sample_rate": 50,
  "duration": 3.0,
  "distances": [
    7.875180244445801,
    8.218646049499512,
    7.2373151779174805,
    7.208693027496338,
    7.200515270233154,
    7.184159755706787,
    7.2168707847595215,
    6.897938251495361,
    7.879269123077393,
    8.263623714447021,
    8.255445957183838,
    7.523536682128906,
    9.60477590560913,
    8.541667461395264,
    8.881044387817383,
    9.232687950134277,
    9.592509269714355,
    10.92139482498169,
    11.28530502319336,
    11.596059799194336,
    11.939525604248047,
    12.33205795288086,
    12.667346000671387,
    14.417386054992676,
    12.986278533935547,
    14.69951868057251,
    14.74449634552002,
    16.036581993103027,
    16.073381900787354,
    16.04475975036621,
    16.073381900787354,
    16.06520414352417,
    16.102004051208496,
    18.371331691741943,
    18.354976177215576,
    17.394089698791504,
    18.66164207458496,
    18.93559694290161,
    20.289015769958496,
    19.279062747955322,
    19.585728645324707,
    19.941461086273193,
    21.577012538909912,
    21.87141180038452,
    22.178077697753906,
    43.33393573760986,
    21.879589557647705,
    25.134336948394775,
    22.80367612838745,
    23.089897632598877,
    23.363852500915527,
    23.674607276916504,
    24.811315536499023,
    24.835848808288574,
    25.105714797973633,
    27.133798599243164,
    28.37681770324707,
    30.01645803451538,
    29.439926147460938,
    29.71796989440918,
    29.97148036956787,
    30.26179075241089,
    36.010754108428955,
    50.9433388710022,
    49.76574182510376,
    50.30547380447388,
    29.19868230819702,
    29.427659511566162,
    29.726147651672363,
    30.004191398620605,
    29.48899269104004,
    29.734325408935547,
    29.979658126831055,
    30.756545066833496,
    31.03458881378174,
    47.00983762741089,
    33.67600440979004,
    33.9458703994751,
    34.20755863189697,
    34.47742462158203,
    33.892714977264404,
    33.369338512420654,
    33.70053768157959,
    34.43653583526611,
    33.3979606628418,
    33.65556001663208,
    33.94995927810669,
    34.17484760284424,
    34.45698022842407,
    35.52417755126953,
    35.761332511901855,
    35.45057773590088,
    35.7408881187439,
    35.487377643585205,
    35.7408881187439,
    36.035287380218506,
    36.21110916137695,
    38.07563781738281,
    37.84666061401367,
    37.15564012527466,
    37.400972843170166,
    37.15972900390625,
    37.36417293548584,
    37.63812780380249,
    37.883460521698,
    38.083815574645996,
    38.30052614212036,
    38.104259967803955,
    39.94016647338867,
    39.261412620544434,
    39.449501037597656,
    39.23687934875488,
    41.583895683288574,
    41.3712739944458,
    41.105496883392334,
    40.40629863739014,
    40.63936471939087,
    42.017316818237305,
    41.36718511581421,
    41.56754016876221,
    46.78086042404175,
    43.158113956451416,
    46.60912752151489,
    42.953670024871826,
    48.20379018783569,
    46.14708423614502,
    44.14762258529663,
    43.34620237350464,
    42.929136753082275,
    41.78425073623657,
    41.5716290473938,
    42.495715618133545,
    42.25856065750122,
    44.180333614349365,
    44.6628212928772,
    44.14353370666504,
    42.96184778213501,
    42.700159549713135,
    43.362557888031006,
    43.971800804138184,
    42.74104833602905,
    43.771445751190186,
    43.34211349487305,
    43.971800804138184,
    43.55882406234741,
    44.568777084350586,
    45.57464122772217,
    46.98939323425293,
    47.590458393096924,
    44.73642110824585
  ],
  "timestamps": [
    0.007899284362792969,
    0.03601408004760742,
    0.06405258178710938,
    0.0920860767364502,
    0.1201012134552002,
    0.14816880226135254,
    0.1761786937713623,
    0.20415997505187988,
    0.2321946620941162,
    0.26025962829589844,
    0.28830885887145996,
    0.3163156509399414,
    0.34446239471435547,
    0.3725311756134033,
    0.4006195068359375,
    0.42873215675354004,
    0.45686817169189453,
    0.485187292098999,
    0.5134906768798828,
    0.541776180267334,
    0.5700581073760986,
    0.5983495712280273,
    0.6266591548919678,
    0.6550731658935547,
    0.6834003925323486,
    0.7118251323699951,
    0.7402715682983398,
    0.7687740325927734,
    0.7972588539123535,
    0.8257699012756348,
    0.8542766571044922,
    0.8827860355377197,
    0.9112935066223145,
    0.9399306774139404,
    0.968559741973877,
    0.9971587657928467,
    1.025818109512329,
    1.0544919967651367,
    1.083237886428833,
    1.1119165420532227,
    1.140587329864502,
    1.1693651676177979,
    1.1982131004333496,
    1.227060317993164,
    1.2559213638305664,
    1.2859864234924316,
    1.3148164749145508,
    1.343829870223999,
    1.3727428913116455,
    1.4016342163085938,
    1.4305434226989746,
    1.459484338760376,
    1.4885945320129395,
    1.517634630203247,
    1.5466697216033936,
    1.575869083404541,
    1.6050834655761719,
    1.6344099044799805,
    1.6636962890625,
    1.6930081844329834,
    1.7222871780395508,
    1.751601219177246,
    1.781270980834961,
    1.8118059635162354,
    1.842259168624878,
    1.8727421760559082,
    1.9019896984100342,
    1.9312529563903809,
    1.9605309963226318,
    1.9898431301116943,
    2.0191152095794678,
    2.048398733139038,
    2.07769513130188,
    2.1070353984832764,
    2.136392593383789,
    2.1666927337646484,
    2.1962409019470215,
    2.2257723808288574,
    2.2553157806396484,
    2.2848734855651855,
    2.314396619796753,
    2.343888759613037,
    2.373399496078491,
    2.4029533863067627,
    2.432447910308838,
    2.4619884490966797,
    2.491605758666992,
    2.521240234375,
    2.5508675575256348,
    2.5805647373199463,
    2.6101903915405273,
    2.63981294631958,
    2.669450044631958,
    2.699068069458008,
    2.728694200515747,
    2.7583370208740234,
    2.7879936695098877,
    2.817775249481201,
    2.8475289344787598,
    2.877239227294922,
    2.9069645404815674,
    2.936676025390625,
    2.9664065837860107,
    2.9961564540863037,
    3.0259127616882324,
    3.055683135986328,
    3.085481643676758,
    3.1152496337890625,
    3.1451239585876465,
    3.174973487854004,
    3.204829216003418,
    3.2346603870391846,
    3.2646291255950928,
    3.2945802211761475,
    3.3245179653167725,
    3.3544199466705322,
    3.3843376636505127,
    3.4143311977386475,
    3.444287061691284,
    3.474308729171753,
    3.5047552585601807,
    3.534881591796875,
    3.565162181854248,
    3.59521746635437,
    3.6255764961242676,
    3.6558146476745605,
    3.6859376430511475,
    3.7160236835479736,
    3.746112585067749,
    3.776101589202881,
    3.806072950363159,
    3.836097002029419,
    3.8661069869995117,
    3.896228075027466,
    3.9263601303100586,
    3.956481456756592,
    3.986541509628296,
    4.016585826873779,
    4.046679496765137,
    4.076789855957031,
    4.106827259063721,
    4.136926174163818,
    4.167011022567749,
    4.197130918502808,
    4.22721791267395,
    4.2573771476745605,
    4.287580490112305,
    4.317865610122681,
    4.348196268081665,
    4.378352165222168
  ]
}