{
  "gesture_id": 2,
  "gesture_name": "pull",
  "timestamp": "2025-12-23T15:26:38.964381",
  "sample_rate": 50,
  "duration": 3.0,
  "distances": [
    12.961745262145996,
    13.411521911621094,
    11.988592147827148,
    13.354277610778809,
    12.99445629119873,
    14.028942584991455,
    15.112495422363281,
    14.38058614730835,
    15.034806728363037,
    14.012587070465088,
    14.764940738677979,
    15.067517757415771,
    15.729916095733643,
    16.04067087173462,
    16.416847705841064,
    15.774893760681152,
    17.009735107421875,
    16.036581993103027,
    16.396403312683105,
    17.663955688476562,
    16.72760248184204,
    17.986977100372314,
    23.081719875335693,
    19.610261917114258,
    19.59390640258789,
    47.57819175720215,
    46.772682666778564,
    45.202553272247314,
    46.592772006988525,
    47.046637535095215,
    45.95081806182861,
    23.682785034179688,
    21.859145164489746,
    24.844026565551758,
    23.110342025756836,
    26.884377002716064,
    25.14251470565796,
    24.28385019302368,
    24.25522804260254,
    24.55371618270874,
    27.4649977684021,
    28.613972663879395,
    25.126159191131592,
    26.316022872924805,
    29.983747005462646,
    28.045618534088135,
    26.589977741241455,
    26.884377002716064,
    27.15015411376953,
    30.024635791778564,
    28.066062927246094,
    28.35228443145752,
    28.609883785247803,
    28.932905197143555,
    29.21503782272339,
    29.472637176513672,
    31.075477600097656,
    31.30854368209839,
    31.60703182220459,
    31.83192014694214,
    30.80970048904419,
    31.071388721466064,
    30.531656742095947,
    30.776989459991455,
    31.08774423599243,
    32.097697257995605,
    32.3512077331543,
    33.12809467315674,
    33.38569402694702,
    32.33894109725952,
    33.42658281326294,
    33.663737773895264,
    33.941781520843506,
    33.62693786621094,
    33.937692642211914,
    34.142136573791504,
    35.22568941116333,
    34.19938087463379,
    35.258400440216064,
    35.54462194442749,
    35.75315475463867,
    35.48328876495361,
    35.76951026916504,
    36.02710962295532,
    35.736799240112305,
    36.035287380218506,
    35.74497699737549,
    37.15564012527466,
    37.376439571380615,
    36.69768571853638,
    36.02302074432373,
    36.260175704956055,
    37.61359453201294,
    36.95528507232666,
    36.22746467590332,
    38.5785698890686,
    38.34141492843628,
    38.57039213180542,
    38.34550380706787,
    38.079726696014404,
    37.879371643066406,
    37.625861167907715,
    38.54585886001587,
    37.86710500717163,
    38.78301382064819,
    38.562214374542236,
    39.52310085296631,
    38.787102699279785,
    40.19367694854736,
    39.48221206665039,
    40.86834192276001,
    40.61074256896973,
    42.73287057876587,
    43.78780126571655,
    41.60025119781494,
    40.40629863739014,
    41.788339614868164,
    41.55936241149902,
    43.199002742767334,
    42.05820560455322,
    41.403985023498535,
    41.14638566970825,
    41.38762950897217,
    43.80415678024292,
    44.42566633224487,
    46.46192789077759,
    42.27900505065918,
    43.80824565887451,
    42.03367233276367,
    43.62833499908447,
    42.266738414764404,
    43.39526891708374,
    43.41162443161011,
    46.85854911804199,
    43.14584732055664,
    43.19082498550415,
    43.41162443161011,
    42.97820329666138,
    43.59153509140015,
    43.19082498550415,
    43.18673610687256,
    44.22122240066528,
    43.82051229476929,
    45.202553272247314,
    43.98815631866455,
    43.98815631866455,
    44.613754749298096,
    50.15009641647339,
    49.4468092918396,
    46.99757099151611
  ],
  "timestamps": [
    0.008254528045654297,
    0.03672385215759277,
    0.06504154205322266,
    0.0934302806854248,
    0.12177109718322754,
    0.15017056465148926,
    0.17861104011535645,
    0.2070014476776123,
    0.23543238639831543,
    0.2638537883758545,
    0.29230475425720215,
    0.32076549530029297,
    0.3492593765258789,
    0.3777642250061035,
    0.4062933921813965,
    0.4347808361053467,
    0.4633448123931885,
    0.4919087886810303,
    0.5204348564147949,
    0.5490312576293945,
    0.5775892734527588,
    0.6062111854553223,
    0.635122537612915,
    0.6638360023498535,
    0.6925368309020996,
    0.7228596210479736,
    0.753129243850708,
    0.7833058834075928,
    0.8135662078857422,
    0.8438501358032227,
    0.8740758895874023,
    0.9030077457427979,
    0.9318351745605469,
    0.9609329700469971,
    0.9899749755859375,
    1.0193877220153809,
    1.0485436916351318,
    1.077627182006836,
    1.106682300567627,
    1.1356253623962402,
    1.164778709411621,
    1.1939995288848877,
    1.2230134010314941,
    1.2520930767059326,
    1.2813856601715088,
    1.3105711936950684,
    1.339674472808838,
    1.3687889575958252,
    1.3979310989379883,
    1.4272475242614746,
    1.456453800201416,
    1.4856867790222168,
    1.5149383544921875,
    1.544191598892212,
    1.5734848976135254,
    1.6028187274932861,
    1.632185697555542,
    1.661562442779541,
    1.6909503936767578,
    1.7203624248504639,
    1.749706506729126,
    1.7790639400482178,
    1.8084073066711426,
    1.83781099319458,
    1.867231845855713,
    1.8966858386993408,
    1.9261837005615234,
    1.9557209014892578,
    1.9854607582092285,
    2.014971971511841,
    2.04480242729187,
    2.0746450424194336,
    2.1041696071624756,
    2.133707046508789,
    2.1632649898529053,
    2.1928277015686035,
    2.222442150115967,
    2.251987934112549,
    2.281587839126587,
    2.3112056255340576,
    2.3408424854278564,
    2.370457172393799,
    2.4000866413116455,
    2.4297404289245605,
    2.4593698978424072,
    2.4890263080596924,
    2.518677234649658,
    2.548396110534668,
    2.578122138977051,
    2.6078290939331055,
    2.637476682662964,
    2.667135238647461,
    2.6968770027160645,
    2.7265756130218506,
    2.7562296390533447,
    2.7860219478607178,
    2.8158016204833984,
    2.845601797103882,
    2.875379800796509,
    2.905147075653076,
    2.9349138736724854,
    2.9647018909454346,
    2.9945805072784424,
    3.0243585109710693,
    3.0541670322418213,
    3.08396315574646,
    3.113837242126465,
    3.1436524391174316,
    3.173543930053711,
    3.2033939361572266,
    3.233322858810425,
    3.2632415294647217,
    3.2932755947113037,
    3.323392391204834,
    3.3533692359924316,
    3.3832733631134033,
    3.4132533073425293,
    3.4432218074798584,
    3.4732887744903564,
    3.5032968521118164,
    3.5332584381103516,
    3.5632050037384033,
    3.593167543411255,
    3.623270273208618,
    3.653404474258423,
    3.683657169342041,
    3.713667869567871,
    3.7437877655029297,
    3.7737910747528076,
    3.803884506225586,
    3.8339428901672363,
    3.8640193939208984,
    3.894094467163086,
    3.924373149871826,
    3.9544968605041504,
    3.9847142696380615,
    4.014829635620117,
    4.044899225234985,
    4.074989080429077,
    4.105061769485474,
    4.135137557983398,
    4.165268659591675,
    4.195369005203247,
    4.225553512573242,
    4.255646228790283,
    4.285778045654297,
    4.315925121307373,
    4.3464038372039795,
    4.376818418502808,
    4.407108783721924
  ]
}