{
  "gesture_id": 2,
  "gesture_name": "pull",
  "timestamp": "2025-12-23T15:29:23.479055",
  "sample_rate": 50,
  "duration": 3.0,
  "distances": [
    12.029480934143066,
    12.3116135597229,
    14.417386054992676,
    12.323880195617676,
    13.710010051727295,
    16.11018180847168,
    14.049386978149414,
    13.342010974884033,
    14.028942584991455,
    15.047073364257812,
    14.024853706359863,
    16.073381900787354,
    16.748046875,
    17.050623893737793,
    16.38413667678833,
    17.345023155212402,
    16.081559658050537,
    16.392314434051514,
    16.719424724578857,
    16.711246967315674,
    17.06289052963257,
    16.9974684715271,
    17.0465350151062,
    18.031954765319824,
    17.991065979003906,
    18.992841243743896,
    20.23177146911621,
    19.93328332901001,
    19.921016693115234,
    21.237635612487793,
    21.217191219329834,
    21.237635612487793,
    22.488832473754883,
    22.75869846343994,
    23.944473266601562,
    26.005268096923828,
    27.15015411376953,
    27.48544216156006,
    27.78393030166626,
    31.01823329925537,
    36.02710962295532,
    25.138425827026367,
    26.34873390197754,
    50.11329650878906,
    50.57942867279053,
    29.46445941925049,
    30.253612995147705,
    51.487159729003906,
    37.13110685348511,
    50.235962867736816,
    51.27453804016113,
    51.81835889816284,
    50.61213970184326,
    32.576096057891846,
    31.33716583251953,
    32.06907510757446,
    31.574320793151855,
    32.38391876220703,
    31.803297996520996,
    31.803297996520996,
    32.596540451049805,
    32.08543062210083,
    32.850050926208496,
    32.322585582733154,
    33.10356140136719,
    33.917248249053955,
    34.67369079589844,
    34.191203117370605,
    34.964001178741455,
    34.98035669326782,
    36.91030740737915,
    35.98213195800781,
    37.147462368011475,
    36.24382019042969,
    36.44826412200928,
    37.646305561065674,
    36.24382019042969,
    36.91030740737915,
    37.6340389251709,
    38.34141492843628,
    36.93892955780029,
    37.65448331832886,
    37.88754940032959,
    38.533592224121094,
    38.811635971069336,
    39.02425765991211,
    39.20825719833374,
    39.51083421707153,
    39.26959037780762,
    41.0727858543396,
    40.402209758758545,
    42.25447177886963,
    42.51207113265991,
    43.57109069824219,
    44.131267070770264,
    45.17393112182617,
    46.568238735198975,
    44.58104372024536,
    42.93731451034546,
    43.77962350845337,
    42.25447177886963,
    42.48753786087036,
    42.29536056518555,
    42.38940477371216,
    42.70424842834473,
    42.51207113265991,
    43.14175844192505,
    43.73464584350586,
    43.92273426055908,
    43.14993619918823,
    43.726468086242676,
    45.12895345687866,
    43.93908977508545,
    44.14762258529663,
    44.74459886550903,
    45.39064168930054,
    45.182108879089355,
    45.38246393203735,
    44.79775428771973,
    44.973576068878174,
    46.1552619934082,
    45.546019077301025,
    45.76272964477539,
    45.96717357635498,
    46.17570638656616,
    46.343350410461426,
    46.6050386428833,
    46.82583808898926,
    47.365570068359375,
    47.982990741729736,
    48.17107915878296,
    47.81125783920288,
    47.63134717941284,
    48.21605682373047,
    49.230098724365234,
    48.40823411941528,
    48.62494468688965,
    49.77391958236694,
    49.60218667984009,
    49.753475189208984,
    49.61445331573486,
    49.753475189208984,
    49.957919120788574,
    56.786346435546875,
    50.62849521636963,
    50.7920503616333,
    50.95151662826538,
    52.03506946563721,
    52.509379386901855,
    52.35809087753296
  ],
  "timestamps": [
    0.008155584335327148,
    0.03656911849975586,
    0.06502723693847656,
    0.09335565567016602,
    0.12176036834716797,
    0.15029454231262207,
    0.17870187759399414,
    0.20706987380981445,
    0.23544645309448242,
    0.2638874053955078,
    0.29224395751953125,
    0.32073044776916504,
    0.34926342964172363,
    0.37782835960388184,
    0.40635251998901367,
    0.4349377155303955,
    0.46344709396362305,
    0.4920969009399414,
    0.520665168762207,
    0.5492970943450928,
    0.5778741836547852,
    0.6064469814300537,
    0.6350135803222656,
    0.6636276245117188,
    0.6922483444213867,
    0.7209203243255615,
    0.749664306640625,
    0.7783854007720947,
    0.8070952892303467,
    0.8358807563781738,
    0.8646688461303711,
    0.8934783935546875,
    0.922360897064209,
    0.9512579441070557,
    0.9802289009094238,
    1.00929856300354,
    1.0384230613708496,
    1.0675699710845947,
    1.0967159271240234,
    1.126072883605957,
    1.1557185649871826,
    1.1847424507141113,
    1.2138538360595703,
    1.2443478107452393,
    1.2748479843139648,
    1.3041625022888184,
    1.33347487449646,
    1.3640239238739014,
    1.39371657371521,
    1.4241948127746582,
    1.4547557830810547,
    1.4855778217315674,
    1.5161285400390625,
    1.5455868244171143,
    1.574963092803955,
    1.6043689250946045,
    1.6337597370147705,
    1.663191556930542,
    1.6925654411315918,
    1.7219808101654053,
    1.7514293193817139,
    1.7808411121368408,
    1.810314655303955,
    1.8397679328918457,
    1.8692622184753418,
    1.898808479309082,
    1.9283809661865234,
    1.9579205513000488,
    1.98750901222229,
    2.0170936584472656,
    2.046788215637207,
    2.076432704925537,
    2.1061410903930664,
    2.1357948780059814,
    2.1654622554779053,
    2.195216417312622,
    2.224889039993286,
    2.25459361076355,
    2.2843306064605713,
    2.3141109943389893,
    2.343806743621826,
    2.3735461235046387,
    2.4032950401306152,
    2.4330854415893555,
    2.4629523754119873,
    2.492949962615967,
    2.5228209495544434,
    2.5527002811431885,
    2.5825397968292236,
    2.612481117248535,
    2.642378568649292,
    2.6723856925964355,
    2.702410936355591,
    2.732494354248047,
    2.7626090049743652,
    2.7927849292755127,
    2.823042869567871,
    2.8531858921051025,
    2.8832318782806396,
    2.9133267402648926,
    2.943331003189087,
    2.973358154296875,
    3.003377676010132,
    3.0334019660949707,
    3.063433885574341,
    3.0934576988220215,
    3.123514413833618,
    3.153608560562134,
    3.1837761402130127,
    3.2138521671295166,
    3.2439467906951904,
    3.2741048336029053,
    3.3042099475860596,
    3.3343160152435303,
    3.364506483078003,
    3.3946855068206787,
    3.4248642921447754,
    3.455080032348633,
    3.4854319095611572,
    3.515648603439331,
    3.5458760261535645,
    3.576103925704956,
    3.606302261352539,
    3.6365280151367188,
    3.666745185852051,
    3.6970276832580566,
    3.727292537689209,
    3.75756573677063,
    3.7878994941711426,
    3.818233013153076,
    3.8485894203186035,
    3.878905773162842,
    3.909245252609253,
    3.939601421356201,
    3.970001459121704,
    4.000379800796509,
    4.030742645263672,
    4.061190843582153,
    4.091648817062378,
    4.1220808029174805,
    4.152515172958374,
    4.182958364486694,
    4.213430404663086,
    4.244289398193359,
    4.27476954460144,
    4.305290937423706,
    4.3358025550842285,
    4.366361856460571,
    4.39699125289917,
    4.427592992782593
  ]
}