{
  "gesture_id": 2,
  "gesture_name": "pull",
  "timestamp": "2025-12-23T15:32:18.498418",
  "sample_rate": 50,
  "duration": 3.0,
  "distances": [
    7.928335666656494,
    7.85064697265625,
    9.212243556976318,
    9.527087211608887,
    8.251357078552246,
    9.563887119293213,
    9.232687950134277,
    8.537578582763672,
    9.220421314239502,
    9.915530681610107,
    10.643351078033447,
    11.301660537719727,
    10.226285457611084,
    10.622906684875488,
    9.935975074768066,
    10.242640972137451,
    10.30806303024292,
    11.951792240142822,
    10.598373413085938,
    12.000858783721924,
    11.99268102645874,
    13.37881088256836,
    13.3583664894104,
    13.354277610778809,
    14.752674102783203,
    14.38058614730835,
    15.77080488204956,
    15.799427032470703,
    16.788935661315918,
    16.711246967315674,
    17.72937774658203,
    17.676222324371338,
    19.029641151428223,
    19.945549964904785,
    29.750680923461914,
    30.000102519989014,
    23.106253147125244,
    21.266257762908936,
    22.815942764282227,
    23.380208015441895,
    22.840476036071777,
    22.198522090911865,
    21.59745693206787,
    24.864470958709717,
    22.214877605438232,
    22.50518798828125,
    22.815942764282227,
    23.110342025756836,
    27.231931686401367,
    23.110342025756836,
    23.388385772705078,
    25.46144723892212,
    23.727762699127197,
    23.948562145233154,
    24.296116828918457,
    24.25522804260254,
    25.44100284576416,
    25.449180603027344,
    27.481353282928467,
    26.62268877029419,
    27.48953104019165,
    26.87619924545288,
    27.207398414611816,
    27.48953104019165,
    30.069613456726074,
    29.452192783355713,
    29.775214195251465,
    29.24365997314453,
    29.98783588409424,
    29.509437084197998,
    29.73841428756714,
    30.543923377990723,
    30.793344974517822,
    31.100010871887207,
    31.28809928894043,
    30.801522731781006,
    31.08365535736084,
    31.893253326416016,
    32.14676380157471,
    32.890939712524414,
    33.667826652526855,
    33.95813703536987,
    34.714579582214355,
    36.25199794769287,
    37.90799379348755,
    37.88754940032959,
    39.539456367492676,
    37.66266107559204,
    36.27653121948242,
    36.52595281600952,
    37.20470666885376,
    36.260175704956055,
    36.47279739379883,
    37.18835115432739,
    37.89572715759277,
    38.59901428222656,
    37.674927711486816,
    38.353681564331055,
    38.603103160858154,
    39.31456804275513,
    39.5271897315979,
    40.21003246307373,
    39.99741077423096,
    39.71118927001953,
    40.43900966644287,
    40.21003246307373,
    40.9214973449707,
    41.6206955909729,
    42.29536056518555,
    42.98229217529297,
    56.79043531417847,
    42.994558811187744,
    43.199002742767334,
    58.18474292755127,
    50.30956268310547,
    46.23703956604004,
    44.18442249298096,
    44.39295530319214,
    44.204866886138916,
    44.42157745361328,
    44.60557699203491,
    44.814109802246094,
    45.37837505340576,
    45.635974407196045,
    45.82815170288086,
    45.999884605407715,
    46.658194065093994,
    46.42921686172485,
    46.617305278778076,
    46.42921686172485,
    47.639524936676025,
    46.613216400146484,
    47.87667989730835,
    47.230637073516846,
    48.85392189025879,
    48.26103448867798,
    48.072946071624756,
    48.2487678527832,
    49.847519397735596,
    49.62263107299805,
    49.81889724731445,
    49.962007999420166,
    49.81889724731445,
    49.638986587524414,
    49.99063014984131,
    50.67347288131714,
    50.86565017700195,
    51.50351524353027,
    51.7406702041626,
    51.84289216995239
  ],
  "timestamps": [
    0.007940530776977539,
    0.03611278533935547,
    0.06428360939025879,
    0.09245562553405762,
    0.12055039405822754,
    0.1486978530883789,
    0.17681241035461426,
    0.2048783302307129,
    0.23301458358764648,
    0.2611720561981201,
    0.2893662452697754,
    0.31760406494140625,
    0.34578371047973633,
    0.3739759922027588,
    0.4022071361541748,
    0.4305880069732666,
    0.45880937576293945,
    0.48709726333618164,
    0.5152883529663086,
    0.5435874462127686,
    0.5718514919281006,
    0.6002087593078613,
    0.6285393238067627,
    0.6568915843963623,
    0.6853232383728027,
    0.713733434677124,
    0.7422254085540771,
    0.7707061767578125,
    0.7992315292358398,
    0.8277547359466553,
    0.8563296794891357,
    0.884937047958374,
    0.9136173725128174,
    0.942366361618042,
    0.9716687202453613,
    1.0009558200836182,
    1.029853343963623,
    1.0586915016174316,
    1.0875773429870605,
    1.1165130138397217,
    1.1454195976257324,
    1.1742773056030273,
    1.2030830383300781,
    1.2320799827575684,
    1.2609226703643799,
    1.2897851467132568,
    1.318662405014038,
    1.347571849822998,
    1.3767023086547852,
    1.405686616897583,
    1.4347741603851318,
    1.4640402793884277,
    1.4930052757263184,
    1.5219638347625732,
    1.5509800910949707,
    1.5799596309661865,
    1.609018325805664,
    1.6380741596221924,
    1.667252540588379,
    1.6963648796081543,
    1.7255141735076904,
    1.7546303272247314,
    1.7837753295898438,
    1.8129513263702393,
    1.8422703742980957,
    1.8715624809265137,
    1.9008584022521973,
    1.9301252365112305,
    1.959421157836914,
    1.9887030124664307,
    2.0180346965789795,
    2.0474631786346436,
    2.076866626739502,
    2.1063363552093506,
    2.135737895965576,
    2.165109157562256,
    2.1944949626922607,
    2.223926067352295,
    2.2533669471740723,
    2.28289794921875,
    2.3124351501464844,
    2.341989040374756,
    2.3715882301330566,
    2.4013235569000244,
    2.4313127994537354,
    2.4611599445343018,
    2.4910295009613037,
    2.5207858085632324,
    2.5504510402679443,
    2.580129861831665,
    2.6098477840423584,
    2.6395130157470703,
    2.669189453125,
    2.6989285945892334,
    2.7286853790283203,
    2.758481025695801,
    2.78823184967041,
    2.8180172443389893,
    2.8478124141693115,
    2.877652883529663,
    2.907510757446289,
    2.9374196529388428,
    2.967299222946167,
    2.997171401977539,
    3.0270755290985107,
    3.0569698810577393,
    3.0869009494781494,
    3.116872549057007,
    3.1468863487243652,
    3.1769397258758545,
    3.2078099250793457,
    3.2378695011138916,
    3.267935276031494,
    3.2988781929016113,
    3.329350471496582,
    3.3595833778381348,
    3.3896920680999756,
    3.419877529144287,
    3.450079917907715,
    3.480260133743286,
    3.510510206222534,
    3.540684461593628,
    3.570884943008423,
    3.6010942459106445,
    3.6313138008117676,
    3.6615469455718994,
    3.69181227684021,
    3.7220659255981445,
    3.7523374557495117,
    3.782597303390503,
    3.8129382133483887,
    3.8432044982910156,
    3.8735392093658447,
    3.9038426876068115,
    3.9342386722564697,
    3.9645984172821045,
    3.994955062866211,
    4.025338411331177,
    4.055799245834351,
    4.086262464523315,
    4.1167151927948,
    4.1471922397613525,
    4.177645444869995,
    4.208088159561157,
    4.238548278808594,
    4.269048452377319,
    4.2995593547821045,
    4.330111026763916,
    4.3606791496276855,
    4.391253232955933
  ]
}