{
  "gesture_id": 2,
  "gesture_name": "pull",
  "timestamp": "2025-12-23T15:26:21.586650",
  "sample_rate": 50,
  "duration": 3.0,
  "distances": [
    10.271263122558594,
    10.23855209350586,
    10.295796394348145,
    9.915530681610107,
    10.94592809677124,
    10.606551170349121,
    11.959969997406006,
    11.632859706878662,
    10.99090576171875,
    12.025392055511475,
    11.260771751403809,
    11.980414390563965,
    12.659168243408203,
    11.951792240142822,
    12.348413467407227,
    12.998545169830322,
    13.750898838043213,
    15.766716003417969,
    16.118359565734863,
    15.778982639312744,
    16.138803958892822,
    16.42911434173584,
    15.946626663208008,
    16.08564853668213,
    16.412758827209473,
    16.731691360473633,
    17.0465350151062,
    16.396403312683105,
    16.756224632263184,
    17.414534091949463,
    17.696666717529297,
    17.06289052963257,
    17.38591194152832,
    18.01968812942505,
    18.346798419952393,
    18.97648572921753,
    19.27497386932373,
    18.641197681427002,
    19.311773777008057,
    19.61435079574585,
    19.97826099395752,
    19.3403959274292,
    19.68386173248291,
    21.221280097961426,
    21.540212631225586,
    22.227144241333008,
    23.429274559020996,
    49.83116388320923,
    50.50991773605347,
    23.089897632598877,
    23.400652408599854,
    26.594066619873047,
    25.14251470565796,
    24.602782726287842,
    24.860382080078125,
    24.267494678497314,
    26.287400722503662,
    27.456820011138916,
    29.98783588409424,
    26.925265789031982,
    28.10695171356201,
    29.24365997314453,
    30.020546913146973,
    27.612197399139404,
    29.484903812408447,
    28.05788516998291,
    28.384995460510254,
    30.045080184936523,
    29.46854829788208,
    28.936994075775146,
    29.227304458618164,
    29.476726055145264,
    31.050944328308105,
    31.320810317993164,
    31.60703182220459,
    37.3846173286438,
    32.62516260147095,
    32.91138410568237,
    32.35529661178589,
    32.666051387786865,
    32.3512077331543,
    33.962225914001465,
    33.38978290557861,
    33.71689319610596,
    33.97040367126465,
    34.75546836853027,
    35.532355308532715,
    35.73271036148071,
    34.70640182495117,
    35.50373315811157,
    35.77768802642822,
    35.99439859390259,
    36.25199794769287,
    36.97572946548462,
    38.10834884643555,
    36.714041233062744,
    38.374125957489014,
    37.43777275085449,
    37.6340389251709,
    37.875282764434814,
    39.04470205307007,
    37.646305561065674,
    38.34141492843628,
    39.50674533843994,
    40.222299098968506,
    38.84843587875366,
    39.50674533843994,
    39.74798917770386,
    40.447187423706055,
    41.56754016876221,
    40.66389799118042,
    40.89287519454956,
    41.15865230560303,
    41.383540630340576,
    42.05002784729004,
    42.336249351501465,
    42.974114418029785,
    43.77553462982178,
    45.411086082458496,
    47.022104263305664,
    45.19846439361572,
    43.39526891708374,
    43.16220283508301,
    44.384777545928955,
    45.40290832519531,
    46.024417877197266,
    46.20023965835571,
    47.82761335372925,
    46.408772468566895,
    44.96539831161499,
    44.78548765182495,
    46.01215124130249,
    45.406997203826904,
    44.78957653045654,
    46.752238273620605,
    46.16752862930298,
    45.95081806182861,
    46.17161750793457,
    48.207879066467285,
    47.99116849899292,
    48.183345794677734,
    47.97072410583496,
    48.183345794677734,
    47.958457469940186,
    48.277390003204346,
    48.027968406677246,
    49.94156360626221,
    49.43045377731323,
    48.82529973983765,
    49.62263107299805
  ],
  "timestamps": [
    0.008057594299316406,
    0.03631305694580078,
    0.06452322006225586,
    0.09270715713500977,
    0.12093734741210938,
    0.14913320541381836,
    0.177415132522583,
    0.20566821098327637,
    0.23388266563415527,
    0.2621626853942871,
    0.2903885841369629,
    0.318711519241333,
    0.34720730781555176,
    0.37555813789367676,
    0.4039735794067383,
    0.432293176651001,
    0.4606649875640869,
    0.4891643524169922,
    0.517676591873169,
    0.5461547374725342,
    0.57464599609375,
    0.6031522750854492,
    0.6316933631896973,
    0.6602098941802979,
    0.6887433528900146,
    0.7172906398773193,
    0.745856761932373,
    0.7743818759918213,
    0.8029263019561768,
    0.8315098285675049,
    0.8601322174072266,
    0.8887050151824951,
    0.9172835350036621,
    0.9458980560302734,
    0.9745438098907471,
    1.0032196044921875,
    1.0319113731384277,
    1.0605361461639404,
    1.08921480178833,
    1.1179063320159912,
    1.1466748714447021,
    1.1753807067871094,
    1.2040927410125732,
    1.232940912246704,
    1.261758804321289,
    1.2906057834625244,
    1.319566011428833,
    1.3501462936401367,
    1.380699872970581,
    1.4096031188964844,
    1.4385204315185547,
    1.4676320552825928,
    1.4967048168182373,
    1.5257103443145752,
    1.554727554321289,
    1.5837109088897705,
    1.6128089427947998,
    1.6419811248779297,
    1.6712915897369385,
    1.7004055976867676,
    1.7295887470245361,
    1.758843183517456,
    1.788140058517456,
    1.8172903060913086,
    1.8466286659240723,
    1.875828504562378,
    1.9050159454345703,
    1.9343140125274658,
    1.9635789394378662,
    1.9928381443023682,
    2.022089958190918,
    2.0513577461242676,
    2.080723762512207,
    2.110118865966797,
    2.139524459838867,
    2.1693015098571777,
    2.198777198791504,
    2.2282679080963135,
    2.2577226161956787,
    2.2871859073638916,
    2.316706418991089,
    2.3464345932006836,
    2.375978946685791,
    2.4055335521698,
    2.4350717067718506,
    2.464653253555298,
    2.494276762008667,
    2.523911714553833,
    2.5534801483154297,
    2.583116292953491,
    2.612745761871338,
    2.6423919200897217,
    2.672060966491699,
    2.701763153076172,
    2.731529474258423,
    2.761216878890991,
    2.7909984588623047,
    2.820725917816162,
    2.8504834175109863,
    2.8802716732025146,
    2.910098075866699,
    2.939844846725464,
    2.9696242809295654,
    2.9994771480560303,
    3.0293657779693604,
    3.059171438217163,
    3.0890395641326904,
    3.118906259536743,
    3.1488137245178223,
    3.178791046142578,
    3.2087087631225586,
    3.2386391162872314,
    3.2685799598693848,
    3.298557996749878,
    3.328644037246704,
    3.3587753772735596,
    3.3888609409332275,
    3.4189651012420654,
    3.4491615295410156,
    3.4794538021087646,
    3.509636402130127,
    3.5397188663482666,
    3.5697808265686035,
    3.5999155044555664,
    3.630107879638672,
    3.6603407859802246,
    3.6905815601348877,
    3.7209396362304688,
    3.7511985301971436,
    3.781370162963867,
    3.8115267753601074,
    3.841787338256836,
    3.8720037937164307,
    3.902162551879883,
    3.932435989379883,
    3.962677478790283,
    3.992901086807251,
    4.0231592655181885,
    4.053513050079346,
    4.0838539600372314,
    4.114208459854126,
    4.144551992416382,
    4.174911260604858,
    4.205254077911377,
    4.235630989074707,
    4.265994310379028,
    4.296453952789307,
    4.326949596405029,
    4.357452154159546,
    4.387907981872559
  ]
}