{
  "gesture_id": 2,
  "gesture_name": "pull",
  "timestamp": "2025-12-23T15:29:06.510906",
  "sample_rate": 50,
  "duration": 3.0,
  "distances": [
    10.226285457611084,
    9.964597225189209,
    10.986816883087158,
    10.606551170349121,
    10.23855209350586,
    11.322104930877686,
    10.978639125823975,
    10.577929019927979,
    11.64921522140503,
    12.291169166564941,
    10.655617713928223,
    11.277127265930176,
    11.96814775466919,
    12.642812728881836,
    11.935436725616455,
    12.28708028793335,
    13.010811805725098,
    13.685476779937744,
    14.384675025939941,
    16.073381900787354,
    15.435516834259033,
    15.762627124786377,
    16.057026386260986,
    16.40458106994629,
    15.717649459838867,
    16.073381900787354,
    16.441380977630615,
    17.030179500579834,
    17.36546754837036,
    16.735780239105225,
    17.050623893737793,
    17.38591194152832,
    16.735780239105225,
    17.026090621948242,
    18.346798419952393,
    18.690264225006104,
    18.988752365112305,
    19.336307048797607,
    19.27497386932373,
    20.59159278869629,
    23.085808753967285,
    25.126159191131592,
    22.501099109649658,
    22.811853885650635,
    23.110342025756836,
    23.388385772705078,
    23.682785034179688,
    23.96491765975952,
    25.150692462921143,
    26.299667358398438,
    29.178237915039062,
    51.31133794784546,
    29.46445941925049,
    30.274057388305664,
    29.734325408935547,
    29.182326793670654,
    29.96739149093628,
    53.895509243011475,
    52.88146734237671,
    29.247748851776123,
    30.03690242767334,
    29.452192783355713,
    36.26835346221924,
    36.48097515106201,
    35.47511100769043,
    34.93537902832031,
    32.3512077331543,
    31.840097904205322,
    31.05912208557129,
    31.067299842834473,
    31.022322177886963,
    31.807386875152588,
    33.15671682357788,
    32.61289596557617,
    33.418405055999756,
    34.20755863189697,
    33.61467123031616,
    40.41038751602173,
    40.38585424423218,
    43.37482452392578,
    35.2420449256897,
    35.466933250427246,
    34.93129014968872,
    35.74906587600708,
    35.74906587600708,
    36.010754108428955,
    37.16381788253784,
    36.24382019042969,
    36.93075180053711,
    37.171995639801025,
    37.86710500717163,
    39.056968688964844,
    40.18958806991577,
    56.73319101333618,
    57.289278507232666,
    43.17038059234619,
    44.14762258529663,
    44.360244274139404,
    44.19668912887573,
    50.98831653594971,
    41.80469512939453,
    40.45127630233765,
    41.08096361160278,
    41.32629632949829,
    42.07456111907959,
    42.23811626434326,
    42.94140338897705,
    43.763267993927,
    43.542468547821045,
    43.767356872558594,
    44.000422954559326,
    43.338024616241455,
    43.14584732055664,
    44.76504325866699,
    44.14762258529663,
    43.96771192550659,
    44.79775428771973,
    46.78086042404175,
    47.41872549057007,
    50.27276277542114,
    50.121474266052246,
    49.94156360626221,
    55.2775502204895,
    46.78086042404175,
    56.467413902282715,
    49.56538677215576,
    49.393653869628906,
    48.79258871078491,
    48.22014570236206,
    47.59863615036011,
    49.58583116531372,
    49.41000938415527,
    49.20147657394409,
    48.19561243057251,
    48.9970326423645,
    50.15418529510498,
    49.94974136352539,
    49.798452854156494,
    49.78209733963013,
    49.95383024215698,
    50.28502941131592,
    50.12556314468384,
    50.81658363342285,
    50.63667297363281,
    50.824761390686035,
    50.9433388710022,
    51.16004943847656,
    51.33587121963501,
    51.487159729003906,
    51.63027048110962
  ],
  "timestamps": [
    0.008054256439208984,
    0.03634786605834961,
    0.06458544731140137,
    0.09278225898742676,
    0.12114262580871582,
    0.14943623542785645,
    0.177656888961792,
    0.20585012435913086,
    0.23410272598266602,
    0.2623898983001709,
    0.29057812690734863,
    0.3188037872314453,
    0.3470735549926758,
    0.37540745735168457,
    0.40369486808776855,
    0.4321169853210449,
    0.4605708122253418,
    0.48897695541381836,
    0.5173943042755127,
    0.545905590057373,
    0.5743765830993652,
    0.6028687953948975,
    0.6313753128051758,
    0.6599032878875732,
    0.6884129047393799,
    0.7169430255889893,
    0.7454733848571777,
    0.7740368843078613,
    0.8026764392852783,
    0.8312208652496338,
    0.8597650527954102,
    0.8883380889892578,
    0.9169151782989502,
    0.945512056350708,
    0.9741578102111816,
    1.002819538116455,
    1.031494379043579,
    1.0601696968078613,
    1.0888636112213135,
    1.1176366806030273,
    1.1465473175048828,
    1.1755621433258057,
    1.2044599056243896,
    1.2333652973175049,
    1.2622826099395752,
    1.2912414073944092,
    1.320183277130127,
    1.3491275310516357,
    1.3781437873840332,
    1.4072973728179932,
    1.4368164539337158,
    1.4675970077514648,
    1.4969091415405273,
    1.5262374877929688,
    1.555574893951416,
    1.5848321914672852,
    1.614126443862915,
    1.6448204517364502,
    1.675450086593628,
    1.704702615737915,
    1.7340011596679688,
    1.7632648944854736,
    1.7929234504699707,
    1.822596549987793,
    1.852231502532959,
    1.8818228244781494,
    1.911259651184082,
    1.940690040588379,
    1.9700767993927002,
    1.9994595050811768,
    2.0288665294647217,
    2.0583102703094482,
    2.0877928733825684,
    2.117305040359497,
    2.146808624267578,
    2.176351308822632,
    2.2058615684509277,
    2.235767126083374,
    2.2656643390655518,
    2.2957422733306885,
    2.3253393173217773,
    2.3549516201019287,
    2.384533643722534,
    2.414238691329956,
    2.4440221786499023,
    2.473710060119629,
    2.503429651260376,
    2.5330913066864014,
    2.562795400619507,
    2.5925116539001465,
    2.6222617626190186,
    2.6520824432373047,
    2.681983470916748,
    2.712836265563965,
    2.7437210083007812,
    2.773782730102539,
    2.8038997650146484,
    2.834033250808716,
    2.864152669906616,
    2.8946733474731445,
    2.9246580600738525,
    2.9545745849609375,
    2.9845147132873535,
    3.0144712924957275,
    3.0444650650024414,
    3.074474573135376,
    3.104519844055176,
    3.1346306800842285,
    3.164731502532959,
    3.194833755493164,
    3.2249419689178467,
    3.2550134658813477,
    3.2850983142852783,
    3.315258026123047,
    3.3453736305236816,
    3.3754799365997314,
    3.4056529998779297,
    3.4360499382019043,
    3.4664552211761475,
    3.4970180988311768,
    3.5275580883026123,
    3.5580358505249023,
    3.5888304710388184,
    3.619107961654663,
    3.64996337890625,
    3.680401563644409,
    3.710819959640503,
    3.7411956787109375,
    3.7715399265289307,
    3.801856279373169,
    3.8322932720184326,
    3.862720489501953,
    3.893150568008423,
    3.9235095977783203,
    3.9539132118225098,
    3.98439884185791,
    4.0148632526397705,
    4.04531192779541,
    4.075759172439575,
    4.106217861175537,
    4.136707067489624,
    4.167188405990601,
    4.197716236114502,
    4.228217363357544,
    4.258724927902222,
    4.289239168167114,
    4.3197619915008545,
    4.350290775299072,
    4.3808207511901855,
    4.411428689956665
  ]
}