{
  "gesture_id": 2,
  "gesture_name": "pull",
  "timestamp": "2025-12-23T15:23:31.375931",
  "sample_rate": 50,
  "duration": 3.0,
  "distances": [
    7.180070877075195,
    6.255984306335449,
    7.543981075286865,
    7.60122537612915,
    7.572603225708008,
    6.223273277282715,
    7.204604148864746,
    7.21278190612793,
    6.91838264465332,
    7.867002487182617,
    8.905577659606934,
    8.19002389907837,
    7.568514347076416,
    9.58024263381958,
    8.496689796447754,
    9.23677682876587,
    9.9196195602417,
    9.228599071502686,
    9.952330589294434,
    10.610640048980713,
    11.636948585510254,
    10.62699556350708,
    12.96992301940918,
    13.726365566253662,
    16.052937507629395,
    13.693654537200928,
    16.102004051208496,
    15.42733907699585,
    16.08564853668213,
    15.374183654785156,
    14.347875118255615,
    16.08564853668213,
    15.4518723487854,
    17.009735107421875,
    16.08973741531372,
    17.70075559616089,
    47.78672456741333,
    18.31817626953125,
    47.549569606781006,
    17.99924373626709,
    18.624842166900635,
    17.97879934310913,
    18.66164207458496,
    18.015599250793457,
    18.649375438690186,
    18.007421493530273,
    19.5898175239563,
    20.244038105010986,
    20.603859424591064,
    24.251139163970947,
    21.532034873962402,
    20.558881759643555,
    20.906436443328857,
    44.14762258529663,
    40.44309854507446,
    45.999884605407715,
    43.158113956451416,
    23.09807538986206,
    21.20901346206665,
    21.879589557647705,
    22.202610969543457,
    22.513365745544434,
    22.787320613861084,
    23.057186603546143,
    22.50518798828125,
    22.815942764282227,
    23.102164268493652,
    23.66234064102173,
    24.018073081970215,
    23.637807369232178,
    24.23478364944458,
    28.348195552825928,
    24.238872528076172,
    23.989450931549072,
    24.52918291091919,
    28.642594814300537,
    25.424647331237793,
    26.855754852294922,
    26.295578479766846,
    27.46908664703369,
    28.932905197143555,
    26.585888862609863,
    27.743041515350342,
    27.456820011138916,
    29.484903812408447,
    27.4649977684021,
    28.928816318511963,
    28.335928916931152,
    28.949260711669922,
    29.17414903640747,
    29.452192783355713,
    29.746592044830322,
    28.63032817840576,
    28.908371925354004,
    29.979658126831055,
    29.750680923461914,
    29.96739149093628,
    29.689347743988037,
    29.501259326934814,
    30.503034591674805,
    30.26587963104248,
    30.000102519989014,
    30.253612995147705,
    29.979658126831055,
    31.026411056518555,
    30.772900581359863,
    31.071388721466064,
    32.097697257995605,
    31.823742389678955,
    32.05680847167969,
    32.58836269378662,
    33.65556001663208,
    33.393871784210205,
    33.17716121673584,
    33.67600440979004,
    33.393871784210205,
    34.44880247116089,
    34.191203117370605,
    34.72275733947754,
    35.73271036148071,
    36.714041233062744,
    36.02302074432373,
    37.39279508590698,
    48.432767391204834,
    36.215198040008545,
    36.73039674758911,
    36.01893186569214,
    37.18835115432739,
    36.21928691864014,
    47.982990741729736,
    37.850749492645264,
    36.693596839904785,
    38.11243772506714,
    37.38052845001221,
    36.70177459716797,
    37.625861167907715,
    37.41732835769653,
    36.693596839904785,
    37.65448331832886,
    46.35970592498779,
    42.03367233276367,
    40.43083190917969,
    38.787102699279785,
    48.1997013092041,
    38.57448101043701,
    47.81125783920288,
    47.77036905288696,
    38.079726696014404,
    39.02425765991211,
    37.38870620727539
  ],
  "timestamps": [
    0.007871150970458984,
    0.03589487075805664,
    0.06394648551940918,
    0.09198307991027832,
    0.12000346183776855,
    0.14794325828552246,
    0.1759340763092041,
    0.20392704010009766,
    0.23190951347351074,
    0.25993847846984863,
    0.28805088996887207,
    0.3160982131958008,
    0.3441123962402344,
    0.3722500801086426,
    0.400315523147583,
    0.4284207820892334,
    0.45656633377075195,
    0.48473381996154785,
    0.513068675994873,
    0.5413064956665039,
    0.5696003437042236,
    0.597794771194458,
    0.6261270046234131,
    0.654498815536499,
    0.6830003261566162,
    0.7113757133483887,
    0.7398886680603027,
    0.7683329582214355,
    0.7968392372131348,
    0.8252928256988525,
    0.8536953926086426,
    0.8821868896484375,
    0.9106957912445068,
    0.9392638206481934,
    0.9677462577819824,
    0.9963476657867432,
    1.0267128944396973,
    1.0553483963012695,
    1.0856695175170898,
    1.1142950057983398,
    1.1429946422576904,
    1.171623945236206,
    1.2002577781677246,
    1.2288818359375,
    1.2575390338897705,
    1.2861583232879639,
    1.314868688583374,
    1.3436217308044434,
    1.3723692893981934,
    1.4013268947601318,
    1.430131435394287,
    1.4588944911956787,
    1.4877445697784424,
    1.518073320388794,
    1.5480186939239502,
    1.5782616138458252,
    1.6083214282989502,
    1.6372127532958984,
    1.6659917831420898,
    1.694810390472412,
    1.7236509323120117,
    1.7525227069854736,
    1.7813940048217773,
    1.8102829456329346,
    1.8391635417938232,
    1.868079423904419,
    1.8969907760620117,
    1.9259400367736816,
    1.954904556274414,
    1.983851671218872,
    2.0128417015075684,
    2.0420501232147217,
    2.0710086822509766,
    2.0999717712402344,
    2.1289470195770264,
    2.1581616401672363,
    2.1871883869171143,
    2.216297149658203,
    2.2453718185424805,
    2.274517059326172,
    2.3037424087524414,
    2.3328325748443604,
    2.3619911670684814,
    2.3911330699920654,
    2.420391321182251,
    2.4495348930358887,
    2.4788265228271484,
    2.5081911087036133,
    2.537463426589966,
    2.5668156147003174,
    2.596182346343994,
    2.6254782676696777,
    2.6546974182128906,
    2.6839303970336914,
    2.7132222652435303,
    2.742506265640259,
    2.7718021869659424,
    2.8010778427124023,
    2.8303401470184326,
    2.8596956729888916,
    2.8890252113342285,
    2.918344020843506,
    2.947695732116699,
    2.97701358795166,
    3.0063881874084473,
    3.0357437133789062,
    3.0651137828826904,
    3.094543695449829,
    3.123948812484741,
    3.1533658504486084,
    3.1828081607818604,
    3.212313413619995,
    3.2418100833892822,
    3.271284818649292,
    3.3007876873016357,
    3.3302783966064453,
    3.359849452972412,
    3.3893887996673584,
    3.418956756591797,
    3.448599100112915,
    3.4783427715301514,
    3.508176803588867,
    3.5379409790039062,
    3.568340539932251,
    3.597996711730957,
    3.627685070037842,
    3.657327175140381,
    3.6870412826538086,
    3.716707229614258,
    3.7470593452453613,
    3.776832342147827,
    3.8065192699432373,
    3.8362996578216553,
    3.8660173416137695,
    3.8957061767578125,
    3.9254279136657715,
    3.955152988433838,
    3.9848411083221436,
    4.01458740234375,
    4.044834136962891,
    4.0748045444488525,
    4.104704141616821,
    4.134496450424194,
    4.16485071182251,
    4.1946187019348145,
    4.22495174407959,
    4.255256652832031,
    4.285020112991333,
    4.3148369789123535,
    4.344570159912109
  ]
}