{
  "gesture_id": 2,
  "gesture_name": "pull",
  "timestamp": "2025-12-23T15:31:10.370009",
  "sample_rate": 50,
  "duration": 3.0,
  "distances": [
    8.889222145080566,
    10.242640972137451,
    9.94415283203125,
    9.890997409820557,
    9.228599071502686,
    9.903264045715332,
    10.598373413085938,
    10.94592809677124,
    10.9663724899292,
    12.336146831512451,
    11.976325511932373,
    13.521921634674072,
    14.396941661834717,
    14.024853706359863,
    15.419161319732666,
    16.077470779418945,
    15.74627161026001,
    16.441380977630615,
    16.061115264892578,
    18.01968812942505,
    24.570071697235107,
    18.346798419952393,
    21.577012538909912,
    19.970083236694336,
    20.902347564697266,
    22.795498371124268,
    22.55016565322876,
    22.202610969543457,
    23.699140548706055,
    23.43745231628418,
    23.96082878112793,
    28.360462188720703,
    26.340556144714355,
    26.082956790924072,
    26.62268877029419,
    29.78339195251465,
    28.908371925354004,
    29.472637176513672,
    30.032813549041748,
    31.864631175994873,
    31.574320793151855,
    33.418405055999756,
    35.27475595474243,
    36.26835346221924,
    53.08182239532471,
    52.529823780059814,
    36.967551708221436,
    36.24382019042969,
    37.20879554748535,
    36.035287380218506,
    36.95119619369507,
    36.25608682632446,
    36.718130111694336,
    38.57448101043701,
    37.43777275085449,
    37.899816036224365,
    41.34674072265625,
    39.25732374191284,
    39.7275447845459,
    39.51901197433472,
    40.880608558654785,
    41.587984561920166,
    41.812872886657715,
    43.8123345375061,
    43.00682544708252,
    43.2153582572937,
    44.58513259887695,
    46.821749210357666,
    50.98013877868652,
    50.1950740814209,
    49.802541732788086,
    56.66368007659912,
    49.63080883026123,
    49.61445331573486,
    50.162363052368164,
    50.17054080963135,
    51.51987075805664,
    51.17231607437134,
    50.710272789001465,
    50.665295124053955,
    51.01693868637085,
    51.02102756500244,
    51.36449337005615,
    51.31542682647705,
    52.57071256637573,
    52.56662368774414,
    52.57071256637573,
    53.44573259353638,
    54.283952713012695,
    54.30030822753906,
    55.11808395385742,
    55.10581731796265,
    55.48199415206909,
    56.18528127670288,
    56.0258150100708,
    56.148481369018555,
    56.324303150177,
    56.50012493133545,
    56.77816867828369,
    56.536924839019775,
    56.74545764923096,
    57.07665681838989,
    56.91719055175781,
    57.20341205596924,
    57.88625478744507,
    58.217453956604004,
    58.46278667449951,
    59.3173623085022,
    59.153807163238525,
    59.77122783660889,
    59.47682857513428,
    60.589003562927246,
    60.34775972366333,
    61.45584583282471,
    60.883402824401855,
    60.50313711166382,
    61.05513572692871,
    60.73620319366455,
    60.33140420913696,
    61.36589050292969,
    61.226868629455566,
    61.7584228515625,
    61.58260107040405,
    62.02828884124756,
    61.72980070114136,
    62.179577350616455,
    62.134599685668945,
    60.879313945770264,
    60.03291606903076,
    60.041093826293945,
    60.086071491241455,
    60.061538219451904,
    60.061538219451904,
    59.61176156997681,
    60.04927158355713,
    60.02882719039917,
    60.016560554504395,
    60.02882719039917,
    60.07380485534668,
    59.62402820587158,
    60.02882719039917,
    60.43362617492676,
    60.609447956085205,
    60.155582427978516,
    60.19238233566284,
    60.1637601852417,
    62.04873323440552,
    61.157357692718506,
    61.1614465713501,
    61.09602451324463
  ],
  "timestamps": [
    0.007997989654541016,
    0.03632998466491699,
    0.06454944610595703,
    0.09278225898742676,
    0.12093973159790039,
    0.14921998977661133,
    0.17742013931274414,
    0.2056436538696289,
    0.23387718200683594,
    0.26218104362487793,
    0.2904682159423828,
    0.31883692741394043,
    0.34728312492370605,
    0.3757052421569824,
    0.40420079231262207,
    0.4327259063720703,
    0.46122264862060547,
    0.48975634574890137,
    0.5182516574859619,
    0.5468597412109375,
    0.5758538246154785,
    0.6044754981994629,
    0.6333217620849609,
    0.6621580123901367,
    0.6910271644592285,
    0.7199554443359375,
    0.748842716217041,
    0.7776937484741211,
    0.8066332340240479,
    0.8355669975280762,
    0.8645174503326416,
    0.8937408924102783,
    0.9228298664093018,
    0.9519124031066895,
    0.981041669845581,
    1.0103509426116943,
    1.039607048034668,
    1.06889009475708,
    1.098196268081665,
    1.1275990009307861,
    1.1570017337799072,
    1.186537742614746,
    1.2161736488342285,
    1.2458622455596924,
    1.2765188217163086,
    1.3071367740631104,
    1.3368453979492188,
    1.3665106296539307,
    1.3962242603302002,
    1.4258737564086914,
    1.4555895328521729,
    1.4852561950683594,
    1.514948844909668,
    1.5447478294372559,
    1.5744812488555908,
    1.6042463779449463,
    1.6342511177062988,
    1.6641974449157715,
    1.694129467010498,
    1.724015474319458,
    1.7539608478546143,
    1.7839434146881104,
    1.813932180404663,
    1.8440356254577637,
    1.8740923404693604,
    1.904163122177124,
    1.9343090057373047,
    1.9645867347717285,
    1.9951112270355225,
    2.0255908966064453,
    2.0560455322265625,
    2.0869157314300537,
    2.117361068725586,
    2.1478095054626465,
    2.178295850753784,
    2.2087759971618652,
    2.2393319606781006,
    2.269866943359375,
    2.300387144088745,
    2.3308889865875244,
    2.361412763595581,
    2.3919360637664795,
    2.4224698543548584,
    2.452995538711548,
    2.4835898876190186,
    2.514227867126465,
    2.5448644161224365,
    2.5755298137664795,
    2.6062498092651367,
    2.6370391845703125,
    2.6679606437683105,
    2.6987464427948,
    2.7295475006103516,
    2.7603766918182373,
    2.791196823120117,
    2.8220224380493164,
    2.8528566360473633,
    2.8836987018585205,
    2.914558172225952,
    2.94539475440979,
    2.9762401580810547,
    3.0071003437042236,
    3.03796124458313,
    3.068845748901367,
    3.099771738052368,
    3.1307337284088135,
    3.1617202758789062,
    3.192727565765381,
    3.2237319946289062,
    3.254755973815918,
    3.285769462585449,
    3.3168325424194336,
    3.347893714904785,
    3.379026174545288,
    3.4101176261901855,
    3.441197633743286,
    3.472306966781616,
    3.5033984184265137,
    3.5345065593719482,
    3.5656352043151855,
    3.5967519283294678,
    3.627903461456299,
    3.6590702533721924,
    3.6902947425842285,
    3.7214505672454834,
    3.7526752948760986,
    3.783860921859741,
    3.814959764480591,
    3.8460147380828857,
    3.8771018981933594,
    3.9081413745880127,
    3.939173936843872,
    3.97021746635437,
    4.001239538192749,
    4.0322887897491455,
    4.063337564468384,
    4.094384431838989,
    4.125429391860962,
    4.156482458114624,
    4.1875152587890625,
    4.21855616569519,
    4.249613285064697,
    4.280689477920532,
    4.311748504638672,
    4.342806339263916,
    4.373860836029053,
    4.405025959014893,
    4.43613862991333,
    4.467257022857666,
    4.4983742237091064
  ]
}