{
  "gesture_id": 2,
  "gesture_name": "pull",
  "timestamp": "2025-12-24T13:21:37.753194",
  "sample_rate": 50,
  "duration": 3.0,
  "distances": [
    9.240865707397461,
    9.212243556976318,
    9.28584337234497,
    8.9219331741333,
    8.889222145080566,
    7.53171443939209,
    7.543981075286865,
    7.568514347076416,
    7.580780982971191,
    7.503092288970947,
    8.521223068237305,
    9.923708438873291,
    8.235001564025879,
    9.195888042449951,
    8.492600917816162,
    9.228599071502686,
    16.08973741531372,
    20.906436443328857,
    51.67933702468872,
    19.98234987258911,
    12.99445629119873,
    13.701832294464111,
    13.01490068435669,
    12.000858783721924,
    12.33205795288086,
    12.671434879302979,
    13.031256198883057,
    12.998545169830322,
    13.031256198883057,
    14.388763904571533,
    14.396941661834717,
    14.351963996887207,
    16.08564853668213,
    16.13062620162964,
    15.40689468383789,
    15.807604789733887,
    15.734004974365234,
    17.06697940826416,
    17.09151268005371,
    17.075157165527344,
    17.026090621948242,
    17.079246044158936,
    19.287240505218506,
    19.287240505218506,
    20.313549041748047,
    19.925105571746826,
    22.227144241333008,
    20.951414108276367,
    21.879589557647705,
    22.795498371124268,
    22.546076774597168,
    24.03033971786499,
    28.380906581878662,
    24.582338333129883,
    26.369178295135498,
    26.311933994293213,
    26.361000537872314,
    27.227842807769775,
    26.59815549850464,
    28.67121696472168,
    27.771663665771484,
    28.10695171356201,
    28.380906581878662,
    29.231393337249756,
    28.62623929977417,
    29.51352596282959,
    30.28632402420044,
    29.775214195251465,
    29.758858680725098,
    30.576634407043457,
    31.320810317993164,
    31.63156509399414,
    32.35938549041748,
    33.119916915893555,
    32.641518115997314,
    33.41022729873657,
    34.17075872421265,
    35.00080108642578,
    35.81857681274414,
    35.262489318847656,
    36.02302074432373,
    36.7344856262207,
    36.31742000579834,
    36.25199794769287,
    36.95937395095825,
    36.49733066558838,
    36.50141954421997,
    37.670838832855225,
    37.670838832855225,
    39.261412620544434,
    38.807547092437744,
    40.41447639465332,
    37.45821714401245,
    39.535367488861084,
    39.972877502441406,
    39.993321895599365,
    40.87651968002319,
    41.354918479919434,
    42.315804958343506,
    42.73695945739746,
    42.78602600097656,
    42.78602600097656,
    43.199002742767334,
    42.98229217529297,
    43.178558349609375,
    44.17624473571777,
    44.204866886138916,
    44.83046531677246,
    43.996334075927734,
    44.163978099823,
    45.819973945617676,
    45.19437551498413,
    46.03668451309204,
    46.8544602394104,
    49.82707500457764,
    51.03738307952881,
    61.01424694061279,
    48.1997013092041,
    48.60858917236328,
    49.005210399627686,
    48.412322998046875,
    49.63080883026123,
    49.04201030731201,
    48.8498330116272,
    49.434542655944824,
    49.67169761657715,
    49.778008460998535,
    50.33000707626343,
    50.82067251205444,
    53.625643253326416,
    54.98315095901489,
    54.627418518066406,
    54.27577495574951,
    55.33888339996338,
    56.647324562072754,
    55.47381639480591,
    56.54919147491455,
    56.65959119796753,
    56.83541297912598,
    56.491947174072266,
    55.8254599571228,
    56.761813163757324,
    56.925368309020996,
    56.55328035354614,
    53.053200244903564,
    52.394890785217285,
    52.8855562210083,
    53.04093360900879,
    53.26991081237793,
    53.9813756942749
  ],
  "timestamps": [
    0.007998228073120117,
    0.03619384765625,
    0.06434416770935059,
    0.0924685001373291,
    0.12058830261230469,
    0.14862847328186035,
    0.1766643524169922,
    0.20472264289855957,
    0.23287057876586914,
    0.26109957695007324,
    0.28920936584472656,
    0.31736159324645996,
    0.3453962802886963,
    0.3734886646270752,
    0.4015333652496338,
    0.4296271800994873,
    0.45814085006713867,
    0.48693203926086426,
    0.5175418853759766,
    0.5462667942047119,
    0.5745742321014404,
    0.6029164791107178,
    0.6312313079833984,
    0.659477710723877,
    0.6877772808074951,
    0.7160651683807373,
    0.7443928718566895,
    0.7727217674255371,
    0.801048994064331,
    0.8294498920440674,
    0.8578548431396484,
    0.8862597942352295,
    0.9147615432739258,
    0.9432904720306396,
    0.9717354774475098,
    1.000225305557251,
    1.0287086963653564,
    1.0572681427001953,
    1.085829734802246,
    1.1144115924835205,
    1.1429705619812012,
    1.1715545654296875,
    1.200249433517456,
    1.2289845943450928,
    1.257936954498291,
    1.2867131233215332,
    1.315584659576416,
    1.3443622589111328,
    1.3731985092163086,
    1.4021036624908447,
    1.430983066558838,
    1.4599804878234863,
    1.489199161529541,
    1.5181827545166016,
    1.5472617149353027,
    1.5763444900512695,
    1.605438470840454,
    1.6345703601837158,
    1.6636650562286377,
    1.6928939819335938,
    1.7220783233642578,
    1.75128173828125,
    1.7805063724517822,
    1.8097751140594482,
    1.839022159576416,
    1.8682878017425537,
    1.8975963592529297,
    1.926877737045288,
    1.9561536312103271,
    1.9854815006256104,
    2.0148603916168213,
    2.0442633628845215,
    2.0736937522888184,
    2.1031835079193115,
    2.132657289505005,
    2.16217303276062,
    2.1917812824249268,
    2.22137451171875,
    2.2511184215545654,
    2.2807953357696533,
    2.3104636669158936,
    2.3401575088500977,
    2.3698198795318604,
    2.399507522583008,
    2.429211139678955,
    2.4588818550109863,
    2.4885573387145996,
    2.518303155899048,
    2.5480422973632812,
    2.577876091003418,
    2.6076979637145996,
    2.63759708404541,
    2.667325258255005,
    2.6971709728240967,
    2.7270450592041016,
    2.7569198608398438,
    2.7868547439575195,
    2.816843032836914,
    2.8468515872955322,
    2.876901865005493,
    2.90693736076355,
    2.9369964599609375,
    2.9670605659484863,
    2.997105836868286,
    3.0271668434143066,
    3.0572879314422607,
    3.087407350540161,
    3.117563247680664,
    3.147674322128296,
    3.177799701690674,
    3.2080118656158447,
    3.2382402420043945,
    3.268656015396118,
    3.2989554405212402,
    3.329420804977417,
    3.3599438667297363,
    3.3910441398620605,
    3.4213969707489014,
    3.4517874717712402,
    3.482192039489746,
    3.512554168701172,
    3.5429913997650146,
    3.5734126567840576,
    3.603792667388916,
    3.634199380874634,
    3.6646273136138916,
    3.6950700283050537,
    3.7255477905273438,
    3.7560832500457764,
    3.786759853363037,
    3.8175041675567627,
    3.848233938217163,
    3.87893009185791,
    3.9097015857696533,
    3.940528392791748,
    3.9712936878204346,
    4.002129793167114,
    4.032971143722534,
    4.06382417678833,
    4.094661712646484,
    4.125460624694824,
    4.156317710876465,
    4.187170028686523,
    4.217994689941406,
    4.248633146286011,
    4.279297351837158,
    4.309946060180664,
    4.340592384338379,
    4.371252775192261,
    4.401948690414429
  ]
}