{
  "gesture_id": 2,
  "gesture_name": "pull",
  "timestamp": "2025-12-23T15:28:13.333804",
  "sample_rate": 50,
  "duration": 3.0,
  "distances": [
    6.930649280548096,
    8.210468292236328,
    7.220959663391113,
    8.161401748657227,
    6.897938251495361,
    9.253132343292236,
    7.208693027496338,
    7.883358001708984,
    8.517134189605713,
    8.913755416870117,
    8.194112777709961,
    8.251357078552246,
    10.271263122558594,
    9.55570936203003,
    9.911441802978516,
    10.28352975845337,
    10.635173320770264,
    10.974550247192383,
    12.319791316986084,
    12.687790393829346,
    12.663257122039795,
    14.36014175415039,
    14.376497268676758,
    15.075695514678955,
    16.08564853668213,
    16.106092929840088,
    16.06520414352417,
    16.347336769104004,
    16.707158088684082,
    18.015599250793457,
    17.394089698791504,
    16.67853593826294,
    19.311773777008057,
    18.350887298583984,
    19.916927814483643,
    49.778008460998535,
    20.579326152801514,
    20.947325229644775,
    20.289015769958496,
    19.324040412902832,
    19.655239582061768,
    22.513365745544434,
    20.59159278869629,
    20.91052532196045,
    21.24990224838257,
    21.544301509857178,
    21.859145164489746,
    23.106253147125244,
    22.227144241333008,
    23.41291904449463,
    24.610960483551025,
    24.57824945449829,
    25.743579864501953,
    24.819493293762207,
    5.924785137176514,
    25.183403491973877,
    28.92472743988037,
    27.207398414611816,
    26.59815549850464,
    26.912999153137207,
    26.34873390197754,
    26.610422134399414,
    29.480814933776855,
    27.48953104019165,
    27.800285816192627,
    29.231393337249756,
    27.7634859085083,
    28.94517183303833,
    29.190504550933838,
    29.53397035598755,
    30.543923377990723,
    52.05960273742676,
    51.85924768447876,
    51.732492446899414,
    31.594765186309814,
    32.62516260147095,
    31.76649808883667,
    31.85645341873169,
    33.418405055999756,
    33.189427852630615,
    33.414316177368164,
    33.168983459472656,
    33.40204954147339,
    33.65147113800049,
    34.735023975372314,
    35.00488996505737,
    35.22977828979492,
    36.74675226211548,
    34.984445571899414,
    37.18835115432739,
    35.81039905548096,
    35.24613380432129,
    35.49964427947998,
    35.76951026916504,
    36.0393762588501,
    36.27244234085083,
    36.534130573272705,
    49.97427463531494,
    42.107272148132324,
    43.1662917137146,
    42.561137676239014,
    43.1662917137146,
    38.15741539001465,
    37.192440032958984,
    37.4336838722229,
    38.58674764633179,
    37.68719434738159,
    37.89572715759277,
    38.08790445327759,
    38.333237171173096,
    40.222299098968506,
    39.968788623809814,
    40.20185470581055,
    39.98514413833618,
    39.73163366317749,
    40.65980911254883,
    40.471720695495605,
    40.173232555389404,
    40.44309854507446,
    42.28718280792236,
    42.03367233276367,
    41.812872886657715,
    41.61251783370972,
    41.87420606613159,
    43.836867809295654,
    43.94726753234863,
    44.180333614349365,
    44.37659978866577,
    49.957919120788574,
    43.767356872558594,
    43.6160683631897,
    43.403446674346924,
    43.59153509140015,
    43.82051229476929,
    44.00860071182251,
    44.22122240066528,
    44.000422954559326,
    44.59331035614014,
    45.202553272247314,
    43.996334075927734,
    44.22122240066528,
    44.82637643814087,
    44.973576068878174,
    45.19846439361572,
    45.39064168930054,
    46.65001630783081,
    46.020328998565674,
    45.83632946014404,
    46.64183855056763,
    46.4046835899353
  ],
  "timestamps": [
    0.007865190505981445,
    0.03603625297546387,
    0.06402921676635742,
    0.09212374687194824,
    0.12011075019836426,
    0.14820170402526855,
    0.1761922836303711,
    0.20420432090759277,
    0.23228716850280762,
    0.2603583335876465,
    0.2884061336517334,
    0.3164513111114502,
    0.344618558883667,
    0.3727245330810547,
    0.4008755683898926,
    0.4290475845336914,
    0.45723772048950195,
    0.48544740676879883,
    0.5137619972229004,
    0.542109489440918,
    0.5705101490020752,
    0.5990550518035889,
    0.6275196075439453,
    0.6559829711914062,
    0.6844885349273682,
    0.7130119800567627,
    0.7415308952331543,
    0.7700579166412354,
    0.7986001968383789,
    0.8272223472595215,
    0.8558013439178467,
    0.8843414783477783,
    0.9130127429962158,
    0.9416816234588623,
    0.9703893661499023,
    1.0008604526519775,
    1.029639720916748,
    1.0584542751312256,
    1.0872292518615723,
    1.1159298419952393,
    1.144728183746338,
    1.1735901832580566,
    1.2023377418518066,
    1.2311139106750488,
    1.2599263191223145,
    1.2887778282165527,
    1.3176219463348389,
    1.3465819358825684,
    1.375424861907959,
    1.4043331146240234,
    1.4333245754241943,
    1.4623262882232666,
    1.4913947582244873,
    1.5205605030059814,
    1.5505216121673584,
    1.5796973705291748,
    1.6090240478515625,
    1.6381797790527344,
    1.667283535003662,
    1.6963975429534912,
    1.7254810333251953,
    1.7545948028564453,
    1.7838597297668457,
    1.8130085468292236,
    1.8421909809112549,
    1.8714706897735596,
    1.9006547927856445,
    1.9299085140228271,
    1.959174394607544,
    1.9884462356567383,
    2.017793655395508,
    2.0483946800231934,
    2.078975200653076,
    2.109555959701538,
    2.138965606689453,
    2.1684134006500244,
    2.1978039741516113,
    2.227210760116577,
    2.2567100524902344,
    2.28619384765625,
    2.315690517425537,
    2.3451671600341797,
    2.3746631145477295,
    2.404172897338867,
    2.4337449073791504,
    2.463336706161499,
    2.492936134338379,
    2.5227537155151367,
    2.552522659301758,
    2.582388162612915,
    2.6121108531951904,
    2.6417932510375977,
    2.671480894088745,
    2.7011332511901855,
    2.730766534805298,
    2.7604546546936035,
    2.790114164352417,
    2.8205790519714355,
    2.8505611419677734,
    2.8806257247924805,
    2.9106321334838867,
    2.94069504737854,
    2.9704627990722656,
    3.000197172164917,
    3.029921293258667,
    3.0597426891326904,
    3.0895097255706787,
    3.119251012802124,
    3.149022340774536,
    3.1787848472595215,
    3.2086851596832275,
    3.2385637760162354,
    3.268453598022461,
    3.2983319759368896,
    3.3281948566436768,
    3.358109712600708,
    3.3880133628845215,
    3.417904853820801,
    3.447807788848877,
    3.477835178375244,
    3.5078492164611816,
    3.5378525257110596,
    3.567922353744507,
    3.5981380939483643,
    3.6283018589019775,
    3.658446788787842,
    3.6886003017425537,
    3.7187657356262207,
    3.7492575645446777,
    3.77938175201416,
    3.809520959854126,
    3.8396244049072266,
    3.8697314262390137,
    3.8998525142669678,
    3.929983615875244,
    3.9601337909698486,
    3.9902844429016113,
    4.020484685897827,
    4.05070161819458,
    4.080857753753662,
    4.1110100746154785,
    4.141213417053223,
    4.171402454376221,
    4.201603651046753,
    4.231817960739136,
    4.2621049880981445,
    4.29235315322876,
    4.322593450546265,
    4.352883815765381,
    4.383155107498169
  ]
}