{
  "gesture_id": 2,
  "gesture_name": "pull",
  "timestamp": "2025-12-24T13:21:57.146197",
  "sample_rate": 50,
  "duration": 3.0,
  "distances": [
    7.21278190612793,
    6.1701178550720215,
    5.27874231338501,
    5.221498012542725,
    5.282831192016602,
    5.229675769805908,
    5.3237199783325195,
    6.260073184967041,
    6.251895427703857,
    5.896162986755371,
    5.900251865386963,
    5.630385875701904,
    6.587183475494385,
    6.260073184967041,
    6.9551825523376465,
    7.53171443939209,
    8.218646049499512,
    7.879269123077393,
    8.553934097290039,
    9.931886196136475,
    10.929572582244873,
    11.755526065826416,
    10.618817806243896,
    10.937750339508057,
    19.949638843536377,
    22.86909818649292,
    23.11851978302002,
    16.77258014678955,
    12.303435802459717,
    12.691879272460938,
    11.661481857299805,
    12.025392055511475,
    12.360680103302002,
    12.708234786987305,
    13.366544246673584,
    12.671434879302979,
    13.33383321762085,
    14.057564735412598,
    14.728140830993652,
    13.693654537200928,
    14.01667594909668,
    14.409208297729492,
    14.764940738677979,
    16.081559658050537,
    16.102004051208496,
    16.118359565734863,
    16.11018180847168,
    17.377734184265137,
    18.698441982269287,
    18.99693012237549,
    19.332218170166016,
    18.334531784057617,
    19.651150703430176,
    18.70253086090088,
    19.925105571746826,
    20.289015769958496,
    20.64065933227539,
    20.971858501434326,
    22.509276866912842,
    21.904122829437256,
    23.429274559020996,
    22.877275943756104,
    23.171675205230713,
    22.198522090911865,
    22.807765007019043,
    23.12260866165161,
    24.91762638092041,
    23.433363437652588,
    24.312472343444824,
    28.957438468933105,
    25.457358360290527,
    26.356911659240723,
    26.64313316345215,
    26.925265789031982,
    27.17059850692749,
    28.37272882461548,
    29.51761484146118,
    28.405439853668213,
    28.94517183303833,
    28.65077257156372,
    29.272282123565674,
    29.56259250640869,
    29.24365997314453,
    28.94517183303833,
    29.247748851776123,
    29.521703720092773,
    29.758858680725098,
    30.090057849884033,
    29.49308156967163,
    30.302679538726807,
    30.294501781463623,
    31.647920608520508,
    31.647920608520508,
    32.38391876220703,
    33.22213888168335,
    32.645606994628906,
    33.438849449157715,
    33.692359924316406,
    34.485602378845215,
    34.7922682762146,
    35.77768802642822,
    36.09662055969238,
    36.32559776306152,
    36.534130573272705,
    36.783552169799805,
    37.445950508117676,
    37.70763874053955,
    38.852524757385254,
    39.96061086654663,
    40.68434238433838,
    41.34674072265625,
    41.150474548339844,
    38.34959268569946,
    38.149237632751465,
    38.33732604980469,
    38.6317253112793,
    38.32505941390991,
    39.056968688964844,
    38.84843587875366,
    39.539456367492676,
    40.19367694854736,
    39.285945892333984,
    39.972877502441406,
    40.68843126296997,
    41.82922840118408,
    40.91331958770752,
    41.56754016876221,
    44.204866886138916,
    43.58335733413696,
    44.03313398361206,
    43.96771192550659,
    43.38709115982056,
    44.21713352203369,
    44.01677846908569,
    46.0080623626709,
    46.613216400146484,
    47.21428155899048,
    47.62725830078125,
    48.027968406677246,
    46.00397348403931,
    46.24112844467163,
    46.41695022583008,
    46.62957191467285,
    47.226548194885254,
    47.83170223236084,
    48.42050075531006,
    49.05836582183838,
    48.870277404785156,
    49.04201030731201,
    48.890721797943115
  ],
  "timestamps": [
    0.007876396179199219,
    0.03617429733276367,
    0.0641477108001709,
    0.09214949607849121,
    0.1200554370880127,
    0.1479637622833252,
    0.17584848403930664,
    0.203782320022583,
    0.2317185401916504,
    0.25963592529296875,
    0.287553071975708,
    0.3154716491699219,
    0.3434467315673828,
    0.3713858127593994,
    0.39935851097106934,
    0.4273669719696045,
    0.4554145336151123,
    0.4834468364715576,
    0.5115313529968262,
    0.5396862030029297,
    0.5678954124450684,
    0.5961530208587646,
    0.6243443489074707,
    0.6525552272796631,
    0.6813075542449951,
    0.7102103233337402,
    0.7391147613525391,
    0.7676444053649902,
    0.7960019111633301,
    0.8245012760162354,
    0.8527727127075195,
    0.8810317516326904,
    0.909308671951294,
    0.9376199245452881,
    0.9659802913665771,
    0.9942927360534668,
    1.022639513015747,
    1.0510303974151611,
    1.0794603824615479,
    1.1078317165374756,
    1.1362197399139404,
    1.1646077632904053,
    1.1930391788482666,
    1.2215204238891602,
    1.2500393390655518,
    1.2785511016845703,
    1.3070762157440186,
    1.3356819152832031,
    1.3643443584442139,
    1.39302659034729,
    1.4217228889465332,
    1.4503507614135742,
    1.4790489673614502,
    1.5076878070831299,
    1.5364069938659668,
    1.5651676654815674,
    1.5939383506774902,
    1.6227312088012695,
    1.6516046524047852,
    1.6804358959197998,
    1.7093563079833984,
    1.738248348236084,
    1.767169713973999,
    1.7961676120758057,
    1.825312614440918,
    1.8542890548706055,
    1.883324384689331,
    1.9122514724731445,
    1.9413070678710938,
    1.970576286315918,
    1.9996347427368164,
    2.0287487506866455,
    2.0578715801239014,
    2.086989641189575,
    2.1161465644836426,
    2.145373582839966,
    2.174673318862915,
    2.20389986038208,
    2.233154058456421,
    2.2624001502990723,
    2.291679859161377,
    2.320974349975586,
    2.35025691986084,
    2.379513740539551,
    2.4087841510772705,
    2.438047409057617,
    2.4673445224761963,
    2.4966578483581543,
    2.52594256401062,
    2.5552737712860107,
    2.5846052169799805,
    2.6140148639678955,
    2.643425226211548,
    2.6728780269622803,
    2.7023794651031494,
    2.731843948364258,
    2.7613725662231445,
    2.790972948074341,
    2.8207366466522217,
    2.85036039352417,
    2.880013942718506,
    2.909674882888794,
    2.939347505569458,
    2.9690942764282227,
    2.998809337615967,
    3.028557300567627,
    3.0583431720733643,
    3.0881710052490234,
    3.1180686950683594,
    3.1480066776275635,
    3.178001880645752,
    3.2079665660858154,
    3.237795352935791,
    3.267564535140991,
    3.2973642349243164,
    3.3271687030792236,
    3.3569788932800293,
    3.386857748031616,
    3.4166576862335205,
    3.44650936126709,
    3.4764020442962646,
    3.5062406063079834,
    3.5361416339874268,
    3.5660579204559326,
    3.5960402488708496,
    3.6260054111480713,
    3.655975341796875,
    3.6861162185668945,
    3.7162137031555176,
    3.7463269233703613,
    3.7764341831207275,
    3.8065576553344727,
    3.8367557525634766,
    3.866912603378296,
    3.8972115516662598,
    3.9274885654449463,
    3.9577949047088623,
    3.9881322383880615,
    4.018474340438843,
    4.048699855804443,
    4.078938722610474,
    4.109208345413208,
    4.139470815658569,
    4.16976523399353,
    4.200096130371094,
    4.230479717254639,
    4.260882139205933,
    4.2912702560424805,
    4.321697950363159,
    4.352097749710083
  ]
}