{
  "gesture_id": 2,
  "gesture_name": "pull",
  "timestamp": "2025-12-23T15:23:06.846860",
  "sample_rate": 50,
  "duration": 3.0,
  "distances": [
    9.527087211608887,
    9.244954586029053,
    8.917844295501709,
    10.246729850769043,
    9.927797317504883,
    11.313927173614502,
    9.551620483398438,
    10.58201789855957,
    10.23855209350586,
    9.915530681610107,
    10.577929019927979,
    11.669659614562988,
    10.958194732666016,
    16.077470779418945,
    12.319791316986084,
    13.03943395614624,
    11.943614482879639,
    12.336146831512451,
    13.010811805725098,
    12.000858783721924,
    12.642812728881836,
    14.683163166046143,
    13.730454444885254,
    14.466452598571777,
    13.681387901306152,
    14.351963996887207,
    15.075695514678955,
    15.72582721710205,
    17.353200912475586,
    46.74406051635742,
    19.291329383850098,
    47.36148118972778,
    18.927419185638428,
    18.027865886688232,
    18.2936429977417,
    18.665730953216553,
    18.960130214691162,
    18.00333261489868,
    18.3427095413208,
    18.70661973953247,
    18.972396850585938,
    19.31995153427124,
    19.667506217956543,
    20.280838012695312,
    20.607948303222656,
    21.221280097961426,
    22.791409492492676,
    21.814167499542236,
    22.795498371124268,
    25.98482370376587,
    27.44455337524414,
    23.37203025817871,
    23.924028873443604,
    24.541449546813965,
    24.25522804260254,
    23.98127317428589,
    25.424647331237793,
    26.843488216400146,
    22.836387157440186,
    23.09807538986206,
    28.094685077667236,
    25.747668743133545,
    25.993001461029053,
    26.28331184387207,
    25.731313228607178,
    26.912999153137207,
    26.02980136871338,
    26.794421672821045,
    27.448642253875732,
    29.46445941925049,
    29.452192783355713,
    29.734325408935547,
    48.596322536468506,
    35.986220836639404,
    29.726147651672363,
    26.89664363861084,
    27.137887477874756,
    27.415931224822998,
    27.751219272613525,
    28.025174140930176,
    28.340017795562744,
    28.609883785247803,
    28.887927532196045,
    29.210948944091797,
    30.01236915588379,
    30.26587963104248,
    30.004191398620605,
    30.274057388305664,
    30.519390106201172,
    30.74018955230713,
    30.53983449935913,
    30.78925609588623,
    31.05912208557129,
    31.304454803466797,
    32.915472984313965,
    33.15262794494629,
    34.191203117370605,
    34.42835807800293,
    33.3979606628418,
    33.643293380737305,
    33.91315937042236,
    34.17484760284424,
    34.416091442108154,
    35.48328876495361,
    35.736799240112305,
    35.99439859390259,
    39.68665599822998,
    41.33038520812988,
    36.922574043273926,
    37.167906761169434,
    36.963462829589844,
    36.68133020401001,
    36.97981834411621,
    36.68950796127319,
    36.93075180053711,
    36.67724132537842,
    36.943018436431885,
    36.70995235443115,
    36.943018436431885,
    37.171995639801025,
    37.40915060043335,
    37.61768341064453,
    37.899816036224365,
    39.70710039138794,
    39.011991024017334,
    38.77074718475342,
    38.57448101043701,
    38.766658306121826,
    40.61483144760132,
    40.44309854507446,
    40.59438705444336,
    40.16505479812622,
    40.61483144760132,
    40.402209758758545,
    40.64345359802246,
    40.41856527328491,
    40.63936471939087,
    41.10140800476074,
    40.89287519454956,
    41.09731912612915,
    41.98869466781616,
    41.78425073623657,
    42.495715618133545,
    42.720603942871094,
    43.55882406234741,
    42.49980449676514,
    42.71242618560791,
    42.46300458908081,
    43.57109069824219,
    43.133580684661865
  ],
  "timestamps": [
    0.008013725280761719,
    0.036314964294433594,
    0.0646514892578125,
    0.0928795337677002,
    0.12104463577270508,
    0.14930319786071777,
    0.17743587493896484,
    0.20562458038330078,
    0.23379135131835938,
    0.2619466781616211,
    0.2901341915130615,
    0.3184075355529785,
    0.34659242630004883,
    0.37511277198791504,
    0.40338850021362305,
    0.431720495223999,
    0.4599895477294922,
    0.4882960319519043,
    0.5166218280792236,
    0.5448930263519287,
    0.5732071399688721,
    0.6016347408294678,
    0.6300044059753418,
    0.658419132232666,
    0.6867620944976807,
    0.7152111530303955,
    0.7436361312866211,
    0.7721009254455566,
    0.8006651401519775,
    0.830960750579834,
    0.8596487045288086,
    0.8899776935577393,
    0.9186422824859619,
    0.9472475051879883,
    0.975860595703125,
    1.0044918060302734,
    1.0333495140075684,
    1.0621607303619385,
    1.0908401012420654,
    1.1195015907287598,
    1.1481690406799316,
    1.176849126815796,
    1.2055456638336182,
    1.23429536819458,
    1.2630996704101562,
    1.2918851375579834,
    1.3207688331604004,
    1.3496553897857666,
    1.3785219192504883,
    1.4076004028320312,
    1.4367456436157227,
    1.4656751155853271,
    1.4946386814117432,
    1.5236709117889404,
    1.552647352218628,
    1.5815932750701904,
    1.6106276512145996,
    1.639815092086792,
    1.6687116622924805,
    1.6976234912872314,
    1.7268118858337402,
    1.7558610439300537,
    1.7849199771881104,
    1.814009428024292,
    1.8430752754211426,
    1.8722105026245117,
    1.9012892246246338,
    1.9304187297821045,
    1.9595832824707031,
    1.9888439178466797,
    2.018120527267456,
    2.04750919342041,
    2.077932834625244,
    2.1075921058654785,
    2.136854410171509,
    2.1659765243530273,
    2.195110321044922,
    2.224252700805664,
    2.253443956375122,
    2.2826433181762695,
    2.311880588531494,
    2.3411107063293457,
    2.3703579902648926,
    2.399653673171997,
    2.4289517402648926,
    2.4582669734954834,
    2.487560510635376,
    2.5168681144714355,
    2.5462167263031006,
    2.5756113529205322,
    2.6049351692199707,
    2.6342861652374268,
    2.6636457443237305,
    2.693000316619873,
    2.7224602699279785,
    2.751922369003296,
    2.781460762023926,
    2.8110127449035645,
    2.8404810428619385,
    2.8699874877929688,
    2.8995044231414795,
    2.929039478302002,
    2.9585914611816406,
    2.9881861209869385,
    3.0178205966949463,
    3.047584056854248,
    3.077491044998169,
    3.107485771179199,
    3.137202024459839,
    3.1669228076934814,
    3.1966028213500977,
    3.226289987564087,
    3.2560391426086426,
    3.2857391834259033,
    3.3154404163360596,
    3.3451321125030518,
    3.374849796295166,
    3.4045538902282715,
    3.4342570304870605,
    3.4639792442321777,
    3.4937081336975098,
    3.5234553813934326,
    3.5532240867614746,
    3.5830931663513184,
    3.6129872798919678,
    3.642819881439209,
    3.6727607250213623,
    3.7025864124298096,
    3.732586145401001,
    3.7625091075897217,
    3.7924935817718506,
    3.8224070072174072,
    3.8523900508880615,
    3.8822972774505615,
    3.9121997356414795,
    3.942106246948242,
    3.972022533416748,
    4.001967191696167,
    4.031985282897949,
    4.062115430831909,
    4.092146873474121,
    4.122143268585205,
    4.152166843414307,
    4.1822168827056885,
    4.212305784225464,
    4.242336750030518,
    4.272454023361206,
    4.302483797073364,
    4.332638740539551,
    4.362738370895386
  ]
}