{
  "gesture_id": 2,
  "gesture_name": "pull",
  "timestamp": "2025-12-24T13:20:37.341316",
  "sample_rate": 50,
  "duration": 3.0,
  "distances": [
    17.11195707321167,
    19.965994358062744,
    19.360840320587158,
    18.698441982269287,
    10.618817806243896,
    16.093826293945312,
    49.67169761657715,
    49.6471643447876,
    17.7457332611084,
    9.228599071502686,
    8.917844295501709,
    16.77258014678955,
    18.68617534637451,
    16.118359565734863,
    10.577929019927979,
    9.895086288452148,
    9.228599071502686,
    9.940063953399658,
    10.598373413085938,
    11.301660537719727,
    10.303974151611328,
    10.60246229171753,
    12.691879272460938,
    12.000858783721924,
    12.708234786987305,
    12.017214298248291,
    14.057564735412598,
    13.391077518463135,
    14.049386978149414,
    16.42911434173584,
    14.057564735412598,
    15.083873271942139,
    13.665032386779785,
    14.764940738677979,
    15.464138984680176,
    14.396941661834717,
    16.138803958892822,
    15.410983562469482,
    15.783071517944336,
    16.126537322998047,
    16.420936584472656,
    16.788935661315918,
    17.058801651000977,
    16.40458106994629,
    16.743957996368408,
    17.06289052963257,
    16.122448444366455,
    17.717111110687256,
    17.713022232055664,
    18.060576915740967,
    19.34448480606079,
    18.36724281311035,
    18.38359832763672,
    18.66164207458496,
    19.017374515533447,
    19.34448480606079,
    19.642972946166992,
    20.313549041748047,
    20.939147472381592,
    21.59745693206787,
    20.95550298690796,
    21.2335467338562,
    21.879589557647705,
    22.23532199859619,
    21.57292366027832,
    23.14305305480957,
    22.586965560913086,
    26.655399799346924,
    22.546076774597168,
    23.703229427337646,
    23.969006538391113,
    23.400652408599854,
    25.21611452102661,
    24.54962730407715,
    25.80082416534424,
    25.768113136291504,
    28.679394721984863,
    26.087045669555664,
    26.050245761871338,
    27.26055383682251,
    27.199220657348633,
    29.2600154876709,
    27.505886554718018,
    28.69166135787964,
    29.505348205566406,
    28.998327255249023,
    29.2600154876709,
    29.529881477355957,
    30.298590660095215,
    29.78339195251465,
    30.53983449935913,
    31.3535213470459,
    32.14676380157471,
    32.43298530578613,
    33.209872245788574,
    33.459293842315674,
    34.27298069000244,
    35.02124547958374,
    35.01715660095215,
    35.81448793411255,
    35.806310176849365,
    37.00026273727417,
    36.09253168106079,
    37.66266107559204,
    36.76719665527344,
    37.42959499359131,
    38.6317253112793,
    37.68310546875,
    37.96114921569824,
    39.11830186843872,
    37.72808313369751,
    37.92843818664551,
    38.59901428222656,
    39.809322357177734,
    38.38639259338379,
    39.106035232543945,
    39.085590839385986,
    41.878294944763184,
    40.03012180328369,
    41.14229679107666,
    41.82922840118408,
    41.383540630340576,
    41.64522886276245,
    42.75331497192383,
    42.32807159423828,
    43.02726984024048,
    43.42389106750488,
    43.2644248008728,
    43.607890605926514,
    44.83046531677246,
    44.25393342971802,
    45.88130712509155,
    45.26388645172119,
    45.05535364151001,
    46.71134948730469,
    46.43739461898804,
    47.08343744277954,
    47.62316942214966,
    47.44325876235962,
    48.023879528045654,
    47.78672456741333,
    47.60681390762329,
    47.44325876235962,
    48.637211322784424,
    47.6517915725708,
    48.8498330116272,
    49.21374320983887,
    49.23827648162842,
    49.643075466156006,
    49.320054054260254
  ],
  "timestamps": [
    0.008458614349365234,
    0.0372767448425293,
    0.06603813171386719,
    0.09476590156555176,
    0.12297677993774414,
    0.15147042274475098,
    0.18190288543701172,
    0.2123572826385498,
    0.24095821380615234,
    0.2690463066101074,
    0.29711318016052246,
    0.32564330101013184,
    0.35430431365966797,
    0.3828141689300537,
    0.4109952449798584,
    0.4391326904296875,
    0.4672422409057617,
    0.49538660049438477,
    0.5236129760742188,
    0.5518708229064941,
    0.5800619125366211,
    0.6101479530334473,
    0.639458417892456,
    0.6677865982055664,
    0.6961078643798828,
    0.724360466003418,
    0.7528262138366699,
    0.7811791896820068,
    0.8095648288726807,
    0.8380875587463379,
    0.8664844036102295,
    0.8949289321899414,
    0.9233243465423584,
    0.9517431259155273,
    0.9801890850067139,
    1.0085771083831787,
    1.0371184349060059,
    1.0656118392944336,
    1.0941193103790283,
    1.122631311416626,
    1.1511592864990234,
    1.1797080039978027,
    1.2082703113555908,
    1.2367935180664062,
    1.2653253078460693,
    1.2938690185546875,
    1.3223576545715332,
    1.3509881496429443,
    1.379596471786499,
    1.4082167148590088,
    1.4369094371795654,
    1.4655463695526123,
    1.494208574295044,
    1.5228707790374756,
    1.5515475273132324,
    1.5802757740020752,
    1.610741376876831,
    1.6405181884765625,
    1.669532060623169,
    1.6984343528747559,
    1.7272710800170898,
    1.7560656070709229,
    1.784942865371704,
    1.8138279914855957,
    1.8426485061645508,
    1.8715589046478271,
    1.9004313945770264,
    1.9295532703399658,
    1.9584457874298096,
    1.98740816116333,
    2.0163755416870117,
    2.0453081130981445,
    2.074354410171509,
    2.1033682823181152,
    2.132448673248291,
    2.161522150039673,
    2.190788507461548,
    2.220095634460449,
    2.2491629123687744,
    2.2783195972442627,
    2.3074729442596436,
    2.336744546890259,
    2.365912914276123,
    2.3951473236083984,
    2.424454927444458,
    2.453686237335205,
    2.482959032058716,
    2.5122482776641846,
    2.5415985584259033,
    2.5709049701690674,
    2.6002585887908936,
    2.6297218799591064,
    2.659255027770996,
    2.68880033493042,
    2.718397617340088,
    2.7479305267333984,
    2.777492046356201,
    2.8071444034576416,
    2.836759567260742,
    2.866417407989502,
    2.8960788249969482,
    2.9258060455322266,
    2.955482244491577,
    2.9852445125579834,
    3.0149643421173096,
    3.0447187423706055,
    3.07454514503479,
    3.1043124198913574,
    3.134096384048462,
    3.163940191268921,
    3.193708658218384,
    3.223482847213745,
    3.2532994747161865,
    3.2831852436065674,
    3.312992572784424,
    3.3428406715393066,
    3.372688055038452,
    3.4026947021484375,
    3.4326059818267822,
    3.462568521499634,
    3.492574453353882,
    3.5225536823272705,
    3.552549123764038,
    3.5826122760772705,
    3.61271595954895,
    3.642948627471924,
    3.6730825901031494,
    3.7031803131103516,
    3.733309268951416,
    3.7634992599487305,
    3.7936530113220215,
    3.823892831802368,
    3.854114294052124,
    3.8843069076538086,
    3.9145960807800293,
    3.9448676109313965,
    3.975180149078369,
    4.005522727966309,
    4.0358567237854,
    4.066242694854736,
    4.096604824066162,
    4.126948595046997,
    4.157278060913086,
    4.1876678466796875,
    4.217996597290039,
    4.248392820358276,
    4.278818845748901,
    4.309257507324219,
    4.339720964431763,
    4.3701863288879395
  ]
}