{
  "gesture_id": 2,
  "gesture_name": "pull",
  "timestamp": "2025-12-23T15:25:22.597978",
  "sample_rate": 50,
  "duration": 3.0,
  "distances": [
    8.8728666305542,
    8.537578582763672,
    9.915530681610107,
    9.600687026977539,
    9.253132343292236,
    10.267174243927002,
    9.890997409820557,
    9.923708438873291,
    10.9663724899292,
    10.622906684875488,
    10.565662384033203,
    10.254907608032227,
    11.30983829498291,
    10.60246229171753,
    24.537360668182373,
    12.327969074249268,
    16.122448444366455,
    50.33818483352661,
    17.06289052963257,
    16.081559658050537,
    16.731691360473633,
    16.052937507629395,
    15.398716926574707,
    16.036581993103027,
    15.415072441101074,
    14.372408390045166,
    15.100228786468506,
    15.762627124786377,
    16.08973741531372,
    16.077470779418945,
    16.437292098999023,
    16.711246967315674,
    17.08742380142212,
    16.40458106994629,
    16.735780239105225,
    16.11427068710327,
    17.676222324371338,
    17.034268379211426,
    18.645286560058594,
    49.40592050552368,
    23.106253147125244,
    21.262168884277344,
    20.579326152801514,
    50.61622858047485,
    51.67524814605713,
    20.898258686065674,
    20.268571376800537,
    19.63479518890381,
    20.309460163116455,
    20.56705951690674,
    19.610261917114258,
    19.941461086273193,
    21.577012538909912,
    21.850967407226562,
    21.241724491119385,
    21.859145164489746,
    22.18625545501709,
    22.791409492492676,
    22.16581106185913,
    22.811853885650635,
    25.993001461029053,
    23.695051670074463,
    26.855754852294922,
    24.50873851776123,
    23.973095417022705,
    25.138425827026367,
    25.387847423553467,
    28.62623929977417,
    25.43691396713257,
    25.80082416534424,
    25.976645946502686,
    29.23957109451294,
    28.63032817840576,
    28.041529655456543,
    28.335928916931152,
    28.63032817840576,
    27.141976356506348,
    27.452731132507324,
    27.78393030166626,
    27.751219272613525,
    28.380906581878662,
    27.767574787139893,
    28.03744077682495,
    29.227304458618164,
    29.497170448303223,
    29.746592044830322,
    30.020546913146973,
    30.249524116516113,
    30.588901042938232,
    30.24134635925293,
    30.531656742095947,
    30.805611610412598,
    31.594765186309814,
    31.844186782836914,
    32.08951950073242,
    32.35938549041748,
    33.17307233810425,
    33.42249393463135,
    32.88276195526123,
    33.164894580841064,
    33.941781520843506,
    36.0393762588501,
    36.02710962295532,
    35.54462194442749,
    35.76951026916504,
    36.02710962295532,
    36.280620098114014,
    36.08435392379761,
    36.24382019042969,
    36.509597301483154,
    36.72221899032593,
    37.396883964538574,
    38.1328821182251,
    36.714041233062744,
    37.45821714401245,
    38.11652660369873,
    39.30639028549194,
    38.353681564331055,
    38.582658767700195,
    40.66389799118042,
    43.57517957687378,
    40.41856527328491,
    41.11367464065552,
    40.18549919128418,
    40.91740846633911,
    41.587984561920166,
    40.222299098968506,
    40.43492078781128,
    40.69252014160156,
    40.88469743728638,
    42.74104833602905,
    42.97820329666138,
    43.203091621398926,
    44.03722286224365,
    43.383002281188965,
    43.19491386413574,
    42.99046993255615,
    43.19491386413574,
    42.95775890350342,
    43.19491386413574,
    42.9659366607666,
    43.21944713592529,
    43.39526891708374,
    43.963623046875,
    43.57517957687378,
    44.2130446434021,
    44.76504325866699,
    45.39064168930054,
    45.59917449951172,
    45.41926383972168
  ],
  "timestamps": [
    0.007975578308105469,
    0.036149024963378906,
    0.06432914733886719,
    0.09247326850891113,
    0.12058901786804199,
    0.14876556396484375,
    0.17692112922668457,
    0.2050774097442627,
    0.23328757286071777,
    0.261505126953125,
    0.2897522449493408,
    0.3180258274078369,
    0.34629201889038086,
    0.37447285652160645,
    0.40348124504089355,
    0.43175339698791504,
    0.46027278900146484,
    0.4907686710357666,
    0.5192992687225342,
    0.547788143157959,
    0.5763452053070068,
    0.6048898696899414,
    0.6334021091461182,
    0.6619129180908203,
    0.6903762817382812,
    0.7187469005584717,
    0.7471756935119629,
    0.7756507396697998,
    0.8041949272155762,
    0.8327085971832275,
    0.8612387180328369,
    0.8897790908813477,
    0.9183444976806641,
    0.9468462467193604,
    0.9753885269165039,
    1.0038812160491943,
    1.0324604511260986,
    1.0610010623931885,
    1.0896739959716797,
    1.1201248168945312,
    1.1490204334259033,
    1.1778326034545898,
    1.2065880298614502,
    1.2370734214782715,
    1.2676341533660889,
    1.2964434623718262,
    1.325275182723999,
    1.3539915084838867,
    1.3827383518218994,
    1.411499261856079,
    1.4401969909667969,
    1.468912124633789,
    1.4977326393127441,
    1.526585340499878,
    1.555394172668457,
    1.5842366218566895,
    1.6131417751312256,
    1.6420190334320068,
    1.6708550453186035,
    1.699774980545044,
    1.7288568019866943,
    1.7578115463256836,
    1.7869529724121094,
    1.8159561157226562,
    1.8449063301086426,
    1.8739194869995117,
    1.9029502868652344,
    1.9321811199188232,
    1.961212396621704,
    1.990264892578125,
    2.0193264484405518,
    2.0485942363739014,
    2.077810287475586,
    2.1070034503936768,
    2.13620662689209,
    2.1654226779937744,
    2.1945502758026123,
    2.223696708679199,
    2.2529103755950928,
    2.28236722946167,
    2.3117971420288086,
    2.341038703918457,
    2.3702261447906494,
    2.3995087146759033,
    2.4288177490234375,
    2.458103656768799,
    2.487436056137085,
    2.5167813301086426,
    2.5461392402648926,
    2.5754659175872803,
    2.604811668395996,
    2.6341593265533447,
    2.6636013984680176,
    2.6930344104766846,
    2.722487211227417,
    2.7519571781158447,
    2.781463384628296,
    2.8109710216522217,
    2.8404383659362793,
    2.8699183464050293,
    2.8994476795196533,
    2.929096221923828,
    2.9587440490722656,
    2.9883615970611572,
    3.0179970264434814,
    3.0476436614990234,
    3.0773062705993652,
    3.1069605350494385,
    3.136627435684204,
    3.16630482673645,
    3.195993185043335,
    3.2257230281829834,
    3.255491256713867,
    3.285224437713623,
    3.3151276111602783,
    3.344938278198242,
    3.3748092651367188,
    3.4046008586883545,
    3.4344046115875244,
    3.4643096923828125,
    3.4943974018096924,
    3.5242886543273926,
    3.554234743118286,
    3.584139585494995,
    3.6140787601470947,
    3.644052505493164,
    3.673922538757324,
    3.7038233280181885,
    3.7337300777435303,
    3.763676404953003,
    3.793735980987549,
    3.823800802230835,
    3.853849172592163,
    3.8839614391326904,
    3.914016008377075,
    3.9440786838531494,
    3.9741125106811523,
    4.004199266433716,
    4.034232139587402,
    4.064327001571655,
    4.094387769699097,
    4.124440670013428,
    4.154517650604248,
    4.184609889984131,
    4.214700222015381,
    4.244803190231323,
    4.274998426437378,
    4.305357933044434,
    4.335606098175049,
    4.3658287525177
  ]
}