{
  "gesture_id": 2,
  "gesture_name": "pull",
  "timestamp": "2025-12-23T15:24:42.387248",
  "sample_rate": 50,
  "duration": 3.0,
  "distances": [
    5.904340744018555,
    6.861138343811035,
    6.603538990020752,
    6.570827960968018,
    6.255984306335449,
    5.892074108123779,
    7.871091365814209,
    7.2373151779174805,
    6.906116008758545,
    8.53348970413208,
    9.58024263381958,
    8.496689796447754,
    9.187710285186768,
    9.572064876556396,
    9.903264045715332,
    10.258996486663818,
    10.598373413085938,
    47.185659408569336,
    47.3533034324646,
    24.52918291091919,
    12.295258045196533,
    13.002634048461914,
    11.972236633300781,
    12.67552375793457,
    12.004947662353516,
    12.638723850250244,
    13.301122188568115,
    13.726365566253662,
    14.36014175415039,
    13.673210144042969,
    14.004409313201904,
    16.057026386260986,
    15.051162242889404,
    15.754449367523193,
    16.106092929840088,
    16.739869117736816,
    17.034268379211426,
    16.400492191314697,
    16.711246967315674,
    16.04475975036621,
    16.72760248184204,
    17.005646228790283,
    17.377734184265137,
    18.011510372161865,
    17.06697940826416,
    19.929194450378418,
    19.303596019744873,
    20.894169807434082,
    20.30128240585327,
    20.632481575012207,
    22.214877605438232,
    20.244038105010986,
    19.626617431640625,
    21.2335467338562,
    21.785545349121094,
    21.221280097961426,
    21.879589557647705,
    22.472476959228516,
    23.085808753967285,
    45.37837505340576,
    23.0776309967041,
    22.517454624176025,
    25.723135471343994,
    23.400652408599854,
    36.02302074432373,
    23.380208015441895,
    25.71495771408081,
    23.39247465133667,
    23.98127317428589,
    24.410605430603027,
    26.87211036682129,
    51.1396050453186,
    24.287939071655273,
    24.839937686920166,
    26.287400722503662,
    26.912999153137207,
    27.481353282928467,
    27.162420749664307,
    26.9170880317688,
    25.73949098587036,
    25.41646957397461,
    25.993001461029053,
    26.60224437713623,
    26.32420063018799,
    26.912999153137207,
    26.618599891662598,
    27.244198322296143,
    26.937532424926758,
    29.223215579986572,
    29.49308156967163,
    30.01645803451538,
    28.029263019561768,
    27.80437469482422,
    28.389084339141846,
    29.48899269104004,
    28.344106674194336,
    28.070151805877686,
    28.654861450195312,
    29.202771186828613,
    29.51352596282959,
    29.983747005462646,
    29.227304458618164,
    28.96970510482788,
    29.439926147460938,
    30.024635791778564,
    29.746592044830322,
    30.269968509674072,
    30.03690242767334,
    30.568456649780273,
    30.269968509674072,
    30.846500396728516,
    30.543923377990723,
    30.274057388305664,
    32.122230529785156,
    31.86054229736328,
    36.25199794769287,
    38.169682025909424,
    37.43777275085449,
    39.776611328125,
    39.056968688964844,
    37.875282764434814,
    36.26835346221924,
    36.02710962295532,
    32.8991174697876,
    33.164894580841064,
    33.414316177368164,
    34.964001178741455,
    36.01893186569214,
    36.30106449127197,
    36.49733066558838,
    35.556888580322266,
    35.262489318847656,
    35.5405330657959,
    35.81857681274414,
    35.487377643585205,
    35.781776905059814,
    35.511910915374756,
    35.806310176849365,
    36.02710962295532,
    36.284708976745605,
    36.06390953063965,
    36.239731311798096,
    36.513686180114746,
    36.26835346221924,
    36.49733066558838,
    36.7344856262207,
    36.50141954421997,
    36.305153369903564,
    36.52186393737793,
    38.374125957489014
  ],
  "timestamps": [
    0.007805347442626953,
    0.035866498947143555,
    0.06385922431945801,
    0.09191489219665527,
    0.11987471580505371,
    0.1477985382080078,
    0.17583227157592773,
    0.20382905006408691,
    0.23180818557739258,
    0.25988078117370605,
    0.2880079746246338,
    0.3160738945007324,
    0.3441770076751709,
    0.37230348587036133,
    0.4004490375518799,
    0.4286198616027832,
    0.456876277923584,
    0.48729491233825684,
    0.5177249908447266,
    0.5467376708984375,
    0.5750343799591064,
    0.6033687591552734,
    0.6316461563110352,
    0.6599695682525635,
    0.6882452964782715,
    0.7165565490722656,
    0.7449157238006592,
    0.773284912109375,
    0.801689624786377,
    0.8300561904907227,
    0.8584580421447754,
    0.8869664669036865,
    0.9154181480407715,
    0.9439077377319336,
    0.9724223613739014,
    1.0009846687316895,
    1.0295488834381104,
    1.0580778121948242,
    1.086620569229126,
    1.1151251792907715,
    1.1436705589294434,
    1.1722311973571777,
    1.2008121013641357,
    1.2294402122497559,
    1.2579948902130127,
    1.286708116531372,
    1.3153815269470215,
    1.3441565036773682,
    1.372908115386963,
    1.4016797542572021,
    1.4305391311645508,
    1.4593422412872314,
    1.4882173538208008,
    1.5170552730560303,
    1.5459833145141602,
    1.5748646259307861,
    1.6037216186523438,
    1.6326053142547607,
    1.6615307331085205,
    1.6917271614074707,
    1.7206182479858398,
    1.7495043277740479,
    1.778552770614624,
    1.8074629306793213,
    1.8371262550354004,
    1.8660478591918945,
    1.895115852355957,
    1.9240505695343018,
    1.953016996383667,
    1.982133388519287,
    2.011263608932495,
    2.0417990684509277,
    2.070770025253296,
    2.099790096282959,
    2.1288905143737793,
    2.1580300331115723,
    2.1871907711029053,
    2.2163238525390625,
    2.245441198348999,
    2.2745001316070557,
    2.30354905128479,
    2.3326356410980225,
    2.361809253692627,
    2.3909847736358643,
    2.42012357711792,
    2.449246406555176,
    2.4784414768218994,
    2.507690191268921,
    2.5370121002197266,
    2.566338062286377,
    2.5957276821136475,
    2.6249289512634277,
    2.6540989875793457,
    2.6833200454711914,
    2.7126264572143555,
    2.741884708404541,
    2.7711026668548584,
    2.8003854751586914,
    2.8296406269073486,
    2.8589048385620117,
    2.888248920440674,
    2.917531967163086,
    2.9467885494232178,
    2.9760732650756836,
    3.0053913593292236,
    3.034675359725952,
    3.0639896392822266,
    3.0933268070220947,
    3.122699022293091,
    3.1520397663116455,
    3.1814076900482178,
    3.2107436656951904,
    3.2400565147399902,
    3.2694809436798096,
    3.298931837081909,
    3.328613519668579,
    3.358427047729492,
    3.388176679611206,
    3.4180526733398438,
    3.44787335395813,
    3.4776759147644043,
    3.507417917251587,
    3.537170171737671,
    3.566742181777954,
    3.596240758895874,
    3.6257429122924805,
    3.6553308963775635,
    3.684980869293213,
    3.714672803878784,
    3.744354009628296,
    3.773975133895874,
    3.803576946258545,
    3.83319354057312,
    3.862825870513916,
    3.892439365386963,
    3.922088384628296,
    3.9517035484313965,
    3.9813358783721924,
    4.0109827518463135,
    4.04064679145813,
    4.07032036781311,
    4.099979639053345,
    4.129671573638916,
    4.1593334674835205,
    4.189007997512817,
    4.21869421005249,
    4.248370885848999,
    4.27803373336792,
    4.3077123165130615,
    4.337513208389282
  ]
}