{
  "gesture_id": 2,
  "gesture_name": "pull",
  "timestamp": "2025-12-23T15:27:39.557249",
  "sample_rate": 50,
  "duration": 3.0,
  "distances": [
    14.401030540466309,
    17.06289052963257,
    17.005646228790283,
    17.04244613647461,
    17.030179500579834,
    17.071068286895752,
    14.069831371307373,
    13.685476779937744,
    16.06520414352417,
    14.396941661834717,
    13.714098930358887,
    14.388763904571533,
    13.350188732147217,
    14.028942584991455,
    14.368319511413574,
    14.736318588256836,
    15.055251121520996,
    15.034806728363037,
    16.412758827209473,
    16.11427068710327,
    17.054712772369385,
    17.054712772369385,
    17.99924373626709,
    18.972396850585938,
    18.63301992416382,
    19.606173038482666,
    23.085808753967285,
    47.9993462562561,
    48.26103448867798,
    47.63134717941284,
    22.214877605438232,
    23.39656352996826,
    22.48474359512329,
    24.561893939971924,
    23.70731830596924,
    24.582338333129883,
    25.44100284576416,
    26.320111751556396,
    26.316022872924805,
    26.356911659240723,
    25.449180603027344,
    26.32420063018799,
    27.186954021453857,
    27.481353282928467,
    26.59815549850464,
    28.393173217773438,
    27.800285816192627,
    28.638505935668945,
    28.429973125457764,
    29.779303073883057,
    29.21912670135498,
    30.004191398620605,
    30.805611610412598,
    32.11405277252197,
    31.594765186309814,
    31.60703182220459,
    32.38391876220703,
    31.827831268310547,
    32.67422914505005,
    32.10996389389038,
    32.86640644073486,
    32.86231756210327,
    33.692359924316406,
    33.67600440979004,
    34.461069107055664,
    35.28702259063721,
    35.25022268295288,
    36.02710962295532,
    36.07208728790283,
    36.01484298706055,
    36.738574504852295,
    36.70177459716797,
    37.41732835769653,
    39.036524295806885,
    56.52056932449341,
    43.99224519729614,
    40.89696407318115,
    39.972877502441406,
    40.242743492126465,
    41.338562965393066,
    40.901052951812744,
    42.05002784729004,
    42.28718280792236,
    56.79861307144165,
    56.76999092102051,
    56.00128173828125,
    42.066383361816406,
    42.336249351501465,
    42.30353832244873,
    42.520248889923096,
    44.2130446434021,
    49.42636489868164,
    46.592772006988525,
    46.42103910446167,
    45.815885066986084,
    46.388328075408936,
    46.60094976425171,
    46.842193603515625,
    49.2464542388916,
    45.6073522567749,
    45.39064168930054,
    48.187434673309326,
    48.42867851257324,
    48.277390003204346,
    47.619080543518066,
    47.42690324783325,
    47.19792604446411,
    47.42281436920166,
    48.01161289215088,
    46.80130481719971,
    46.62548303604126,
    46.80948257446289,
    47.0057487487793,
    47.24290370941162,
    47.459614276885986,
    47.6517915725708,
    47.8030800819397,
    48.027968406677246,
    48.22423458099365,
    49.42636489868164,
    49.663519859313965,
    49.05836582183838,
    49.81480836868286,
    49.643075466156006,
    49.46725368499756,
    49.638986587524414,
    49.77391958236694,
    49.9947190284729,
    50.66120624542236,
    50.526273250579834,
    51.18049383163452,
    51.4912486076355,
    51.70387029647827,
    52.35400199890137,
    52.051424980163574,
    52.73017883300781,
    52.57071256637573,
    53.26991081237793,
    53.59293222427368,
    53.44573259353638,
    54.10813093185425,
    55.29799461364746,
    55.281639099121094,
    56.173014640808105,
    56.00128173828125,
    55.490171909332275,
    55.68643808364868,
    55.8254599571228,
    55.13443946838379,
    55.31435012817383
  ],
  "timestamps": [
    0.008295297622680664,
    0.03695392608642578,
    0.06556057929992676,
    0.09423661231994629,
    0.12283706665039062,
    0.15140891075134277,
    0.17980480194091797,
    0.20816731452941895,
    0.23666000366210938,
    0.26505279541015625,
    0.29340338706970215,
    0.32195425033569336,
    0.35033154487609863,
    0.37873363494873047,
    0.40723633766174316,
    0.43576526641845703,
    0.46428537368774414,
    0.492816686630249,
    0.5213501453399658,
    0.5498502254486084,
    0.5784263610839844,
    0.6069748401641846,
    0.6355786323547363,
    0.6642358303070068,
    0.6928749084472656,
    0.7216403484344482,
    0.7505631446838379,
    0.7809407711029053,
    0.8113512992858887,
    0.8416907787322998,
    0.8705637454986572,
    0.89945387840271,
    0.9283199310302734,
    0.9573245048522949,
    0.986262321472168,
    1.0152478218078613,
    1.0442724227905273,
    1.0733964443206787,
    1.1025059223175049,
    1.131591796875,
    1.1606383323669434,
    1.1897265911102295,
    1.218862771987915,
    1.2480027675628662,
    1.2771294116973877,
    1.306386947631836,
    1.3355743885040283,
    1.3648064136505127,
    1.3940577507019043,
    1.4234323501586914,
    1.4527661800384521,
    1.4820914268493652,
    1.511427402496338,
    1.5408422946929932,
    1.5702416896820068,
    1.599639892578125,
    1.6290791034698486,
    1.658506155014038,
    1.6879887580871582,
    1.7174339294433594,
    1.7469253540039062,
    1.7764532566070557,
    1.8059723377227783,
    1.835495948791504,
    1.8650693893432617,
    1.8947062492370605,
    1.9243438243865967,
    1.9540205001831055,
    1.983705759048462,
    2.0133862495422363,
    2.0430853366851807,
    2.072779417037964,
    2.102511405944824,
    2.132338285446167,
    2.1631815433502197,
    2.19329833984375,
    2.223236322402954,
    2.253115653991699,
    2.283008337020874,
    2.312957525253296,
    2.342900037765503,
    2.3729031085968018,
    2.4030086994171143,
    2.434041976928711,
    2.464958667755127,
    2.4958176612854004,
    2.525825023651123,
    2.555861711502075,
    2.58587908744812,
    2.615903854370117,
    2.6460328102111816,
    2.6764774322509766,
    2.7067408561706543,
    2.7369933128356934,
    2.7672088146209717,
    2.797459363937378,
    2.8277337551116943,
    2.858016014099121,
    2.8884358406066895,
    2.9186487197875977,
    2.9488532543182373,
    2.979215621948242,
    3.009589195251465,
    3.0399527549743652,
    3.070279121398926,
    3.1006035804748535,
    3.1308786869049072,
    3.16119384765625,
    3.1915628910064697,
    3.2218408584594727,
    3.252122640609741,
    3.2824018001556396,
    3.3127002716064453,
    3.3430075645446777,
    3.3733227252960205,
    3.403719902038574,
    3.434225559234619,
    3.4646077156066895,
    3.494934320449829,
    3.525367021560669,
    3.5558106899261475,
    3.586216449737549,
    3.6166672706604004,
    3.647106647491455,
    3.6775357723236084,
    3.707995653152466,
    3.738447427749634,
    3.768906831741333,
    3.799414873123169,
    3.829918384552002,
    3.860485315322876,
    3.891068696975708,
    3.921670436859131,
    3.9523024559020996,
    3.982909917831421,
    4.0135498046875,
    4.044186115264893,
    4.074861288070679,
    4.105557203292847,
    4.136242151260376,
    4.166962385177612,
    4.197753429412842,
    4.228567838668823,
    4.2594122886657715,
    4.290245771408081,
    4.3210508823394775,
    4.351921081542969,
    4.382732629776001,
    4.413565397262573,
    4.444436550140381
  ]
}