{
  "gesture_id": 2,
  "gesture_name": "pull",
  "timestamp": "2025-12-23T15:31:44.838362",
  "sample_rate": 50,
  "duration": 3.0,
  "distances": [
    11.96814775466919,
    10.561573505401611,
    10.62699556350708,
    11.58379316329956,
    11.624681949615479,
    11.289393901824951,
    10.60246229171753,
    10.299885272979736,
    12.65099048614502,
    11.62877082824707,
    12.315702438354492,
    12.655079364776611,
    13.018989562988281,
    13.010811805725098,
    13.018989562988281,
    14.401030540466309,
    14.368319511413574,
    14.053475856781006,
    15.402805805206299,
    15.4518723487854,
    16.425025463104248,
    16.11018180847168,
    17.103779315948486,
    16.748046875,
    17.68440008163452,
    19.655239582061768,
    18.330442905426025,
    19.31586265563965,
    20.293104648590088,
    20.293104648590088,
    21.270346641540527,
    21.560657024383545,
    21.830523014068604,
    23.13896417617798,
    22.182166576385498,
    22.533810138702393,
    24.57824945449829,
    24.565982818603516,
    25.41646957397461,
    28.936994075775146,
    26.884377002716064,
    25.75584650039673,
    28.319573402404785,
    27.231931686401367,
    30.274057388305664,
    30.78925609588623,
    57.06847906112671,
    29.51761484146118,
    29.983747005462646,
    30.556190013885498,
    31.067299842834473,
    31.590676307678223,
    36.05164289474487,
    37.441861629486084,
    34.46924686431885,
    35.58551073074341,
    35.79404354095459,
    35.806310176849365,
    35.761332511901855,
    36.44826412200928,
    36.444175243377686,
    37.167906761169434,
    38.30052614212036,
    37.38870620727539,
    38.558125495910645,
    38.104259967803955,
    38.811635971069336,
    38.31688165664673,
    39.968788623809814,
    39.49856758117676,
    39.46585655212402,
    40.61074256896973,
    42.75331497192383,
    41.80060625076294,
    40.860164165496826,
    42.51207113265991,
    42.05411672592163,
    43.14584732055664,
    42.27900505065918,
    41.812872886657715,
    42.98638105392456,
    42.00913906097412,
    43.77962350845337,
    44.57695484161377,
    43.178558349609375,
    43.53837966918945,
    44.37659978866577,
    45.59917449951172,
    44.59331035614014,
    46.17161750793457,
    45.60326337814331,
    45.362019538879395,
    46.588683128356934,
    46.412861347198486,
    47.978901863098145,
    46.99348211288452,
    46.39241695404053,
    46.44966125488281,
    47.19792604446411,
    47.594547271728516,
    48.42458963394165,
    47.37374782562256,
    49.001121520996094,
    48.80485534667969,
    48.592233657836914,
    48.80485534667969,
    49.001121520996094,
    49.22192096710205,
    49.74938631057739,
    50.44858455657959,
    50.26867389678955,
    50.98831653594971,
    51.66298151016235,
    52.84466743469238,
    55.285727977752686,
    51.49942636489868,
    51.65889263153076,
    51.4912486076355,
    52.16182470321655,
    52.869200706481934,
    52.987778186798096,
    53.212666511535645,
    52.92644500732422,
    52.893733978271484,
    52.938711643218994,
    52.54617929458618,
    53.077733516693115,
    53.24537754058838,
    53.43755483627319,
    53.97728681564331,
    53.60519886016846,
    53.392577171325684,
    54.099953174591064,
    54.80324029922485,
    54.97497320175171,
    56.009459495544434,
    56.128036975860596,
    56.77816867828369,
    56.148481369018555,
    55.47381639480591,
    55.65372705459595,
    55.81728219985962,
    55.809104442596436,
    56.34474754333496,
    56.491947174072266,
    56.52056932449341,
    56.68412446975708,
    56.357014179229736,
    56.487858295440674,
    56.13621473312378
  ],
  "timestamps": [
    0.0081634521484375,
    0.03644108772277832,
    0.06474566459655762,
    0.09304022789001465,
    0.121337890625,
    0.14975786209106445,
    0.17799901962280273,
    0.2061924934387207,
    0.23451614379882812,
    0.26277971267700195,
    0.29108691215515137,
    0.3194267749786377,
    0.347759485244751,
    0.3760864734649658,
    0.4044179916381836,
    0.4328300952911377,
    0.46123695373535156,
    0.48961424827575684,
    0.5180618762969971,
    0.5465095043182373,
    0.5750679969787598,
    0.6035459041595459,
    0.6321151256561279,
    0.6606776714324951,
    0.6892914772033691,
    0.718008279800415,
    0.7466511726379395,
    0.7753498554229736,
    0.8040921688079834,
    0.8328225612640381,
    0.8616123199462891,
    0.8904275894165039,
    0.9192812442779541,
    0.9482285976409912,
    0.9771304130554199,
    1.0060312747955322,
    1.0350308418273926,
    1.064016342163086,
    1.0931003093719482,
    1.1224257946014404,
    1.1517338752746582,
    1.1808788776397705,
    1.2102057933807373,
    1.2393908500671387,
    1.2687439918518066,
    1.2981212139129639,
    1.3290247917175293,
    1.35831880569458,
    1.3876402378082275,
    1.416994571685791,
    1.4463777542114258,
    1.4757890701293945,
    1.5054633617401123,
    1.53521728515625,
    1.5647964477539062,
    1.5944468975067139,
    1.624112844467163,
    1.6537830829620361,
    1.6834397315979004,
    1.713134765625,
    1.7428276538848877,
    1.7725598812103271,
    1.8023781776428223,
    1.8321235179901123,
    1.8619368076324463,
    1.8917293548583984,
    1.9215583801269531,
    1.951385736465454,
    1.9812846183776855,
    2.0111899375915527,
    2.04106068611145,
    2.070995330810547,
    2.1010513305664062,
    2.1311066150665283,
    2.161142349243164,
    2.191223382949829,
    2.221280336380005,
    2.251375198364258,
    2.2814135551452637,
    2.3114235401153564,
    2.3415164947509766,
    2.371534585952759,
    2.4016501903533936,
    2.4318134784698486,
    2.461894989013672,
    2.4919986724853516,
    2.522167444229126,
    2.552400588989258,
    2.582566976547241,
    2.612826108932495,
    2.6430654525756836,
    2.6732521057128906,
    2.703542947769165,
    2.733834743499756,
    2.764200210571289,
    2.7945053577423096,
    2.8247764110565186,
    2.855069637298584,
    2.885385274887085,
    2.9157283306121826,
    2.9461188316345215,
    2.9764466285705566,
    3.006873607635498,
    3.037313461303711,
    3.0677177906036377,
    3.09812593460083,
    3.1286113262176514,
    3.1591176986694336,
    3.189588785171509,
    3.2200896739959717,
    3.250563621520996,
    3.2810893058776855,
    3.311647415161133,
    3.342299699783325,
    3.373070478439331,
    3.4036192893981934,
    3.4341752529144287,
    3.464721918106079,
    3.4953081607818604,
    3.5259318351745605,
    3.556584596633911,
    3.587231159210205,
    3.617861747741699,
    3.6485044956207275,
    3.6791136264801025,
    3.7097296714782715,
    3.7403531074523926,
    3.770998239517212,
    3.801671266555786,
    3.8323569297790527,
    3.8630497455596924,
    3.89371395111084,
    3.924394130706787,
    3.95513653755188,
    3.9858860969543457,
    4.0166943073272705,
    4.047518014907837,
    4.078394412994385,
    4.109195709228516,
    4.139999866485596,
    4.170874834060669,
    4.20169997215271,
    4.232475996017456,
    4.263299465179443,
    4.294139862060547,
    4.324965476989746,
    4.355819940567017,
    4.386669397354126,
    4.417513608932495,
    4.448317289352417
  ]
}