{
  "gesture_id": 2,
  "gesture_name": "pull",
  "timestamp": "2025-12-24T13:19:56.174327",
  "sample_rate": 50,
  "duration": 3.0,
  "distances": [
    9.94415283203125,
    8.545756340026855,
    9.257221221923828,
    8.210468292236328,
    7.539892196655273,
    7.879269123077393,
    8.210468292236328,
    9.87464189529419,
    8.21455717086792,
    9.240865707397461,
    8.521223068237305,
    10.618817806243896,
    10.958194732666016,
    12.704145908355713,
    12.671434879302979,
    13.051700592041016,
    13.362455368041992,
    10.647439956665039,
    14.08618688583374,
    14.372408390045166,
    13.027167320251465,
    13.350188732147217,
    12.348413467407227,
    13.03943395614624,
    13.730454444885254,
    12.667346000671387,
    14.396941661834717,
    15.079784393310547,
    14.045298099517822,
    14.392852783203125,
    15.104317665100098,
    15.72582721710205,
    14.732229709625244,
    15.431427955627441,
    15.774893760681152,
    16.081559658050537,
    16.420936584472656,
    17.038357257843018,
    16.122448444366455,
    16.752135753631592,
    17.04244613647461,
    17.36137866973877,
    18.056488037109375,
    18.70253086090088,
    17.02200174331665,
    18.99693012237549,
    18.669819831848145,
    18.015599250793457,
    19.65932846069336,
    19.005107879638672,
    19.307684898376465,
    20.587503910064697,
    20.652925968170166,
    20.918703079223633,
    21.282613277435303,
    22.546076774597168,
    23.408830165863037,
    22.86909818649292,
    23.179852962493896,
    23.39247465133667,
    24.61913824081421,
    27.82890796661377,
    28.10286283493042,
    29.251837730407715,
    25.73949098587036,
    26.594066619873047,
    27.812552452087402,
    29.542148113250732,
    26.320111751556396,
    29.23957109451294,
    26.062512397766113,
    26.369178295135498,
    27.526330947875977,
    26.35282278060913,
    26.908910274505615,
    27.563130855560303,
    28.10286283493042,
    30.045080184936523,
    29.799747467041016,
    29.521703720092773,
    28.380906581878662,
    29.509437084197998,
    28.32775115966797,
    29.529881477355957,
    29.795658588409424,
    29.53805923461914,
    30.282235145568848,
    29.746592044830322,
    30.0573468208313,
    30.314946174621582,
    31.116366386413574,
    31.872808933258057,
    32.13858604431152,
    31.619298458099365,
    31.88098669052124,
    32.63334035873413,
    33.459293842315674,
    32.93182849884033,
    33.71689319610596,
    35.03760099411011,
    35.27066707611084,
    36.07208728790283,
    35.532355308532715,
    35.781776905059814,
    36.08435392379761,
    36.77128553390503,
    37.49501705169678,
    37.70354986190796,
    38.3823037147522,
    38.59492540359497,
    37.20470666885376,
    37.00435161590576,
    38.84025812149048,
    39.09785747528076,
    37.70763874053955,
    39.07332420349121,
    39.31456804275513,
    37.920260429382324,
    39.79296684265137,
    38.36185932159424,
    39.83794450759888,
    39.576256275177,
    39.32274580001831,
    41.179096698760986,
    40.46354293823242,
    40.222299098968506,
    40.47989845275879,
    41.14638566970825,
    41.85376167297363,
    40.96238613128662,
    41.60434007644653,
    41.84967279434204,
    43.02318096160889,
    42.13998317718506,
    42.3689603805542,
    42.565226554870605,
    42.794203758239746,
    43.427979946136475,
    43.05998086929321,
    43.58335733413696,
    43.223536014556885,
    43.44024658203125,
    43.59971284866333,
    43.80415678024292,
    44.02495622634888,
    44.22122240066528,
    44.42157745361328,
    45.043087005615234,
    44.842731952667236,
    45.067620277404785
  ],
  "timestamps": [
    0.008003711700439453,
    0.03615069389343262,
    0.0643002986907959,
    0.09237265586853027,
    0.12039375305175781,
    0.14842581748962402,
    0.17647671699523926,
    0.20462965965270996,
    0.2326798439025879,
    0.2607905864715576,
    0.28887486457824707,
    0.3170619010925293,
    0.34526491165161133,
    0.37357568740844727,
    0.40187978744506836,
    0.4302034378051758,
    0.45855116844177246,
    0.4867391586303711,
    0.5151371955871582,
    0.5435400009155273,
    0.5718586444854736,
    0.6002035140991211,
    0.6284873485565186,
    0.6568112373352051,
    0.6851837635040283,
    0.7134957313537598,
    0.7418947219848633,
    0.770418643951416,
    0.7990477085113525,
    0.827488899230957,
    0.8559434413909912,
    0.8844282627105713,
    0.9128563404083252,
    0.94132399559021,
    0.969806432723999,
    0.9983077049255371,
    1.0268690586090088,
    1.0554184913635254,
    1.0839030742645264,
    1.1124320030212402,
    1.140998363494873,
    1.1695809364318848,
    1.1982076168060303,
    1.226863145828247,
    1.2554194927215576,
    1.284090280532837,
    1.3127427101135254,
    1.3414154052734375,
    1.3701112270355225,
    1.3987681865692139,
    1.4274613857269287,
    1.4562335014343262,
    1.485004186630249,
    1.513789176940918,
    1.5425817966461182,
    1.5714402198791504,
    1.6003515720367432,
    1.6292743682861328,
    1.6581754684448242,
    1.6871147155761719,
    1.7161202430725098,
    1.7452976703643799,
    1.7745842933654785,
    1.803924560546875,
    1.8330535888671875,
    1.8621876239776611,
    1.891380786895752,
    1.9206528663635254,
    1.9497509002685547,
    1.9790070056915283,
    2.0080528259277344,
    2.037134885787964,
    2.0662972927093506,
    2.09537935256958,
    2.1244943141937256,
    2.153656244277954,
    2.182871103286743,
    2.212203025817871,
    2.241506576538086,
    2.2707929611206055,
    2.299997568130493,
    2.32926607131958,
    2.3584821224212646,
    2.387748956680298,
    2.417026996612549,
    2.446441173553467,
    2.47580885887146,
    2.505110740661621,
    2.5344274044036865,
    2.5637669563293457,
    2.5931236743927,
    2.622525930404663,
    2.6519453525543213,
    2.6813385486602783,
    2.710752248764038,
    2.7402069568634033,
    2.769775867462158,
    2.799459934234619,
    2.8290133476257324,
    2.85866641998291,
    2.888282060623169,
    2.917943000793457,
    2.9475624561309814,
    2.9771933555603027,
    3.0068418979644775,
    3.036527633666992,
    3.0662550926208496,
    3.095996618270874,
    3.125783681869507,
    3.1555776596069336,
    3.1852922439575195,
    3.2149977684020996,
    3.2448067665100098,
    3.274627923965454,
    3.3043715953826904,
    3.3341915607452393,
    3.364025354385376,
    3.3937790393829346,
    3.423640727996826,
    3.4534201622009277,
    3.4832839965820312,
    3.513134002685547,
    3.542970657348633,
    3.572909355163574,
    3.6028144359588623,
    3.6327009201049805,
    3.6626038551330566,
    3.6925711631774902,
    3.7225677967071533,
    3.75252366065979,
    3.782618761062622,
    3.8126893043518066,
    3.842888355255127,
    3.8729043006896973,
    3.903008222579956,
    3.9330530166625977,
    3.9630954265594482,
    3.9931716918945312,
    4.0232274532318115,
    4.053312063217163,
    4.083373308181763,
    4.1134655475616455,
    4.143552541732788,
    4.173649072647095,
    4.203762054443359,
    4.233885765075684,
    4.26401948928833,
    4.294189214706421,
    4.324370384216309,
    4.354544401168823
  ]
}