{
  "gesture_id": 2,
  "gesture_name": "pull",
  "timestamp": "2025-12-23T15:23:52.087365",
  "sample_rate": 50,
  "duration": 3.0,
  "distances": [
    3.622746467590332,
    3.6759018898010254,
    3.6350131034851074,
    3.6309242248535156,
    3.320169448852539,
    4.330122470855713,
    4.939365386962891,
    4.6408772468566895,
    4.248344898223877,
    4.935276508331299,
    4.305589199066162,
    4.918920993804932,
    5.573141574859619,
    6.251895427703857,
    6.542205810546875,
    6.906116008758545,
    7.2168707847595215,
    7.580780982971191,
    7.883358001708984,
    7.854735851287842,
    8.19002389907837,
    9.9686861038208,
    8.893311023712158,
    9.240865707397461,
    9.608864784240723,
    9.9196195602417,
    11.297571659088135,
    10.07908582687378,
    10.647439956665039,
    12.319791316986084,
    11.62877082824707,
    11.996769905090332,
    12.336146831512451,
    12.704145908355713,
    13.374722003936768,
    14.045298099517822,
    14.715874195098877,
    15.083873271942139,
    15.766716003417969,
    16.11427068710327,
    15.807604789733887,
    16.11018180847168,
    16.707158088684082,
    16.073381900787354,
    16.416847705841064,
    17.0465350151062,
    16.40866994857788,
    18.036043643951416,
    17.373645305633545,
    16.739869117736816,
    17.36546754837036,
    18.031954765319824,
    18.326354026794434,
    18.98057460784912,
    19.291329383850098,
    18.63301992416382,
    20.264482498168945,
    19.606173038482666,
    19.986438751220703,
    19.29541826248169,
    19.61435079574585,
    21.245813369750977,
    20.61612606048584,
    20.930969715118408,
    21.24990224838257,
    23.793184757232666,
    49.96609687805176,
    48.85801076889038,
    50.50173997879028,
    48.432767391204834,
    49.822986125946045,
    49.459075927734375,
    49.97427463531494,
    25.481891632080078,
    24.263405799865723,
    24.856293201446533,
    25.412380695343018,
    26.888465881347656,
    25.4205584526062,
    25.154781341552734,
    25.453269481658936,
    30.000102519989014,
    27.186954021453857,
    27.53041982650757,
    49.414098262786865,
    49.99063014984131,
    49.638986587524414,
    49.62671995162964,
    29.51761484146118,
    48.86209964752197,
    48.85392189025879,
    49.847519397735596,
    36.27244234085083,
    37.66266107559204,
    36.91030740737915,
    36.27244234085083,
    35.990309715270996,
    36.50550842285156,
    36.284708976745605,
    37.1351957321167,
    38.08790445327759,
    36.95528507232666,
    36.24790906906128,
    37.18017339706421,
    38.52132558822632,
    36.95119619369507,
    36.72221899032593,
    37.65857219696045,
    39.016079902648926,
    41.3712739944458,
    49.957919120788574,
    51.303160190582275,
    32.895028591156006,
    36.49733066558838,
    36.239731311798096,
    37.147462368011475,
    35.96168756484985,
    34.47333574295044,
    33.67191553115845,
    34.187114238739014,
    33.42658281326294,
    33.12809467315674,
    33.15671682357788,
    32.85822868347168,
    33.38569402694702,
    33.937692642211914,
    33.643293380737305,
    32.8991174697876,
    33.27120542526245,
    32.61289596557617,
    33.13627243041992,
    33.1485390663147,
    33.68418216705322,
    32.890939712524414,
    33.41022729873657,
    33.88862609863281,
    33.144450187683105,
    33.696448802948,
    34.17484760284424,
    34.73093509674072,
    35.22568941116333,
    34.41200256347656,
    34.95991230010986,
    34.13804769515991,
    34.735023975372314,
    35.25022268295288,
    34.40791368484497,
    34.98035669326782,
    35.44648885726929,
    34.735023975372314
  ],
  "timestamps": [
    0.007676362991333008,
    0.03557848930358887,
    0.06343245506286621,
    0.09125351905822754,
    0.11904621124267578,
    0.1468970775604248,
    0.17477679252624512,
    0.2026219367980957,
    0.23044395446777344,
    0.25830912590026855,
    0.2861337661743164,
    0.313995361328125,
    0.3419179916381836,
    0.369887113571167,
    0.3978428840637207,
    0.42584896087646484,
    0.4538462162017822,
    0.4818542003631592,
    0.5099039077758789,
    0.5379519462585449,
    0.5660021305084229,
    0.5941522121429443,
    0.6222448348999023,
    0.6503589153289795,
    0.6784863471984863,
    0.706636905670166,
    0.7348639965057373,
    0.7631356716156006,
    0.7914299964904785,
    0.8198370933532715,
    0.8480944633483887,
    0.8763585090637207,
    0.9046146869659424,
    0.9329109191894531,
    0.9612503051757812,
    0.9896442890167236,
    1.0180814266204834,
    1.0465292930603027,
    1.075038194656372,
    1.1035401821136475,
    1.1320290565490723,
    1.1605546474456787,
    1.1891186237335205,
    1.2176294326782227,
    1.2461574077606201,
    1.2747113704681396,
    1.3032252788543701,
    1.331822395324707,
    1.3603665828704834,
    1.38889741897583,
    1.417454719543457,
    1.4460530281066895,
    1.4747347831726074,
    1.5034186840057373,
    1.5321142673492432,
    1.5607874393463135,
    1.5895764827728271,
    1.6182868480682373,
    1.6470415592193604,
    1.6757373809814453,
    1.7044801712036133,
    1.733288049697876,
    1.7623538970947266,
    1.791288137435913,
    1.8201940059661865,
    1.8491592407226562,
    1.8796594142913818,
    1.9100818634033203,
    1.9405829906463623,
    1.9709382057189941,
    2.0014326572418213,
    2.0318593978881836,
    2.0623366832733154,
    2.091370105743408,
    2.120333194732666,
    2.1493122577667236,
    2.178349494934082,
    2.207467794418335,
    2.236496925354004,
    2.265512466430664,
    2.2945661544799805,
    2.3239269256591797,
    2.3530638217926025,
    2.382239580154419,
    2.4126930236816406,
    2.443145275115967,
    2.473592758178711,
    2.504034996032715,
    2.5333173274993896,
    2.563697099685669,
    2.594113349914551,
    2.624570846557617,
    2.6542181968688965,
    2.6839632987976074,
    2.7136430740356445,
    2.7433035373687744,
    2.7731363773345947,
    2.8029730319976807,
    2.832688570022583,
    2.862415075302124,
    2.8921892642974854,
    2.921893358230591,
    2.9515578746795654,
    2.9812698364257812,
    3.0111567974090576,
    3.0408935546875,
    3.0706589221954346,
    3.1004011631011963,
    3.130302667617798,
    3.1602656841278076,
    3.1908063888549805,
    3.221344470977783,
    3.2508959770202637,
    3.280583381652832,
    3.310343027114868,
    3.3400611877441406,
    3.369657278060913,
    3.399216651916504,
    3.428725004196167,
    3.458263397216797,
    3.4878008365631104,
    3.5172972679138184,
    3.546787977218628,
    3.5762650966644287,
    3.605757713317871,
    3.635283946990967,
    3.664799690246582,
    3.6942989826202393,
    3.7238306999206543,
    3.753329038619995,
    3.7829482555389404,
    3.8125221729278564,
    3.8420538902282715,
    3.8715453147888184,
    3.9010462760925293,
    3.9305803775787354,
    3.9600772857666016,
    3.9895873069763184,
    4.019290447235107,
    4.048872470855713,
    4.078475475311279,
    4.1080310344696045,
    4.13761568069458,
    4.167174577713013,
    4.196741580963135,
    4.226341009140015,
    4.255892038345337,
    4.285496711730957,
    4.315135478973389,
    4.344709396362305
  ]
}