{
  "gesture_id": 2,
  "gesture_name": "pull",
  "timestamp": "2025-12-23T15:27:20.275885",
  "sample_rate": 50,
  "duration": 3.0,
  "distances": [
    6.574916839599609,
    7.535803318023682,
    6.243717670440674,
    6.239628791809082,
    7.220959663391113,
    8.210468292236328,
    9.204065799713135,
    8.16957950592041,
    7.588958740234375,
    6.942915916442871,
    7.543981075286865,
    9.563887119293213,
    7.188248634338379,
    8.868777751922607,
    9.240865707397461,
    8.206379413604736,
    9.960508346557617,
    9.927797317504883,
    10.23855209350586,
    11.959969997406006,
    10.275352001190186,
    11.690104007720947,
    11.677837371826172,
    11.641037464141846,
    13.018989562988281,
    13.010811805725098,
    13.366544246673584,
    15.083873271942139,
    15.030717849731445,
    15.439605712890625,
    15.778982639312744,
    16.081559658050537,
    15.431427955627441,
    17.050623893737793,
    16.093826293945312,
    16.707158088684082,
    17.058801651000977,
    17.36546754837036,
    18.031954765319824,
    17.0465350151062,
    18.63710880279541,
    18.964219093322754,
    19.287240505218506,
    18.305909633636475,
    18.694353103637695,
    20.268571376800537,
    20.587503910064697,
    21.91230058670044,
    20.906436443328857,
    21.237635612487793,
    21.225368976593018,
    22.52563238143921,
    22.497010231018066,
    22.558343410491943,
    22.558343410491943,
    23.41700792312622,
    24.25931692123413,
    27.186954021453857,
    26.30375623703003,
    25.453269481658936,
    26.35282278060913,
    25.71495771408081,
    28.609883785247803,
    26.953887939453125,
    27.223753929138184,
    27.477264404296875,
    27.771663665771484,
    29.484903812408447,
    28.090596199035645,
    28.37272882461548,
    29.21912670135498,
    29.501259326934814,
    29.460370540618896,
    29.46445941925049,
    30.298590660095215,
    31.046855449676514,
    31.86054229736328,
    32.641518115997314,
    32.10996389389038,
    32.91138410568237,
    33.13218355178833,
    33.92542600631714,
    35.52008867263794,
    34.96809005737305,
    35.76542139053345,
    36.4850640296936,
    36.06390953063965,
    36.05164289474487,
    36.738574504852295,
    36.26835346221924,
    37.89163827896118,
    36.055731773376465,
    37.65448331832886,
    36.27653121948242,
    37.00026273727417,
    37.68310546875,
    38.81981372833252,
    37.86710500717163,
    38.59492540359497,
    39.764344692230225,
    39.26959037780762,
    41.37536287307739,
    42.994558811187744,
    41.583895683288574,
    42.77784824371338,
    41.85376167297363,
    42.09500551223755,
    42.311716079711914,
    42.998647689819336,
    55.306172370910645,
    45.41517496109009,
    42.98638105392456,
    43.223536014556885,
    46.60912752151489,
    44.02904510498047,
    44.09446716308594,
    45.40290832519531,
    43.99224519729614,
    43.77962350845337,
    45.19846439361572,
    49.843430519104004,
    44.37251091003418,
    44.61784362792969,
    45.23117542266846,
    45.8077073097229,
    46.412861347198486,
    48.42867851257324,
    48.21605682373047,
    46.6050386428833,
    45.98352909088135,
    46.21659517288208,
    46.412861347198486,
    48.432767391204834,
    47.386014461517334,
    47.23472595214844,
    47.430992126464844,
    48.04432392120361,
    46.81357145309448,
    48.4000563621521,
    49.60218667984009,
    48.26921224594116,
    48.04023504257202,
    48.2487678527832,
    48.87436628341675,
    50.8411169052124,
    49.843430519104004,
    49.97427463531494,
    49.26689863204956,
    49.778008460998535,
    50.29729604721069
  ],
  "timestamps": [
    0.007839202880859375,
    0.03594040870666504,
    0.06390166282653809,
    0.09184694290161133,
    0.11986422538757324,
    0.1479504108428955,
    0.17606878280639648,
    0.2041163444519043,
    0.23215651512145996,
    0.26018524169921875,
    0.2882058620452881,
    0.31633591651916504,
    0.3443260192871094,
    0.37241291999816895,
    0.40052103996276855,
    0.42856884002685547,
    0.4567430019378662,
    0.48489952087402344,
    0.5130879878997803,
    0.5413854122161865,
    0.5695593357086182,
    0.5978102684020996,
    0.626136302947998,
    0.6547000408172607,
    0.6830742359161377,
    0.7113988399505615,
    0.7397303581237793,
    0.7681646347045898,
    0.7966141700744629,
    0.8250911235809326,
    0.8536055088043213,
    0.8821015357971191,
    0.910552978515625,
    0.9391031265258789,
    0.9676547050476074,
    0.9962315559387207,
    1.0248217582702637,
    1.0534112453460693,
    1.082024097442627,
    1.1105852127075195,
    1.1392526626586914,
    1.167966604232788,
    1.196688175201416,
    1.225327730178833,
    1.2539854049682617,
    1.282721757888794,
    1.3114676475524902,
    1.3402955532073975,
    1.3690576553344727,
    1.3978612422943115,
    1.4266746044158936,
    1.4555613994598389,
    1.4844334125518799,
    1.513319730758667,
    1.5421972274780273,
    1.5711328983306885,
    1.600109338760376,
    1.629335880279541,
    1.6585383415222168,
    1.68764328956604,
    1.716827630996704,
    1.7459332942962646,
    1.7752344608306885,
    1.804394006729126,
    1.833557367324829,
    1.8627419471740723,
    1.8919246196746826,
    1.9211993217468262,
    1.9503865242004395,
    1.9795897006988525,
    2.0088741779327393,
    2.0381851196289062,
    2.0674843788146973,
    2.0967836380004883,
    2.1261239051818848,
    2.1555025577545166,
    2.184938430786133,
    2.2144293785095215,
    2.243875741958618,
    2.2733445167541504,
    2.302828788757324,
    2.332353353500366,
    2.361971378326416,
    2.3915741443634033,
    2.421210765838623,
    2.4508860111236572,
    2.48052978515625,
    2.510180950164795,
    2.53989839553833,
    2.5695607662200928,
    2.5993409156799316,
    2.629040479660034,
    2.6589009761810303,
    2.688589334487915,
    2.718297243118286,
    2.748060464859009,
    2.777876615524292,
    2.8076531887054443,
    2.8374502658843994,
    2.8673150539398193,
    2.8971524238586426,
    2.9271113872528076,
    2.9571645259857178,
    2.987135887145996,
    3.0171959400177,
    3.0471904277801514,
    3.077235460281372,
    3.107250928878784,
    3.1373190879821777,
    3.1680965423583984,
    3.1982927322387695,
    3.2283663749694824,
    3.258436918258667,
    3.2887051105499268,
    3.3188154697418213,
    3.3489155769348145,
    3.3791093826293945,
    3.409224271774292,
    3.439338207244873,
    3.4695193767547607,
    3.4999749660491943,
    3.530100107192993,
    3.560248613357544,
    3.590416193008423,
    3.6207025051116943,
    3.6511478424072266,
    3.6815335750579834,
    3.7119197845458984,
    3.742180109024048,
    3.772434949874878,
    3.8026793003082275,
    3.8329145908355713,
    3.8632872104644775,
    3.893580436706543,
    3.9238791465759277,
    3.954192876815796,
    3.984560251235962,
    4.014840364456177,
    4.04519510269165,
    4.075634956359863,
    4.105972051620483,
    4.136332988739014,
    4.166695833206177,
    4.197094440460205,
    4.227606534957886,
    4.258043050765991,
    4.2885026931762695,
    4.318925619125366,
    4.349359035491943,
    4.379856824874878
  ]
}