{
  "gesture_id": 2,
  "gesture_name": "pull",
  "timestamp": "2025-12-23T15:29:40.139017",
  "sample_rate": 50,
  "duration": 3.0,
  "distances": [
    16.106092929840088,
    14.740407466888428,
    15.120673179626465,
    15.067517757415771,
    15.455961227416992,
    14.028942584991455,
    13.685476779937744,
    13.69774341583252,
    11.820948123931885,
    15.79124927520752,
    15.071606636047363,
    16.06520414352417,
    15.4518723487854,
    16.06520414352417,
    16.400492191314697,
    16.764402389526367,
    16.118359565734863,
    16.43320322036743,
    16.731691360473633,
    18.011510372161865,
    19.3403959274292,
    19.283151626586914,
    19.31586265563965,
    20.313549041748047,
    20.305371284484863,
    20.23177146911621,
    21.20901346206665,
    21.27443552017212,
    23.433363437652588,
    22.21078872680664,
    22.198522090911865,
    25.175225734710693,
    24.271583557128906,
    23.425185680389404,
    28.111040592193604,
    25.46144723892212,
    28.340017795562744,
    30.000102519989014,
    28.94517183303833,
    30.04099130630493,
    27.19513177871704,
    29.48899269104004,
    29.775214195251465,
    29.48899269104004,
    30.314946174621582,
    29.21503782272339,
    28.663039207458496,
    29.509437084197998,
    29.791569709777832,
    30.024635791778564,
    29.49308156967163,
    29.746592044830322,
    30.53574562072754,
    30.776989459991455,
    31.100010871887207,
    31.889164447784424,
    31.316721439361572,
    31.762409210205078,
    32.87867307662964,
    33.68418216705322,
    33.72507095336914,
    33.18533897399902,
    33.45520496368408,
    34.211647510528564,
    34.4937801361084,
    36.07208728790283,
    35.77768802642822,
    37.196528911590576,
    36.50550842285156,
    36.24382019042969,
    35.487377643585205,
    35.2420449256897,
    35.466933250427246,
    35.27066707611084,
    37.167906761169434,
    37.39279508590698,
    36.010754108428955,
    38.36185932159424,
    37.13928461074829,
    37.400972843170166,
    36.47279739379883,
    36.24382019042969,
    36.50141954421997,
    36.68133020401001,
    37.36826181411743,
    37.62177228927612,
    38.30461502075195,
    39.05287981033325,
    39.265501499176025,
    39.5271897315979,
    41.85376167297363,
    41.60025119781494,
    39.7275447845459,
    41.09731912612915,
    40.88878631591797,
    41.105496883392334,
    40.86425304412842,
    41.563451290130615,
    44.38068866729736,
    44.544243812561035,
    44.75277662277222,
    44.55651044845581,
    43.12540292739868,
    42.070472240448,
    42.720603942871094,
    42.516160011291504,
    42.724692821502686,
    42.929136753082275,
    43.12131404876709,
    44.34797763824463,
    44.12308931350708,
    43.93500089645386,
    43.791890144348145,
    43.55064630508423,
    44.77730989456177,
    44.16806697845459,
    45.39881944656372,
    46.94850444793701,
    45.98761796951294,
    47.17748165130615,
    46.59686088562012,
    47.386014461517334,
    48.98885488510132,
    48.80485534667969,
    49.98654127120972,
    50.141918659210205,
    50.86565017700195,
    52.37853527069092,
    56.524658203125,
    50.824761390686035,
    50.6939172744751,
    51.36040449142456,
    52.848756313323975,
    50.30547380447388,
    50.117385387420654,
    50.28911828994751,
    49.65125322341919,
    49.82707500457764,
    50.80840587615967,
    50.97604990005493,
    50.29729604721069,
    50.4935622215271,
    51.02511644363403,
    51.164138317108154,
    51.35222673416138,
    52.39897966384888,
    52.52573490142822,
    56.197547912597656,
    60.49087047576904,
    53.261733055114746
  ],
  "timestamps": [
    0.008400678634643555,
    0.03691887855529785,
    0.06542229652404785,
    0.09390783309936523,
    0.12248110771179199,
    0.15088129043579102,
    0.17925548553466797,
    0.2076559066772461,
    0.23614287376403809,
    0.26466941833496094,
    0.2931666374206543,
    0.32170867919921875,
    0.3502013683319092,
    0.3787212371826172,
    0.4072442054748535,
    0.4357748031616211,
    0.46427106857299805,
    0.492781400680542,
    0.5213718414306641,
    0.5500166416168213,
    0.5787348747253418,
    0.6074388027191162,
    0.6361370086669922,
    0.664891242980957,
    0.6936712265014648,
    0.7224287986755371,
    0.751244306564331,
    0.7800357341766357,
    0.8090066909790039,
    0.8379316329956055,
    0.8668036460876465,
    0.8958249092102051,
    0.9247927665710449,
    0.953728199005127,
    0.9829428195953369,
    1.0120065212249756,
    1.0412349700927734,
    1.0705294609069824,
    1.0997731685638428,
    1.1290724277496338,
    1.158200979232788,
    1.187500238418579,
    1.216806411743164,
    1.246068000793457,
    1.2753992080688477,
    1.3046534061431885,
    1.3339014053344727,
    1.363166093826294,
    1.3924801349639893,
    1.421804428100586,
    1.4510753154754639,
    1.480370044708252,
    1.5097031593322754,
    1.5390455722808838,
    1.568434476852417,
    1.597869634628296,
    1.6273157596588135,
    1.6567432880401611,
    1.686201810836792,
    1.7157161235809326,
    1.7452290058135986,
    1.7747020721435547,
    1.8042795658111572,
    1.8340346813201904,
    1.8636488914489746,
    1.8933353424072266,
    1.922959566116333,
    1.9526863098144531,
    1.9824204444885254,
    2.012064218521118,
    2.041677951812744,
    2.0712811946868896,
    2.100895881652832,
    2.1304771900177,
    2.1601874828338623,
    2.1899125576019287,
    2.2195382118225098,
    2.249321222305298,
    2.2790307998657227,
    2.3087592124938965,
    2.3384177684783936,
    2.368067502975464,
    2.397740364074707,
    2.427408456802368,
    2.457129716873169,
    2.486847400665283,
    2.5166351795196533,
    2.54647159576416,
    2.576319932937622,
    2.6061699390411377,
    2.6361567974090576,
    2.6661276817321777,
    2.6960136890411377,
    2.7259562015533447,
    2.755885362625122,
    2.7858240604400635,
    2.8157787322998047,
    2.8458328247070312,
    2.8759877681732178,
    2.9061622619628906,
    2.936324119567871,
    2.966470956802368,
    2.996530771255493,
    3.026546001434326,
    3.0565874576568604,
    3.086617946624756,
    3.1166579723358154,
    3.1467301845550537,
    3.1767966747283936,
    3.2069525718688965,
    3.237069845199585,
    3.267178535461426,
    3.2972726821899414,
    3.327369213104248,
    3.357712507247925,
    3.3878543376922607,
    3.4180681705474854,
    3.4483554363250732,
    3.4785799980163574,
    3.508875846862793,
    3.539202928543091,
    3.5695343017578125,
    3.5999398231506348,
    3.6303491592407227,
    3.660810708999634,
    3.6912853717803955,
    3.721799612045288,
    3.752392053604126,
    3.7832252979278564,
    3.8137686252593994,
    3.844351053237915,
    3.8749277591705322,
    3.905599355697632,
    3.93611478805542,
    3.96659255027771,
    3.9970736503601074,
    4.027515888214111,
    4.057965993881226,
    4.088477611541748,
    4.11899995803833,
    4.149480819702148,
    4.179970026016235,
    4.210490942001343,
    4.24103045463562,
    4.271600008010864,
    4.302206993103027,
    4.332828044891357,
    4.3636534214019775,
    4.394732713699341,
    4.425367832183838
  ]
}