{
  "gesture_id": 2,
  "gesture_name": "pull",
  "timestamp": "2025-12-23T15:27:55.955574",
  "sample_rate": 50,
  "duration": 3.0,
  "distances": [
    11.669659614562988,
    11.579704284667969,
    11.661481857299805,
    13.002634048461914,
    11.28530502319336,
    10.925483703613281,
    10.639262199401855,
    11.67374849319458,
    11.293482780456543,
    10.950016975402832,
    10.598373413085938,
    11.30983829498291,
    11.984503269195557,
    12.340235710144043,
    13.006722927093506,
    13.346099853515625,
    13.386988639831543,
    13.693654537200928,
    14.020764827728271,
    14.069831371307373,
    15.778982639312744,
    15.762627124786377,
    17.079246044158936,
    16.06520414352417,
    16.052937507629395,
    16.122448444366455,
    16.093826293945312,
    17.394089698791504,
    17.688488960266113,
    18.98057460784912,
    18.007421493530273,
    18.301820755004883,
    19.941461086273193,
    20.25630474090576,
    19.675683975219727,
    20.89008092880249,
    19.896483421325684,
    20.244038105010986,
    21.577012538909912,
    21.536123752593994,
    22.497010231018066,
    22.52563238143921,
    23.384296894073486,
    25.997090339660645,
    27.747130393981934,
    50.97196102142334,
    36.44826412200928,
    29.427659511566162,
    27.7634859085083,
    29.452192783355713,
    29.460370540618896,
    28.60579490661621,
    28.65077257156372,
    29.480814933776855,
    28.936994075775146,
    29.73841428756714,
    29.178237915039062,
    30.028724670410156,
    30.224990844726562,
    31.055033206939697,
    31.03458881378174,
    31.83192014694214,
    32.60880708694458,
    32.6006293296814,
    33.35298299789429,
    33.38569402694702,
    34.714579582214355,
    34.20346975326538,
    34.964001178741455,
    34.440624713897705,
    34.45698022842407,
    35.237956047058105,
    34.69822406768799,
    35.487377643585205,
    36.280620098114014,
    37.38052845001221,
    37.122929096221924,
    36.9348406791687,
    36.693596839904785,
    36.489152908325195,
    36.69768571853638,
    37.396883964538574,
    37.625861167907715,
    38.31688165664673,
    37.883460521698,
    39.00381326675415,
    38.5295033454895,
    39.21234607696533,
    39.240968227386475,
    40.39403200149536,
    41.105496883392334,
    42.28309392929077,
    40.43083190917969,
    41.08914136886597,
    41.80469512939453,
    42.97002553939819,
    41.55936241149902,
    41.77607297897339,
    42.041850090026855,
    42.24220514297485,
    42.47936010360718,
    42.724692821502686,
    44.35615539550781,
    43.80415678024292,
    45.76272964477539,
    45.1616644859314,
    45.0103759765625,
    45.2107310295105,
    46.39241695404053,
    46.18797302246094,
    48.63312244415283,
    55.216217041015625,
    49.41818714141846,
    47.39419221878052,
    49.78209733963013,
    49.92111921310425,
    50.13782978057861,
    48.82529973983765,
    46.78086042404175,
    46.96485996246338,
    48.63312244415283,
    48.436856269836426,
    47.81125783920288,
    49.41818714141846,
    49.25872087478638,
    49.414098262786865,
    50.47311782836914,
    56.602346897125244,
    50.845205783843994,
    56.92945718765259,
    56.50421380996704,
    52.05960273742676,
    51.916491985321045,
    52.051424980163574,
    52.19862461090088,
    53.257644176483154,
    54.259419441223145,
    53.5847544670105,
    52.90191173553467,
    52.5870680809021,
    52.73017883300781,
    52.394890785217285,
    52.56253480911255,
    53.057289123535156,
    52.70564556121826,
    52.90191173553467,
    53.057289123535156,
    52.75062322616577,
    53.2331109046936,
    52.90191173553467
  ],
  "timestamps": [
    0.008138656616210938,
    0.03651714324951172,
    0.06481456756591797,
    0.09315848350524902,
    0.12145256996154785,
    0.14969205856323242,
    0.17788267135620117,
    0.2061293125152588,
    0.2343614101409912,
    0.26257967948913574,
    0.2907707691192627,
    0.3189992904663086,
    0.34726715087890625,
    0.37555432319641113,
    0.40387988090515137,
    0.4322385787963867,
    0.4606165885925293,
    0.4889869689941406,
    0.5173928737640381,
    0.5457899570465088,
    0.5742721557617188,
    0.6027414798736572,
    0.6312811374664307,
    0.6598219871520996,
    0.6883926391601562,
    0.7168991565704346,
    0.7454051971435547,
    0.773982048034668,
    0.8025598526000977,
    0.8312134742736816,
    0.8598101139068604,
    0.8884453773498535,
    0.9172019958496094,
    0.9459376335144043,
    0.9747142791748047,
    1.0036616325378418,
    1.0324323177337646,
    1.0611903667449951,
    1.0900168418884277,
    1.1188361644744873,
    1.147700548171997,
    1.176574468612671,
    1.2055234909057617,
    1.2346110343933105,
    1.2638022899627686,
    1.2943334579467773,
    1.3240089416503906,
    1.3532929420471191,
    1.3824806213378906,
    1.4117484092712402,
    1.4410200119018555,
    1.4702351093292236,
    1.4994683265686035,
    1.5287344455718994,
    1.5579657554626465,
    1.5872678756713867,
    1.6165497303009033,
    1.6458759307861328,
    1.67521071434021,
    1.7045810222625732,
    1.7339460849761963,
    1.7633514404296875,
    1.7928037643432617,
    1.822253942489624,
    1.8517491817474365,
    1.8812685012817383,
    1.9109222888946533,
    1.9404516220092773,
    1.9700956344604492,
    1.9998512268066406,
    2.0294642448425293,
    2.0591819286346436,
    2.088844060897827,
    2.118480682373047,
    2.1481525897979736,
    2.1778855323791504,
    2.2075860500335693,
    2.237295389175415,
    2.266988515853882,
    2.29667067527771,
    2.3263587951660156,
    2.356072187423706,
    2.3858211040496826,
    2.415590763092041,
    2.445354461669922,
    2.4751596450805664,
    2.5049543380737305,
    2.5347986221313477,
    2.5646417140960693,
    2.5945451259613037,
    2.62448787689209,
    2.65450119972229,
    2.6844050884246826,
    2.7143449783325195,
    2.7443249225616455,
    2.774376153945923,
    2.804346799850464,
    2.8343262672424316,
    2.8643202781677246,
    2.89432692527771,
    2.9243831634521484,
    2.954421043395996,
    2.9846041202545166,
    3.014862298965454,
    3.0451157093048096,
    3.0753026008605957,
    3.1054792404174805,
    3.1356632709503174,
    3.165916919708252,
    3.1961567401885986,
    3.2265377044677734,
    3.257303476333618,
    3.2877445220947266,
    3.3180506229400635,
    3.3484995365142822,
    3.378953695297241,
    3.409426212310791,
    3.439838409423828,
    3.470116138458252,
    3.5004098415374756,
    3.5307936668395996,
    3.561161518096924,
    3.5914969444274902,
    3.6219236850738525,
    3.652345657348633,
    3.6827783584594727,
    3.7132701873779297,
    3.7441577911376953,
    3.774678945541382,
    3.805546998977661,
    3.836395263671875,
    3.866980791091919,
    3.8975563049316406,
    3.9281461238861084,
    3.9587581157684326,
    3.9894635677337646,
    4.020255088806152,
    4.050958156585693,
    4.0816144943237305,
    4.11222505569458,
    4.142833471298218,
    4.173430681228638,
    4.204041242599487,
    4.2346861362457275,
    4.265339374542236,
    4.295970678329468,
    4.326608180999756,
    4.357231378555298,
    4.387876272201538,
    4.418499946594238
  ]
}