{
  "gesture_id": 2,
  "gesture_name": "pull",
  "timestamp": "2025-12-24T13:22:16.487855",
  "sample_rate": 50,
  "duration": 3.0,
  "distances": [
    7.862913608551025,
    7.891535758972168,
    6.926560401916504,
    8.218646049499512,
    8.218646049499512,
    6.861138343811035,
    7.907891273498535,
    8.893311023712158,
    7.564425468444824,
    7.245492935180664,
    8.230912685394287,
    7.858824729919434,
    8.553934097290039,
    9.890997409820557,
    9.269487857818604,
    10.26308536529541,
    9.588420391082764,
    8.525311946868896,
    9.253132343292236,
    9.55570936203003,
    10.209929943084717,
    10.254907608032227,
    11.996769905090332,
    10.622906684875488,
    12.687790393829346,
    13.027167320251465,
    16.4495587348938,
    16.6989803314209,
    14.36014175415039,
    14.74449634552002,
    15.083873271942139,
    15.398716926574707,
    15.787160396575928,
    16.061115264892578,
    15.051162242889404,
    15.778982639312744,
    16.11018180847168,
    16.437292098999023,
    16.739869117736816,
    17.030179500579834,
    17.394089698791504,
    17.68440008163452,
    19.00101900100708,
    19.3403959274292,
    19.655239582061768,
    19.029641151428223,
    19.348573684692383,
    18.68208646774292,
    19.324040412902832,
    18.972396850585938,
    19.360840320587158,
    19.68386173248291,
    21.29896879196167,
    21.585190296173096,
    23.748207092285156,
    47.43916988372803,
    24.275672435760498,
    24.586427211761475,
    24.001717567443848,
    24.32882785797119,
    50.346362590789795,
    49.6962308883667,
    54.124486446380615,
    54.99541759490967,
    24.296116828918457,
    25.502336025238037,
    28.634417057037354,
    28.119218349456787,
    28.364551067352295,
    27.80846357345581,
    27.231931686401367,
    27.48953104019165,
    26.933443546295166,
    28.094685077667236,
    29.292726516723633,
    37.237417697906494,
    53.985464572906494,
    56.56963586807251,
    55.69870471954346,
    55.33479452133179,
    56.2261700630188,
    54.512929916381836,
    54.15310859680176,
    36.97981834411621,
    31.60703182220459,
    31.144988536834717,
    31.594765186309814,
    31.324899196624756,
    31.63156509399414,
    32.621073722839355,
    32.4002742767334,
    32.15494155883789,
    33.144450187683105,
    32.90320634841919,
    32.66196250915527,
    32.39618539810181,
    32.70285129547119,
    32.4002742767334,
    32.13858604431152,
    33.17716121673584,
    32.915472984313965,
    33.97858142852783,
    33.75369310379028,
    36.0884428024292,
    36.25199794769287,
    55.70279359817505,
    56.557369232177734,
    38.16559314727783,
    37.00435161590576,
    36.738574504852295,
    37.674927711486816,
    36.54230833053589,
    36.2887978553772,
    36.79172992706299,
    36.554574966430664,
    37.89163827896118,
    37.216973304748535,
    38.63990306854248,
    36.31742000579834,
    36.77537441253662,
    36.076176166534424,
    36.284708976745605,
    37.20879554748535,
    36.95119619369507,
    37.24559545516968,
    37.40506172180176,
    38.83616924285889,
    37.94070482254028,
    39.330923557281494,
    39.06514644622803,
    37.715816497802734,
    37.00435161590576,
    38.39048147201538,
    37.715816497802734,
    37.486839294433594,
    38.88523578643799,
    38.59901428222656,
    38.40683698654175,
    39.07332420349121,
    40.45945405960083,
    40.7252311706543,
    42.54478216171265,
    40.68843126296997,
    40.43900966644287,
    40.24683237075806,
    41.62478446960449,
    42.585670948028564,
    43.248069286346436,
    44.23348903656006,
    45.66868543624878
  ],
  "timestamps": [
    0.007910490036010742,
    0.0360257625579834,
    0.0640418529510498,
    0.09219527244567871,
    0.1202704906463623,
    0.14824676513671875,
    0.17627382278442383,
    0.20436835289001465,
    0.23237943649291992,
    0.26036906242370605,
    0.2884817123413086,
    0.316525936126709,
    0.34459590911865234,
    0.37276411056518555,
    0.40087389945983887,
    0.42903804779052734,
    0.45719146728515625,
    0.48536062240600586,
    0.5135524272918701,
    0.5416996479034424,
    0.5698714256286621,
    0.5980496406555176,
    0.6263415813446045,
    0.6545305252075195,
    0.6828382015228271,
    0.7111690044403076,
    0.7396945953369141,
    0.768237829208374,
    0.7966399192810059,
    0.8250586986541748,
    0.8534891605377197,
    0.8819310665130615,
    0.9104592800140381,
    0.9389739036560059,
    0.9674177169799805,
    0.995905876159668,
    1.024407148361206,
    1.052919626235962,
    1.0814404487609863,
    1.1100258827209473,
    1.138669490814209,
    1.167276382446289,
    1.195950984954834,
    1.224635124206543,
    1.2533295154571533,
    1.2819840908050537,
    1.3106389045715332,
    1.3392741680145264,
    1.3679447174072266,
    1.396599292755127,
    1.425323247909546,
    1.454045057296753,
    1.4829378128051758,
    1.5118329524993896,
    1.540804147720337,
    1.571131944656372,
    1.6000769138336182,
    1.6290645599365234,
    1.658029317855835,
    1.686997890472412,
    1.7174813747406006,
    1.7479233741760254,
    1.778623104095459,
    1.8093926906585693,
    1.8383777141571045,
    1.8674087524414062,
    1.896625280380249,
    1.9258217811584473,
    1.9550373554229736,
    1.984203815460205,
    2.013333320617676,
    2.0424838066101074,
    2.07159423828125,
    2.1007795333862305,
    2.1300337314605713,
    2.1597626209259033,
    2.1904821395874023,
    2.221349000930786,
    2.252206802368164,
    2.282979965209961,
    2.313797950744629,
    2.3445329666137695,
    2.375222682952881,
    2.4049088954925537,
    2.434281587600708,
    2.4636950492858887,
    2.4932243824005127,
    2.522782325744629,
    2.5522708892822266,
    2.5817387104034424,
    2.61118221282959,
    2.640615940093994,
    2.6701059341430664,
    2.6997220516204834,
    2.729198455810547,
    2.7586557865142822,
    2.7881064414978027,
    2.8175384998321533,
    2.846959352493286,
    2.8764402866363525,
    2.905900478363037,
    2.9354262351989746,
    2.9649369716644287,
    2.994581460952759,
    3.024243116378784,
    3.0550363063812256,
    3.0858802795410156,
    3.115652561187744,
    3.145360231399536,
    3.175067663192749,
    3.2048091888427734,
    3.234480857849121,
    3.264139175415039,
    3.2938270568847656,
    3.3235254287719727,
    3.3532800674438477,
    3.3830082416534424,
    3.41280460357666,
    3.4424705505371094,
    3.4722018241882324,
    3.5019257068634033,
    3.5316202640533447,
    3.561352252960205,
    3.591097593307495,
    3.620800495147705,
    3.6505320072174072,
    3.6803231239318848,
    3.7100837230682373,
    3.7399141788482666,
    3.7697410583496094,
    3.7995052337646484,
    3.829190731048584,
    3.8589699268341064,
    3.8886961936950684,
    3.9184250831604004,
    3.9482181072235107,
    3.978013038635254,
    4.007797956466675,
    4.037625551223755,
    4.067530870437622,
    4.097429513931274,
    4.127455711364746,
    4.157352685928345,
    4.187255144119263,
    4.21714186668396,
    4.247109413146973,
    4.277117013931274,
    4.307180881500244,
    4.337288856506348,
    4.367494821548462
  ]
}