{
  "gesture_id": 2,
  "gesture_name": "pull",
  "timestamp": "2025-12-24T13:20:58.563302",
  "sample_rate": 50,
  "duration": 3.0,
  "distances": [
    8.173668384552002,
    7.21278190612793,
    9.220421314239502,
    8.198201656341553,
    8.247268199920654,
    5.937051773071289,
    5.91660737991333,
    6.930649280548096,
    7.85064697265625,
    7.588958740234375,
    7.225048542022705,
    7.854735851287842,
    7.225048542022705,
    9.244954586029053,
    8.247268199920654,
    9.94415283203125,
    10.26308536529541,
    10.594284534454346,
    17.47586727142334,
    17.075157165527344,
    10.937750339508057,
    11.289393901824951,
    12.99445629119873,
    13.321566581726074,
    12.33205795288086,
    14.065742492675781,
    14.401030540466309,
    14.752674102783203,
    16.126537322998047,
    15.402805805206299,
    14.368319511413574,
    15.100228786468506,
    15.77080488204956,
    15.06342887878418,
    15.738093852996826,
    16.106092929840088,
    16.375958919525146,
    15.783071517944336,
    16.13062620162964,
    17.353200912475586,
    16.42911434173584,
    16.719424724578857,
    18.036043643951416,
    18.00333261489868,
    18.36724281311035,
    18.346798419952393,
    19.642972946166992,
    20.93505859375,
    19.961905479431152,
    19.95372772216797,
    19.93328332901001,
    21.245813369750977,
    22.223055362701416,
    22.227144241333008,
    22.198522090911865,
    23.106253147125244,
    26.908910274505615,
    26.066601276397705,
    24.292027950286865,
    28.961527347564697,
    25.453269481658936,
    25.727224349975586,
    25.993001461029053,
    26.32420063018799,
    29.734325408935547,
    27.477264404296875,
    28.35228443145752,
    27.767574787139893,
    29.529881477355957,
    28.981971740722656,
    29.24365997314453,
    30.028724670410156,
    29.501259326934814,
    29.779303073883057,
    30.58481216430664,
    31.33716583251953,
    32.60880708694458,
    35.52417755126953,
    37.17608451843262,
    37.22106218338013,
    57.64501094818115,
    36.02710962295532,
    33.418405055999756,
    34.68186855316162,
    34.211647510528564,
    34.211647510528564,
    34.988534450531006,
    34.70640182495117,
    35.27884483337402,
    35.5405330657959,
    35.76951026916504,
    36.035287380218506,
    36.30106449127197,
    36.031198501586914,
    36.26835346221924,
    36.48097515106201,
    36.24790906906128,
    36.963462829589844,
    37.68310546875,
    37.16381788253784,
    39.290034770965576,
    38.35777044296265,
    38.34959268569946,
    39.944255352020264,
    39.98105525970459,
    39.976966381073,
    41.13820791244507,
    41.12594127655029,
    44.180333614349365,
    44.57695484161377,
    43.18264722824097,
    43.59971284866333,
    44.429755210876465,
    43.80415678024292,
    44.020867347717285,
    44.163978099823,
    43.955445289611816,
    46.82992696762085,
    47.05072641372681,
    45.97126245498657,
    45.02673149108887,
    46.20023965835571,
    45.590996742248535,
    45.00628709793091,
    44.78548765182495,
    45.79952955245972,
    46.03259563446045,
    46.21659517288208,
    47.37783670425415,
    46.842193603515625,
    48.00752401351929,
    46.981215476989746,
    47.81534671783447,
    48.596322536468506,
    49.83934164047241,
    49.62263107299805,
    49.962007999420166,
    49.80663061141968,
    49.99880790710449,
    50.66120624542236,
    51.01284980773926,
    50.35454034805298,
    50.50173997879028,
    50.83293914794922,
    51.85924768447876,
    51.69978141784668,
    52.04324722290039,
    52.20680236816406,
    52.90600061416626,
    55.126261711120605
  ],
  "timestamps": [
    0.007932901382446289,
    0.03600764274597168,
    0.06415963172912598,
    0.09224057197570801,
    0.12031769752502441,
    0.14825153350830078,
    0.17617177963256836,
    0.204146146774292,
    0.23220133781433105,
    0.26021456718444824,
    0.28820347785949707,
    0.31622958183288574,
    0.34421706199645996,
    0.3723428249359131,
    0.4006531238555908,
    0.42983317375183105,
    0.45821642875671387,
    0.48641419410705566,
    0.5149695873260498,
    0.543555498123169,
    0.571937084197998,
    0.6001837253570557,
    0.6285133361816406,
    0.6568589210510254,
    0.6851468086242676,
    0.7135343551635742,
    0.7419662475585938,
    0.7703661918640137,
    0.7988543510437012,
    0.8272781372070312,
    0.8557186126708984,
    0.8841898441314697,
    0.9127047061920166,
    0.9411725997924805,
    0.9696485996246338,
    0.9981379508972168,
    1.0266211032867432,
    1.055128574371338,
    1.0836446285247803,
    1.1122260093688965,
    1.140744686126709,
    1.1692876815795898,
    1.197904348373413,
    1.2265195846557617,
    1.2551589012145996,
    1.2837584018707275,
    1.312448263168335,
    1.3412106037139893,
    1.369980812072754,
    1.3987953662872314,
    1.4277775287628174,
    1.4566748142242432,
    1.4855880737304688,
    1.5144689083099365,
    1.5433237552642822,
    1.5722732543945312,
    1.6014456748962402,
    1.630634069442749,
    1.6596202850341797,
    1.688894510269165,
    1.7179322242736816,
    1.7470006942749023,
    1.7760701179504395,
    1.8051676750183105,
    1.8344602584838867,
    1.8635945320129395,
    1.8929224014282227,
    1.9221036434173584,
    1.9514522552490234,
    1.9807054996490479,
    2.0099923610687256,
    2.0393075942993164,
    2.0685462951660156,
    2.0978498458862305,
    2.127200126647949,
    2.1565945148468018,
    2.1860644817352295,
    2.215707302093506,
    2.2454426288604736,
    2.2751781940460205,
    2.3061070442199707,
    2.3357841968536377,
    2.3652586936950684,
    2.394902467727661,
    2.4246013164520264,
    2.454519510269165,
    2.484269380569458,
    2.5139787197113037,
    2.543630599975586,
    2.5732765197753906,
    2.602949857711792,
    2.6326112747192383,
    2.66229510307312,
    2.691957950592041,
    2.721640110015869,
    2.7513277530670166,
    2.7810072898864746,
    2.810723304748535,
    2.8404886722564697,
    2.8702187538146973,
    2.900078058242798,
    2.9298784732818604,
    2.959699869155884,
    2.9895777702331543,
    3.0194756984710693,
    3.0493521690368652,
    3.079298734664917,
    3.1092212200164795,
    3.139345407485962,
    3.1694681644439697,
    3.1995291709899902,
    3.2295939922332764,
    3.25972580909729,
    3.2898051738739014,
    3.319931745529175,
    3.3500311374664307,
    3.380139112472534,
    3.4104647636413574,
    3.4408037662506104,
    3.4710562229156494,
    3.50121808052063,
    3.5314579010009766,
    3.561645030975342,
    3.5918128490448,
    3.621974468231201,
    3.652189254760742,
    3.682417631149292,
    3.712634801864624,
    3.7429733276367188,
    3.773228645324707,
    3.8035738468170166,
    3.833834171295166,
    3.8641695976257324,
    3.89454984664917,
    3.924988031387329,
    3.955444812774658,
    3.985884428024292,
    4.016349792480469,
    4.046806573867798,
    4.077285051345825,
    4.107801675796509,
    4.138258695602417,
    4.1687469482421875,
    4.199251890182495,
    4.229800701141357,
    4.260401010513306,
    4.290980100631714,
    4.321548938751221,
    4.352180480957031,
    4.382935285568237
  ]
}