{
  "gesture_id": 2,
  "gesture_name": "pull",
  "timestamp": "2025-12-24T13:20:17.255867",
  "sample_rate": 50,
  "duration": 3.0,
  "distances": [
    10.954105854034424,
    10.982728004455566,
    9.584331512451172,
    9.588420391082764,
    16.43320322036743,
    10.9663724899292,
    9.23677682876587,
    9.23677682876587,
    8.876955509185791,
    9.948241710662842,
    9.265398979187012,
    9.940063953399658,
    10.267174243927002,
    9.220421314239502,
    10.941839218139648,
    10.978639125823975,
    10.598373413085938,
    11.976325511932373,
    12.307524681091309,
    12.327969074249268,
    13.023078441619873,
    13.701832294464111,
    13.362455368041992,
    14.065742492675781,
    13.370633125305176,
    14.045298099517822,
    14.69951868057251,
    15.443694591522217,
    14.384675025939941,
    15.055251121520996,
    15.774893760681152,
    16.437292098999023,
    17.050623893737793,
    15.410983562469482,
    17.034268379211426,
    16.416847705841064,
    16.72760248184204,
    16.118359565734863,
    17.713022232055664,
    17.050623893737793,
    17.68031120300293,
    17.038357257843018,
    17.70484447479248,
    17.050623893737793,
    18.677997589111328,
    19.013285636901855,
    19.336307048797607,
    18.31817626953125,
    18.665730953216553,
    20.25221586227417,
    19.626617431640625,
    19.929194450378418,
    20.59159278869629,
    20.877814292907715,
    20.25221586227417,
    20.93505859375,
    21.61381244659424,
    22.21078872680664,
    21.86732292175293,
    22.509276866912842,
    27.497708797454834,
    22.541987895965576,
    23.11851978302002,
    23.433363437652588,
    22.223055362701416,
    22.795498371124268,
    22.57061004638672,
    25.702691078186035,
    24.292027950286865,
    24.00989532470703,
    23.69096279144287,
    23.400652408599854,
    24.001717567443848,
    24.271583557128906,
    23.98536205291748,
    27.211487293243408,
    24.909448623657227,
    24.54962730407715,
    25.134336948394775,
    24.831759929656982,
    25.46553611755371,
    25.14660358428955,
    25.719046592712402,
    26.74126625061035,
    26.884377002716064,
    27.493619918823242,
    26.659488677978516,
    26.361000537872314,
    28.67121696472168,
    27.23602056503296,
    26.888465881347656,
    27.53450870513916,
    27.779841423034668,
    27.522242069244385,
    28.08241844177246,
    29.19868230819702,
    28.061974048614502,
    28.703927993774414,
    29.73841428756714,
    29.529881477355957,
    29.235482215881348,
    29.497170448303223,
    29.231393337249756,
    29.484903812408447,
    29.255926609039307,
    29.51761484146118,
    30.531656742095947,
    30.314946174621582,
    30.568456649780273,
    30.343568325042725,
    31.316721439361572,
    31.100010871887207,
    30.83014488220215,
    31.864631175994873,
    32.1508526802063,
    31.889164447784424,
    32.13040828704834,
    31.90551996231079,
    32.90729522705078,
    32.641518115997314,
    33.17716121673584,
    32.92365074157715,
    33.44293832778931,
    32.67831802368164,
    33.21805000305176,
    32.92365074157715,
    33.986759185791016,
    33.75369310379028,
    33.43476057052612,
    33.70462656021118,
    34.735023975372314,
    35.00488996505737,
    34.48969125747681,
    34.739112854003906,
    36.29697561264038,
    37.02888488769531,
    37.68719434738159,
    36.260175704956055,
    36.554574966430664,
    36.7344856262207,
    37.00844049453735,
    37.72808313369751,
    37.9325270652771,
    38.16150426864624,
    38.398659229278564,
    38.59083652496338,
    38.398659229278564,
    39.085590839385986,
    39.34727907180786,
    41.20362997055054
  ],
  "timestamps": [
    0.008100748062133789,
    0.036396026611328125,
    0.0645756721496582,
    0.09275007247924805,
    0.12130951881408691,
    0.14952635765075684,
    0.17763900756835938,
    0.2057480812072754,
    0.23383545875549316,
    0.26198673248291016,
    0.29009556770324707,
    0.3182375431060791,
    0.3464021682739258,
    0.37450456619262695,
    0.4027063846588135,
    0.4309098720550537,
    0.4590904712677002,
    0.4873969554901123,
    0.515660285949707,
    0.5439624786376953,
    0.5722918510437012,
    0.6006689071655273,
    0.6290230751037598,
    0.6574740409851074,
    0.6859900951385498,
    0.7144176959991455,
    0.7428414821624756,
    0.7712914943695068,
    0.7996823787689209,
    0.8281173706054688,
    0.8566083908081055,
    0.8851327896118164,
    0.9137046337127686,
    0.9421741962432861,
    0.9707164764404297,
    0.9992191791534424,
    1.0277762413024902,
    1.0563688278198242,
    1.0849909782409668,
    1.1135637760162354,
    1.142160415649414,
    1.1707017421722412,
    1.199279546737671,
    1.2278013229370117,
    1.2564337253570557,
    1.285083293914795,
    1.313753604888916,
    1.3423717021942139,
    1.3710238933563232,
    1.3997724056243896,
    1.4284615516662598,
    1.457176923751831,
    1.4859237670898438,
    1.514683485031128,
    1.543419599533081,
    1.5722472667694092,
    1.6010749340057373,
    1.6299409866333008,
    1.6588470935821533,
    1.6878819465637207,
    1.718071699142456,
    1.7470829486846924,
    1.776021957397461,
    1.8049516677856445,
    1.8338098526000977,
    1.8626956939697266,
    1.8915619850158691,
    1.920609712600708,
    1.949571132659912,
    1.9785182476043701,
    2.0074431896209717,
    2.03635311126709,
    2.065305709838867,
    2.0942955017089844,
    2.1232662200927734,
    2.1524558067321777,
    2.1815075874328613,
    2.2105040550231934,
    2.2395222187042236,
    2.2685182094573975,
    2.297550916671753,
    2.3265626430511475,
    2.3556041717529297,
    2.3846960067749023,
    2.413831949234009,
    2.4430017471313477,
    2.472120761871338,
    2.5011954307556152,
    2.5304336547851562,
    2.5595688819885254,
    2.5886929035186768,
    2.6178741455078125,
    2.647031545639038,
    2.6763477325439453,
    2.705610990524292,
    2.734881639480591,
    2.764073133468628,
    2.7932965755462646,
    2.8225786685943604,
    2.8518447875976562,
    2.8810935020446777,
    2.9103729724884033,
    2.9396228790283203,
    2.968886137008667,
    2.9981417655944824,
    3.0274341106414795,
    3.0567777156829834,
    3.0861170291900635,
    3.1154625415802,
    3.1447830200195312,
    3.174156665802002,
    3.203526496887207,
    3.232888698577881,
    3.262314558029175,
    3.291775941848755,
    3.3212039470672607,
    3.3506414890289307,
    3.38006591796875,
    3.4095420837402344,
    3.4389960765838623,
    3.4684793949127197,
    3.4979488849639893,
    3.527445077896118,
    3.556894063949585,
    3.5863778591156006,
    3.6158478260040283,
    3.645376682281494,
    3.675034761428833,
    3.7046868801116943,
    3.7342379093170166,
    3.7638115882873535,
    3.793405532836914,
    3.822964906692505,
    3.8525400161743164,
    3.882202386856079,
    3.911928176879883,
    3.9416708946228027,
    3.9713330268859863,
    4.001007795333862,
    4.030695676803589,
    4.060397148132324,
    4.090165853500366,
    4.11996054649353,
    4.149735689163208,
    4.179520606994629,
    4.209318161010742,
    4.239099502563477,
    4.268950462341309,
    4.298791408538818,
    4.3287575244903564
  ]
}