{
  "gesture_id": 2,
  "gesture_name": "pull",
  "timestamp": "2025-12-23T15:25:03.035829",
  "sample_rate": 50,
  "duration": 3.0,
  "distances": [
    16.441380977630615,
    16.437292098999023,
    16.412758827209473,
    16.396403312683105,
    16.425025463104248,
    16.425025463104248,
    16.412758827209473,
    16.425025463104248,
    16.445469856262207,
    16.04475975036621,
    16.057026386260986,
    17.06697940826416,
    15.734004974365234,
    15.42733907699585,
    16.43320322036743,
    16.08973741531372,
    15.750360488891602,
    16.420936584472656,
    17.08742380142212,
    16.76849126815796,
    16.138803958892822,
    16.731691360473633,
    16.08564853668213,
    16.371870040893555,
    17.075157165527344,
    16.40458106994629,
    17.0465350151062,
    16.441380977630615,
    17.034268379211426,
    17.696666717529297,
    17.071068286895752,
    17.721199989318848,
    18.326354026794434,
    19.93328332901001,
    18.36315393447876,
    18.943774700164795,
    19.610261917114258,
    20.244038105010986,
    20.91052532196045,
    21.55247926712036,
    19.961905479431152,
    20.603859424591064,
    19.961905479431152,
    19.581639766693115,
    20.244038105010986,
    20.894169807434082,
    21.540212631225586,
    22.2312331199646,
    21.875500679016113,
    22.48474359512329,
    20.873725414276123,
    22.80367612838745,
    22.521543502807617,
    22.18625545501709,
    21.875500679016113,
    26.32420063018799,
    23.421096801757812,
    25.71495771408081,
    23.64598512649536,
    22.533810138702393,
    23.044919967651367,
    24.55371618270874,
    27.141976356506348,
    26.880288124084473,
    28.319573402404785,
    24.30020570755005,
    23.94038438796997,
    28.061974048614502,
    24.844026565551758,
    27.182865142822266,
    30.004191398620605,
    52.141380310058594,
    29.983747005462646,
    29.76703643798828,
    29.983747005462646,
    56.47150278091431,
    29.190504550933838,
    29.44810390472412,
    29.734325408935547,
    30.01236915588379,
    29.726147651672363,
    29.97148036956787,
    30.237257480621338,
    29.983747005462646,
    30.26587963104248,
    30.527567863464355,
    31.574320793151855,
    30.548012256622314,
    30.805611610412598,
    30.531656742095947,
    31.590676307678223,
    31.807386875152588,
    32.05680847167969,
    33.144450187683105,
    32.08543062210083,
    33.12809467315674,
    33.43067169189453,
    32.2489857673645,
    33.3979606628418,
    32.33076333999634,
    33.42249393463135,
    33.15262794494629,
    32.87867307662964,
    33.95404815673828,
    33.67600440979004,
    33.418405055999756,
    33.667826652526855,
    33.93360376358032,
    34.22800302505493,
    34.44880247116089,
    34.191203117370605,
    35.20933389663696,
    34.191203117370605,
    35.22160053253174,
    34.191203117370605,
    35.213422775268555,
    35.4914665222168,
    35.258400440216064,
    35.47511100769043,
    35.233867168426514,
    36.235642433166504,
    36.05164289474487,
    35.75315475463867,
    36.00666522979736,
    36.49733066558838,
    36.25608682632446,
    38.128793239593506,
    37.41323947906494,
    37.216973304748535,
    36.95528507232666,
    37.22923994064331,
    37.466394901275635,
    37.650394439697266,
    37.86710500717163,
    37.66674995422363,
    39.96061086654663,
    39.285945892333984,
    39.51901197433472,
    39.265501499176025,
    39.056968688964844,
    39.31865692138672,
    39.53127861022949,
    39.26959037780762,
    39.514923095703125,
    39.743900299072266,
    39.976966381073,
    40.69252014160156,
    40.46354293823242,
    41.1709189414978,
    41.39580726623535
  ],
  "timestamps": [
    0.008419036865234375,
    0.037035465240478516,
    0.06560754776000977,
    0.09422898292541504,
    0.12277388572692871,
    0.1513230800628662,
    0.17985749244689941,
    0.20838689804077148,
    0.23691964149475098,
    0.2654292583465576,
    0.2939329147338867,
    0.32248663902282715,
    0.35095977783203125,
    0.3794972896575928,
    0.40802955627441406,
    0.4365401268005371,
    0.4650304317474365,
    0.4935600757598877,
    0.5221271514892578,
    0.5506775379180908,
    0.5791900157928467,
    0.6077404022216797,
    0.6362521648406982,
    0.6647770404815674,
    0.6933431625366211,
    0.7218594551086426,
    0.750403881072998,
    0.7789063453674316,
    0.8075494766235352,
    0.8362178802490234,
    0.8649387359619141,
    0.8943524360656738,
    0.923121452331543,
    0.9518616199493408,
    0.9804930686950684,
    1.0092051029205322,
    1.0379388332366943,
    1.0667023658752441,
    1.095494031906128,
    1.124316692352295,
    1.1530404090881348,
    1.1817963123321533,
    1.2105066776275635,
    1.2392053604125977,
    1.2679533958435059,
    1.2967395782470703,
    1.3255653381347656,
    1.354414463043213,
    1.3832385540008545,
    1.4121003150939941,
    1.4408833980560303,
    1.46978759765625,
    1.4986698627471924,
    1.5275325775146484,
    1.5563616752624512,
    1.5854485034942627,
    1.6143598556518555,
    1.643418312072754,
    1.6723716259002686,
    1.7012498378753662,
    1.7301647663116455,
    1.7591538429260254,
    1.7882893085479736,
    1.817401647567749,
    1.8466517925262451,
    1.875725507736206,
    1.904719591140747,
    1.9339265823364258,
    1.9629342555999756,
    1.99212646484375,
    2.021414041519165,
    2.0520119667053223,
    2.0813252925872803,
    2.1106338500976562,
    2.1399598121643066,
    2.1708710193634033,
    2.2001335620880127,
    2.2294039726257324,
    2.2586851119995117,
    2.2879855632781982,
    2.317270278930664,
    2.346569299697876,
    2.3759028911590576,
    2.405200958251953,
    2.434511184692383,
    2.4638495445251465,
    2.4932639598846436,
    2.522615432739258,
    2.5519766807556152,
    2.5813186168670654,
    2.6107118129730225,
    2.640120029449463,
    2.669538736343384,
    2.6990225315093994,
    2.728447198867798,
    2.7579307556152344,
    2.7874364852905273,
    2.816869020462036,
    2.8464033603668213,
    2.87591290473938,
    2.905428171157837,
    2.934915065765381,
    2.9643986225128174,
    2.9939184188842773,
    3.023425579071045,
    3.052901029586792,
    3.0824086666107178,
    3.1119332313537598,
    3.141460418701172,
    3.1710174083709717,
    3.2005364894866943,
    3.2301242351531982,
    3.2596821784973145,
    3.2892651557922363,
    3.3188037872314453,
    3.348407030105591,
    3.3780078887939453,
    3.4076075553894043,
    3.4372003078460693,
    3.4668028354644775,
    3.496462345123291,
    3.5260934829711914,
    3.5557186603546143,
    3.5853464603424072,
    3.615023374557495,
    3.6446805000305176,
    3.6744322776794434,
    3.704160451889038,
    3.733863592147827,
    3.76357102394104,
    3.7932655811309814,
    3.8229968547821045,
    3.8527750968933105,
    3.8826308250427246,
    3.912393808364868,
    3.9422647953033447,
    3.9721038341522217,
    4.001940727233887,
    4.031778812408447,
    4.06158709526062,
    4.0914247035980225,
    4.121262550354004,
    4.151104688644409,
    4.180938959121704,
    4.210803508758545,
    4.240687131881714,
    4.270590543746948,
    4.300515413284302,
    4.330446720123291,
    4.360421419143677
  ]
}