{
  "gesture_id": 3,
  "gesture_name": "circle",
  "timestamp": "2025-12-23T15:37:26.827465",
  "sample_rate": 50,
  "duration": 3.0,
  "distances": [
    56.93354606628418,
    57.64501094818115,
    57.8698992729187,
    62.9033088684082,
    61.05104684829712,
    50.68165063858032,
    57.21158981323242,
    58.376920223236084,
    57.64501094818115,
    62.42082118988037,
    56.761813163757324,
    52.88964509963989,
    53.06546688079834,
    53.237199783325195,
    52.055513858795166,
    56.77816867828369,
    52.72608995437622,
    56.651413440704346,
    60.748469829559326,
    53.257644176483154,
    50.30956268310547,
    51.67933702468872,
    58.47914218902588,
    58.23380947113037,
    52.165913581848145,
    56.810879707336426,
    56.50012493133545,
    49.25054311752319,
    49.822986125946045,
    48.80894422531128,
    46.42103910446167,
    45.635974407196045,
    45.406997203826904,
    43.21126937866211,
    46.03668451309204,
    48.01570177078247,
    43.4157133102417,
    57.36287832260132,
    43.59562397003174,
    41.1709189414978,
    40.89287519454956,
    41.39989614486694,
    41.833317279815674,
    39.72345590591431,
    41.150474548339844,
    40.651631355285645,
    41.59616231918335,
    45.22299766540527,
    42.09091663360596,
    44.82228755950928,
    42.98638105392456,
    45.03490924835205,
    49.82707500457764,
    57.649099826812744,
    46.8544602394104,
    58.4668755531311,
    49.957919120788574,
    50.280940532684326,
    49.80663061141968,
    58.02527666091919,
    57.21158981323242,
    56.7740797996521,
    51.0414719581604,
    52.56662368774414,
    52.40306854248047,
    59.497272968292236,
    56.79452419281006,
    51.99826955795288,
    58.495497703552246,
    50.440406799316406,
    49.77391958236694,
    58.72856378555298,
    57.170701026916504,
    56.59825801849365,
    57.0235013961792,
    50.41996240615845,
    57.43238925933838,
    60.87522506713867,
    46.3556170463562,
    56.61052465438843,
    43.763267993927,
    60.405004024505615,
    42.066383361816406,
    44.12308931350708,
    44.75686550140381,
    40.43900966644287,
    44.38068866729736,
    40.86834192276001,
    41.29767417907715,
    38.2800817489624,
    47.3533034324646,
    36.95119619369507,
    37.86301612854004,
    38.374125957489014,
    40.426743030548096,
    39.25732374191284,
    39.52310085296631,
    38.37003707885742,
    42.73695945739746,
    37.9325270652771,
    39.948344230651855,
    50.186896324157715,
    41.82922840118408,
    44.36842203140259,
    43.178558349609375,
    44.78548765182495,
    44.2130446434021,
    44.8100209236145,
    46.01624011993408,
    56.6227912902832,
    46.21250629425049,
    47.459614276885986,
    58.740830421447754,
    49.78209733963013,
    49.83525276184082,
    58.93300771713257,
    49.982452392578125,
    58.356475830078125,
    58.79807472229004,
    50.53853988647461,
    57.91487693786621,
    57.90669918060303,
    58.32785367965698,
    49.822986125946045,
    56.89265727996826,
    52.006447315216064,
    49.778008460998535,
    56.47150278091431,
    56.6227912902832,
    49.63080883026123,
    56.54919147491455,
    43.80824565887451,
    50.33409595489502,
    44.78139877319336,
    44.18851137161255,
    44.19260025024414,
    55.809104442596436,
    43.3666467666626,
    45.8077073097229,
    44.59331035614014,
    49.62263107299805,
    37.924349308013916,
    46.249306201934814,
    37.18017339706421,
    36.29697561264038,
    41.38762950897217,
    37.216973304748535,
    44.98175382614136,
    42.30762720108032,
    36.49733066558838
  ],
  "timestamps": [
    0.010775089263916016,
    0.04180121421813965,
    0.07278919219970703,
    0.10403752326965332,
    0.13515520095825195,
    0.1656663417816162,
    0.19655656814575195,
    0.22754549980163574,
    0.258650541305542,
    0.2898848056793213,
    0.3207266330718994,
    0.3513505458831787,
    0.3819868564605713,
    0.41263556480407715,
    0.44321322441101074,
    0.4740772247314453,
    0.5047314167022705,
    0.5355691909790039,
    0.566659688949585,
    0.5972850322723389,
    0.6277444362640381,
    0.658292293548584,
    0.6892352104187012,
    0.7201566696166992,
    0.7507688999176025,
    0.7816343307495117,
    0.8124804496765137,
    0.8429033756256104,
    0.8733625411987305,
    0.9037473201751709,
    0.9340240955352783,
    0.9642281532287598,
    0.9943997859954834,
    1.0244605541229248,
    1.0546762943267822,
    1.0850250720977783,
    1.1151044368743896,
    1.1459956169128418,
    1.1760857105255127,
    1.2060115337371826,
    1.2359981536865234,
    1.2660183906555176,
    1.2960731983184814,
    1.3260295391082764,
    1.356003761291504,
    1.385913610458374,
    1.4158999919891357,
    1.446073055267334,
    1.4760856628417969,
    1.506232738494873,
    1.5362906455993652,
    1.5664453506469727,
    1.5969018936157227,
    1.6277952194213867,
    1.6580994129180908,
    1.6890590190887451,
    1.7195031642913818,
    1.750002145767212,
    1.780456781387329,
    1.8113741874694824,
    1.842268943786621,
    1.8731284141540527,
    1.9036331176757812,
    1.9342553615570068,
    1.9648795127868652,
    1.99588942527771,
    2.0267670154571533,
    2.0573785305023193,
    2.0883939266204834,
    2.1188724040985107,
    2.1493098735809326,
    2.18027925491333,
    2.211185932159424,
    2.2420945167541504,
    2.2730555534362793,
    2.303574323654175,
    2.3344733715057373,
    2.36556339263916,
    2.395798444747925,
    2.42668080329895,
    2.4567997455596924,
    2.4878649711608887,
    2.5178725719451904,
    2.547980785369873,
    2.5781617164611816,
    2.60807204246521,
    2.6381895542144775,
    2.6681227684020996,
    2.698063611984253,
    2.7278530597686768,
    2.75815749168396,
    2.7878668308258057,
    2.817643404006958,
    2.847435235977173,
    2.8773417472839355,
    2.907160520553589,
    2.9370195865631104,
    2.966784715652466,
    2.996826410293579,
    3.0265684127807617,
    3.0564515590667725,
    3.086904764175415,
    3.116891622543335,
    3.1470048427581787,
    3.1770708560943604,
    3.2072324752807617,
    3.2374143600463867,
    3.267634630203247,
    3.2978999614715576,
    3.3287603855133057,
    3.3589937686920166,
    3.3893134593963623,
    3.4202768802642822,
    3.4507863521575928,
    3.481236219406128,
    3.512207269668579,
    3.542666435241699,
    3.573620080947876,
    3.604600667953491,
    3.63509464263916,
    3.666020393371582,
    3.696946859359741,
    3.7278990745544434,
    3.758357286453247,
    3.789212703704834,
    3.819775342941284,
    3.8502321243286133,
    3.8810765743255615,
    3.9119205474853516,
    3.9423930644989014,
    3.973248243331909,
    4.003332853317261,
    4.033815860748291,
    4.063951730728149,
    4.0940632820129395,
    4.124174118041992,
    4.154954195022583,
    4.185035943984985,
    4.215238809585571,
    4.245447635650635,
    4.275949478149414,
    4.305734395980835,
    4.335968971252441,
    4.365691184997559,
    4.39534330368042,
    4.425307035446167,
    4.455019474029541,
    4.485201835632324,
    4.5152130126953125,
    4.544914960861206
  ]
}