{
  "gesture_id": 3,
  "gesture_name": "circle",
  "timestamp": "2025-12-24T13:34:17.589592",
  "sample_rate": 50,
  "duration": 3.0,
  "distances": [
    63.82330656051636,
    57.25247859954834,
    51.26636028289795,
    57.97621011734009,
    62.363576889038086,
    52.12502479553223,
    50.70618391036987,
    51.393115520477295,
    53.302621841430664,
    62.51077651977539,
    44.63828802108765,
    50.734806060791016,
    50.57942867279053,
    52.63204574584961,
    56.831324100494385,
    62.224555015563965,
    61.25140190124512,
    52.11684703826904,
    56.561458110809326,
    56.692302227020264,
    52.42351293563843,
    54.16537523269653,
    56.66776895523071,
    59.66900587081909,
    56.94990158081055,
    62.792909145355225,
    56.66368007659912,
    59.951138496398926,
    56.70047998428345,
    58.84305238723755,
    56.70047998428345,
    56.083059310913086,
    55.195772647857666,
    55.32252788543701,
    52.95506715774536,
    55.375683307647705,
    55.20395040512085,
    53.29444408416748,
    49.9947190284729,
    51.691603660583496,
    47.64361381530762,
    49.483609199523926,
    48.0525016784668,
    49.45089817047119,
    44.613754749298096,
    44.4133996963501,
    44.818198680877686,
    45.80361843109131,
    45.62370777130127,
    50.3422737121582,
    43.00682544708252,
    54.24715280532837,
    44.98584270477295,
    45.21481990814209,
    44.84682083129883,
    59.05567407608032,
    56.966257095336914,
    57.20341205596924,
    48.45321178436279,
    49.01338815689087,
    50.68165063858032,
    52.70155668258667,
    51.029205322265625,
    60.315048694610596,
    56.786346435546875,
    56.78225755691528,
    56.80270195007324,
    54.41479682922363,
    58.5200309753418,
    57.23203420639038,
    60.883402824401855,
    57.22794532775879,
    57.080745697021484,
    58.630430698394775,
    56.93763494491577,
    57.94349908828735,
    59.75896120071411,
    56.79861307144165,
    56.626880168914795,
    52.0391583442688,
    56.516480445861816,
    55.97265958786011,
    50.1460075378418,
    52.39897966384888,
    46.024417877197266,
    48.82938861846924,
    53.0859112739563,
    49.798452854156494,
    44.20895576477051,
    43.41980218887329,
    46.02850675582886,
    44.44611072540283,
    45.05126476287842,
    43.00273656845093,
    49.65943098068237,
    42.78602600097656,
    44.36842203140259,
    44.78139877319336,
    47.022104263305664,
    44.41748857498169,
    43.78780126571655,
    46.6050386428833,
    45.83632946014404,
    48.03614616394043,
    56.831324100494385,
    47.44734764099121,
    58.64269733428955,
    51.02511644363403,
    56.63096904754639,
    56.66776895523071,
    51.188671588897705,
    56.91719055175781,
    56.80270195007324,
    56.9744348526001,
    56.55328035354614,
    59.63629484176636,
    57.767677307128906,
    59.063851833343506,
    58.241987228393555,
    58.68767499923706,
    58.6672306060791,
    58.66314172744751,
    59.20287370681763,
    59.084296226501465,
    59.2151403427124,
    58.331942558288574,
    58.900296688079834,
    58.3687424659729,
    58.086609840393066,
    57.9189658164978,
    56.651413440704346,
    57.21158981323242,
    55.1794171333313,
    52.255868911743164,
    51.348137855529785,
    56.696391105651855,
    56.95807933807373,
    50.166451930999756,
    56.16074800491333,
    48.641300201416016,
    48.24059009552002,
    48.665833473205566,
    48.42050075531006,
    48.04023504257202,
    53.25355529785156,
    46.224772930145264,
    48.69036674499512,
    49.48769807815552,
    42.13589429855347,
    55.011773109436035
  ],
  "timestamps": [
    0.011178016662597656,
    0.042179107666015625,
    0.07277464866638184,
    0.10372257232666016,
    0.13495850563049316,
    0.16562557220458984,
    0.19611811637878418,
    0.2266712188720703,
    0.25733447074890137,
    0.2885251045227051,
    0.3186659812927246,
    0.34915637969970703,
    0.37964940071105957,
    0.41028690338134766,
    0.4411475658416748,
    0.47232508659362793,
    0.5034494400024414,
    0.5340380668640137,
    0.5648889541625977,
    0.5958430767059326,
    0.6264894008636475,
    0.6571946144104004,
    0.6880440711975098,
    0.7190830707550049,
    0.7499685287475586,
    0.781212329864502,
    0.81207275390625,
    0.8431189060211182,
    0.873969554901123,
    0.904949426651001,
    0.9358227252960205,
    0.9666402339935303,
    0.9974086284637451,
    1.0281870365142822,
    1.058823823928833,
    1.0896015167236328,
    1.120368480682373,
    1.1510212421417236,
    1.181497573852539,
    1.2120568752288818,
    1.2423830032348633,
    1.2728185653686523,
    1.303161382675171,
    1.3335797786712646,
    1.3637077808380127,
    1.3938403129577637,
    1.4240000247955322,
    1.454216480255127,
    1.4844253063201904,
    1.514915943145752,
    1.5449674129486084,
    1.5757298469543457,
    1.6060922145843506,
    1.6363930702209473,
    1.6666624546051025,
    1.6976783275604248,
    1.7285592555999756,
    1.7594490051269531,
    1.789853572845459,
    1.8202645778656006,
    1.850766658782959,
    1.881385326385498,
    1.9118776321411133,
    1.9429280757904053,
    1.9737699031829834,
    2.0046045780181885,
    2.035463571548462,
    2.06618332862854,
    2.0971596240997314,
    2.128026008605957,
    2.1591224670410156,
    2.1900017261505127,
    2.2208664417266846,
    2.251801013946533,
    2.2826695442199707,
    2.313587188720703,
    2.344599962234497,
    2.3754591941833496,
    2.406325101852417,
    2.436908006668091,
    2.467729091644287,
    2.498563528060913,
    2.5290329456329346,
    2.5596063137054443,
    2.5898375511169434,
    2.6202969551086426,
    2.650942087173462,
    2.681398868560791,
    2.71152925491333,
    2.7416114807128906,
    2.7718284130096436,
    2.8019676208496094,
    2.832141399383545,
    2.862178087234497,
    2.8926186561584473,
    2.9226582050323486,
    2.952791690826416,
    2.98293137550354,
    3.0132148265838623,
    3.043330192565918,
    3.073425769805908,
    3.1036691665649414,
    3.1339190006256104,
    3.1642673015594482,
    3.1951045989990234,
    3.2254140377044678,
    3.256349802017212,
    3.2868614196777344,
    3.3176965713500977,
    3.348527669906616,
    3.3790557384490967,
    3.4099221229553223,
    3.4407758712768555,
    3.4716274738311768,
    3.5024678707122803,
    3.5334925651550293,
    3.5643889904022217,
    3.595492124557495,
    3.626511812210083,
    3.6575160026550293,
    3.6885104179382324,
    3.7195043563842773,
    3.7505509853363037,
    3.7815914154052734,
    3.8126089572906494,
    3.843575954437256,
    3.8745627403259277,
    3.905514717102051,
    3.9364521503448486,
    3.9673938751220703,
    3.9982643127441406,
    4.02916407585144,
    4.05994439125061,
    4.090558290481567,
    4.121073007583618,
    4.151940584182739,
    4.1828131675720215,
    4.213284492492676,
    4.244102954864502,
    4.274499893188477,
    4.30487847328186,
    4.33527398109436,
    4.36566686630249,
    4.396031618118286,
    4.426691770553589,
    4.456956148147583,
    4.487476587295532,
    4.5179221630096436,
    4.547934532165527,
    4.5787672996521
  ]
}