{
  "gesture_id": 3,
  "gesture_name": "circle",
  "timestamp": "2025-12-24T13:29:26.343281",
  "sample_rate": 50,
  "duration": 3.0,
  "distances": [
    56.561458110809326,
    55.3797721862793,
    39.081501960754395,
    39.09785747528076,
    40.905141830444336,
    44.842731952667236,
    57.26883411407471,
    57.41603374481201,
    50.01516342163086,
    57.96394348144531,
    58.421897888183594,
    57.25656747817993,
    56.855857372283936,
    52.59115695953369,
    58.95345211029053,
    57.694077491760254,
    52.59115695953369,
    56.85994625091553,
    57.673633098602295,
    56.397902965545654,
    56.058526039123535,
    56.95807933807373,
    56.59416913986206,
    57.1216344833374,
    51.7406702041626,
    54.65604066848755,
    53.26991081237793,
    51.233649253845215,
    50.37907361984253,
    50.87791681289673,
    50.043785572052,
    49.688053131103516,
    49.69214200973511,
    49.67578649520874,
    55.191683769226074,
    53.96910905838013,
    51.42991542816162,
    43.21944713592529,
    53.78919839859009,
    44.06993389129639,
    41.81696176528931,
    39.535367488861084,
    49.867963790893555,
    53.97319793701172,
    39.96469974517822,
    40.50034284591675,
    36.79581880569458,
    36.30106449127197,
    35.033512115478516,
    36.05982065200806,
    37.20879554748535,
    34.784090518951416,
    36.080265045166016,
    56.70865774154663,
    38.35777044296265,
    57.29336738586426,
    37.90390491485596,
    36.32559776306152,
    56.58599138259888,
    40.00558853149414,
    37.90799379348755,
    56.36928081512451,
    56.41834735870361,
    56.8231463432312,
    50.36271810531616,
    56.79861307144165,
    56.99487924575806,
    52.4357795715332,
    50.5426287651062,
    56.401991844177246,
    59.517717361450195,
    54.631507396698,
    57.70225524902344,
    58.082520961761475,
    58.9657187461853,
    56.80270195007324,
    56.56554698944092,
    56.990790367126465,
    56.720924377441406,
    56.68821334838867,
    59.22740697860718,
    55.15897274017334,
    56.84767961502075,
    54.63968515396118,
    54.11221981048584,
    56.725013256073,
    56.692302227020264,
    58.540475368499756,
    57.694077491760254,
    56.68821334838867,
    56.65959119796753,
    56.68412446975708,
    55.011773109436035,
    47.684502601623535,
    43.41980218887329,
    56.85994625091553,
    44.020867347717285,
    41.16683006286621,
    40.50852060317993,
    34.9926233291626,
    36.31333112716675,
    56.36110305786133,
    37.674927711486816,
    49.99063014984131,
    36.2887978553772,
    47.39419221878052,
    38.11652660369873,
    37.4336838722229,
    49.97427463531494,
    56.50830268859863,
    37.68310546875,
    38.353681564331055,
    43.1662917137146,
    36.52186393737793,
    36.26426458358765,
    49.83934164047241,
    37.899816036224365,
    40.222299098968506,
    41.54709577560425,
    35.262489318847656,
    43.203091621398926,
    45.82815170288086,
    38.173770904541016,
    38.6317253112793,
    56.66368007659912,
    43.18264722824097,
    43.00682544708252,
    44.21713352203369,
    56.79861307144165,
    56.80270195007324,
    50.33409595489502,
    57.04394578933716,
    51.732492446899414,
    57.06439018249512,
    51.36040449142456,
    57.07665681838989,
    57.09301233291626,
    57.93532133102417,
    56.532835960388184,
    56.52874708175659,
    57.334256172180176,
    57.32607841491699,
    56.93354606628418,
    56.94172382354736,
    53.5847544670105,
    56.692302227020264,
    57.75949954986572,
    56.93763494491577,
    56.95399045944214,
    56.925368309020996
  ],
  "timestamps": [
    0.010763406753540039,
    0.041649580001831055,
    0.0715341567993164,
    0.10137128829956055,
    0.131333589553833,
    0.1614978313446045,
    0.19244933128356934,
    0.22335505485534668,
    0.2538332939147949,
    0.28476476669311523,
    0.3157198429107666,
    0.34660768508911133,
    0.3774726390838623,
    0.40808820724487305,
    0.43907737731933594,
    0.4699897766113281,
    0.5006022453308105,
    0.5314652919769287,
    0.5623717308044434,
    0.5932040214538574,
    0.6240124702453613,
    0.6548786163330078,
    0.6857395172119141,
    0.7166213989257812,
    0.7471919059753418,
    0.7779281139373779,
    0.808621883392334,
    0.8392176628112793,
    0.8697259426116943,
    0.9002673625946045,
    0.9307494163513184,
    0.9612040519714355,
    0.9916532039642334,
    1.0221061706542969,
    1.0528714656829834,
    1.083571434020996,
    1.1141178607940674,
    1.1441824436187744,
    1.174867868423462,
    1.2050013542175293,
    1.235001564025879,
    1.2648711204528809,
    1.2953269481658936,
    1.3260235786437988,
    1.3559067249298096,
    1.3858137130737305,
    1.4155476093292236,
    1.4452123641967773,
    1.4748013019561768,
    1.504448652267456,
    1.534165859222412,
    1.5637404918670654,
    1.5933942794799805,
    1.6242461204528809,
    1.654026985168457,
    1.6849110126495361,
    1.7146706581115723,
    1.7443385124206543,
    1.775183916091919,
    1.8051064014434814,
    1.834963321685791,
    1.8658483028411865,
    1.8966925144195557,
    1.9275588989257812,
    1.9580552577972412,
    1.9889206886291504,
    2.0197908878326416,
    2.0503947734832764,
    2.080888032913208,
    2.1117234230041504,
    2.1427414417266846,
    2.173464298248291,
    2.204362630844116,
    2.2353174686431885,
    2.266310214996338,
    2.2971718311309814,
    2.328019618988037,
    2.3589110374450684,
    2.38976788520813,
    2.420623302459717,
    2.45162034034729,
    2.482372283935547,
    2.5132133960723877,
    2.5439298152923584,
    2.5746028423309326,
    2.605454683303833,
    2.636305809020996,
    2.667245626449585,
    2.6981613636016846,
    2.729048490524292,
    2.7598886489868164,
    2.7907774448394775,
    2.821669816970825,
    2.8520166873931885,
    2.8820743560791016,
    2.9129366874694824,
    2.943030595779419,
    2.9729831218719482,
    3.0028913021087646,
    3.0324950218200684,
    3.0621399879455566,
    3.0929744243621826,
    3.1227006912231445,
    3.1531569957733154,
    3.182835340499878,
    3.2131426334381104,
    3.2429144382476807,
    3.272646188735962,
    3.3030927181243896,
    3.3339595794677734,
    3.3637285232543945,
    3.393549680709839,
    3.423640489578247,
    3.453338623046875,
    3.4830031394958496,
    3.5134551525115967,
    3.543213129043579,
    3.5730843544006348,
    3.603055477142334,
    3.6326513290405273,
    3.6627137660980225,
    3.6929447650909424,
    3.7227325439453125,
    3.752549886703491,
    3.783419609069824,
    3.8135986328125,
    3.843743085861206,
    3.8739068508148193,
    3.9047203063964844,
    3.9355878829956055,
    3.9660704135894775,
    3.996961832046509,
    4.027544260025024,
    4.058436393737793,
    4.088992595672607,
    4.11990213394165,
    4.150791168212891,
    4.181734561920166,
    4.21259331703186,
    4.243449926376343,
    4.274337291717529,
    4.3052239418029785,
    4.336098670959473,
    4.3669843673706055,
    4.397672891616821,
    4.428556203842163,
    4.459450721740723,
    4.490314245223999,
    4.521186351776123,
    4.5520899295806885
  ]
}