{
  "gesture_id": 3,
  "gesture_name": "circle",
  "timestamp": "2025-12-23T15:38:17.726589",
  "sample_rate": 50,
  "duration": 3.0,
  "distances": [
    58.37283134460449,
    57.739055156707764,
    56.88447952270508,
    56.73727989196777,
    57.06439018249512,
    57.45692253112793,
    50.002896785736084,
    50.30956268310547,
    59.22740697860718,
    59.91024971008301,
    59.64447259902954,
    51.51987075805664,
    50.83702802658081,
    56.52874708175659,
    62.98508644104004,
    62.702953815460205,
    51.1396050453186,
    59.971582889556885,
    56.59008026123047,
    49.757564067840576,
    50.117385387420654,
    53.053200244903564,
    56.73727989196777,
    56.921279430389404,
    56.741368770599365,
    46.59686088562012,
    53.895509243011475,
    43.32575798034668,
    43.154025077819824,
    49.757564067840576,
    42.953670024871826,
    57.86172151565552,
    42.908692359924316,
    40.655720233917236,
    39.95652198791504,
    41.30585193634033,
    40.173232555389404,
    38.77483606338501,
    42.04593896865845,
    41.34265184402466,
    42.29944944381714,
    42.225849628448486,
    41.82513952255249,
    56.46332502365112,
    44.564688205718994,
    45.34975290298462,
    47.590458393096924,
    48.00752401351929,
    49.1973876953125,
    56.602346897125244,
    50.640761852264404,
    50.26867389678955,
    52.19862461090088,
    53.53977680206299,
    54.24306392669678,
    53.90777587890625,
    54.05906438827515,
    58.585453033447266,
    57.32607841491699,
    58.55274200439453,
    56.15257024765015,
    56.725013256073,
    56.5737247467041,
    57.853543758392334,
    58.262431621551514,
    59.153807163238525,
    57.8698992729187,
    56.75772428512573,
    49.56947565078735,
    56.765902042388916,
    50.620317459106445,
    49.205565452575684,
    44.15171146392822,
    50.12965202331543,
    56.73727989196777,
    43.14584732055664,
    57.289278507232666,
    49.753475189208984,
    38.562214374542236,
    42.23811626434326,
    56.59008026123047,
    56.09532594680786,
    37.61768341064453,
    39.03243541717529,
    39.25323486328125,
    37.147462368011475,
    37.376439571380615,
    57.00305700302124,
    56.43470287322998,
    37.625861167907715,
    39.061057567596436,
    39.94016647338867,
    39.26959037780762,
    39.694833755493164,
    42.21358299255371,
    41.80469512939453,
    42.04593896865845,
    43.587446212768555,
    56.6227912902832,
    44.33162212371826,
    46.572327613830566,
    56.56554698944092,
    47.6027250289917,
    48.39596748352051,
    51.29498243331909,
    50.804316997528076,
    56.91310167312622,
    52.137291431427,
    56.442880630493164,
    53.372132778167725,
    57.01941251754761,
    56.61461353302002,
    56.61870241165161,
    56.626880168914795,
    56.61870241165161,
    56.581902503967285,
    56.557369232177734,
    56.43061399459839,
    56.89265727996826,
    56.73319101333618,
    57.59185552597046,
    51.81018114089966,
    49.61036443710327,
    45.14530897140503,
    50.97196102142334,
    56.880390644073486,
    46.572327613830566,
    53.69924306869507,
    44.773221015930176,
    43.95953416824341,
    41.792428493499756,
    40.18958806991577,
    49.7943639755249,
    45.96308469772339,
    39.49856758117676,
    39.69074487686157,
    43.96771192550659,
    39.968788623809814,
    40.64754247665405,
    39.45358991622925,
    40.177321434020996,
    40.8724308013916,
    41.109585762023926,
    39.29412364959717,
    36.215198040008545,
    51.01693868637085,
    57.31381177902222,
    42.70833730697632,
    42.92095899581909,
    40.39403200149536
  ],
  "timestamps": [
    0.010886669158935547,
    0.04193830490112305,
    0.0728912353515625,
    0.10390329360961914,
    0.13478827476501465,
    0.16573643684387207,
    0.1962130069732666,
    0.22669386863708496,
    0.2577171325683594,
    0.28875184059143066,
    0.31977224349975586,
    0.35042262077331543,
    0.3810410499572754,
    0.41191911697387695,
    0.4431450366973877,
    0.47433972358703613,
    0.5048620700836182,
    0.535895824432373,
    0.5667567253112793,
    0.5972011089324951,
    0.6277258396148682,
    0.6583817005157471,
    0.6892507076263428,
    0.7201173305511475,
    0.7510137557983398,
    0.7812666893005371,
    0.8119392395019531,
    0.8420307636260986,
    0.8721261024475098,
    0.9025781154632568,
    0.9326305389404297,
    0.9635560512542725,
    0.9936144351959229,
    1.0235509872436523,
    1.05344557762146,
    1.0834205150604248,
    1.1133108139038086,
    1.1431348323822021,
    1.1731352806091309,
    1.2030954360961914,
    1.2331156730651855,
    1.263124942779541,
    1.293111801147461,
    1.3239541053771973,
    1.3557491302490234,
    1.3860061168670654,
    1.4163274765014648,
    1.446671485900879,
    1.4771006107330322,
    1.507960319519043,
    1.5384488105773926,
    1.5689573287963867,
    1.5995581150054932,
    1.6302175521850586,
    1.660935640335083,
    1.691627025604248,
    1.7223033905029297,
    1.753272294998169,
    1.7841601371765137,
    1.8151094913482666,
    1.8459341526031494,
    1.876802682876587,
    1.907634973526001,
    1.9385569095611572,
    1.9695076942443848,
    2.0004966259002686,
    2.0313937664031982,
    2.062267541885376,
    2.0927255153656006,
    2.1236178874969482,
    2.1541435718536377,
    2.184640645980835,
    2.2147719860076904,
    2.245292901992798,
    2.2761528491973877,
    2.306220293045044,
    2.3371901512145996,
    2.3677945137023926,
    2.397639513015747,
    2.4277162551879883,
    2.4585776329040527,
    2.4894113540649414,
    2.519162178039551,
    2.548994302749634,
    2.5788397789001465,
    2.6085755825042725,
    2.638335943222046,
    2.6692147254943848,
    2.7000558376312256,
    2.7298097610473633,
    2.7596373558044434,
    2.789513111114502,
    2.8193519115448,
    2.8492207527160645,
    2.879242181777954,
    2.909229040145874,
    2.9392483234405518,
    2.969376564025879,
    3.0002331733703613,
    3.03039288520813,
    3.060656785964966,
    3.0915069580078125,
    3.121825933456421,
    3.1521921157836914,
    3.1827304363250732,
    3.213242292404175,
    3.244135618209839,
    3.2747251987457275,
    3.305565595626831,
    3.336348056793213,
    3.367370128631592,
    3.398244857788086,
    3.4290812015533447,
    3.4599242210388184,
    3.490776538848877,
    3.521643877029419,
    3.552510976791382,
    3.583357095718384,
    3.614223003387451,
    3.6450767517089844,
    3.675971746444702,
    3.7065269947052,
    3.7369513511657715,
    3.7671303749084473,
    3.7976481914520264,
    3.828511953353882,
    3.8588013648986816,
    3.889497995376587,
    3.9196617603302,
    3.9497756958007812,
    3.9797556400299072,
    4.009644269943237,
    4.0400917530059814,
    4.070324420928955,
    4.10017204284668,
    4.130032539367676,
    4.160207509994507,
    4.190101385116577,
    4.2200212478637695,
    4.249873161315918,
    4.279780626296997,
    4.309711933135986,
    4.339731931686401,
    4.36973762512207,
    4.399464845657349,
    4.430067300796509,
    4.460968971252441,
    4.491042375564575,
    4.521103858947754,
    4.5510149002075195
  ]
}