{
  "gesture_id": 3,
  "gesture_name": "circle",
  "timestamp": "2025-12-24T13:29:05.676123",
  "sample_rate": 50,
  "duration": 3.0,
  "distances": [
    51.66298151016235,
    56.93763494491577,
    51.712048053741455,
    62.43717670440674,
    56.651413440704346,
    53.5847544670105,
    56.79861307144165,
    53.60928773880005,
    56.6227912902832,
    56.524658203125,
    64.97637033462524,
    65.72872400283813,
    57.469189167022705,
    57.77994394302368,
    58.381009101867676,
    62.31042146682739,
    58.197009563446045,
    60.7607364654541,
    61.44766807556152,
    61.725711822509766,
    63.316285610198975,
    64.41619396209717,
    60.19238233566284,
    60.43771505355835,
    60.32731533050537,
    60.633981227874756,
    61.34135723114014,
    61.202335357666016,
    58.21336507797241,
    58.785808086395264,
    61.87291145324707,
    58.09887647628784,
    60.32731533050537,
    56.81496858596802,
    58.76127481460571,
    58.197009563446045,
    56.647324562072754,
    55.122172832489014,
    53.56431007385254,
    54.97088432312012,
    55.45337200164795,
    54.782795906066895,
    50.15009641647339,
    49.45089817047119,
    50.35454034805298,
    53.95684242248535,
    46.42512798309326,
    43.3666467666626,
    46.0080623626709,
    50.166451930999756,
    59.4645619392395,
    43.97997856140137,
    42.05820560455322,
    43.3666467666626,
    44.00860071182251,
    46.62139415740967,
    43.59153509140015,
    46.797215938568115,
    58.765363693237305,
    41.35082960128784,
    59.059762954711914,
    46.204328536987305,
    56.765902042388916,
    57.06439018249512,
    52.55844593048096,
    50.47311782836914,
    49.98654127120972,
    57.93532133102417,
    60.91611385345459,
    61.75433397293091,
    56.671857833862305,
    51.896047592163086,
    60.33140420913696,
    57.084834575653076,
    59.7630500793457,
    56.61461353302002,
    58.89211893081665,
    59.77531671524048,
    52.873289585113525,
    52.01871395111084,
    56.75363540649414,
    52.394890785217285,
    57.77585506439209,
    49.82707500457764,
    56.94990158081055,
    49.66760873794556,
    49.45089817047119,
    56.65959119796753,
    45.202553272247314,
    56.81496858596802,
    43.99224519729614,
    50.13782978057861,
    41.8210506439209,
    43.00682544708252,
    39.30230140686035,
    36.9348406791687,
    40.94194173812866,
    42.09500551223755,
    39.061057567596436,
    39.49856758117676,
    40.46354293823242,
    38.59492540359497,
    38.58674764633179,
    37.899816036224365,
    40.16914367675781,
    38.61536979675293,
    43.607890605926514,
    42.77375936508179,
    42.291271686553955,
    40.218210220336914,
    41.59207344055176,
    41.812872886657715,
    57.4732780456543,
    43.158113956451416,
    56.61870241165161,
    46.01215124130249,
    47.2020149230957,
    59.88571643829346,
    56.671857833862305,
    47.819435596466064,
    50.31365156173706,
    58.90847444534302,
    60.883402824401855,
    50.31774044036865,
    58.32785367965698,
    59.64856147766113,
    58.63451957702637,
    56.70047998428345,
    57.25656747817993,
    58.06616544723511,
    56.65959119796753,
    59.21105146408081,
    58.79807472229004,
    56.651413440704346,
    59.03522968292236,
    56.78225755691528,
    53.76466512680054,
    54.12857532501221,
    56.61461353302002,
    53.781020641326904,
    54.82368469238281,
    52.538001537323,
    51.188671588897705,
    59.46047306060791,
    51.323604583740234,
    50.65302848815918,
    56.92945718765259,
    58.04163217544556,
    58.5200309753418,
    58.356475830078125
  ],
  "timestamps": [
    0.010484933853149414,
    0.04146575927734375,
    0.07209372520446777,
    0.10337615013122559,
    0.13427472114562988,
    0.16497230529785156,
    0.19585657119750977,
    0.22655224800109863,
    0.2574620246887207,
    0.288313627243042,
    0.31969523429870605,
    0.3511009216308594,
    0.38200879096984863,
    0.4129350185394287,
    0.4439077377319336,
    0.4750967025756836,
    0.506157398223877,
    0.537316083908081,
    0.5684573650360107,
    0.5995900630950928,
    0.6308133602142334,
    0.6621081829071045,
    0.693169355392456,
    0.7242491245269775,
    0.7553231716156006,
    0.7864022254943848,
    0.8175218105316162,
    0.8486335277557373,
    0.8795747756958008,
    0.9105525016784668,
    0.9417071342468262,
    0.9726321697235107,
    1.0036828517913818,
    1.0345218181610107,
    1.0654845237731934,
    1.0964233875274658,
    1.1272704601287842,
    1.1580448150634766,
    1.1887149810791016,
    1.2194650173187256,
    1.2502460479736328,
    1.2809767723083496,
    1.3114347457885742,
    1.3418467044830322,
    1.372316837310791,
    1.4030201435089111,
    1.4332756996154785,
    1.4633700847625732,
    1.493647575378418,
    1.5241937637329102,
    1.5553016662597656,
    1.5855066776275635,
    1.6155157089233398,
    1.6455836296081543,
    1.6756870746612549,
    1.705953598022461,
    1.7360427379608154,
    1.7663185596466064,
    1.7972908020019531,
    1.8272490501403809,
    1.8582355976104736,
    1.8884766101837158,
    1.9193415641784668,
    1.9502129554748535,
    1.9808430671691895,
    2.0113143920898438,
    2.041776418685913,
    2.0726981163024902,
    2.103794574737549,
    2.1349332332611084,
    2.165781259536743,
    2.1963632106781006,
    2.2274370193481445,
    2.2583084106445312,
    2.289336919784546,
    2.320176362991333,
    2.351142644882202,
    2.3821523189544678,
    2.412781238555908,
    2.443356513977051,
    2.4742140769958496,
    2.5049164295196533,
    2.535895586013794,
    2.5663633346557617,
    2.5972344875335693,
    2.627681255340576,
    2.6580960750579834,
    2.68892765045166,
    2.7190988063812256,
    2.7499547004699707,
    2.780064105987549,
    2.810551166534424,
    2.840540647506714,
    2.8705897331237793,
    2.9004268646240234,
    2.9301276206970215,
    2.960056781768799,
    2.990051507949829,
    3.019869565963745,
    3.049712896347046,
    3.079613447189331,
    3.109403133392334,
    3.139193534851074,
    3.1689436435699463,
    3.1988260746002197,
    3.2286159992218018,
    3.2586965560913086,
    3.2887322902679443,
    3.318749189376831,
    3.348640203475952,
    3.378607988357544,
    3.408592939376831,
    3.439497470855713,
    3.4695560932159424,
    3.5004444122314453,
    3.5307390689849854,
    3.561055898666382,
    3.5920956134796143,
    3.622947931289673,
    3.6533031463623047,
    3.683788299560547,
    3.71476411819458,
    3.7458622455596924,
    3.7763311862945557,
    3.807279109954834,
    3.83828067779541,
    3.869236469268799,
    3.900083541870117,
    3.930975914001465,
    3.961909294128418,
    3.9927568435668945,
    4.0237462520599365,
    4.054715156555176,
    4.085601806640625,
    4.116578102111816,
    4.147417068481445,
    4.178086757659912,
    4.208783864974976,
    4.239628314971924,
    4.270303249359131,
    4.301040887832642,
    4.331645727157593,
    4.3621909618377686,
    4.3932044506073,
    4.423745632171631,
    4.454241514205933,
    4.485183477401733,
    4.516260385513306,
    4.547254323959351,
    4.578237056732178
  ]
}