{
  "gesture_id": 3,
  "gesture_name": "circle",
  "timestamp": "2025-12-23T15:35:10.958880",
  "sample_rate": 50,
  "duration": 3.0,
  "distances": [
    44.65055465698242,
    47.23472595214844,
    56.63096904754639,
    50.17054080963135,
    47.22245931625366,
    56.65550231933594,
    49.81889724731445,
    56.647324562072754,
    49.81889724731445,
    50.207340717315674,
    51.88378095626831,
    56.806790828704834,
    62.44126558303833,
    57.63274431228638,
    58.19292068481445,
    57.3219895362854,
    59.61176156997681,
    56.79861307144165,
    58.5200309753418,
    56.761813163757324,
    57.49781131744385,
    56.61870241165161,
    56.64323568344116,
    57.91487693786621,
    56.6759467124939,
    52.92644500732422,
    51.39720439910889,
    53.24537754058838,
    51.04556083679199,
    52.051424980163574,
    50.13782978057861,
    57.64092206954956,
    49.98654127120972,
    51.72840356826782,
    52.533912658691406,
    56.34474754333496,
    57.2729229927063,
    56.64323568344116,
    44.60557699203491,
    43.93908977508545,
    46.60912752151489,
    43.2153582572937,
    43.19082498550415,
    56.92945718765259,
    40.70887565612793,
    39.03243541717529,
    38.128793239593506,
    37.68310546875,
    36.70177459716797,
    38.59083652496338,
    36.32150888442993,
    38.83616924285889,
    37.445950508117676,
    36.97572946548462,
    55.14261722564697,
    36.73039674758911,
    36.963462829589844,
    40.19367694854736,
    39.28185701370239,
    39.77252244949341,
    39.50674533843994,
    56.63914680480957,
    41.36309623718262,
    42.05411672592163,
    45.0103759765625,
    42.540693283081055,
    45.40290832519531,
    44.814109802246094,
    48.01570177078247,
    45.84450721740723,
    57.09710121154785,
    56.516480445861816,
    47.001659870147705,
    56.33656978607178,
    50.15009641647339,
    51.712048053741455,
    53.580665588378906,
    56.50421380996704,
    55.645549297332764,
    57.33834505081177,
    56.532835960388184,
    56.536924839019775,
    56.123948097229004,
    56.64323568344116,
    56.6227912902832,
    56.63914680480957,
    57.039856910705566,
    63.7006402015686,
    56.761813163757324,
    56.7740797996521,
    58.75718593597412,
    58.76127481460571,
    50.01107454299927,
    50.30956268310547,
    56.516480445861816,
    56.491947174072266,
    49.97836351394653,
    48.04432392120361,
    49.97836351394653,
    55.4779052734375,
    55.98083734512329,
    43.39118003845215,
    57.06439018249512,
    50.485384464263916,
    40.86834192276001,
    42.27491617202759,
    40.496253967285156,
    56.75363540649414,
    43.75100135803223,
    39.49856758117676,
    39.016079902648926,
    44.180333614349365,
    47.19792604446411,
    38.07154893875122,
    37.60950565338135,
    39.02016878128052,
    39.972877502441406,
    50.48947334289551,
    38.807547092437744,
    39.24914598464966,
    40.655720233917236,
    38.537681102752686,
    42.84327030181885,
    41.583895683288574,
    44.57695484161377,
    42.02958345413208,
    42.97820329666138,
    44.14353370666504,
    57.17887878417969,
    44.19260025024414,
    43.37482452392578,
    61.23913526535034,
    45.1616644859314,
    50.440406799316406,
    45.99170684814453,
    47.8030800819397,
    47.64361381530762,
    48.432767391204834,
    48.57996702194214,
    49.798452854156494,
    49.55720901489258,
    56.11985921859741,
    52.345824241638184,
    49.76983070373535,
    55.58830499649048,
    51.65480375289917,
    55.94812631607056,
    50.141918659210205,
    56.27932548522949,
    56.581902503967285
  ],
  "timestamps": [
    0.010057687759399414,
    0.040476083755493164,
    0.07138824462890625,
    0.10195469856262207,
    0.13244891166687012,
    0.1634669303894043,
    0.19396305084228516,
    0.2248384952545166,
    0.2553110122680664,
    0.2857930660247803,
    0.3163738250732422,
    0.34723949432373047,
    0.378432035446167,
    0.4093472957611084,
    0.44028711318969727,
    0.47118115425109863,
    0.5021994113922119,
    0.5330471992492676,
    0.5639925003051758,
    0.594846248626709,
    0.625762939453125,
    0.6566212177276611,
    0.687474250793457,
    0.718402624130249,
    0.7492599487304688,
    0.7799012660980225,
    0.8104372024536133,
    0.8410842418670654,
    0.8715920448303223,
    0.902167558670044,
    0.9326415061950684,
    0.9635486602783203,
    0.9940369129180908,
    1.0246045589447021,
    1.0552172660827637,
    1.0860545635223389,
    1.1169400215148926,
    1.1478500366210938,
    1.1780238151550293,
    1.2081570625305176,
    1.2384588718414307,
    1.268538475036621,
    1.29860520362854,
    1.3294789791107178,
    1.3594026565551758,
    1.389228105545044,
    1.4190013408660889,
    1.4487507343292236,
    1.4784388542175293,
    1.5082359313964844,
    1.5379188060760498,
    1.5677340030670166,
    1.5974738597869873,
    1.6271905899047852,
    1.6579620838165283,
    1.6876578330993652,
    1.7173633575439453,
    1.7472636699676514,
    1.7771031856536865,
    1.806969165802002,
    1.8368210792541504,
    1.8676714897155762,
    1.8976340293884277,
    1.9276373386383057,
    1.9578099250793457,
    1.9878482818603516,
    2.018078327178955,
    2.0482404232025146,
    2.0785887241363525,
    2.108859062194824,
    2.1398184299468994,
    2.1706912517547607,
    2.2009851932525635,
    2.231832504272461,
    2.2623109817504883,
    2.2928466796875,
    2.3235092163085938,
    2.3543665409088135,
    2.3851606845855713,
    2.416053056716919,
    2.4468932151794434,
    2.477735757827759,
    2.508547782897949,
    2.539395332336426,
    2.570241689682007,
    2.601095199584961,
    2.6319797039031982,
    2.66324520111084,
    2.6941003799438477,
    2.7249579429626465,
    2.755950450897217,
    2.786926746368408,
    2.817387580871582,
    2.847865581512451,
    2.8786981105804443,
    2.9095253944396973,
    2.9399807453155518,
    2.970322370529175,
    3.0007801055908203,
    3.0315585136413574,
    3.0623855590820312,
    3.0924932956695557,
    3.1235713958740234,
    3.1541287899017334,
    3.184061050415039,
    3.214062452316284,
    3.24395489692688,
    3.274806261062622,
    3.3049094676971436,
    3.334758996963501,
    3.364582061767578,
    3.394705295562744,
    3.4249987602233887,
    3.454761505126953,
    3.484501600265503,
    3.51431941986084,
    3.5441901683807373,
    3.574697971343994,
    3.6045050621032715,
    3.6343510150909424,
    3.6642661094665527,
    3.694060802459717,
    3.7241103649139404,
    3.7540829181671143,
    3.784226655960083,
    3.814220666885376,
    3.8442699909210205,
    3.874390125274658,
    3.9052929878234863,
    3.935415744781494,
    3.9654862880706787,
    3.9966020584106445,
    4.026778221130371,
    4.057263135910034,
    4.087510108947754,
    4.118013143539429,
    4.148374080657959,
    4.178764581680298,
    4.209131479263306,
    4.239596843719482,
    4.270020246505737,
    4.300840139389038,
    4.331439018249512,
    4.361867904663086,
    4.392671823501587,
    4.423231601715088,
    4.454017162322998,
    4.484482526779175,
    4.515307903289795,
    4.546121835708618
  ]
}