{
  "gesture_id": 3,
  "gesture_name": "circle",
  "timestamp": "2025-12-24T13:26:28.745023",
  "sample_rate": 50,
  "duration": 3.0,
  "distances": [
    50.530362129211426,
    48.63312244415283,
    47.619080543518066,
    47.03028202056885,
    48.2487678527832,
    46.84628248214722,
    48.228323459625244,
    65.58561325073242,
    68.71360540390015,
    49.83116388320923,
    56.79452419281006,
    50.66120624542236,
    51.209115982055664,
    53.257644176483154,
    56.94172382354736,
    67.85902976989746,
    56.626880168914795,
    61.49264574050903,
    62.886953353881836,
    62.637531757354736,
    63.74561786651611,
    64.31397199630737,
    68.12480688095093,
    65.27485847473145,
    65.13992547988892,
    64.5961046218872,
    63.590240478515625,
    63.03415298461914,
    62.87468671798706,
    62.75202035903931,
    63.590240478515625,
    64.29352760314941,
    63.451218605041504,
    62.50259876251221,
    61.631667613983154,
    61.18189096450806,
    61.198246479034424,
    62.09779977798462,
    60.674870014190674,
    60.38864850997925,
    56.84767961502075,
    55.011773109436035,
    52.8364896774292,
    56.75363540649414,
    51.233649253845215,
    55.21212816238403,
    48.28965663909912,
    50.1950740814209,
    55.056750774383545,
    47.10797071456909,
    50.1950740814209,
    45.456063747406006,
    44.24166679382324,
    46.85037136077881,
    58.43416452407837,
    49.48769807815552,
    48.915255069732666,
    49.85160827636719,
    49.90476369857788,
    56.692302227020264,
    55.032217502593994,
    57.44056701660156,
    59.382784366607666,
    60.703492164611816,
    61.795222759246826,
    62.384021282196045,
    67.05760955810547,
    61.65211200714111,
    63.10775279998779,
    61.656200885772705,
    62.12233304977417,
    62.1059775352478,
    62.498509883880615,
    61.950600147247314,
    61.930155754089355,
    67.82222986221313,
    63.2549524307251,
    62.657976150512695,
    60.93655824661255,
    60.544025897979736,
    61.676645278930664,
    59.64038372039795,
    59.27238464355469,
    58.58954191207886,
    57.399678230285645,
    56.74954652786255,
    53.3353328704834,
    51.96964740753174,
    50.40360689163208,
    56.21390342712402,
    55.715060234069824,
    49.05427694320679,
    46.87490463256836,
    49.70031976699829,
    47.07934856414795,
    43.452513217926025,
    44.03722286224365,
    45.28024196624756,
    45.44788599014282,
    45.47241926193237,
    56.68003559112549,
    61.6602897644043,
    47.08343744277954,
    47.86032438278198,
    49.708497524261475,
    49.29143190383911,
    58.70811939239502,
    57.02759027481079,
    56.52874708175659,
    63.51255178451538,
    53.84644269943237,
    56.54919147491455,
    56.56554698944092,
    56.72910213470459,
    59.53407287597656,
    62.49442100524902,
    67.18436479568481,
    63.91326189041138,
    59.25194025039673,
    59.97567176818848,
    61.23095750808716,
    63.361263275146484,
    66.66507720947266,
    67.192542552948,
    66.33796691894531,
    66.22347831726074,
    59.96749401092529,
    59.1170072555542,
    62.68659830093384,
    60.539937019348145,
    61.94242238998413,
    56.831324100494385,
    55.694615840911865,
    54.85639572143555,
    56.557369232177734,
    54.31666374206543,
    56.6759467124939,
    50.06831884384155,
    57.10119009017944,
    52.06778049468994,
    55.355238914489746,
    46.842193603515625,
    42.3689603805542,
    43.0150032043457,
    42.385315895080566,
    43.00682544708252,
    41.39171838760376,
    60.789358615875244,
    39.34727907180786,
    60.95700263977051
  ],
  "timestamps": [
    0.010420560836791992,
    0.04094290733337402,
    0.07133769989013672,
    0.10169029235839844,
    0.132124662399292,
    0.16244888305664062,
    0.19286322593688965,
    0.22423601150512695,
    0.2557969093322754,
    0.2862677574157715,
    0.31714773178100586,
    0.3476688861846924,
    0.3782355785369873,
    0.40891313552856445,
    0.43981409072875977,
    0.4714226722717285,
    0.5023729801177979,
    0.5335392951965332,
    0.5647830963134766,
    0.5960073471069336,
    0.6272933483123779,
    0.6586060523986816,
    0.6901392936706543,
    0.7215092182159424,
    0.7528665065765381,
    0.7841646671295166,
    0.8154699802398682,
    0.8466849327087402,
    0.8778867721557617,
    0.9090971946716309,
    0.9403696060180664,
    0.9716722965240479,
    1.0029401779174805,
    1.03413987159729,
    1.0652804374694824,
    1.0963993072509766,
    1.127492904663086,
    1.158653974533081,
    1.1897294521331787,
    1.2208187580108643,
    1.251690149307251,
    1.2824475765228271,
    1.3130786418914795,
    1.3439419269561768,
    1.3744807243347168,
    1.4052481651306152,
    1.435605525970459,
    1.4660859107971191,
    1.4969046115875244,
    1.5272207260131836,
    1.5577137470245361,
    1.587921142578125,
    1.6180758476257324,
    1.6483590602874756,
    1.6793179512023926,
    1.7097587585449219,
    1.7401936054229736,
    1.7706587314605713,
    1.8011186122894287,
    1.8319730758666992,
    1.8627333641052246,
    1.8936371803283691,
    1.9246525764465332,
    1.9557430744171143,
    1.9869003295898438,
    2.0181026458740234,
    2.0495638847351074,
    2.0807104110717773,
    2.1119394302368164,
    2.143104314804077,
    2.1742777824401855,
    2.205453872680664,
    2.23665452003479,
    2.2678117752075195,
    2.2989673614501953,
    2.33048415184021,
    2.3617475032806396,
    2.393186092376709,
    2.424501419067383,
    2.456082344055176,
    2.4875521659851074,
    2.5186591148376465,
    2.54970121383667,
    2.580676794052124,
    2.611571788787842,
    2.6424171924591064,
    2.673070192337036,
    2.7036502361297607,
    2.734147071838379,
    2.764997720718384,
    2.7957985401153564,
    2.826207160949707,
    2.8565051555633545,
    2.8869683742523193,
    2.917266368865967,
    2.9473350048065186,
    2.977447509765625,
    3.0076377391815186,
    3.0378339290618896,
    3.0680344104766846,
    3.098893642425537,
    3.1300556659698486,
    3.1603474617004395,
    3.1906867027282715,
    3.221140146255493,
    3.2515664100646973,
    3.2825582027435303,
    3.3134334087371826,
    3.344287395477295,
    3.375544309616089,
    3.4062304496765137,
    3.43707013130188,
    3.468010902404785,
    3.4989302158355713,
    3.5299742221832275,
    3.561166286468506,
    3.592639923095703,
    3.6239583492279053,
    3.6549527645111084,
    3.685983657836914,
    3.717106342315674,
    3.748356580734253,
    3.7797939777374268,
    3.811279535293579,
    3.8427000045776367,
    3.8741087913513184,
    3.90515398979187,
    3.93618106842041,
    3.967381238937378,
    3.9984467029571533,
    4.029598236083984,
    4.0604612827301025,
    4.091263771057129,
    4.12200927734375,
    4.152852296829224,
    4.1835668087005615,
    4.2144200801849365,
    4.244929075241089,
    4.2757978439331055,
    4.306403398513794,
    4.337177276611328,
    4.367460250854492,
    4.397480726242065,
    4.427556037902832,
    4.457621335983276,
    4.487758636474609,
    4.517748117446899,
    4.548847913742065,
    4.578698396682739,
    4.609809160232544
  ]
}