{
  "gesture_id": 3,
  "gesture_name": "circle",
  "timestamp": "2025-12-24T13:31:25.649803",
  "sample_rate": 50,
  "duration": 3.0,
  "distances": [
    49.97836351394653,
    49.29143190383911,
    56.54101371765137,
    56.54919147491455,
    48.08930158615112,
    58.00483226776123,
    49.847519397735596,
    49.888408184051514,
    65.93316793441772,
    49.88431930541992,
    56.56554698944092,
    51.806092262268066,
    56.716835498809814,
    56.990790367126465,
    51.42173767089844,
    56.73727989196777,
    60.384559631347656,
    59.97567176818848,
    56.56554698944092,
    56.85994625091553,
    58.43825340270996,
    57.80447721481323,
    56.692302227020264,
    56.692302227020264,
    62.204110622406006,
    58.56500864028931,
    63.933706283569336,
    57.53052234649658,
    57.59185552597046,
    57.41194486618042,
    59.44002866744995,
    59.82029438018799,
    56.84359073638916,
    55.899059772491455,
    52.79151201248169,
    53.97728681564331,
    57.26883411407471,
    52.29266881942749,
    53.97319793701172,
    50.20325183868408,
    49.87614154815674,
    50.05605220794678,
    50.051963329315186,
    50.89836120605469,
    44.05766725540161,
    43.23580265045166,
    42.1195387840271,
    42.589759826660156,
    41.424429416656494,
    40.73749780654907,
    42.37304925918579,
    39.54354524612427,
    43.223536014556885,
    40.24683237075806,
    39.06514644622803,
    38.61536979675293,
    44.0617561340332,
    39.972877502441406,
    50.03151893615723,
    49.708497524261475,
    39.98514413833618,
    36.9839072227478,
    44.68735456466675,
    42.111361026763916,
    44.270288944244385,
    43.632423877716064,
    56.058526039123535,
    56.83950185775757,
    50.235962867736816,
    57.6695442199707,
    49.86387491226196,
    50.03560781478882,
    61.10420227050781,
    53.327155113220215,
    50.91062784194946,
    53.29853296279907,
    54.11221981048584,
    57.43647813796997,
    56.56554698944092,
    56.59416913986206,
    60.2618932723999,
    57.58776664733887,
    58.40554237365723,
    60.834336280822754,
    57.09301233291626,
    57.00305700302124,
    56.70456886291504,
    59.36233997344971,
    56.84359073638916,
    59.11291837692261,
    59.08838510513306,
    56.72910213470459,
    56.98670148849487,
    56.85994625091553,
    57.11754560470581,
    50.06014108657837,
    49.82707500457764,
    49.6962308883667,
    49.69214200973511,
    47.67223596572876,
    46.48237228393555,
    54.16128635406494,
    50.38316249847412,
    43.248069286346436,
    45.047175884246826,
    57.694077491760254,
    43.632423877716064,
    46.64183855056763,
    54.169464111328125,
    56.5737247467041,
    43.84504556655884,
    47.51276969909668,
    43.452513217926025,
    44.17215585708618,
    43.039536476135254,
    42.814648151397705,
    43.03544759750366,
    44.48291063308716,
    43.85731220245361,
    43.19082498550415,
    62.66206502914429,
    44.44611072540283,
    56.40608072280884,
    56.68003559112549,
    58.22972059249878,
    59.96749401092529,
    49.98654127120972,
    56.786346435546875,
    48.845744132995605,
    50.51400661468506,
    50.047874450683594,
    58.789896965026855,
    59.23558473587036,
    53.899598121643066,
    56.65959119796753,
    56.692302227020264,
    58.04163217544556,
    56.20163679122925,
    57.80038833618164,
    56.38154745101929,
    56.84359073638916,
    57.493722438812256,
    57.46510028839111,
    56.50421380996704,
    56.561458110809326,
    56.95807933807373,
    54.30030822753906,
    53.60928773880005,
    57.0725679397583,
    56.6759467124939
  ],
  "timestamps": [
    0.010373353958129883,
    0.04092812538146973,
    0.07185149192810059,
    0.10276579856872559,
    0.13317513465881348,
    0.16416478157043457,
    0.19466185569763184,
    0.22516918182373047,
    0.2566208839416504,
    0.28714585304260254,
    0.3180060386657715,
    0.34858012199401855,
    0.3794550895690918,
    0.4103541374206543,
    0.44092440605163574,
    0.4718043804168701,
    0.5030138492584229,
    0.5342552661895752,
    0.5652415752410889,
    0.5961453914642334,
    0.6270997524261475,
    0.6580085754394531,
    0.6888558864593506,
    0.7196977138519287,
    0.7508649826049805,
    0.7818248271942139,
    0.8131017684936523,
    0.8440103530883789,
    0.8749551773071289,
    0.905858039855957,
    0.9368748664855957,
    0.967918872833252,
    0.9987785816192627,
    1.029573678970337,
    1.060185432434082,
    1.0908780097961426,
    1.1217691898345947,
    1.1523711681365967,
    1.1830990314483643,
    1.2135992050170898,
    1.2440590858459473,
    1.2745294570922852,
    1.3049907684326172,
    1.3354918956756592,
    1.365593433380127,
    1.3956644535064697,
    1.4256744384765625,
    1.455704689025879,
    1.4856681823730469,
    1.515632152557373,
    1.5457305908203125,
    1.5756394863128662,
    1.60575532913208,
    1.635667324066162,
    1.6655035018920898,
    1.6953091621398926,
    1.7254292964935303,
    1.7553129196166992,
    1.7857844829559326,
    1.8162307739257812,
    1.8461127281188965,
    1.875814437866211,
    1.9059903621673584,
    1.9359960556030273,
    1.9661309719085693,
    1.9962224960327148,
    2.027052640914917,
    2.057920455932617,
    2.0884058475494385,
    2.119321823120117,
    2.149779796600342,
    2.1802468299865723,
    2.2113733291625977,
    2.242027521133423,
    2.2725508213043213,
    2.3032102584838867,
    2.3339200019836426,
    2.364821672439575,
    2.3956711292266846,
    2.4265198707580566,
    2.4575846195220947,
    2.4884889125823975,
    2.5194687843322754,
    2.5506443977355957,
    2.5815484523773193,
    2.61242413520813,
    2.643275499343872,
    2.674272298812866,
    2.7051172256469727,
    2.736100673675537,
    2.7670958042144775,
    2.7979516983032227,
    2.8288471698760986,
    2.859717607498169,
    2.8906071186065674,
    2.9210712909698486,
    2.9515724182128906,
    2.982004165649414,
    3.0124330520629883,
    3.042750120162964,
    3.0730154514312744,
    3.10371994972229,
    3.134207248687744,
    3.164275884628296,
    3.1944515705108643,
    3.2253596782684326,
    3.2554547786712646,
    3.2857234477996826,
    3.316429853439331,
    3.3472769260406494,
    3.377377986907959,
    3.4076967239379883,
    3.437795639038086,
    3.467939853668213,
    3.4980058670043945,
    3.5281481742858887,
    3.55827260017395,
    3.588434934616089,
    3.618544816970825,
    3.648637294769287,
    3.6798410415649414,
    3.7099781036376953,
    3.7408173084259033,
    3.7717177867889404,
    3.8026506900787354,
    3.8336775302886963,
    3.864130735397339,
    3.894988536834717,
    3.9253933429718018,
    3.955911159515381,
    3.986372947692871,
    4.017367601394653,
    4.048379898071289,
    4.079078197479248,
    4.109931945800781,
    4.140785217285156,
    4.171733856201172,
    4.202551603317261,
    4.233468770980835,
    4.264300584793091,
    4.2951672077178955,
    4.326064825057983,
    4.356963634490967,
    4.387820720672607,
    4.418703556060791,
    4.449568748474121,
    4.480280160903931,
    4.511007785797119,
    4.542029619216919,
    4.572892904281616
  ]
}