{
  "gesture_id": 3,
  "gesture_name": "circle",
  "timestamp": "2025-12-24T13:32:44.745012",
  "sample_rate": 50,
  "duration": 3.0,
  "distances": [
    52.779245376586914,
    51.90831422805786,
    51.40538215637207,
    56.581902503967285,
    59.23149585723877,
    53.84644269943237,
    59.403228759765625,
    51.60573720932007,
    53.985464572906494,
    56.85994625091553,
    60.82615852355957,
    56.855857372283936,
    54.31666374206543,
    59.677183628082275,
    56.70047998428345,
    59.66082811355591,
    59.542250633239746,
    60.22918224334717,
    58.421897888183594,
    56.73319101333618,
    56.99487924575806,
    59.13745164871216,
    56.82723522186279,
    56.56554698944092,
    58.810341358184814,
    56.85994625091553,
    56.86403512954712,
    56.696391105651855,
    54.488396644592285,
    56.238436698913574,
    56.70456886291504,
    55.400216579437256,
    59.41958427429199,
    56.831324100494385,
    54.52519655227661,
    52.29266881942749,
    52.137291431427,
    51.06191635131836,
    56.38563632965088,
    54.33710813522339,
    49.85978603363037,
    47.2551703453064,
    47.071170806884766,
    50.051963329315186,
    45.26388645172119,
    45.03490924835205,
    49.67578649520874,
    44.60557699203491,
    46.08166217803955,
    43.427979946136475,
    50.08058547973633,
    43.248069286346436,
    50.03560781478882,
    41.43669605255127,
    43.448424339294434,
    43.03544759750366,
    41.86602830886841,
    44.42566633224487,
    57.26883411407471,
    56.741368770599365,
    43.22762489318848,
    43.00682544708252,
    56.68412446975708,
    56.725013256073,
    56.851768493652344,
    48.72307777404785,
    50.207340717315674,
    56.65959119796753,
    47.49232530593872,
    49.847519397735596,
    51.74475908279419,
    49.52040910720825,
    49.688053131103516,
    58.16429853439331,
    57.718610763549805,
    58.12340974807739,
    50.70618391036987,
    50.38725137710571,
    50.17871856689453,
    52.95915603637695,
    50.22369623184204,
    54.35755252838135,
    52.12911367416382,
    49.83934164047241,
    55.0281286239624,
    50.35454034805298,
    43.43615770339966,
    45.21890878677368,
    46.27792835235596,
    45.05126476287842,
    43.26033592224121,
    43.881845474243164,
    44.6628212928772,
    44.87135410308838,
    44.03722286224365,
    42.35260486602783,
    41.64522886276245,
    41.91100597381592,
    44.409310817718506,
    44.25802230834961,
    41.20362997055054,
    41.66158437728882,
    43.02318096160889,
    45.25570869445801,
    38.877058029174805,
    36.309242248535156,
    42.82282590866089,
    41.64113998413086,
    42.29944944381714,
    56.851768493652344,
    43.19082498550415,
    43.00273656845093,
    46.26975059509277,
    57.27701187133789,
    46.03259563446045,
    57.83718824386597,
    47.08343744277954,
    55.53923845291138,
    51.42173767089844,
    50.90245008468628,
    49.67169761657715,
    50.186896324157715,
    48.90298843383789,
    55.514705181121826,
    51.75293684005737,
    50.391340255737305,
    55.670082569122314,
    56.58599138259888,
    56.99487924575806,
    51.78564786911011,
    58.29514265060425,
    50.22778511047363,
    50.24005174636841,
    49.85978603363037,
    42.80647039413452,
    42.83100366592407,
    46.07348442077637,
    43.62015724182129,
    43.23989152908325,
    42.09091663360596,
    43.0681586265564,
    41.861939430236816,
    39.04470205307007,
    41.63705110549927,
    47.72539138793945,
    39.49856758117676,
    49.87614154815674,
    45.06353139877319,
    38.832080364227295,
    39.784789085388184
  ],
  "timestamps": [
    0.010546207427978516,
    0.041190385818481445,
    0.07180118560791016,
    0.10267925262451172,
    0.1337125301361084,
    0.16441822052001953,
    0.1954357624053955,
    0.22600317001342773,
    0.25669002532958984,
    0.28757715225219727,
    0.3186795711517334,
    0.3495457172393799,
    0.3802633285522461,
    0.41138696670532227,
    0.4422879219055176,
    0.47333383560180664,
    0.5043661594390869,
    0.5354359149932861,
    0.5664165019989014,
    0.5972738265991211,
    0.6281487941741943,
    0.6591441631317139,
    0.6900014877319336,
    0.7208538055419922,
    0.7518162727355957,
    0.7826778888702393,
    0.8135433197021484,
    0.8443999290466309,
    0.8751463890075684,
    0.9059765338897705,
    0.9368278980255127,
    0.9676177501678467,
    0.9986472129821777,
    1.0295002460479736,
    1.0602099895477295,
    1.0908005237579346,
    1.1213881969451904,
    1.1519129276275635,
    1.1827661991119385,
    1.2134816646575928,
    1.2439391613006592,
    1.2742464542388916,
    1.3045318126678467,
    1.3349840641021729,
    1.3651573657989502,
    1.3953886032104492,
    1.4260039329528809,
    1.4561882019042969,
    1.4864530563354492,
    1.5165431499481201,
    1.5470123291015625,
    1.577085256576538,
    1.607550859451294,
    1.6375181674957275,
    1.6675994396209717,
    1.6976149082183838,
    1.727599859237671,
    1.757714033126831,
    1.7886042594909668,
    1.8194572925567627,
    1.8495292663574219,
    1.8795883655548096,
    1.9104137420654297,
    1.9412717819213867,
    1.9721336364746094,
    2.00252628326416,
    2.0330097675323486,
    2.06386137008667,
    2.094181776046753,
    2.1246392726898193,
    2.1552069187164307,
    2.1856398582458496,
    2.2160871028900146,
    2.2470288276672363,
    2.277940511703491,
    2.3088839054107666,
    2.3393917083740234,
    2.3698813915252686,
    2.400397300720215,
    2.4311091899871826,
    2.4616212844848633,
    2.4923791885375977,
    2.522986888885498,
    2.553454875946045,
    2.584216594696045,
    2.614725112915039,
    2.644810676574707,
    2.675013303756714,
    2.7052628993988037,
    2.735440254211426,
    2.765571117401123,
    2.795693874359131,
    2.8258726596832275,
    2.856038808822632,
    2.886153221130371,
    2.916167736053467,
    2.9461419582366943,
    2.97613263130188,
    3.0062789916992188,
    3.0364227294921875,
    3.0663671493530273,
    3.0963456630706787,
    3.1263983249664307,
    3.156602144241333,
    3.186415195465088,
    3.2160818576812744,
    3.246128559112549,
    3.276103973388672,
    3.3061225414276123,
    3.337005615234375,
    3.367072820663452,
    3.3971774578094482,
    3.4274990558624268,
    3.458430290222168,
    3.488671064376831,
    3.519601345062256,
    3.5498993396759033,
    3.5806844234466553,
    3.6112265586853027,
    3.6417429447174072,
    3.672185182571411,
    3.7026560306549072,
    3.7330527305603027,
    3.76383638381958,
    3.7943992614746094,
    3.824883460998535,
    3.855699062347412,
    3.8865458965301514,
    3.917407989501953,
    3.9479970932006836,
    3.978954315185547,
    4.009459972381592,
    4.0399205684661865,
    4.070374011993408,
    4.100398063659668,
    4.130440950393677,
    4.160672903060913,
    4.190766096115112,
    4.220821380615234,
    4.250875473022461,
    4.280969858169556,
    4.310987949371338,
    4.340850830078125,
    4.370858907699585,
    4.4012439250946045,
    4.431143760681152,
    4.461689233779907,
    4.491941213607788,
    4.521786451339722,
    4.551647424697876
  ]
}