{
  "gesture_id": 3,
  "gesture_name": "circle",
  "timestamp": "2025-12-23T15:35:56.980230",
  "sample_rate": 50,
  "duration": 3.0,
  "distances": [
    55.11399507522583,
    56.4755916595459,
    54.43524122238159,
    54.623329639434814,
    56.148481369018555,
    56.741368770599365,
    44.77730989456177,
    56.32021427154541,
    46.977126598358154,
    54.57426309585571,
    55.6291937828064,
    56.61052465438843,
    49.94156360626221,
    55.964481830596924,
    58.859407901763916,
    55.11808395385742,
    55.61283826828003,
    55.580127239227295,
    55.63328266143799,
    55.60874938964844,
    54.75008487701416,
    56.46332502365112,
    50.47311782836914,
    50.66120624542236,
    49.001121520996094,
    49.97427463531494,
    56.14439249038696,
    53.760576248168945,
    53.90777587890625,
    50.44858455657959,
    50.2932071685791,
    52.70973443984985,
    43.763267993927,
    44.96948719024658,
    36.70586347579956,
    54.04270887374878,
    36.70995235443115,
    36.47279739379883,
    44.7609543800354,
    34.20755863189697,
    36.22746467590332,
    37.42550611495972,
    54.05906438827515,
    53.69924306869507,
    34.75137948989868,
    34.98035669326782,
    35.20524501800537,
    34.9926233291626,
    36.24382019042969,
    54.40253019332886,
    37.62995004653931,
    56.74545764923096,
    39.69074487686157,
    56.47150278091431,
    42.94140338897705,
    42.96184778213501,
    54.90546226501465,
    45.9589958190918,
    56.47150278091431,
    56.31612539291382,
    49.81889724731445,
    56.56963586807251,
    56.765902042388916,
    56.75363540649414,
    55.97265958786011,
    56.43879175186157,
    55.968570709228516,
    55.968570709228516,
    55.43292760848999,
    56.307947635650635,
    56.29976987838745,
    56.725013256073,
    56.761813163757324,
    56.63914680480957,
    56.725013256073,
    53.72377634048462,
    56.61870241165161,
    56.89674615859985,
    54.394352436065674,
    49.78209733963013,
    46.343350410461426,
    40.41038751602173,
    39.694833755493164,
    53.54795455932617,
    53.87915372848511,
    37.13928461074829,
    36.031198501586914,
    38.08790445327759,
    36.010754108428955,
    37.60950565338135,
    51.10689401626587,
    53.92413139343262,
    37.396883964538574,
    36.260175704956055,
    34.67777967453003,
    34.710490703582764,
    52.337646484375,
    35.52826642990112,
    51.846981048583984,
    33.6473822593689,
    36.93075180053711,
    36.01484298706055,
    34.17484760284424,
    35.47102212905884,
    36.01484298706055,
    36.24790906906128,
    36.00257635116577,
    38.09608221054077,
    39.45767879486084,
    56.90492391586304,
    39.923810958862305,
    39.98923301696777,
    56.647324562072754,
    54.40661907196045,
    44.773221015930176,
    54.20626401901245,
    54.75008487701416,
    54.22261953353882,
    55.10990619659424,
    53.72786521911621,
    54.56608533859253,
    54.21853065490723,
    55.42474985122681,
    52.52573490142822,
    52.55026817321777,
    52.36626863479614,
    54.075419902801514,
    54.079508781433105,
    51.86742544174194,
    53.5847544670105,
    44.78957653045654,
    52.72608995437622,
    49.61445331573486,
    51.56893730163574,
    46.82992696762085,
    49.1973876953125,
    37.18017339706421,
    37.601327896118164,
    36.50550842285156,
    44.131267070770264,
    43.795979022979736,
    48.183345794677734,
    49.76983070373535,
    37.41323947906494,
    44.34797763824463,
    35.79404354095459,
    34.1952919960022,
    36.24382019042969,
    43.14175844192505,
    38.10017108917236
  ],
  "timestamps": [
    0.010673284530639648,
    0.04162931442260742,
    0.07256603240966797,
    0.10354351997375488,
    0.13443398475646973,
    0.1653430461883545,
    0.19551706314086914,
    0.22635483741760254,
    0.2566335201263428,
    0.28736186027526855,
    0.3181586265563965,
    0.34900832176208496,
    0.3794691562652588,
    0.41028785705566406,
    0.4412708282470703,
    0.47203660011291504,
    0.502831220626831,
    0.5336246490478516,
    0.5644149780273438,
    0.5952215194702148,
    0.6259772777557373,
    0.6568264961242676,
    0.6873166561126709,
    0.7178242206573486,
    0.7482426166534424,
    0.778723955154419,
    0.8095510005950928,
    0.8402345180511475,
    0.8709433078765869,
    0.901432991027832,
    0.9319131374359131,
    0.9625341892242432,
    0.9926540851593018,
    1.0228252410888672,
    1.052509069442749,
    1.0832316875457764,
    1.1130197048187256,
    1.1427557468414307,
    1.1729848384857178,
    1.2025446891784668,
    1.2322204113006592,
    1.261970043182373,
    1.2926709651947021,
    1.3233542442321777,
    1.3529279232025146,
    1.3825147151947021,
    1.4121146202087402,
    1.4417004585266113,
    1.4713661670684814,
    1.5021066665649414,
    1.5318500995635986,
    1.562711477279663,
    1.592585802078247,
    1.6234338283538818,
    1.6534888744354248,
    1.6835405826568604,
    1.7142925262451172,
    1.7445330619812012,
    1.7753756046295166,
    1.8062095642089844,
    1.836658239364624,
    1.8675074577331543,
    1.898364543914795,
    1.9292185306549072,
    1.9600276947021484,
    1.9908676147460938,
    2.021693229675293,
    2.0525059700012207,
    2.083303451538086,
    2.1142070293426514,
    2.145062208175659,
    2.1759212017059326,
    2.206768751144409,
    2.237623453140259,
    2.2684857845306396,
    2.2991647720336914,
    2.3300442695617676,
    2.3609097003936768,
    2.3916308879852295,
    2.422081470489502,
    2.452336549758911,
    2.482246160507202,
    2.5121023654937744,
    2.5427887439727783,
    2.573482036590576,
    2.6032042503356934,
    2.6328601837158203,
    2.662625551223755,
    2.6922712326049805,
    2.7220277786254883,
    2.75258207321167,
    2.783275842666626,
    2.812999725341797,
    2.842660427093506,
    2.872243642807007,
    2.901832342147827,
    2.9324252605438232,
    2.9620399475097656,
    2.9926085472106934,
    3.022113800048828,
    3.0518274307250977,
    3.0815179347991943,
    3.1111319065093994,
    3.1407856941223145,
    3.17047119140625,
    3.2001447677612305,
    3.229804515838623,
    3.2595813274383545,
    3.289433479309082,
    3.320300340652466,
    3.35017466545105,
    3.3800506591796875,
    3.4109013080596924,
    3.4416229724884033,
    3.4718005657196045,
    3.5025076866149902,
    3.533243417739868,
    3.5639514923095703,
    3.5947184562683105,
    3.6253979206085205,
    3.65612530708313,
    3.686878204345703,
    3.7176592350006104,
    3.74826717376709,
    3.778900623321533,
    3.8095004558563232,
    3.8402013778686523,
    3.8708999156951904,
    3.9014787673950195,
    3.93215274810791,
    3.9623091220855713,
    3.992949962615967,
    4.023391485214233,
    4.053947925567627,
    4.08436393737793,
    4.114875555038452,
    4.144627332687378,
    4.1743323802948,
    4.2040345668792725,
    4.234193801879883,
    4.264322996139526,
    4.294729948043823,
    4.325198411941528,
    4.354949235916138,
    4.385119199752808,
    4.4147703647613525,
    4.444334506988525,
    4.474016427993774,
    4.504108905792236,
    4.53391432762146
  ]
}