{
  "gesture_id": 3,
  "gesture_name": "circle",
  "timestamp": "2025-12-24T13:34:35.335436",
  "sample_rate": 50,
  "duration": 3.0,
  "distances": [
    51.8878698348999,
    51.7406702041626,
    51.60164833068848,
    50.91062784194946,
    51.70387029647827,
    54.35755252838135,
    52.45622396469116,
    51.049649715423584,
    50.076496601104736,
    54.18581962585449,
    54.02635335922241,
    51.4421820640564,
    56.80270195007324,
    53.99364233016968,
    62.92375326156616,
    62.26135492324829,
    61.91788911819458,
    56.70047998428345,
    54.508841037750244,
    53.4825325012207,
    54.68466281890869,
    56.82723522186279,
    56.8231463432312,
    59.701716899871826,
    57.57550001144409,
    58.699941635131836,
    56.68821334838867,
    57.011234760284424,
    56.696391105651855,
    58.945274353027344,
    57.5714111328125,
    58.29923152923584,
    56.81496858596802,
    57.24838972091675,
    56.81496858596802,
    53.95275354385376,
    56.536924839019775,
    55.809104442596436,
    55.6782603263855,
    54.124486446380615,
    56.692302227020264,
    56.765902042388916,
    56.193459033966064,
    53.920042514801025,
    56.647324562072754,
    56.50012493133545,
    50.02334117889404,
    50.162363052368164,
    45.496952533721924,
    50.366806983947754,
    48.07703495025635,
    45.21481990814209,
    44.00860071182251,
    45.03490924835205,
    45.84450721740723,
    44.634199142456055,
    44.200778007507324,
    52.055513858795166,
    43.02318096160889,
    55.61692714691162,
    54.66012954711914,
    37.924349308013916,
    40.44309854507446,
    46.03668451309204,
    49.822986125946045,
    49.25872087478638,
    50.325918197631836,
    50.33818483352661,
    50.15009641647339,
    56.536924839019775,
    52.75062322616577,
    56.524658203125,
    56.83541297912598,
    56.487858295440674,
    56.532835960388184,
    55.98492622375488,
    56.52056932449341,
    57.39558935165405,
    56.516480445861816,
    57.8208327293396,
    56.524658203125,
    56.93763494491577,
    57.07665681838989,
    56.50012493133545,
    56.945812702178955,
    56.810879707336426,
    56.79452419281006,
    57.63683319091797,
    57.67772197723389,
    55.30208349227905,
    56.16483688354492,
    54.308485984802246,
    56.512391567230225,
    54.63559627532959,
    54.14084196090698,
    50.50173997879028,
    56.01763725280762,
    53.576576709747314,
    50.52218437194824,
    49.06245470046997,
    52.19453573226929,
    49.683964252471924,
    46.82992696762085,
    46.44557237625122,
    48.82529973983765,
    44.60557699203491,
    46.408772468566895,
    46.17161750793457,
    45.043087005615234,
    47.230637073516846,
    51.00058317184448,
    44.793665409088135,
    37.1842622756958,
    56.6759467124939,
    37.42959499359131,
    38.79936933517456,
    38.61536979675293,
    37.47048377990723,
    37.899816036224365,
    38.61536979675293,
    40.21003246307373,
    56.79452419281006,
    65.43432474136353,
    56.81905746459961,
    51.02102756500244,
    59.03522968292236,
    58.50367546081543,
    56.49603605270386,
    56.532835960388184,
    62.91148662567139,
    56.68412446975708,
    56.52056932449341,
    56.49603605270386,
    56.516480445861816,
    56.55328035354614,
    56.921279430389404,
    56.966257095336914,
    56.94990158081055,
    56.536924839019775,
    61.18597984313965,
    56.94172382354736,
    59.93887186050415,
    56.65959119796753,
    55.829548835754395,
    56.54919147491455,
    55.469727516174316,
    52.37853527069092,
    52.76288986206055,
    55.66190481185913,
    50.321829319000244
  ],
  "timestamps": [
    0.010486841201782227,
    0.04119610786437988,
    0.07181334495544434,
    0.10236668586730957,
    0.13296031951904297,
    0.1636943817138672,
    0.19430899620056152,
    0.22484159469604492,
    0.25533223152160645,
    0.2860450744628906,
    0.31674790382385254,
    0.3473021984100342,
    0.37816452980041504,
    0.40886712074279785,
    0.44008302688598633,
    0.4712796211242676,
    0.5024433135986328,
    0.5333051681518555,
    0.5640325546264648,
    0.5946931838989258,
    0.625410795211792,
    0.6562557220458984,
    0.687110185623169,
    0.7181425094604492,
    0.7490487098693848,
    0.7800464630126953,
    0.8109052181243896,
    0.8418278694152832,
    0.8727600574493408,
    0.9037683010101318,
    0.9346883296966553,
    0.965662956237793,
    0.9965369701385498,
    1.0274314880371094,
    1.0583062171936035,
    1.0890018939971924,
    1.1198368072509766,
    1.1506271362304688,
    1.1814029216766357,
    1.2120935916900635,
    1.2429659366607666,
    1.273815631866455,
    1.3046455383300781,
    1.3353700637817383,
    1.366245985031128,
    1.397075891494751,
    1.427516222000122,
    1.4579904079437256,
    1.488175392150879,
    1.5186843872070312,
    1.5490427017211914,
    1.5792102813720703,
    1.6093261241912842,
    1.6394844055175781,
    1.669705867767334,
    1.699840784072876,
    1.7299737930297852,
    1.7605466842651367,
    1.790604829788208,
    1.8214366436004639,
    1.8523225784301758,
    1.8821172714233398,
    1.9121849536895752,
    1.9424793720245361,
    1.9729423522949219,
    2.0033349990844727,
    2.033867835998535,
    2.0643398761749268,
    2.0948188304901123,
    2.1256637573242188,
    2.1563239097595215,
    2.187156915664673,
    2.218005895614624,
    2.248844623565674,
    2.2796900272369385,
    2.3105008602142334,
    2.3413703441619873,
    2.372265577316284,
    2.403109073638916,
    2.4340245723724365,
    2.464897871017456,
    2.495748519897461,
    2.5266053676605225,
    2.557440757751465,
    2.5883100032806396,
    2.6191673278808594,
    2.65002179145813,
    2.68092942237854,
    2.7118377685546875,
    2.742626905441284,
    2.7734522819519043,
    2.804178237915039,
    2.835066795349121,
    2.865867853164673,
    2.8965752124786377,
    2.927051067352295,
    2.957899332046509,
    2.9885764122009277,
    3.0190725326538086,
    3.049485683441162,
    3.080112934112549,
    3.110551118850708,
    3.1408190727233887,
    3.1710472106933594,
    3.2014405727386475,
    3.2315664291381836,
    3.261834144592285,
    3.292048931121826,
    3.3222224712371826,
    3.352525234222412,
    3.3830246925354004,
    3.413228750228882,
    3.4429454803466797,
    3.4738099575042725,
    3.503537893295288,
    3.5333502292633057,
    3.5631449222564697,
    3.592888832092285,
    3.622642993927002,
    3.652437210083008,
    3.6823270320892334,
    3.713181734085083,
    3.744542360305786,
    3.775421619415283,
    3.805938720703125,
    3.836968183517456,
    3.8680009841918945,
    3.898879289627075,
    3.9297521114349365,
    3.9609594345092773,
    3.991802453994751,
    4.022652626037598,
    4.0535054206848145,
    4.084369897842407,
    4.115214586257935,
    4.146076202392578,
    4.176941871643066,
    4.207798957824707,
    4.238623380661011,
    4.269716739654541,
    4.300574541091919,
    4.331615447998047,
    4.362462997436523,
    4.393280029296875,
    4.424123048782349,
    4.4549195766448975,
    4.485479116439819,
    4.51609206199646,
    4.5468902587890625,
    4.577354907989502
  ]
}