{
  "gesture_id": 3,
  "gesture_name": "circle",
  "timestamp": "2025-12-24T13:27:59.405617",
  "sample_rate": 50,
  "duration": 3.0,
  "distances": [
    43.3666467666626,
    45.590996742248535,
    45.17393112182617,
    44.39704418182373,
    43.59153509140015,
    45.44788599014282,
    48.44503402709961,
    56.68003559112549,
    57.51007795333862,
    57.50190019607544,
    57.51825571060181,
    58.36465358734131,
    58.75718593597412,
    58.18474292755127,
    56.81905746459961,
    57.18705654144287,
    57.673633098602295,
    57.25656747817993,
    58.09887647628784,
    57.125723361968994,
    57.09301233291626,
    52.22724676132202,
    57.5223445892334,
    56.54919147491455,
    55.146706104278564,
    58.38918685913086,
    57.93532133102417,
    57.3219895362854,
    57.514166831970215,
    54.61924076080322,
    58.35238695144653,
    57.94349908828735,
    57.48554468154907,
    57.90669918060303,
    56.647324562072754,
    56.671857833862305,
    56.76999092102051,
    58.900296688079834,
    57.62456655502319,
    56.65959119796753,
    56.34065866470337,
    60.35184860229492,
    56.524658203125,
    57.77994394302368,
    54.80324029922485,
    53.989553451538086,
    51.213204860687256,
    59.34598445892334,
    49.97018575668335,
    49.82707500457764,
    53.26991081237793,
    53.760576248168945,
    54.328930377960205,
    48.432767391204834,
    44.998109340667725,
    49.81889724731445,
    47.410547733306885,
    44.22940015792847,
    44.19260025024414,
    43.795979022979736,
    43.203091621398926,
    49.97427463531494,
    44.19668912887573,
    43.17446947097778,
    42.086827754974365,
    42.80238151550293,
    43.836867809295654,
    47.28788137435913,
    44.24166679382324,
    44.2621111869812,
    42.994558811187744,
    44.41748857498169,
    45.85268497467041,
    43.62833499908447,
    44.85499858856201,
    56.70456886291504,
    46.47010564804077,
    47.91756868362427,
    58.973896503448486,
    49.70440864562988,
    48.273301124572754,
    49.87614154815674,
    48.8988995552063,
    58.82260799407959,
    50.043785572052,
    49.01747703552246,
    50.370895862579346,
    56.81905746459961,
    50.849294662475586,
    51.846981048583984,
    53.098177909851074,
    58.37283134460449,
    55.11399507522583,
    56.50421380996704,
    56.90901279449463,
    57.65727758407593,
    56.79452419281006,
    58.50776433944702,
    58.34012031555176,
    56.810879707336426,
    55.150794982910156,
    56.54101371765137,
    57.91487693786621,
    57.81674385070801,
    56.63096904754639,
    56.671857833862305,
    57.91078805923462,
    57.9189658164978,
    57.06439018249512,
    57.36287832260132,
    56.63505792617798,
    59.19469594955444,
    58.61407518386841,
    58.37283134460449,
    58.63451957702637,
    55.85817098617554,
    53.22084426879883,
    52.03506946563721,
    56.696391105651855,
    50.66120624542236,
    53.27808856964111,
    49.83525276184082,
    51.188671588897705,
    57.902610301971436,
    48.65765571594238,
    50.13374090194702,
    56.647324562072754,
    51.8388032913208,
    50.15418529510498,
    46.21659517288208,
    47.001659870147705,
    52.23133563995361,
    46.613216400146484,
    43.223536014556885,
    43.21126937866211,
    52.738356590270996,
    43.19491386413574,
    43.199002742767334,
    43.01091432571411,
    58.07434320449829,
    56.65550231933594,
    42.998647689819336,
    50.02334117889404,
    49.26689863204956,
    40.69252014160156,
    43.816423416137695,
    41.41625165939331,
    59.219229221343994,
    40.447187423706055,
    38.59083652496338
  ],
  "timestamps": [
    0.009988546371459961,
    0.040307044982910156,
    0.07055902481079102,
    0.10079193115234375,
    0.13098859786987305,
    0.16120219230651855,
    0.19158554077148438,
    0.2224438190460205,
    0.2533533573150635,
    0.28426599502563477,
    0.31519079208374023,
    0.3461623191833496,
    0.37713003158569336,
    0.4080617427825928,
    0.4389221668243408,
    0.46980929374694824,
    0.5007314682006836,
    0.5316431522369385,
    0.5625851154327393,
    0.593477725982666,
    0.6243557929992676,
    0.6549601554870605,
    0.6858608722686768,
    0.7167098522186279,
    0.7475731372833252,
    0.7786850929260254,
    0.8096456527709961,
    0.8405461311340332,
    0.871518611907959,
    0.9022493362426758,
    0.9331865310668945,
    0.9641087055206299,
    0.9950158596038818,
    1.0259466171264648,
    1.0567991733551025,
    1.087653636932373,
    1.1185243129730225,
    1.1495118141174316,
    1.1804192066192627,
    1.211259126663208,
    1.242079734802246,
    1.273141622543335,
    1.3039946556091309,
    1.3349180221557617,
    1.365680456161499,
    1.3963758945465088,
    1.4269065856933594,
    1.4579169750213623,
    1.488372564315796,
    1.5188124179840088,
    1.5494513511657715,
    1.5801277160644531,
    1.610851764678955,
    1.6412289142608643,
    1.6713993549346924,
    1.7018544673919678,
    1.7321627140045166,
    1.762341022491455,
    1.7925469875335693,
    1.822695016860962,
    1.852839708328247,
    1.8833374977111816,
    1.9134700298309326,
    1.9435398578643799,
    1.9735448360443115,
    2.003610134124756,
    2.033717155456543,
    2.064023494720459,
    2.094149589538574,
    2.1242828369140625,
    2.154317855834961,
    2.1844570636749268,
    2.2146589756011963,
    2.244753837585449,
    2.2749221324920654,
    2.3057620525360107,
    2.3360230922698975,
    2.3663480281829834,
    2.397350549697876,
    2.42779803276062,
    2.4581398963928223,
    2.488593816757202,
    2.518965244293213,
    2.549931764602661,
    2.580380439758301,
    2.6107654571533203,
    2.6412510871887207,
    2.6721138954162598,
    2.7026045322418213,
    2.7331981658935547,
    2.7638931274414062,
    2.7949001789093018,
    2.8256752490997314,
    2.8565096855163574,
    2.8873496055603027,
    2.918257236480713,
    2.949117422103882,
    2.980076313018799,
    3.01102876663208,
    3.041889190673828,
    3.0726609230041504,
    3.1034982204437256,
    3.1344153881073,
    3.165318489074707,
    3.1961514949798584,
    3.226980447769165,
    3.2579026222229004,
    3.288830041885376,
    3.3197250366210938,
    3.3506016731262207,
    3.381464958190918,
    3.4124629497528076,
    3.443401336669922,
    3.474335193634033,
    3.5052850246429443,
    3.5360846519470215,
    3.566715955734253,
    3.597297430038452,
    3.628170967102051,
    3.658658504486084,
    3.6893091201782227,
    3.7197625637054443,
    3.7503275871276855,
    3.7813727855682373,
    3.8117330074310303,
    3.8422305583953857,
    3.8730907440185547,
    3.9036707878112793,
    3.9341776371002197,
    3.9644274711608887,
    3.9947166442871094,
    4.025310516357422,
    4.055576801300049,
    4.085650682449341,
    4.115719795227051,
    4.146359920501709,
    4.176424980163574,
    4.206490516662598,
    4.236563205718994,
    4.267498970031738,
    4.29834771156311,
    4.328398704528809,
    4.358858346939087,
    4.3892762660980225,
    4.419193983078003,
    4.449292898178101,
    4.479260444641113,
    4.510259628295898,
    4.540186882019043,
    4.570002794265747
  ]
}