{
  "gesture_id": 3,
  "gesture_name": "circle",
  "timestamp": "2025-12-23T15:36:50.722950",
  "sample_rate": 50,
  "duration": 3.0,
  "distances": [
    46.56006097793579,
    54.86866235733032,
    49.230098724365234,
    49.594008922576904,
    50.45267343521118,
    58.30332040786743,
    57.00305700302124,
    56.86812400817871,
    57.583677768707275,
    57.898521423339844,
    55.968570709228516,
    57.992565631866455,
    60.00020503997803,
    61.30046844482422,
    67.06987619400024,
    58.04980993270874,
    59.014785289764404,
    59.46047306060791,
    58.74900817871094,
    59.153807163238525,
    60.425448417663574,
    56.880390644073486,
    57.330167293548584,
    56.29568099975586,
    56.123948097229004,
    50.49765110015869,
    55.59648275375366,
    56.74545764923096,
    49.98654127120972,
    61.108291149139404,
    56.59825801849365,
    58.75718593597412,
    42.949581146240234,
    44.180333614349365,
    40.66389799118042,
    40.87651968002319,
    39.73572254180908,
    39.04061317443848,
    38.09608221054077,
    37.59723901748657,
    56.7740797996521,
    38.08790445327759,
    36.02710962295532,
    35.990309715270996,
    35.986220836639404,
    36.50141954421997,
    37.400972843170166,
    36.031198501586914,
    56.900835037231445,
    57.28110074996948,
    38.78301382064819,
    38.56630325317383,
    40.8724308013916,
    41.54709577560425,
    43.1172251701355,
    45.774996280670166,
    47.982990741729736,
    51.81835889816284,
    50.62440633773804,
    52.17818021774292,
    59.497272968292236,
    56.900835037231445,
    56.66368007659912,
    55.829548835754395,
    56.81905746459961,
    61.725711822509766,
    60.60535907745361,
    60.20873785018921,
    52.90600061416626,
    56.66368007659912,
    60.21691560745239,
    61.4599347114563,
    59.60358381271362,
    59.059762954711914,
    58.057987689971924,
    52.758800983428955,
    51.37676000595093,
    56.92945718765259,
    49.802541732788086,
    51.5403151512146,
    50.15827417373657,
    45.42335271835327,
    50.325918197631836,
    56.46332502365112,
    52.72200107574463,
    56.89674615859985,
    42.98229217529297,
    56.512391567230225,
    40.44309854507446,
    38.82390260696411,
    42.495715618133545,
    42.53660440444946,
    39.73163366317749,
    37.20061779022217,
    38.82390260696411,
    40.676164627075195,
    45.611441135406494,
    38.86070251464844,
    36.26426458358765,
    58.495497703552246,
    57.2238564491272,
    36.70177459716797,
    56.92945718765259,
    39.29412364959717,
    37.68310546875,
    39.514923095703125,
    40.70478677749634,
    40.90923070907593,
    41.109585762023926,
    43.22762489318848,
    42.76149272918701,
    49.63080883026123,
    56.512391567230225,
    48.027968406677246,
    50.28502941131592,
    49.60627555847168,
    51.17640495300293,
    50.85338354110718,
    52.51755714416504,
    58.336031436920166,
    50.65711736679077,
    58.470964431762695,
    51.34404897689819,
    58.47914218902588,
    58.77763032913208,
    59.18242931365967,
    59.063851833343506,
    50.01925230026245,
    56.90492391586304,
    56.65959119796753,
    49.7943639755249,
    56.65550231933594,
    56.93354606628418,
    60.05336046218872,
    49.99880790710449,
    48.65356683731079,
    49.847519397735596,
    49.753475189208984,
    55.33479452133179,
    48.80485534667969,
    52.73017883300781,
    45.63188552856445,
    50.12965202331543,
    49.44272041320801,
    44.99402046203613,
    45.00628709793091,
    42.97002553939819,
    43.17038059234619,
    42.97002553939819,
    42.50389337539673
  ],
  "timestamps": [
    0.010179281234741211,
    0.04103374481201172,
    0.07159543037414551,
    0.10207605361938477,
    0.1325995922088623,
    0.16358494758605957,
    0.19446325302124023,
    0.22533154487609863,
    0.2562582492828369,
    0.28719425201416016,
    0.3179929256439209,
    0.3490438461303711,
    0.38028550148010254,
    0.41144514083862305,
    0.4428830146789551,
    0.4738130569458008,
    0.5048367977142334,
    0.5358762741088867,
    0.5668678283691406,
    0.5978686809539795,
    0.628915548324585,
    0.6597936153411865,
    0.6906576156616211,
    0.7214789390563965,
    0.752286434173584,
    0.7827715873718262,
    0.8135435581207275,
    0.8444187641143799,
    0.8749306201934814,
    0.9060306549072266,
    0.936882734298706,
    0.9678587913513184,
    0.9978857040405273,
    1.028029441833496,
    1.0579519271850586,
    1.0879356861114502,
    1.1178154945373535,
    1.1476454734802246,
    1.177398681640625,
    1.2071607112884521,
    1.2379999160766602,
    1.2677767276763916,
    1.2974109649658203,
    1.3270630836486816,
    1.3567593097686768,
    1.3865830898284912,
    1.4163579940795898,
    1.4461052417755127,
    1.4769670963287354,
    1.507885217666626,
    1.5377070903778076,
    1.5675194263458252,
    1.5974409580230713,
    1.6274394989013672,
    1.657482624053955,
    1.6877055168151855,
    1.7180345058441162,
    1.7486052513122559,
    1.7791023254394531,
    1.8096923828125,
    1.8407080173492432,
    1.8715744018554688,
    1.9024014472961426,
    1.933215856552124,
    1.9640882015228271,
    1.9952263832092285,
    2.0262951850891113,
    2.0573737621307373,
    2.0880072116851807,
    2.118873357772827,
    2.14993953704834,
    2.181058168411255,
    2.212070941925049,
    2.2430574893951416,
    2.273996114730835,
    2.3046228885650635,
    2.3351876735687256,
    2.368103504180908,
    2.398656129837036,
    2.4292380809783936,
    2.459709882736206,
    2.4899027347564697,
    2.5204014778137207,
    2.551260232925415,
    2.5818874835968018,
    2.6127729415893555,
    2.6428489685058594,
    2.673694610595703,
    2.703603744506836,
    2.7334139347076416,
    2.763439416885376,
    2.7934656143188477,
    2.823331594467163,
    2.853088140487671,
    2.882922649383545,
    2.912844181060791,
    2.9430508613586426,
    2.972864866256714,
    3.0025265216827393,
    3.033508062362671,
    3.0644161701202393,
    3.094108819961548,
    3.1249749660491943,
    3.154808759689331,
    3.18455171585083,
    3.2144086360931396,
    3.244328022003174,
    3.274277925491333,
    3.304226875305176,
    3.3342998027801514,
    3.3643884658813477,
    3.3949997425079346,
    3.42584490776062,
    3.456184148788452,
    3.486661672592163,
    3.51712965965271,
    3.5476760864257812,
    3.5782158374786377,
    3.60882830619812,
    3.639775514602661,
    3.670276403427124,
    3.701225996017456,
    3.7317583560943604,
    3.7627015113830566,
    3.7936668395996094,
    3.8246660232543945,
    3.8556389808654785,
    3.8861541748046875,
    3.9170312881469727,
    3.947885751724243,
    3.9783387184143066,
    4.009196519851685,
    4.0400636196136475,
    4.0711023807525635,
    4.101537466049194,
    4.131921291351318,
    4.162386178970337,
    4.1928722858428955,
    4.223644733428955,
    4.254044055938721,
    4.284666299819946,
    4.314879417419434,
    4.3471596240997314,
    4.377781867980957,
    4.408023118972778,
    4.438211441040039,
    4.468269348144531,
    4.498341083526611,
    4.5284082889556885,
    4.558454751968384
  ]
}