{
  "gesture_id": 3,
  "gesture_name": "circle",
  "timestamp": "2025-12-23T15:37:07.689897",
  "sample_rate": 50,
  "duration": 3.0,
  "distances": [
    56.806790828704834,
    56.516480445861816,
    53.40075492858887,
    55.514705181121826,
    56.79043531417847,
    57.927143573760986,
    57.11345672607422,
    56.93354606628418,
    58.80625247955322,
    56.6227912902832,
    57.23203420639038,
    56.516480445861816,
    58.19292068481445,
    58.20518732070923,
    56.945812702178955,
    58.36056470870972,
    59.50545072555542,
    56.65959119796753,
    56.66368007659912,
    51.69569253921509,
    58.77354145050049,
    54.283952713012695,
    54.44750785827637,
    52.051424980163574,
    52.76697874069214,
    53.421199321746826,
    53.24128866195679,
    49.03792142868042,
    49.643075466156006,
    56.54510259628296,
    56.81496858596802,
    56.810879707336426,
    41.80878400802612,
    47.026193141937256,
    47.01801538467407,
    48.03205728530884,
    50.37907361984253,
    36.72221899032593,
    39.07332420349121,
    41.60025119781494,
    36.509597301483154,
    37.90390491485596,
    37.17608451843262,
    56.516480445861816,
    56.70047998428345,
    36.309242248535156,
    38.1328821182251,
    50.3422737121582,
    38.61536979675293,
    39.50674533843994,
    39.240968227386475,
    41.61660671234131,
    42.998647689819336,
    63.6025071144104,
    43.607890605926514,
    47.00983762741089,
    46.85854911804199,
    47.40645885467529,
    49.802541732788086,
    60.79753637313843,
    58.64269733428955,
    50.869739055633545,
    58.04572105407715,
    56.65550231933594,
    58.47505331039429,
    62.13051080703735,
    50.436317920684814,
    50.98013877868652,
    56.76999092102051,
    60.37229299545288,
    50.66938400268555,
    57.489633560180664,
    60.35184860229492,
    56.68003559112549,
    56.925368309020996,
    52.897822856903076,
    50.1460075378418,
    51.01693868637085,
    48.85392189025879,
    48.841655254364014,
    50.17054080963135,
    49.83934164047241,
    50.13374090194702,
    49.45498704910278,
    55.351150035858154,
    47.03028202056885,
    43.80415678024292,
    43.98406744003296,
    44.2130446434021,
    41.587984561920166,
    51.52395963668823,
    39.28185701370239,
    41.86602830886841,
    37.88754940032959,
    49.025654792785645,
    39.75207805633545,
    47.8521466255188,
    45.81179618835449,
    34.18302536010742,
    36.97572946548462,
    37.899816036224365,
    35.781776905059814,
    36.25199794769287,
    37.646305561065674,
    36.260175704956055,
    42.07864999771118,
    44.405221939086914,
    43.407535552978516,
    45.19028663635254,
    57.493722438812256,
    45.84859609603882,
    49.97427463531494,
    57.808566093444824,
    49.81889724731445,
    49.802541732788086,
    58.73674154281616,
    57.77585506439209,
    58.75309705734253,
    58.6181640625,
    58.654963970184326,
    62.49033212661743,
    57.77994394302368,
    56.65959119796753,
    56.487858295440674,
    56.78225755691528,
    60.05744934082031,
    49.78209733963013,
    49.97836351394653,
    57.379233837127686,
    44.2130446434021,
    56.651413440704346,
    56.48376941680908,
    43.403446674346924,
    45.819973945617676,
    54.79915142059326,
    50.17871856689453,
    49.97427463531494,
    36.987996101379395,
    37.441861629486084,
    36.69768571853638,
    38.59901428222656,
    44.998109340667725,
    39.968788623809814,
    38.603103160858154,
    37.61768341064453,
    36.05164289474487,
    38.55403661727905,
    36.70586347579956,
    38.34959268569946,
    40.63527584075928
  ],
  "timestamps": [
    0.010771751403808594,
    0.04172849655151367,
    0.07244682312011719,
    0.10324931144714355,
    0.13419365882873535,
    0.1651322841644287,
    0.19602036476135254,
    0.22687482833862305,
    0.25791096687316895,
    0.28876233100891113,
    0.31961774826049805,
    0.35045719146728516,
    0.38146090507507324,
    0.4124882221221924,
    0.4433727264404297,
    0.4743669033050537,
    0.5053982734680176,
    0.5362598896026611,
    0.5671014785766602,
    0.5976588726043701,
    0.6286249160766602,
    0.6593177318572998,
    0.690047025680542,
    0.720630407333374,
    0.7512576580047607,
    0.7819240093231201,
    0.8125772476196289,
    0.8429670333862305,
    0.8734140396118164,
    0.904273271560669,
    0.9351201057434082,
    0.9659996032714844,
    0.995995044708252,
    1.0262656211853027,
    1.0565571784973145,
    1.086897850036621,
    1.1174027919769287,
    1.1470932960510254,
    1.1769180297851562,
    1.206892490386963,
    1.2365868091583252,
    1.2663283348083496,
    1.2960500717163086,
    1.3268773555755615,
    1.357764482498169,
    1.3875360488891602,
    1.417360544204712,
    1.4478631019592285,
    1.4776747226715088,
    1.5075385570526123,
    1.5373668670654297,
    1.5673491954803467,
    1.5974013805389404,
    1.6286647319793701,
    1.6587331295013428,
    1.6890459060668945,
    1.719327688217163,
    1.7496247291564941,
    1.7800941467285156,
    1.811168909072876,
    1.8421354293823242,
    1.8726561069488525,
    1.9035837650299072,
    1.9344847202301025,
    1.965430736541748,
    1.9965894222259521,
    2.027074098587036,
    2.0575995445251465,
    2.0884618759155273,
    2.1195321083068848,
    2.1500320434570312,
    2.1809322834014893,
    2.2119991779327393,
    2.242846727371216,
    2.2737631797790527,
    2.304394006729126,
    2.334867000579834,
    2.365464448928833,
    2.396044969558716,
    2.4264886379241943,
    2.457066059112549,
    2.487550973892212,
    2.518035888671875,
    2.5484745502471924,
    2.5792665481567383,
    2.6095478534698486,
    2.6396753787994385,
    2.669776201248169,
    2.6999049186706543,
    2.729863166809082,
    2.760415554046631,
    2.7902355194091797,
    2.8202223777770996,
    2.849982738494873,
    2.8803908824920654,
    2.9102389812469482,
    2.9405806064605713,
    2.9707915782928467,
    3.0003511905670166,
    3.0300374031066895,
    3.0598196983337402,
    3.0894477367401123,
    3.119114637374878,
    3.14884352684021,
    3.1785080432891846,
    3.208508014678955,
    3.2386229038238525,
    3.2687180042266846,
    3.298881769180298,
    3.3298075199127197,
    3.3600332736968994,
    3.3905751705169678,
    3.4215598106384277,
    3.4520301818847656,
    3.4824655055999756,
    3.513443946838379,
    3.5443592071533203,
    3.5753235816955566,
    3.606292963027954,
    3.6372478008270264,
    3.6684212684631348,
    3.699315071105957,
    3.730163335800171,
    3.7610044479370117,
    3.791879892349243,
    3.822909355163574,
    3.8533775806427,
    3.883845090866089,
    3.914726734161377,
    3.944840431213379,
    3.9756577014923096,
    4.0064921379089355,
    4.036566972732544,
    4.0667724609375,
    4.097532033920288,
    4.12801718711853,
    4.158478498458862,
    4.188185453414917,
    4.217897415161133,
    4.247586250305176,
    4.277401924133301,
    4.30759334564209,
    4.3374714851379395,
    4.367400407791138,
    4.397343635559082,
    4.427180767059326,
    4.456997632980347,
    4.4866790771484375,
    4.516474485397339,
    4.546402931213379
  ]
}