{
  "gesture_id": 3,
  "gesture_name": "circle",
  "timestamp": "2025-12-24T13:30:10.182500",
  "sample_rate": 50,
  "duration": 3.0,
  "distances": [
    50.207340717315674,
    49.81480836868286,
    48.28147888183594,
    49.70031976699829,
    48.068857192993164,
    47.87259101867676,
    49.08698797225952,
    56.83541297912598,
    50.72662830352783,
    52.08413600921631,
    52.942800521850586,
    56.831324100494385,
    56.716835498809814,
    53.45391035079956,
    56.851768493652344,
    56.557369232177734,
    56.68412446975708,
    56.58599138259888,
    57.5714111328125,
    58.41372013092041,
    58.00892114639282,
    58.560919761657715,
    61.20642423629761,
    56.855857372283936,
    59.82438325881958,
    58.97798538208008,
    58.5690975189209,
    56.696391105651855,
    56.581902503967285,
    57.583677768707275,
    61.087846755981445,
    57.84127712249756,
    57.72678852081299,
    56.83541297912598,
    53.85462045669556,
    51.05782747268677,
    51.78564786911011,
    50.346362590789795,
    51.03738307952881,
    49.29143190383911,
    50.370895862579346,
    48.08521270751953,
    50.50173997879028,
    45.64824104309082,
    49.822986125946045,
    48.10565710067749,
    50.231873989105225,
    41.383540630340576,
    49.095165729522705,
    46.224772930145264,
    41.41216278076172,
    39.972877502441406,
    45.022642612457275,
    39.784789085388184,
    39.30230140686035,
    38.811635971069336,
    42.070472240448,
    39.99741077423096,
    41.5716290473938,
    36.987996101379395,
    37.90390491485596,
    39.514923095703125,
    39.25732374191284,
    36.50550842285156,
    41.86602830886841,
    44.62193250656128,
    45.98761796951294,
    56.18119239807129,
    58.04572105407715,
    61.60304546356201,
    57.63274431228638,
    56.68412446975708,
    50.86156129837036,
    57.084834575653076,
    59.61993932723999,
    57.63274431228638,
    58.59363079071045,
    56.945812702178955,
    57.10936784744263,
    58.36465358734131,
    57.45692253112793,
    59.223318099975586,
    57.898521423339844,
    57.9189658164978,
    58.789896965026855,
    59.34189558029175,
    57.493722438812256,
    58.536386489868164,
    56.626880168914795,
    59.04340744018555,
    56.6227912902832,
    56.651413440704346,
    58.93709659576416,
    59.89389419555664,
    58.47505331039429,
    49.438631534576416,
    50.166451930999756,
    50.86565017700195,
    49.79027509689331,
    49.99063014984131,
    56.16074800491333,
    49.99880790710449,
    44.405221939086914,
    43.41980218887329,
    39.98923301696777,
    49.82707500457764,
    42.107272148132324,
    47.6517915725708,
    43.199002742767334,
    41.36309623718262,
    41.11367464065552,
    39.28185701370239,
    41.80469512939453,
    41.82513952255249,
    39.490389823913574,
    36.31333112716675,
    42.066383361816406,
    40.64345359802246,
    45.406997203826904,
    56.50012493133545,
    44.78957653045654,
    47.435081005096436,
    51.213204860687256,
    48.62085580825806,
    49.663519859313965,
    49.96609687805176,
    51.02511644363403,
    53.4334659576416,
    57.74723291397095,
    52.92644500732422,
    59.37051773071289,
    57.084834575653076,
    57.06439018249512,
    56.532835960388184,
    59.468650817871094,
    56.90492391586304,
    56.626880168914795,
    56.467413902282715,
    58.765363693237305,
    59.20696258544922,
    56.900835037231445,
    56.49603605270386,
    57.22794532775879,
    58.0702543258667,
    56.7740797996521,
    59.22740697860718,
    57.469189167022705,
    50.31365156173706,
    56.68821334838867,
    58.34012031555176
  ],
  "timestamps": [
    0.010376214981079102,
    0.0409090518951416,
    0.07131290435791016,
    0.10178899765014648,
    0.13215112686157227,
    0.16248393058776855,
    0.192885160446167,
    0.22374439239501953,
    0.2542555332183838,
    0.28484225273132324,
    0.31549763679504395,
    0.3463597297668457,
    0.37722015380859375,
    0.40788984298706055,
    0.4387552738189697,
    0.46961426734924316,
    0.5004711151123047,
    0.5313200950622559,
    0.5622248649597168,
    0.5931951999664307,
    0.6241674423217773,
    0.655134916305542,
    0.6862428188323975,
    0.7170922756195068,
    0.7481248378753662,
    0.7791154384613037,
    0.8100788593292236,
    0.8409337997436523,
    0.8717811107635498,
    0.902684211730957,
    0.933788537979126,
    0.9647402763366699,
    0.9958059787750244,
    1.0267884731292725,
    1.0575008392333984,
    1.0880370140075684,
    1.1186132431030273,
    1.149101734161377,
    1.1796305179595947,
    1.2100551128387451,
    1.2405450344085693,
    1.270937204360962,
    1.3014192581176758,
    1.3316125869750977,
    1.3620567321777344,
    1.3924174308776855,
    1.4229071140289307,
    1.4528827667236328,
    1.4832987785339355,
    1.513547420501709,
    1.5435056686401367,
    1.5733973979949951,
    1.603567123413086,
    1.633436679840088,
    1.663271188735962,
    1.6930785179138184,
    1.7230753898620605,
    1.7529706954956055,
    1.782940149307251,
    1.8126678466796875,
    1.8424501419067383,
    1.8723273277282715,
    1.9021873474121094,
    1.9318852424621582,
    1.9619362354278564,
    1.9922595024108887,
    2.022554874420166,
    2.0534064769744873,
    2.0843520164489746,
    2.115497589111328,
    2.146406650543213,
    2.1772665977478027,
    2.2077958583831787,
    2.2386887073516846,
    2.269749164581299,
    2.3006718158721924,
    2.3316571712493896,
    2.3625409603118896,
    2.393420934677124,
    2.4243695735931396,
    2.4552664756774902,
    2.486279249191284,
    2.5172204971313477,
    2.5481629371643066,
    2.5791733264923096,
    2.610194683074951,
    2.641111373901367,
    2.6720871925354004,
    2.7029404640197754,
    2.733926296234131,
    2.764772891998291,
    2.795628070831299,
    2.826626777648926,
    2.857682228088379,
    2.888674736022949,
    2.9191184043884277,
    2.949603796005249,
    2.9801950454711914,
    3.0107343196868896,
    3.041264295578003,
    3.0721728801727295,
    3.1026551723480225,
    3.1328134536743164,
    3.162909984588623,
    3.192795991897583,
    3.223254680633545,
    3.2532551288604736,
    3.283583641052246,
    3.3136487007141113,
    3.3435702323913574,
    3.3735105991363525,
    3.403346300125122,
    3.4333291053771973,
    3.463319778442383,
    3.4931676387786865,
    3.5228278636932373,
    3.5528435707092285,
    3.5827600955963135,
    3.612971067428589,
    3.643815040588379,
    3.6739702224731445,
    3.7042770385742188,
    3.734802722930908,
    3.7651798725128174,
    3.795619010925293,
    3.826096534729004,
    3.8566153049468994,
    3.887275457382202,
    3.9181954860687256,
    3.948828935623169,
    3.9798803329467773,
    4.010826826095581,
    4.0419323444366455,
    4.072811841964722,
    4.103856563568115,
    4.134750843048096,
    4.165618181228638,
    4.196449518203735,
    4.227440595626831,
    4.2584474086761475,
    4.289312839508057,
    4.320154428482056,
    4.351051330566406,
    4.382008790969849,
    4.412886142730713,
    4.443903684616089,
    4.474825143814087,
    4.505330801010132,
    4.536193609237671,
    4.567145109176636
  ]
}