{
  "gesture_id": 3,
  "gesture_name": "circle",
  "timestamp": "2025-12-24T13:33:38.707604",
  "sample_rate": 50,
  "duration": 3.0,
  "distances": [
    56.806790828704834,
    56.83541297912598,
    56.9744348526001,
    63.64339590072632,
    56.851768493652344,
    56.07079267501831,
    59.382784366607666,
    56.602346897125244,
    57.011234760284424,
    56.72910213470459,
    63.23450803756714,
    60.39682626724243,
    61.79931163787842,
    59.25194025039673,
    61.25140190124512,
    58.286964893341064,
    56.83541297912598,
    59.951138496398926,
    56.68412446975708,
    56.70865774154663,
    58.95345211029053,
    59.68945026397705,
    60.78118085861206,
    56.83950185775757,
    56.82723522186279,
    56.84359073638916,
    56.68821334838867,
    57.39558935165405,
    58.95754098892212,
    58.421897888183594,
    54.83595132827759,
    54.3330192565918,
    54.13675308227539,
    56.99896812438965,
    55.89497089385986,
    51.22138261795044,
    48.90707731246948,
    50.391340255737305,
    56.70047998428345,
    47.68041372299194,
    52.61569023132324,
    46.24112844467163,
    43.836867809295654,
    44.2130446434021,
    44.478821754455566,
    42.769670486450195,
    50.03969669342041,
    42.311716079711914,
    42.82691478729248,
    43.04771423339844,
    42.998647689819336,
    44.0126895904541,
    41.882383823394775,
    43.46886873245239,
    43.25215816497803,
    50.730717182159424,
    41.8701171875,
    41.69429540634155,
    36.305153369903564,
    44.654643535614014,
    43.23989152908325,
    56.04625940322876,
    56.56554698944092,
    52.94688940048218,
    56.99896812438965,
    56.855857372283936,
    56.84359073638916,
    55.54741621017456,
    56.966257095336914,
    52.4357795715332,
    56.88447952270508,
    57.289278507232666,
    57.14616775512695,
    57.57550001144409,
    57.13390111923218,
    56.741368770599365,
    59.587228298187256,
    57.41603374481201,
    56.59416913986206,
    57.13390111923218,
    56.71274662017822,
    52.95506715774536,
    54.31666374206543,
    52.942800521850586,
    56.59825801849365,
    51.77338123321533,
    56.86403512954712,
    50.20325183868408,
    50.17871856689453,
    50.35045146942139,
    51.58529281616211,
    51.56484842300415,
    51.38493776321411,
    56.68412446975708,
    44.44611072540283,
    42.585670948028564,
    41.16274118423462,
    46.26975059509277,
    41.12594127655029,
    43.04771423339844,
    47.05890417098999,
    43.043625354766846,
    43.8654899597168,
    40.02194404602051,
    43.62424612045288,
    44.838643074035645,
    41.41216278076172,
    40.50034284591675,
    38.402748107910156,
    42.589759826660156,
    44.25393342971802,
    45.07988691329956,
    44.2621111869812,
    43.452513217926025,
    45.68912982940674,
    56.86812400817871,
    46.294283866882324,
    49.917030334472656,
    47.07525968551636,
    49.683964252471924,
    50.027430057525635,
    52.26404666900635,
    56.831324100494385,
    56.855857372283936,
    56.68821334838867,
    54.65195178985596,
    56.716835498809814,
    56.197547912597656,
    57.424211502075195,
    56.9744348526001,
    56.56554698944092,
    56.532835960388184,
    57.54278898239136,
    56.98261260986328,
    56.990790367126465,
    54.86048460006714,
    57.00305700302124,
    53.44982147216797,
    56.23025894165039,
    50.734806060791016,
    55.40839433670044,
    50.03969669342041,
    56.20572566986084,
    50.36271810531616,
    55.216217041015625,
    52.439868450164795,
    49.85569715499878,
    45.42335271835327,
    46.224772930145264,
    44.21713352203369
  ],
  "timestamps": [
    0.01077890396118164,
    0.04175400733947754,
    0.07269406318664551,
    0.10399770736694336,
    0.13487625122070312,
    0.16570138931274414,
    0.19673657417297363,
    0.22758913040161133,
    0.25846362113952637,
    0.289325475692749,
    0.3205740451812744,
    0.3516385555267334,
    0.3827786445617676,
    0.41377830505371094,
    0.4449348449707031,
    0.476043701171875,
    0.5070555210113525,
    0.5381474494934082,
    0.5690183639526367,
    0.599891185760498,
    0.6308913230895996,
    0.6619246006011963,
    0.6930177211761475,
    0.7238855361938477,
    0.7547500133514404,
    0.7856254577636719,
    0.8164827823638916,
    0.8474023342132568,
    0.8783910274505615,
    0.9093472957611084,
    0.9401025772094727,
    0.9708235263824463,
    1.0015175342559814,
    1.032381296157837,
    1.0631916522979736,
    1.093729019165039,
    1.1241343021392822,
    1.1546714305877686,
    1.1855137348175049,
    1.2158269882202148,
    1.2464380264282227,
    1.2766878604888916,
    1.3067936897277832,
    1.3369641304016113,
    1.367121696472168,
    1.3971691131591797,
    1.4276368618011475,
    1.4577009677886963,
    1.487816333770752,
    1.5179049968719482,
    1.5479960441589355,
    1.5781147480010986,
    1.608125925064087,
    1.6382102966308594,
    1.668311357498169,
    1.6988213062286377,
    1.728811502456665,
    1.7587952613830566,
    1.7884626388549805,
    1.8186137676239014,
    1.8486826419830322,
    1.8794970512390137,
    1.9103434085845947,
    1.9409809112548828,
    1.971855878829956,
    2.002720355987549,
    2.0335826873779297,
    2.0643868446350098,
    2.0952823162078857,
    2.12589693069458,
    2.156766653060913,
    2.187655448913574,
    2.2185256481170654,
    2.2494115829467773,
    2.2802884578704834,
    2.3111603260040283,
    2.3421878814697266,
    2.373093366622925,
    2.4039461612701416,
    2.4348278045654297,
    2.465799331665039,
    2.4964959621429443,
    2.5272364616394043,
    2.55785870552063,
    2.5887086391448975,
    2.6192874908447266,
    2.650162935256958,
    2.6806631088256836,
    2.7111406326293945,
    2.741626024246216,
    2.772181510925293,
    2.8027260303497314,
    2.8332579135894775,
    2.8640949726104736,
    2.8942248821258545,
    2.9242537021636963,
    2.954197883605957,
    2.984457492828369,
    3.0144031047821045,
    3.044457197189331,
    3.0747504234313965,
    3.1048107147216797,
    3.1349174976348877,
    3.1647958755493164,
    3.1949045658111572,
    3.2250659465789795,
    3.25502610206604,
    3.2849326133728027,
    3.3147194385528564,
    3.3447494506835938,
    3.374878168106079,
    3.4050519466400146,
    3.4351882934570312,
    3.4654347896575928,
    3.495757579803467,
    3.52669358253479,
    3.556973695755005,
    3.5874574184417725,
    3.6177821159362793,
    3.6482415199279785,
    3.6787095069885254,
    3.7093143463134766,
    3.7402021884918213,
    3.7711169719696045,
    3.802001953125,
    3.832753896713257,
    3.863617420196533,
    3.8944499492645264,
    3.925372362136841,
    3.9562695026397705,
    3.9871366024017334,
    4.0180206298828125,
    4.048958778381348,
    4.07985520362854,
    4.110755205154419,
    4.1415181159973145,
    4.172396421432495,
    4.203083753585815,
    4.233926057815552,
    4.2644572257995605,
    4.2952797412872314,
    4.325738906860352,
    4.356576442718506,
    4.387059450149536,
    4.417846918106079,
    4.448497295379639,
    4.479108810424805,
    4.5093841552734375,
    4.53973126411438,
    4.569883346557617
  ]
}