{
  "gesture_id": 3,
  "gesture_name": "circle",
  "timestamp": "2025-12-23T15:35:32.225153",
  "sample_rate": 50,
  "duration": 3.0,
  "distances": [
    44.163978099823,
    42.94140338897705,
    43.17038059234619,
    44.200778007507324,
    44.041311740875244,
    44.22940015792847,
    58.63451957702637,
    59.7630500793457,
    59.9143385887146,
    58.61407518386841,
    60.474514961242676,
    49.67578649520874,
    56.47968053817749,
    56.18119239807129,
    48.436856269836426,
    56.79043531417847,
    56.7740797996521,
    57.66136646270752,
    50.13374090194702,
    52.88964509963989,
    54.12039756774902,
    53.90777587890625,
    55.490171909332275,
    51.00058317184448,
    51.00058317184448,
    56.786346435546875,
    49.26689863204956,
    54.782795906066895,
    50.13374090194702,
    56.4755916595459,
    54.63559627532959,
    55.48199415206909,
    50.31774044036865,
    46.81357145309448,
    49.80663061141968,
    44.613754749298096,
    43.58335733413696,
    44.19260025024414,
    43.19082498550415,
    44.98993158340454,
    44.44202184677124,
    43.0150032043457,
    48.637211322784424,
    49.279165267944336,
    41.37536287307739,
    44.18851137161255,
    43.21944713592529,
    42.29536056518555,
    39.96061086654663,
    44.998109340667725,
    40.88469743728638,
    42.0214056968689,
    43.23171377182007,
    45.19437551498413,
    43.19491386413574,
    44.00860071182251,
    45.590996742248535,
    44.98584270477295,
    47.84805774688721,
    49.663519859313965,
    49.7943639755249,
    49.78618621826172,
    57.91487693786621,
    52.08004713058472,
    57.493722438812256,
    54.79097366333008,
    55.34297227859497,
    56.921279430389404,
    60.789358615875244,
    57.25247859954834,
    59.472739696502686,
    58.23380947113037,
    57.77585506439209,
    58.21336507797241,
    57.788121700286865,
    58.75309705734253,
    57.93941020965576,
    56.93354606628418,
    57.88625478744507,
    58.814430236816406,
    56.61052465438843,
    53.96093130111694,
    56.76999092102051,
    59.52589511871338,
    60.76482534408569,
    56.49603605270386,
    52.41124629974365,
    51.51578187942505,
    56.532835960388184,
    57.61229991912842,
    56.75772428512573,
    49.9947190284729,
    45.1616644859314,
    43.75509023666382,
    43.5138463973999,
    45.74637413024902,
    44.564688205718994,
    45.14939785003662,
    45.17393112182617,
    45.78726291656494,
    42.00505018234253,
    40.631186962127686,
    40.64754247665405,
    41.32629632949829,
    42.315804958343506,
    42.45891571044922,
    39.95652198791504,
    40.19367694854736,
    42.495715618133545,
    56.761813163757324,
    40.860164165496826,
    44.59331035614014,
    41.78425073623657,
    53.56022119522095,
    58.740830421447754,
    43.14584732055664,
    44.54015493392944,
    43.963623046875,
    65.63467979431152,
    50.30547380447388,
    47.99525737762451,
    57.583677768707275,
    48.80894422531128,
    48.03205728530884,
    50.076496601104736,
    56.59008026123047,
    49.389564990997314,
    50.43222904205322,
    50.44858455657959,
    52.67293453216553,
    56.88447952270508,
    58.86349678039551,
    54.39026355743408,
    59.27238464355469,
    56.72910213470459,
    56.63096904754639,
    61.43540143966675,
    51.29498243331909,
    59.16198492050171,
    57.0235013961792,
    57.86172151565552,
    57.47736692428589,
    57.898521423339844,
    56.89265727996826,
    59.996116161346436,
    44.19260025024414,
    43.18673610687256,
    57.170701026916504,
    43.75509023666382,
    45.182108879089355
  ],
  "timestamps": [
    0.010050773620605469,
    0.04024243354797363,
    0.07041621208190918,
    0.1006016731262207,
    0.130753755569458,
    0.1609048843383789,
    0.1919107437133789,
    0.22296977043151855,
    0.2540395259857178,
    0.2850353717803955,
    0.3161437511444092,
    0.3466072082519531,
    0.3774716854095459,
    0.40831565856933594,
    0.4387171268463135,
    0.4696006774902344,
    0.5005004405975342,
    0.5314333438873291,
    0.5619292259216309,
    0.5925841331481934,
    0.6233048439025879,
    0.6540029048919678,
    0.6847894191741943,
    0.7153151035308838,
    0.7458527088165283,
    0.7767188549041748,
    0.8071413040161133,
    0.8379099369049072,
    0.8685383796691895,
    0.8994855880737305,
    0.9302973747253418,
    0.9611141681671143,
    0.9917082786560059,
    1.0220255851745605,
    1.0524981021881104,
    1.082655906677246,
    1.1127490997314453,
    1.142883539199829,
    1.1729762554168701,
    1.2031781673431396,
    1.2334516048431396,
    1.2635607719421387,
    1.2939646244049072,
    1.3244915008544922,
    1.3547649383544922,
    1.3849327564239502,
    1.4150123596191406,
    1.4450397491455078,
    1.4749414920806885,
    1.5051159858703613,
    1.5350604057312012,
    1.5650460720062256,
    1.5951251983642578,
    1.625295639038086,
    1.6553709506988525,
    1.6854982376098633,
    1.7157094478607178,
    1.7458806037902832,
    1.7762515544891357,
    1.8066985607147217,
    1.8371562957763672,
    1.8691353797912598,
    1.9001829624176025,
    1.930842399597168,
    1.9618582725524902,
    1.9926304817199707,
    2.023405075073242,
    2.0542774200439453,
    2.0853655338287354,
    2.116196393966675,
    2.1471996307373047,
    2.1781744956970215,
    2.2090981006622314,
    2.2400429248809814,
    2.270961046218872,
    2.3019661903381348,
    2.332878828048706,
    2.3637337684631348,
    2.3946523666381836,
    2.425633430480957,
    2.4564900398254395,
    2.4872076511383057,
    2.5180723667144775,
    2.549091100692749,
    2.580181360244751,
    2.6110150814056396,
    2.6416032314300537,
    2.672137498855591,
    2.7029738426208496,
    2.733881950378418,
    2.7647392749786377,
    2.795203447341919,
    2.825389862060547,
    2.855560541152954,
    2.885749101638794,
    2.9159862995147705,
    2.946129083633423,
    2.9762985706329346,
    3.006485939025879,
    3.036710262298584,
    3.0667150020599365,
    3.0966544151306152,
    3.1265716552734375,
    3.1565499305725098,
    3.1865577697753906,
    3.216641664505005,
    3.24650239944458,
    3.2763912677764893,
    3.306417465209961,
    3.3372747898101807,
    3.3672080039978027,
    3.3973467350006104,
    3.4273667335510254,
    3.4580330848693848,
    3.4890060424804688,
    3.5190656185150146,
    3.549189567565918,
    3.5792980194091797,
    3.6106503009796143,
    3.641127586364746,
    3.6714706420898438,
    3.7023532390594482,
    3.7327427864074707,
    3.763087034225464,
    3.7935421466827393,
    3.8244035243988037,
    3.854865312576294,
    3.8855278491973877,
    3.9160709381103516,
    3.946697950363159,
    3.9775636196136475,
    4.0085389614105225,
    4.039241075515747,
    4.070249557495117,
    4.1011035442352295,
    4.131968975067139,
    4.163078546524048,
    4.193615913391113,
    4.2246105670928955,
    4.255452632904053,
    4.286358594894409,
    4.317235231399536,
    4.348147392272949,
    4.378995895385742,
    4.410046577453613,
    4.440186977386475,
    4.470230340957642,
    4.501112699508667,
    4.531219482421875,
    4.5613813400268555
  ]
}