{
  "gesture_id": 3,
  "gesture_name": "circle",
  "timestamp": "2025-12-23T15:36:29.990338",
  "sample_rate": 50,
  "duration": 3.0,
  "distances": [
    47.99525737762451,
    49.60218667984009,
    49.81889724731445,
    56.61870241165161,
    57.469189167022705,
    56.93763494491577,
    51.3890266418457,
    56.56963586807251,
    57.64092206954956,
    52.55026817321777,
    59.79984998703003,
    53.5847544670105,
    60.05744934082031,
    62.73975372314453,
    56.65959119796753,
    63.18544149398804,
    56.6227912902832,
    56.626880168914795,
    56.626880168914795,
    61.43949031829834,
    61.44357919692993,
    54.782795906066895,
    58.331942558288574,
    54.467952251434326,
    53.76875400543213,
    56.76999092102051,
    56.467413902282715,
    55.08537292480469,
    53.192222118377686,
    51.86333656311035,
    57.46510028839111,
    50.076496601104736,
    57.17887878417969,
    47.81534671783447,
    46.80948257446289,
    51.99826955795288,
    53.2331109046936,
    43.98406744003296,
    56.73319101333618,
    55.06901741027832,
    42.98638105392456,
    45.79135179519653,
    42.70833730697632,
    41.309940814971924,
    41.354918479919434,
    49.97836351394653,
    57.72678852081299,
    40.84789752960205,
    40.18549919128418,
    42.97002553939819,
    41.3222074508667,
    43.14584732055664,
    46.56006097793579,
    45.37428617477417,
    45.366108417510986,
    48.82529973983765,
    45.34975290298462,
    48.39596748352051,
    50.162363052368164,
    54.214441776275635,
    49.77391958236694,
    51.143693923950195,
    50.98013877868652,
    56.786346435546875,
    52.664756774902344,
    56.63096904754639,
    56.647324562072754,
    58.14385414123535,
    56.467413902282715,
    56.876301765441895,
    56.73727989196777,
    56.49603605270386,
    59.46047306060791,
    56.900835037231445,
    59.45638418197632,
    60.00429391860962,
    57.17887878417969,
    60.85478067398071,
    63.12819719314575,
    62.94828653335571,
    56.6227912902832,
    56.741368770599365,
    56.78225755691528,
    54.7787070274353,
    52.19453573226929,
    52.170002460479736,
    56.741368770599365,
    51.13142728805542,
    51.14778280258179,
    57.15434551239014,
    50.28502941131592,
    49.20147657394409,
    49.38138723373413,
    50.30547380447388,
    50.82067251205444,
    43.59562397003174,
    52.370357513427734,
    50.64893960952759,
    50.963783264160156,
    43.55882406234741,
    43.926823139190674,
    40.8724308013916,
    43.1662917137146,
    41.338562965393066,
    44.793665409088135,
    41.22816324234009,
    42.03367233276367,
    56.73727989196777,
    45.975351333618164,
    43.362557888031006,
    47.60681390762329,
    44.9613094329834,
    45.18619775772095,
    44.98175382614136,
    46.772682666778564,
    46.19206190109253,
    49.753475189208984,
    49.17285442352295,
    48.616766929626465,
    49.937474727630615,
    58.88803005218506,
    50.440406799316406,
    51.47080421447754,
    52.70155668258667,
    55.649638175964355,
    55.625104904174805,
    59.812116622924805,
    56.761813163757324,
    57.56732225418091,
    56.29568099975586,
    56.900835037231445,
    59.149718284606934,
    58.48323106765747,
    53.372132778167725,
    52.04324722290039,
    58.470964431762695,
    58.89211893081665,
    57.65727758407593,
    50.006985664367676,
    56.79452419281006,
    51.15596055984497,
    56.65959119796753,
    49.643075466156006,
    48.64538908004761,
    47.046637535095215,
    49.97427463531494,
    49.81480836868286,
    43.795979022979736,
    57.49781131744385,
    39.976966381073
  ],
  "timestamps": [
    0.010262250900268555,
    0.04090261459350586,
    0.07139706611633301,
    0.10235714912414551,
    0.1333940029144287,
    0.16428446769714355,
    0.1948254108428955,
    0.22568511962890625,
    0.2566242218017578,
    0.2872655391693115,
    0.3183097839355469,
    0.34899401664733887,
    0.3800485134124756,
    0.4112381935119629,
    0.4421074390411377,
    0.4733552932739258,
    0.504209041595459,
    0.535038948059082,
    0.5658926963806152,
    0.5970463752746582,
    0.6282083988189697,
    0.6589372158050537,
    0.6899125576019287,
    0.7206635475158691,
    0.751380205154419,
    0.7822229862213135,
    0.8130624294281006,
    0.843829870223999,
    0.8744616508483887,
    0.9050302505493164,
    0.9359300136566162,
    0.9663865566253662,
    0.9972758293151855,
    1.0276126861572266,
    1.0578713417053223,
    1.0885322093963623,
    1.1194207668304443,
    1.1495888233184814,
    1.180457353591919,
    1.2112181186676025,
    1.2412607669830322,
    1.2714929580688477,
    1.3015143871307373,
    1.33148193359375,
    1.3614373207092285,
    1.3919012546539307,
    1.422795057296753,
    1.4527466297149658,
    1.4826393127441406,
    1.512671709060669,
    1.542630910873413,
    1.5726711750030518,
    1.6029374599456787,
    1.6331241130828857,
    1.6632964611053467,
    1.6936736106872559,
    1.723865270614624,
    1.7542181015014648,
    1.784710168838501,
    1.8154346942901611,
    1.8458750247955322,
    1.8764257431030273,
    1.9069335460662842,
    1.937798023223877,
    1.9684209823608398,
    1.9992518424987793,
    2.0301084518432617,
    2.0610482692718506,
    2.091959238052368,
    2.1229496002197266,
    2.153851270675659,
    2.184757947921753,
    2.215785264968872,
    2.246642827987671,
    2.2776732444763184,
    2.308720588684082,
    2.3395893573760986,
    2.3706576824188232,
    2.401880979537964,
    2.4330995082855225,
    2.463949680328369,
    2.4948067665100098,
    2.5256614685058594,
    2.556413173675537,
    2.586987018585205,
    2.6175854206085205,
    2.648432731628418,
    2.6789486408233643,
    2.7094545364379883,
    2.7403366565704346,
    2.7708027362823486,
    2.801218032836914,
    2.8316495418548584,
    2.862117052078247,
    2.892627477645874,
    2.9227166175842285,
    2.953300952911377,
    2.983802556991577,
    3.014340400695801,
    3.0444486141204834,
    3.0745551586151123,
    3.1045336723327637,
    3.1346771717071533,
    3.164656639099121,
    3.1948187351226807,
    3.224769353866577,
    3.2547683715820312,
    3.2856340408325195,
    3.315865993499756,
    3.345944404602051,
    3.37626576423645,
    3.406437873840332,
    3.4366159439086914,
    3.4667885303497314,
    3.4970641136169434,
    3.527304172515869,
    3.5577547550201416,
    3.588167905807495,
    3.618560791015625,
    3.649022340774536,
    3.6800031661987305,
    3.7104897499084473,
    3.7410356998443604,
    3.7716550827026367,
    3.802445411682129,
    3.8332512378692627,
    3.864285469055176,
    3.895137071609497,
    3.9260504245758057,
    3.95687198638916,
    3.987731695175171,
    4.018710613250732,
    4.0496580600738525,
    4.080321550369263,
    4.111037731170654,
    4.142107725143433,
    4.173184633255005,
    4.204198837280273,
    4.234704256057739,
    4.265592336654663,
    4.296142578125,
    4.327003002166748,
    4.3574607372283936,
    4.387866497039795,
    4.418180465698242,
    4.448671817779541,
    4.479145765304565,
    4.5092692375183105,
    4.540200233459473,
    4.570094585418701
  ]
}