{
  "gesture_id": 3,
  "gesture_name": "circle",
  "timestamp": "2025-12-24T13:33:21.633566",
  "sample_rate": 50,
  "duration": 3.0,
  "distances": [
    45.43970823287964,
    44.863176345825195,
    56.75772428512573,
    58.062076568603516,
    50.53445100784302,
    43.41162443161011,
    44.98993158340454,
    43.427979946136475,
    57.0725679397583,
    61.32500171661377,
    43.383002281188965,
    57.79629945755005,
    56.47968053817749,
    52.5870680809021,
    56.512391567230225,
    57.34652280807495,
    56.79861307144165,
    49.643075466156006,
    55.46154975891113,
    49.9947190284729,
    56.14439249038696,
    56.89265727996826,
    51.01693868637085,
    56.8231463432312,
    56.63505792617798,
    56.94990158081055,
    54.304397106170654,
    55.33479452133179,
    52.57071256637573,
    56.79043531417847,
    52.54209041595459,
    53.92413139343262,
    51.74884796142578,
    51.5403151512146,
    53.61337661743164,
    49.96609687805176,
    49.03383255004883,
    50.346362590789795,
    49.324142932891846,
    45.206642150878906,
    49.798452854156494,
    43.59153509140015,
    44.00860071182251,
    43.17038059234619,
    45.41926383972168,
    41.63705110549927,
    42.998647689819336,
    43.62424612045288,
    43.99224519729614,
    39.26959037780762,
    40.426743030548096,
    50.3422737121582,
    54.668307304382324,
    36.509597301483154,
    36.27653121948242,
    56.651413440704346,
    56.66776895523071,
    57.084834575653076,
    56.651413440704346,
    56.966257095336914,
    56.966257095336914,
    44.61784362792969,
    47.226548194885254,
    56.77816867828369,
    56.79043531417847,
    54.65604066848755,
    56.79452419281006,
    46.65001630783081,
    50.321829319000244,
    56.94172382354736,
    56.81496858596802,
    56.65959119796753,
    56.65550231933594,
    56.8231463432312,
    56.831324100494385,
    50.50173997879028,
    56.647324562072754,
    49.99063014984131,
    45.42335271835327,
    47.635436058044434,
    51.0905385017395,
    45.81179618835449,
    48.03205728530884,
    48.44503402709961,
    44.78957653045654,
    44.78139877319336,
    43.00682544708252,
    41.628873348236084,
    39.77252244949341,
    43.22762489318848,
    39.77252244949341,
    41.31811857223511,
    38.34550380706787,
    38.37003707885742,
    38.81981372833252,
    38.81981372833252,
    37.20061779022217,
    39.52310085296631,
    36.76719665527344,
    40.18958806991577,
    37.40506172180176,
    47.81534671783447,
    37.20470666885376,
    34.47333574295044,
    35.258400440216064,
    36.31742000579834,
    37.91617155075073,
    36.97572946548462,
    58.07434320449829,
    50.64893960952759,
    55.4779052734375,
    52.40715742111206,
    57.628655433654785,
    45.227086544036865,
    58.19292068481445,
    56.48376941680908,
    51.74884796142578,
    56.692302227020264,
    54.61924076080322,
    56.94172382354736,
    53.29853296279907,
    58.50776433944702,
    57.70225524902344,
    56.30385875701904,
    55.46154975891113,
    56.77816867828369,
    63.021886348724365,
    55.86225986480713,
    54.598796367645264,
    53.576576709747314,
    53.60519886016846,
    53.601109981536865,
    52.74653434753418,
    54.44750785827637,
    49.81071949005127,
    52.235424518585205,
    51.94511413574219,
    46.658194065093994,
    47.26334810256958,
    44.654643535614014,
    43.43615770339966,
    43.42389106750488,
    46.228861808776855,
    43.2644248008728,
    43.82460117340088,
    43.248069286346436,
    43.611979484558105,
    56.98261260986328,
    43.02318096160889,
    44.0617561340332
  ],
  "timestamps": [
    0.010111570358276367,
    0.040384531021118164,
    0.07131147384643555,
    0.10228729248046875,
    0.1327970027923584,
    0.16286897659301758,
    0.19304442405700684,
    0.22311162948608398,
    0.2539942264556885,
    0.28513097763061523,
    0.3151986598968506,
    0.34612035751342773,
    0.3769717216491699,
    0.4075937271118164,
    0.43843984603881836,
    0.46930480003356934,
    0.5002086162567139,
    0.5308139324188232,
    0.5616118907928467,
    0.5920498371124268,
    0.6228795051574707,
    0.6537559032440186,
    0.684281587600708,
    0.715151309967041,
    0.7460060119628906,
    0.7768747806549072,
    0.8075714111328125,
    0.8383374214172363,
    0.8689327239990234,
    0.8997581005096436,
    0.9303655624389648,
    0.9610567092895508,
    0.991602897644043,
    1.0221798419952393,
    1.0528573989868164,
    1.083296775817871,
    1.1137025356292725,
    1.1441624164581299,
    1.1745707988739014,
    1.2047343254089355,
    1.2351627349853516,
    1.2652523517608643,
    1.2953474521636963,
    1.3254284858703613,
    1.3556060791015625,
    1.385580062866211,
    1.4156172275543213,
    1.4456899166107178,
    1.475792407989502,
    1.5057506561279297,
    1.535742998123169,
    1.5662341117858887,
    1.597012996673584,
    1.6266899108886719,
    1.656348466873169,
    1.687272310256958,
    1.7181308269500732,
    1.7490782737731934,
    1.7799172401428223,
    1.810851812362671,
    1.8417420387268066,
    1.8719584941864014,
    1.9022445678710938,
    1.933107614517212,
    1.963953971862793,
    1.9947562217712402,
    2.0256195068359375,
    2.055972099304199,
    2.0864384174346924,
    2.1173136234283447,
    2.148164749145508,
    2.1790754795074463,
    2.2099173069000244,
    2.2408175468444824,
    2.2716598510742188,
    2.3022000789642334,
    2.3330652713775635,
    2.3636152744293213,
    2.39383864402771,
    2.4241669178009033,
    2.454674482345581,
    2.484895944595337,
    2.5153279304504395,
    2.5458195209503174,
    2.5760300159454346,
    2.6062211990356445,
    2.63631534576416,
    2.6663191318511963,
    2.6962122917175293,
    2.7262799739837646,
    2.756150722503662,
    2.7861242294311523,
    2.815916061401367,
    2.8456974029541016,
    2.8755075931549072,
    2.9053142070770264,
    2.935037612915039,
    2.964905261993408,
    2.994600534439087,
    3.0245132446289062,
    3.0542428493499756,
    3.08457612991333,
    3.114288330078125,
    3.1438474655151367,
    3.1734507083892822,
    3.2031099796295166,
    3.2328641414642334,
    3.262559652328491,
    3.293494462966919,
    3.3239939212799072,
    3.3547821044921875,
    3.3853843212127686,
    3.416308879852295,
    3.4464874267578125,
    3.4774234294891357,
    3.508301258087158,
    3.538938045501709,
    3.5698630809783936,
    3.600693702697754,
    3.631577730178833,
    3.662245750427246,
    3.693204641342163,
    3.7241241931915283,
    3.754955291748047,
    3.7857344150543213,
    3.8166165351867676,
    3.847839832305908,
    3.8786404132843018,
    3.909376382827759,
    3.9400432109832764,
    3.970703125,
    4.001356363296509,
    4.031966924667358,
    4.062680721282959,
    4.093129396438599,
    4.12373948097229,
    4.154319763183594,
    4.184589862823486,
    4.2148919105529785,
    4.24503231048584,
    4.275096654891968,
    4.3051557540893555,
    4.335392475128174,
    4.3654656410217285,
    4.395571947097778,
    4.425660610198975,
    4.455753326416016,
    4.486629247665405,
    4.516803979873657,
    4.546987771987915
  ]
}