{
  "gesture_id": 3,
  "gesture_name": "circle",
  "timestamp": "2025-12-24T13:30:28.140480",
  "sample_rate": 50,
  "duration": 3.0,
  "distances": [
    51.18049383163452,
    49.97836351394653,
    49.99880790710449,
    51.01693868637085,
    51.19684934616089,
    52.21906900405884,
    53.24946641921997,
    56.65959119796753,
    56.80270195007324,
    52.734267711639404,
    51.372671127319336,
    60.33958196640015,
    56.79043531417847,
    59.07611846923828,
    56.168925762176514,
    57.0725679397583,
    59.48909521102905,
    57.94349908828735,
    61.17371320724487,
    61.312735080718994,
    58.05389881134033,
    58.082520961761475,
    59.64038372039795,
    59.77122783660889,
    60.7607364654541,
    59.05567407608032,
    63.59432935714722,
    59.63629484176636,
    58.650875091552734,
    64.45708274841309,
    59.198784828186035,
    59.91024971008301,
    57.628655433654785,
    56.64323568344116,
    59.88980531692505,
    56.64323568344116,
    59.767138957977295,
    61.337268352508545,
    57.9189658164978,
    62.87877559661865,
    58.92074108123779,
    56.63505792617798,
    51.54440402984619,
    51.72022581100464,
    50.186896324157715,
    49.81480836868286,
    49.001121520996094,
    49.97836351394653,
    50.31774044036865,
    55.645549297332764,
    47.84805774688721,
    45.2107310295105,
    47.01392650604248,
    48.22014570236206,
    49.6962308883667,
    50.51400661468506,
    49.83116388320923,
    42.29536056518555,
    45.79135179519653,
    41.57980680465698,
    43.18673610687256,
    44.82228755950928,
    41.34674072265625,
    52.92235612869263,
    42.974114418029785,
    49.82707500457764,
    44.589221477508545,
    44.405221939086914,
    47.4023699760437,
    46.20023965835571,
    45.202553272247314,
    46.84628248214722,
    49.029743671417236,
    49.66760873794556,
    49.81071949005127,
    53.74422073364258,
    56.94990158081055,
    55.81319332122803,
    56.79452419281006,
    57.54278898239136,
    63.046419620513916,
    59.89798307418823,
    61.77886724472046,
    62.604820728302,
    62.21228837966919,
    63.860106468200684,
    62.997353076934814,
    63.021886348724365,
    65.15219211578369,
    65.03361463546753,
    62.7561092376709,
    64.30579423904419,
    62.16322183609009,
    59.468650817871094,
    56.97852373123169,
    52.574801445007324,
    64.1545057296753,
    63.55752944946289,
    61.177802085876465,
    57.673633098602295,
    49.822986125946045,
    56.79861307144165,
    45.78317403793335,
    48.01570177078247,
    50.12965202331543,
    47.42690324783325,
    44.58513259887695,
    51.732492446899414,
    49.65943098068237,
    45.43561935424805,
    47.03437089920044,
    51.372671127319336,
    44.564688205718994,
    50.166451930999756,
    42.994558811187744,
    45.018553733825684,
    43.407535552978516,
    43.17038059234619,
    44.000422954559326,
    44.814109802246094,
    43.38709115982056,
    56.61052465438843,
    56.647324562072754,
    47.41463661193848,
    56.651413440704346,
    47.81534671783447,
    49.81889724731445,
    62.453532218933105,
    50.17462968826294,
    58.65905284881592,
    53.25355529785156,
    56.536924839019775,
    55.10990619659424,
    56.68821334838867,
    63.291752338409424,
    56.93763494491577,
    56.966257095336914,
    59.628117084503174,
    60.65033674240112,
    60.61762571334839,
    59.80802774429321,
    61.19006872177124,
    60.37638187408447,
    59.79576110839844,
    59.906160831451416,
    60.748469829559326,
    58.64269733428955,
    59.337806701660156,
    60.21691560745239,
    62.204110622406006
  ],
  "timestamps": [
    0.010378837585449219,
    0.04081606864929199,
    0.07125067710876465,
    0.10171127319335938,
    0.13216924667358398,
    0.16268229484558105,
    0.19325852394104004,
    0.2240290641784668,
    0.2548055648803711,
    0.28534650802612305,
    0.31580591201782227,
    0.3467850685119629,
    0.37755584716796875,
    0.4084608554840088,
    0.43919873237609863,
    0.46999621391296387,
    0.5009281635284424,
    0.5317714214324951,
    0.5628077983856201,
    0.5938482284545898,
    0.6246976852416992,
    0.655548095703125,
    0.6864869594573975,
    0.717440128326416,
    0.7484471797943115,
    0.7793550491333008,
    0.8105263710021973,
    0.8414642810821533,
    0.872344970703125,
    0.9035696983337402,
    0.9344837665557861,
    0.9654433727264404,
    0.9962658882141113,
    1.0270709991455078,
    1.0581669807434082,
    1.0889568328857422,
    1.1199095249176025,
    1.1509513854980469,
    1.1817965507507324,
    1.2129335403442383,
    1.2438335418701172,
    1.2746007442474365,
    1.3050687313079834,
    1.3355474472045898,
    1.365990400314331,
    1.396470308303833,
    1.4268982410430908,
    1.4573783874511719,
    1.4878649711608887,
    1.5186607837677002,
    1.5489990711212158,
    1.5792300701141357,
    1.6095099449157715,
    1.6398570537567139,
    1.670302391052246,
    1.700798749923706,
    1.7312567234039307,
    1.761279821395874,
    1.7915048599243164,
    1.8214750289916992,
    1.851541519165039,
    1.881697177886963,
    1.9117052555084229,
    1.9423372745513916,
    1.9723894596099854,
    2.00288724899292,
    2.0331342220306396,
    2.063479423522949,
    2.0938398838043213,
    2.1241250038146973,
    2.154357671737671,
    2.18466854095459,
    2.215094804763794,
    2.245572090148926,
    2.276063919067383,
    2.306765556335449,
    2.3376524448394775,
    2.3684754371643066,
    2.399362564086914,
    2.4302780628204346,
    2.461501359939575,
    2.4925546646118164,
    2.523733615875244,
    2.554961681365967,
    2.586153745651245,
    2.617448091506958,
    2.648688554763794,
    2.6799309253692627,
    2.711280345916748,
    2.742624282836914,
    2.773827075958252,
    2.805126428604126,
    2.8363068103790283,
    2.8673255443573,
    2.898203134536743,
    2.928837299346924,
    2.9601409435272217,
    2.9914326667785645,
    3.0225682258605957,
    3.0536136627197266,
    3.0842645168304443,
    3.115217924118042,
    3.1455154418945312,
    3.1758739948272705,
    3.206357955932617,
    3.236691474914551,
    3.2668614387512207,
    3.297466993331909,
    3.327932357788086,
    3.358150005340576,
    3.3884613513946533,
    3.419005870819092,
    3.4491474628448486,
    3.4796066284179688,
    3.5096962451934814,
    3.5398762226104736,
    3.5699589252471924,
    3.600023031234741,
    3.63015079498291,
    3.6603076457977295,
    3.6903860569000244,
    3.7212371826171875,
    3.752089262008667,
    3.7824013233184814,
    3.813267469406128,
    3.8436012268066406,
    3.8740499019622803,
    3.905237913131714,
    3.935717821121216,
    3.966686964035034,
    3.9973397254943848,
    4.028256416320801,
    4.059185981750488,
    4.090068817138672,
    4.121296167373657,
    4.152160406112671,
    4.1830198764801025,
    4.2140326499938965,
    4.245094299316406,
    4.276179313659668,
    4.307214260101318,
    4.33834981918335,
    4.369397878646851,
    4.4004435539245605,
    4.431462287902832,
    4.462539434432983,
    4.493489980697632,
    4.524463415145874,
    4.555529356002808,
    4.586708307266235
  ]
}