{
  "gesture_id": 3,
  "gesture_name": "circle",
  "timestamp": "2025-12-23T15:33:51.184604",
  "sample_rate": 50,
  "duration": 3.0,
  "distances": [
    50.27276277542114,
    54.26759719848633,
    54.234886169433594,
    55.61283826828003,
    54.74599599838257,
    54.75417375564575,
    53.8832426071167,
    49.79027509689331,
    54.418885707855225,
    54.394352436065674,
    54.44750785827637,
    49.962007999420166,
    54.41479682922363,
    54.44750785827637,
    55.26937246322632,
    56.123948097229004,
    51.17640495300293,
    55.122172832489014,
    58.176565170288086,
    56.75772428512573,
    56.6227912902832,
    43.767356872558594,
    49.63080883026123,
    48.8498330116272,
    49.822986125946045,
    38.59083652496338,
    39.99741077423096,
    51.49942636489868,
    36.055731773376465,
    36.51777505874634,
    39.085590839385986,
    40.467631816864014,
    55.31435012817383,
    36.5382194519043,
    38.398659229278564,
    37.1842622756958,
    36.49324178695679,
    36.49733066558838,
    38.59083652496338,
    38.37003707885742,
    44.03722286224365,
    39.99741077423096,
    41.833317279815674,
    56.68003559112549,
    49.81889724731445,
    56.96216821670532,
    45.80361843109131,
    56.009459495544434,
    46.82992696762085,
    54.627418518066406,
    54.966795444488525,
    54.467952251434326,
    50.325918197631836,
    55.122172832489014,
    52.77106761932373,
    54.602885246276855,
    54.627418518066406,
    56.02172613143921,
    56.7740797996521,
    56.33656978607178,
    55.30208349227905,
    56.63914680480957,
    58.07434320449829,
    56.82723522186279,
    50.325918197631836,
    49.962007999420166,
    55.83772659301758,
    56.52056932449341,
    56.75772428512573,
    54.439330101013184,
    44.39704418182373,
    57.080745697021484,
    52.74244546890259,
    44.01677846908569,
    49.2464542388916,
    50.027430057525635,
    41.861939430236816,
    43.23989152908325,
    56.15665912628174,
    53.24537754058838,
    39.30639028549194,
    36.27244234085083,
    36.513686180114746,
    53.0859112739563,
    36.25608682632446,
    36.280620098114014,
    36.27244234085083,
    36.0393762588501,
    36.759018898010254,
    35.789954662323,
    37.9325270652771,
    39.310479164123535,
    37.45003938674927,
    36.02710962295532,
    38.34959268569946,
    38.374125957489014,
    44.17624473571777,
    42.540693283081055,
    40.467631816864014,
    40.20594358444214,
    43.78371238708496,
    43.18673610687256,
    42.98638105392456,
    44.01677846908569,
    49.05836582183838,
    45.01446485519409,
    45.247530937194824,
    50.15418529510498,
    53.26991081237793,
    53.60519886016846,
    53.2862663269043,
    53.59702110290527,
    49.7943639755249,
    56.54510259628296,
    54.782795906066895,
    56.52874708175659,
    55.63328266143799,
    55.63737154006958,
    53.899598121643066,
    54.80324029922485,
    54.81141805648804,
    55.150794982910156,
    54.93408441543579,
    61.0592246055603,
    43.42389106750488,
    53.417110443115234,
    53.79328727722168,
    52.75471210479736,
    56.15665912628174,
    38.11652660369873,
    55.98492622375488,
    38.81981372833252,
    39.085590839385986,
    36.9839072227478,
    38.128793239593506,
    37.196528911590576,
    37.00844049453735,
    36.52186393737793,
    36.01893186569214,
    37.421417236328125,
    52.76288986206055,
    37.42959499359131,
    54.61106300354004,
    37.43777275085449,
    56.15257024765015,
    36.7344856262207,
    36.24790906906128,
    39.80114459991455,
    36.75493001937866,
    36.70995235443115
  ],
  "timestamps": [
    0.010387659072875977,
    0.0411992073059082,
    0.07197403907775879,
    0.10282325744628906,
    0.13361859321594238,
    0.1643681526184082,
    0.19508957862854004,
    0.22556304931640625,
    0.25624752044677734,
    0.2869737148284912,
    0.31769824028015137,
    0.3481709957122803,
    0.3789219856262207,
    0.4096829891204834,
    0.4404890537261963,
    0.4713456630706787,
    0.5019021034240723,
    0.532691478729248,
    0.5636246204376221,
    0.594489336013794,
    0.625338077545166,
    0.6554572582244873,
    0.6859338283538818,
    0.7163465023040771,
    0.7468290328979492,
    0.7766604423522949,
    0.806532621383667,
    0.8370933532714844,
    0.8667721748352051,
    0.8965301513671875,
    0.9263966083526611,
    0.9564588069915771,
    0.9872469902038574,
    1.0169527530670166,
    1.0467259883880615,
    1.0764687061309814,
    1.1061322689056396,
    1.1358156204223633,
    1.1655967235565186,
    1.1953864097595215,
    1.2255096435546875,
    1.2553761005401611,
    1.2853662967681885,
    1.3161988258361816,
    1.3466486930847168,
    1.3775157928466797,
    1.4077847003936768,
    1.4386069774627686,
    1.4689178466796875,
    1.4996366500854492,
    1.5303950309753418,
    1.5611207485198975,
    1.5915896892547607,
    1.6223530769348145,
    1.6529760360717773,
    1.683706283569336,
    1.714453935623169,
    1.7452709674835205,
    1.7761120796203613,
    1.8069357872009277,
    1.8376903533935547,
    1.8685460090637207,
    1.8995497226715088,
    1.9304413795471191,
    1.9609386920928955,
    1.9914162158966064,
    2.0222268104553223,
    2.0530714988708496,
    2.083911418914795,
    2.114671230316162,
    2.144791603088379,
    2.1756508350372314,
    2.206267833709717,
    2.2363808155059814,
    2.2667999267578125,
    2.297280788421631,
    2.3272504806518555,
    2.357320785522461,
    2.388131856918335,
    2.418783664703369,
    2.4486191272735596,
    2.4782633781433105,
    2.507960319519043,
    2.5385844707489014,
    2.568244695663452,
    2.5978872776031494,
    2.6275501251220703,
    2.6571943759918213,
    2.686863660812378,
    2.716515302658081,
    2.7463109493255615,
    2.776151180267334,
    2.8058836460113525,
    2.8355326652526855,
    2.865351676940918,
    2.8952198028564453,
    2.925398111343384,
    2.9554455280303955,
    2.9853596687316895,
    3.0152628421783447,
    3.0453662872314453,
    3.0754332542419434,
    3.1054847240448,
    3.135617733001709,
    3.1660258769989014,
    3.1961982250213623,
    3.22637939453125,
    3.2568519115448,
    3.2875053882598877,
    3.318176746368408,
    3.348828077316284,
    3.3795135021209717,
    3.4099655151367188,
    3.4408137798309326,
    3.4715416431427,
    3.5023810863494873,
    3.5331737995147705,
    3.5639467239379883,
    3.5946338176727295,
    3.625373601913452,
    3.656095504760742,
    3.686857223510742,
    3.7176055908203125,
    3.748694658279419,
    3.778770923614502,
    3.8094310760498047,
    3.8400931358337402,
    3.870743751525879,
    3.901636838912964,
    3.931401252746582,
    3.9622793197631836,
    3.9921092987060547,
    4.021915435791016,
    4.051621913909912,
    4.081411361694336,
    4.111112833023071,
    4.140815019607544,
    4.1704723834991455,
    4.200117111206055,
    4.229826211929321,
    4.260442733764648,
    4.29015326499939,
    4.320881128311157,
    4.350590705871582,
    4.381419897079468,
    4.411093235015869,
    4.440752029418945,
    4.470619440078735,
    4.5003132820129395,
    4.529985189437866
  ]
}