{
  "gesture_id": 3,
  "gesture_name": "circle",
  "timestamp": "2025-12-24T13:28:42.294616",
  "sample_rate": 50,
  "duration": 3.0,
  "distances": [
    50.1950740814209,
    56.606435775756836,
    61.05513572692871,
    63.24268579483032,
    49.688053131103516,
    48.28147888183594,
    50.38725137710571,
    50.75116157531738,
    50.05605220794678,
    56.671857833862305,
    62.22864389419556,
    50.03969669342041,
    58.98616313934326,
    63.18953037261963,
    56.741368770599365,
    63.1036639213562,
    62.49442100524902,
    61.112380027770996,
    52.60751247406006,
    56.84359073638916,
    60.40909290313721,
    56.82723522186279,
    53.94866466522217,
    56.74545764923096,
    57.68181085586548,
    56.38972520828247,
    60.93246936798096,
    61.28002405166626,
    59.80393886566162,
    60.24144887924194,
    60.25780439376831,
    59.55451726913452,
    58.67131948471069,
    59.80802774429321,
    60.654425621032715,
    60.53584814071655,
    58.79807472229004,
    56.720924377441406,
    60.360026359558105,
    56.83541297912598,
    56.56554698944092,
    59.41140651702881,
    60.24962663650513,
    50.01107454299927,
    63.23450803756714,
    48.91934394836426,
    50.21551847457886,
    47.046637535095215,
    50.01516342163086,
    46.43739461898804,
    46.457839012145996,
    43.0150032043457,
    43.23580265045166,
    42.58158206939697,
    42.09500551223755,
    42.82282590866089,
    43.4647798538208,
    41.9191837310791,
    41.424429416656494,
    40.00967741012573,
    40.91740846633911,
    40.71296453475952,
    60.65851449966431,
    57.53052234649658,
    56.990790367126465,
    43.861401081085205,
    57.30154514312744,
    57.563233375549316,
    50.775694847106934,
    60.813891887664795,
    49.81889724731445,
    49.892497062683105,
    56.98670148849487,
    60.94064712524414,
    50.72253942489624,
    57.833099365234375,
    58.286964893341064,
    55.33479452133179,
    54.991328716278076,
    56.831324100494385,
    56.82723522186279,
    57.538700103759766,
    60.131049156188965,
    59.27238464355469,
    59.27238464355469,
    59.05158519744873,
    57.968032360076904,
    58.53229761123657,
    54.84821796417236,
    56.851768493652344,
    61.930155754089355,
    57.05212354660034,
    51.1927604675293,
    60.041093826293945,
    56.786346435546875,
    56.93763494491577,
    50.366806983947754,
    48.42050075531006,
    47.8521466255188,
    51.68342590332031,
    46.60094976425171,
    45.85268497467041,
    44.38068866729736,
    44.82637643814087,
    45.44379711151123,
    42.745137214660645,
    43.971800804138184,
    47.41463661193848,
    43.199002742767334,
    49.822986125946045,
    41.09323024749756,
    44.000422954559326,
    41.583895683288574,
    42.05820560455322,
    42.98638105392456,
    42.77784824371338,
    43.78371238708496,
    43.19491386413574,
    42.02549457550049,
    40.905141830444336,
    43.18264722824097,
    51.52395963668823,
    44.63828802108765,
    61.32091283798218,
    56.76999092102051,
    56.626880168914795,
    42.07864999771118,
    43.80006790161133,
    46.04077339172363,
    46.020328998565674,
    47.24699258804321,
    56.79861307144165,
    49.97836351394653,
    60.49904823303223,
    50.15418529510498,
    58.24607610702515,
    50.33409595489502,
    59.628117084503174,
    59.20287370681763,
    52.90191173553467,
    53.76875400543213,
    56.512391567230225,
    56.786346435546875,
    59.018874168395996,
    59.926605224609375,
    58.197009563446045,
    52.56253480911255,
    53.441643714904785,
    54.80324029922485,
    52.574801445007324
  ],
  "timestamps": [
    0.010374069213867188,
    0.04134058952331543,
    0.0725107192993164,
    0.10381150245666504,
    0.13430428504943848,
    0.16466164588928223,
    0.19511628150939941,
    0.2256174087524414,
    0.2560901641845703,
    0.28696775436401367,
    0.31816744804382324,
    0.34863781929016113,
    0.37960243225097656,
    0.41083788871765137,
    0.44168591499328613,
    0.47287940979003906,
    0.5040574073791504,
    0.535146951675415,
    0.5657627582550049,
    0.5966019630432129,
    0.6276650428771973,
    0.6585252285003662,
    0.6892189979553223,
    0.7200539112091064,
    0.7509801387786865,
    0.7818164825439453,
    0.8129050731658936,
    0.8440196514129639,
    0.8751299381256104,
    0.9062988758087158,
    0.9374184608459473,
    0.9685244560241699,
    0.9995036125183105,
    1.0305893421173096,
    1.0616908073425293,
    1.0927708148956299,
    1.1237986087799072,
    1.154710292816162,
    1.1857647895812988,
    1.2166073322296143,
    1.2474656105041504,
    1.2785019874572754,
    1.3095653057098389,
    1.3400492668151855,
    1.3712835311889648,
    1.4016892910003662,
    1.432164192199707,
    1.4624528884887695,
    1.4929020404815674,
    1.5231420993804932,
    1.5533883571624756,
    1.583444595336914,
    1.6135118007659912,
    1.6435418128967285,
    1.6735529899597168,
    1.7036101818084717,
    1.7337088584899902,
    1.763711929321289,
    1.7936770915985107,
    1.8235623836517334,
    1.8535230159759521,
    1.8835418224334717,
    1.9146971702575684,
    1.945617914199829,
    1.9764890670776367,
    2.006594181060791,
    2.0374646186828613,
    2.068361282348633,
    2.0988597869873047,
    2.1299540996551514,
    2.160428047180176,
    2.1908833980560303,
    2.2217512130737305,
    2.2528533935546875,
    2.283355951309204,
    2.314257860183716,
    2.345186471939087,
    2.3759539127349854,
    2.406708240509033,
    2.437570095062256,
    2.4684269428253174,
    2.499329090118408,
    2.5303804874420166,
    2.5613813400268555,
    2.592374324798584,
    2.6233582496643066,
    2.6542654037475586,
    2.6852166652679443,
    2.7159595489501953,
    2.746821641921997,
    2.7780041694641113,
    2.808878183364868,
    2.8394100666046143,
    2.87052059173584,
    2.901545763015747,
    2.9324238300323486,
    2.9628944396972656,
    2.9932591915130615,
    3.023594856262207,
    3.0541515350341797,
    3.0844106674194336,
    3.114628791809082,
    3.1448092460632324,
    3.174971580505371,
    3.205162525177002,
    3.2351980209350586,
    3.2653117179870605,
    3.295621633529663,
    3.3256869316101074,
    3.356135845184326,
    3.3860933780670166,
    3.416205644607544,
    3.446176052093506,
    3.476172924041748,
    3.506220579147339,
    3.5362563133239746,
    3.566350221633911,
    3.596411943435669,
    3.6264100074768066,
    3.6563405990600586,
    3.686401605606079,
    3.7169487476348877,
    3.747093677520752,
    3.778215169906616,
    3.8090901374816895,
    3.839937448501587,
    3.8699984550476074,
    3.900263786315918,
    3.930514097213745,
    3.9607419967651367,
    3.9910244941711426,
    4.0218751430511475,
    4.052334308624268,
    4.083407402038574,
    4.113893508911133,
    4.144837856292725,
    4.175317764282227,
    4.2063376903533936,
    4.237323999404907,
    4.267948865890503,
    4.298640727996826,
    4.329502105712891,
    4.360387325286865,
    4.391399621963501,
    4.422483921051025,
    4.4534454345703125,
    4.484077215194702,
    4.51475715637207,
    4.545516729354858,
    4.576133728027344
  ]
}