{
  "gesture_id": 3,
  "gesture_name": "circle",
  "timestamp": "2025-12-24T13:31:07.804984",
  "sample_rate": 50,
  "duration": 3.0,
  "distances": [
    57.02759027481079,
    50.06831884384155,
    56.68003559112549,
    50.18280744552612,
    56.86812400817871,
    49.90885257720947,
    50.39951801300049,
    56.696391105651855,
    70.3328013420105,
    56.557369232177734,
    59.104740619659424,
    56.990790367126465,
    71.73937559127808,
    68.61547231674194,
    58.83078575134277,
    61.12464666366577,
    58.973896503448486,
    62.931931018829346,
    59.08838510513306,
    65.06223678588867,
    71.68213129043579,
    59.09656286239624,
    61.91788911819458,
    60.225093364715576,
    66.89814329147339,
    70.94204425811768,
    67.16392040252686,
    64.50614929199219,
    74.14363622665405,
    59.832561016082764,
    63.53299617767334,
    59.66082811355591,
    63.81103992462158,
    60.82615852355957,
    60.544025897979736,
    63.48801851272583,
    59.39505100250244,
    58.99842977523804,
    58.834874629974365,
    60.13513803482056,
    59.39913988113403,
    58.127498626708984,
    56.716835498809814,
    56.716835498809814,
    60.24144887924194,
    54.508841037750244,
    55.18759489059448,
    51.029205322265625,
    50.06422996520996,
    50.88200569152832,
    50.56307315826416,
    57.3710560798645,
    49.688053131103516,
    49.70440864562988,
    49.47543144226074,
    48.88663291931152,
    48.866188526153564,
    49.892497062683105,
    52.77106761932373,
    50.01516342163086,
    51.438093185424805,
    50.56716203689575,
    50.047874450683594,
    56.692302227020264,
    59.5136284828186,
    50.571250915527344,
    52.11275815963745,
    56.84767961502075,
    50.20325183868408,
    53.12680006027222,
    53.2862663269043,
    56.561458110809326,
    55.854082107543945,
    53.989553451538086,
    56.81905746459961,
    57.42830038070679,
    55.74368238449097,
    56.38154745101929,
    56.3733696937561,
    56.68412446975708,
    60.813891887664795,
    62.249088287353516,
    59.77122783660889,
    57.00305700302124,
    56.94172382354736,
    63.0545973777771,
    63.0545973777771,
    58.79807472229004,
    57.95167684555054,
    59.71807241439819,
    57.11345672607422,
    65.90045690536499,
    56.806790828704834,
    58.79807472229004,
    62.200021743774414,
    51.40947103500366,
    57.84945487976074,
    56.831324100494385,
    58.086609840393066,
    52.79968976974487,
    51.40947103500366,
    52.10458040237427,
    50.17462968826294,
    53.47026586532593,
    56.966257095336914,
    50.06422996520996,
    49.70440864562988,
    47.26743698120117,
    49.26689863204956,
    46.85037136077881,
    45.65232992172241,
    50.685739517211914,
    47.480058670043945,
    45.46424150466919,
    45.680952072143555,
    50.35045146942139,
    44.634199142456055,
    48.6985445022583,
    44.43384408950806,
    45.07170915603638,
    46.83401584625244,
    47.08343744277954,
    44.42566633224487,
    45.05126476287842,
    56.70865774154663,
    46.87899351119995,
    58.695852756500244,
    48.31010103225708,
    66.08445644378662,
    56.716835498809814,
    52.19453573226929,
    58.28287601470947,
    49.47543144226074,
    49.81889724731445,
    49.822986125946045,
    50.37907361984253,
    49.66760873794556,
    49.86387491226196,
    49.90067481994629,
    51.258182525634766,
    57.00714588165283,
    59.8162055015564,
    53.2862663269043,
    60.539937019348145,
    56.966257095336914,
    58.67949724197388,
    54.353463649749756,
    54.30030822753906,
    56.696391105651855,
    59.07202959060669
  ],
  "timestamps": [
    0.010802030563354492,
    0.041417837142944336,
    0.07237744331359863,
    0.10291719436645508,
    0.1338207721710205,
    0.16431069374084473,
    0.19482755661010742,
    0.22571134567260742,
    0.25739336013793945,
    0.2882719039916992,
    0.3192918300628662,
    0.3501729965209961,
    0.3819708824157715,
    0.4136974811553955,
    0.444720983505249,
    0.4758474826812744,
    0.5068285465240479,
    0.538057804107666,
    0.5690560340881348,
    0.6004011631011963,
    0.6321351528167725,
    0.6631355285644531,
    0.6942989826202393,
    0.7254266738891602,
    0.7568719387054443,
    0.7885456085205078,
    0.8200078010559082,
    0.8513178825378418,
    0.8831906318664551,
    0.9142441749572754,
    0.9455075263977051,
    0.976536750793457,
    1.0078082084655762,
    1.0389089584350586,
    1.0699846744537354,
    1.1012215614318848,
    1.1322300434112549,
    1.1632215976715088,
    1.1942024230957031,
    1.225275993347168,
    1.256310224533081,
    1.2872471809387207,
    1.3181042671203613,
    1.3489537239074707,
    1.3800604343414307,
    1.4109151363372803,
    1.4417052268981934,
    1.4722402095794678,
    1.5027148723602295,
    1.5332551002502441,
    1.5637569427490234,
    1.594648838043213,
    1.6250994205474854,
    1.6555912494659424,
    1.6860136985778809,
    1.7163937091827393,
    1.7467851638793945,
    1.7772464752197266,
    1.8078794479370117,
    1.838341474533081,
    1.8688883781433105,
    1.8993854522705078,
    1.9298591613769531,
    1.960705041885376,
    1.991715431213379,
    2.0221993923187256,
    2.052922010421753,
    2.0838112831115723,
    2.114300489425659,
    2.14497971534729,
    2.1756370067596436,
    2.206486940383911,
    2.2372939586639404,
    2.2680678367614746,
    2.298921823501587,
    2.3298070430755615,
    2.3606011867523193,
    2.3914811611175537,
    2.422389268875122,
    2.4532899856567383,
    2.4843876361846924,
    2.5155692100524902,
    2.546633243560791,
    2.5775115489959717,
    2.608369827270508,
    2.639573335647583,
    2.670793294906616,
    2.7017674446105957,
    2.7326955795288086,
    2.7637431621551514,
    2.7946248054504395,
    2.826016902923584,
    2.8568825721740723,
    2.8878493309020996,
    2.9190151691436768,
    2.9495503902435303,
    2.9804635047912598,
    3.011322498321533,
    3.0422608852386475,
    3.0728869438171387,
    3.1034419536590576,
    3.134028196334839,
    3.1645026206970215,
    3.195202112197876,
    3.226060390472412,
    3.2565245628356934,
    3.286964178085327,
    3.3172659873962402,
    3.347688913345337,
    3.3780393600463867,
    3.408437490463257,
    3.43908429145813,
    3.4694392681121826,
    3.499647855758667,
    3.5298683643341064,
    3.5603556632995605,
    3.590512275695801,
    3.6208994388580322,
    3.6510422229766846,
    3.6812143325805664,
    3.7114968299865723,
    3.7417876720428467,
    3.771929979324341,
    3.802121162414551,
    3.8329789638519287,
    3.8632609844207764,
    3.894232749938965,
    3.92459774017334,
    3.9560158252716064,
    3.9868733882904053,
    4.017478704452515,
    4.04842209815979,
    4.078860282897949,
    4.109318017959595,
    4.1397705078125,
    4.170246124267578,
    4.2006731033325195,
    4.23112154006958,
    4.261577844619751,
    4.292111873626709,
    4.322983741760254,
    4.3540198802948,
    4.3847434520721436,
    4.415985107421875,
    4.44688081741333,
    4.477877378463745,
    4.508584499359131,
    4.539297103881836,
    4.5701682567596436,
    4.601165294647217
  ]
}