{
  "gesture_id": 3,
  "gesture_name": "circle",
  "timestamp": "2025-12-24T13:26:52.338753",
  "sample_rate": 50,
  "duration": 3.0,
  "distances": [
    56.88856840133667,
    56.88856840133667,
    51.95329189300537,
    59.652650356292725,
    52.29675769805908,
    53.098177909851074,
    52.45213508605957,
    64.34259414672852,
    56.88856840133667,
    56.671857833862305,
    58.945274353027344,
    63.93779516220093,
    61.07558012008667,
    60.973358154296875,
    62.24091053009033,
    61.8074893951416,
    62.24091053009033,
    61.21869087219238,
    61.954689025878906,
    61.087846755981445,
    62.224555015563965,
    61.8074893951416,
    61.815667152404785,
    61.2595796585083,
    61.10420227050781,
    61.063313484191895,
    60.52767038345337,
    60.768914222717285,
    60.40091514587402,
    60.82206964492798,
    59.14562940597534,
    57.98438787460327,
    58.53229761123657,
    58.54456424713135,
    55.355238914489746,
    53.29853296279907,
    56.725013256073,
    50.370895862579346,
    56.855857372283936,
    50.19098520278931,
    49.67169761657715,
    44.658732414245605,
    52.95097827911377,
    47.03437089920044,
    56.74545764923096,
    44.22940015792847,
    59.6649169921875,
    56.68003559112549,
    57.00714588165283,
    46.44148349761963,
    46.257483959198,
    56.56963586807251,
    50.047874450683594,
    50.33818483352661,
    50.36271810531616,
    49.867963790893555,
    56.70047998428345,
    59.497272968292236,
    52.79968976974487,
    56.855857372283936,
    56.70456886291504,
    56.86812400817871,
    58.376920223236084,
    58.79398584365845,
    58.810341358184814,
    57.38332271575928,
    58.70403051376343,
    59.07202959060669,
    58.695852756500244,
    58.286964893341064,
    58.699941635131836,
    59.243762493133545,
    59.2151403427124,
    58.82669687271118,
    58.381009101867676,
    58.40963125228882,
    57.98847675323486,
    58.38509798049927,
    57.93941020965576,
    58.43416452407837,
    57.11754560470581,
    58.381009101867676,
    56.68412446975708,
    56.806790828704834,
    54.3330192565918,
    57.2729229927063,
    50.35862922668457,
    49.48769807815552,
    50.06831884384155,
    49.88431930541992,
    48.08112382888794,
    47.49641418457031,
    46.048951148986816,
    47.43916988372803,
    55.3797721862793,
    49.86387491226196,
    58.262431621551514,
    58.66314172744751,
    50.006985664367676,
    49.26689863204956,
    41.632962226867676,
    56.880390644073486,
    43.20718050003052,
    58.810341358184814,
    58.85123014450073,
    56.671857833862305,
    54.12857532501221,
    56.557369232177734,
    56.966257095336914,
    56.88447952270508,
    58.67949724197388,
    58.266520500183105,
    60.97744703292847,
    61.10420227050781,
    58.949363231658936,
    59.82029438018799,
    58.969807624816895,
    59.38687324523926,
    59.857094287872314,
    60.380470752716064,
    59.55042839050293,
    59.538161754608154,
    59.68127250671387,
    58.23789834976196,
    59.28056240081787,
    57.68589973449707,
    58.25016498565674,
    56.70456886291504,
    56.40608072280884,
    54.852306842803955,
    54.15719747543335,
    52.62795686721802,
    52.59524583816528,
    51.552581787109375,
    55.34297227859497,
    48.481833934783936,
    48.706722259521484,
    46.87490463256836,
    46.29019498825073,
    50.370895862579346,
    43.62833499908447,
    53.6338210105896,
    45.840418338775635,
    37.92843818664551,
    45.247530937194824,
    44.405221939086914,
    36.738574504852295,
    38.84434700012207,
    46.273839473724365,
    45.067620277404785
  ],
  "timestamps": [
    0.010775327682495117,
    0.041754961013793945,
    0.07238650321960449,
    0.10345578193664551,
    0.1340954303741455,
    0.1647663116455078,
    0.1953897476196289,
    0.2267014980316162,
    0.2575953006744385,
    0.2884383201599121,
    0.31943392753601074,
    0.35071682929992676,
    0.3818192481994629,
    0.41289734840393066,
    0.44406938552856445,
    0.47519493103027344,
    0.5063788890838623,
    0.5375008583068848,
    0.568638801574707,
    0.5997529029846191,
    0.6309394836425781,
    0.662116289138794,
    0.6932723522186279,
    0.724372386932373,
    0.7554900646209717,
    0.7865943908691406,
    0.8176605701446533,
    0.848773717880249,
    0.8799078464508057,
    0.9110136032104492,
    0.9420180320739746,
    0.9729700088500977,
    1.0039255619049072,
    1.03489351272583,
    1.0656707286834717,
    1.096367359161377,
    1.12721848487854,
    1.1576976776123047,
    1.1885573863983154,
    1.2190403938293457,
    1.2494995594024658,
    1.2796568870544434,
    1.310300350189209,
    1.3405952453613281,
    1.3714520931243896,
    1.4015913009643555,
    1.4326205253601074,
    1.4634764194488525,
    1.4943478107452393,
    1.5246045589447021,
    1.5548515319824219,
    1.585700273513794,
    1.6161701679229736,
    1.6466596126556396,
    1.6771445274353027,
    1.7075989246368408,
    1.7384529113769531,
    1.76947021484375,
    1.8000984191894531,
    1.830967903137207,
    1.8619375228881836,
    1.8928883075714111,
    1.9238648414611816,
    1.9548604488372803,
    1.9858474731445312,
    2.016742467880249,
    2.0477113723754883,
    2.0786914825439453,
    2.1096551418304443,
    2.140611410140991,
    2.17158579826355,
    2.2026100158691406,
    2.2336196899414062,
    2.26460337638855,
    2.295560121536255,
    2.326509475708008,
    2.3574302196502686,
    2.388369560241699,
    2.4192938804626465,
    2.4502499103546143,
    2.481132745742798,
    2.51210618019104,
    2.542966365814209,
    2.573829412460327,
    2.6045498847961426,
    2.6354339122772217,
    2.665905714035034,
    2.6963233947753906,
    2.7267873287200928,
    2.7572457790374756,
    2.7875993251800537,
    2.81793212890625,
    2.8482184410095215,
    2.8786098957061768,
    2.9094810485839844,
    2.9400105476379395,
    2.9709582328796387,
    3.001917839050293,
    3.032381296157837,
    3.062805414199829,
    3.0927841663360596,
    3.1236727237701416,
    3.1537487506866455,
    3.1847290992736816,
    3.215710401535034,
    3.2465603351593018,
    3.2772512435913086,
    3.3080832958221436,
    3.338953733444214,
    3.369821786880493,
    3.4007904529571533,
    3.4317550659179688,
    3.4628608226776123,
    3.493972063064575,
    3.5249621868133545,
    3.5559909343719482,
    3.5869710445404053,
    3.6179707050323486,
    3.64900541305542,
    3.6800780296325684,
    3.7111027240753174,
    3.7421393394470215,
    3.7731690406799316,
    3.8041136264801025,
    3.835144519805908,
    3.8662800788879395,
    3.8972885608673096,
    3.9281604290008545,
    3.9590277671813965,
    3.989806652069092,
    4.020536422729492,
    4.051201820373535,
    4.0818400382995605,
    4.112423658370972,
    4.143231391906738,
    4.173628330230713,
    4.204038619995117,
    4.234337568283081,
    4.26460337638855,
    4.295112609863281,
    4.325231075286865,
    4.355932235717773,
    4.386178731918335,
    4.415965795516968,
    4.446175813674927,
    4.4763405323028564,
    4.5060553550720215,
    4.535892724990845,
    4.566158294677734,
    4.596363306045532
  ]
}