{
  "gesture_id": 3,
  "gesture_name": "circle",
  "timestamp": "2025-12-24T13:33:04.412024",
  "sample_rate": 50,
  "duration": 3.0,
  "distances": [
    56.86812400817871,
    56.83541297912598,
    56.83950185775757,
    56.851768493652344,
    57.82492160797119,
    50.38316249847412,
    57.40785598754883,
    57.40785598754883,
    57.38332271575928,
    56.720924377441406,
    57.8208327293396,
    57.86172151565552,
    57.82901048660278,
    56.86403512954712,
    56.8722128868103,
    54.17764186859131,
    56.36928081512451,
    57.583677768707275,
    55.36341667175293,
    58.00074338912964,
    57.42830038070679,
    56.99896812438965,
    57.39558935165405,
    56.86403512954712,
    56.876301765441895,
    57.444655895233154,
    58.67131948471069,
    52.96733379364014,
    51.56484842300415,
    56.43470287322998,
    55.91132640838623,
    53.31897735595703,
    51.736581325531006,
    49.70440864562988,
    56.720924377441406,
    53.79737615585327,
    56.24661445617676,
    54.70919609069824,
    52.48075723648071,
    47.47596979141235,
    51.417648792266846,
    45.46833038330078,
    43.46886873245239,
    43.66922378540039,
    42.35260486602783,
    42.107272148132324,
    41.4203405380249,
    41.86602830886841,
    44.85499858856201,
    56.84767961502075,
    42.794203758239746,
    40.29998779296875,
    49.88023042678833,
    45.4601526260376,
    42.78602600097656,
    43.21944713592529,
    44.62193250656128,
    36.32150888442993,
    44.24166679382324,
    56.56554698944092,
    49.867963790893555,
    43.02318096160889,
    56.68412446975708,
    47.44325876235962,
    46.87490463256836,
    57.52643346786499,
    50.235962867736816,
    49.83934164047241,
    56.98261260986328,
    50.58760643005371,
    58.013010025024414,
    51.92875862121582,
    52.578890323638916,
    56.720924377441406,
    51.28680467605591,
    57.80447721481323,
    52.30902433395386,
    57.13390111923218,
    53.15951108932495,
    55.854082107543945,
    51.76111459732056,
    57.43647813796997,
    61.12055778503418,
    49.88431930541992,
    53.96910905838013,
    56.58599138259888,
    58.8675856590271,
    56.55328035354614,
    47.2551703453064,
    48.28556776046753,
    50.914716720581055,
    49.8965859413147,
    52.464401721954346,
    50.72253942489624,
    46.44966125488281,
    51.45035982131958,
    51.56893730163574,
    43.41980218887329,
    42.998647689819336,
    43.019092082977295,
    43.62015724182129,
    49.98654127120972,
    43.23580265045166,
    47.48823642730713,
    49.85978603363037,
    40.93785285949707,
    44.28255558013916,
    44.249844551086426,
    45.885396003723145,
    43.632423877716064,
    43.07224750518799,
    43.84504556655884,
    44.85090970993042,
    36.0393762588501,
    44.26620006561279,
    55.171239376068115,
    56.692302227020264,
    39.30639028549194,
    56.04217052459717,
    41.66158437728882,
    40.94194173812866,
    49.67578649520874,
    56.83950185775757,
    50.047874450683594,
    49.98654127120972,
    56.56963586807251,
    50.37498474121094,
    56.602346897125244,
    56.08714818954468,
    54.24715280532837,
    53.257644176483154,
    51.72022581100464,
    56.651413440704346,
    52.713823318481445,
    56.647324562072754,
    56.66776895523071,
    55.3266167640686,
    56.65959119796753,
    53.60519886016846,
    52.21906900405884,
    53.077733516693115,
    52.39080190658569,
    52.783334255218506,
    54.45977449417114,
    49.83525276184082,
    51.54849290847778,
    47.455525398254395,
    49.07881021499634,
    47.230637073516846,
    55.191683769226074
  ],
  "timestamps": [
    0.010776758193969727,
    0.04174923896789551,
    0.07267975807189941,
    0.1035757064819336,
    0.13451433181762695,
    0.16500639915466309,
    0.19588685035705566,
    0.2267770767211914,
    0.2576596736907959,
    0.2884993553161621,
    0.3193955421447754,
    0.3503406047821045,
    0.3812828063964844,
    0.41212892532348633,
    0.4429957866668701,
    0.4737064838409424,
    0.5045535564422607,
    0.5354347229003906,
    0.5662055015563965,
    0.5971231460571289,
    0.6280534267425537,
    0.6589314937591553,
    0.6898281574249268,
    0.7207095623016357,
    0.7516582012176514,
    0.7826559543609619,
    0.8136613368988037,
    0.8443207740783691,
    0.8748927116394043,
    0.9057209491729736,
    0.9365317821502686,
    0.9671976566314697,
    0.9977684020996094,
    1.0282387733459473,
    1.0590994358062744,
    1.0897903442382812,
    1.1206176280975342,
    1.151348352432251,
    1.1819422245025635,
    1.2122423648834229,
    1.2427756786346436,
    1.2729744911193848,
    1.3030579090118408,
    1.3331468105316162,
    1.363180160522461,
    1.393202304840088,
    1.4231688976287842,
    1.4531781673431396,
    1.4833452701568604,
    1.5142097473144531,
    1.54427170753479,
    1.574171543121338,
    1.6046350002288818,
    1.6348540782928467,
    1.6648950576782227,
    1.6949653625488281,
    1.7251145839691162,
    1.7567577362060547,
    1.7869868278503418,
    1.8178625106811523,
    1.8483450412750244,
    1.8784303665161133,
    1.909330129623413,
    1.9396686553955078,
    1.9699962139129639,
    2.0009069442749023,
    2.0313873291015625,
    2.061845302581787,
    2.0927133560180664,
    2.1231982707977295,
    2.1541147232055664,
    2.184684991836548,
    2.215299367904663,
    2.246168851852417,
    2.276724338531494,
    2.3076469898223877,
    2.338242292404175,
    2.369264602661133,
    2.399916887283325,
    2.4307076930999756,
    2.4612574577331543,
    2.492147207260132,
    2.5232577323913574,
    2.553727149963379,
    2.584439754486084,
    2.615288496017456,
    2.646284818649292,
    2.677126884460449,
    2.7074193954467773,
    2.7378668785095215,
    2.7685863971710205,
    2.7991111278533936,
    2.829826593399048,
    2.860367774963379,
    2.8906455039978027,
    2.921200752258301,
    2.9517595767974854,
    2.9818413257598877,
    3.0118985176086426,
    3.041954755783081,
    3.072045087814331,
    3.102508783340454,
    3.1325769424438477,
    3.1628923416137695,
    3.193368434906006,
    3.2233049869537354,
    3.253453254699707,
    3.2835800647735596,
    3.313803195953369,
    3.343900442123413,
    3.3739428520202637,
    3.4040682315826416,
    3.434213399887085,
    3.463864326477051,
    3.4939727783203125,
    3.5247411727905273,
    3.555574417114258,
    3.585418462753296,
    3.6162333488464355,
    3.6461970806121826,
    3.676133632659912,
    3.706578254699707,
    3.737542152404785,
    3.7681782245635986,
    3.798654079437256,
    3.8295042514801025,
    3.8599932193756104,
    3.89083194732666,
    3.9216599464416504,
    3.9523885250091553,
    3.9830234050750732,
    4.013609170913696,
    4.0444605350494385,
    4.075062990188599,
    4.105912446975708,
    4.136762380599976,
    4.167517185211182,
    4.198368072509766,
    4.2290544509887695,
    4.259628772735596,
    4.290264368057251,
    4.3208630084991455,
    4.351539611816406,
    4.38226580619812,
    4.412704944610596,
    4.443253040313721,
    4.473583936691284,
    4.503992319107056,
    4.534320116043091,
    4.56508994102478
  ]
}