{
  "gesture_id": 3,
  "gesture_name": "circle",
  "timestamp": "2025-12-24T13:36:31.504560",
  "sample_rate": 50,
  "duration": 3.0,
  "distances": [
    44.41748857498169,
    44.87953186035156,
    42.994558811187744,
    43.4157133102417,
    43.861401081085205,
    43.403446674346924,
    49.888408184051514,
    45.4601526260376,
    43.452513217926025,
    37.91617155075073,
    45.24344205856323,
    45.635974407196045,
    49.65534210205078,
    49.70031976699829,
    56.581902503967285,
    57.66136646270752,
    52.280402183532715,
    56.8231463432312,
    49.708497524261475,
    59.84891653060913,
    57.55096673965454,
    56.725013256073,
    57.424211502075195,
    51.06600522994995,
    56.606435775756836,
    56.56554698944092,
    56.561458110809326,
    53.3353328704834,
    52.79968976974487,
    53.486621379852295,
    57.0235013961792,
    52.619779109954834,
    56.83541297912598,
    57.40785598754883,
    57.5714111328125,
    56.56963586807251,
    56.99487924575806,
    49.87205266952515,
    56.557369232177734,
    55.86225986480713,
    56.54510259628296,
    57.00305700302124,
    48.67810010910034,
    49.688053131103516,
    54.1326642036438,
    54.4802188873291,
    53.96093130111694,
    47.50868082046509,
    45.25570869445801,
    44.44611072540283,
    44.47064399719238,
    42.09500551223755,
    43.268513679504395,
    42.794203758239746,
    49.867963790893555,
    41.63705110549927,
    42.12771654129028,
    40.93785285949707,
    42.585670948028564,
    42.561137676239014,
    42.8187370300293,
    43.46069097518921,
    42.34442710876465,
    42.35260486602783,
    40.00558853149414,
    42.311716079711914,
    57.56732225418091,
    43.039536476135254,
    56.561458110809326,
    43.39118003845215,
    60.53584814071655,
    58.5200309753418,
    62.77655363082886,
    56.54919147491455,
    55.15488386154175,
    56.524658203125,
    46.453750133514404,
    47.28379249572754,
    56.36519193649292,
    49.90476369857788,
    56.716835498809814,
    56.71274662017822,
    50.06831884384155,
    49.843430519104004,
    56.806790828704834,
    55.89088201522827,
    50.40769577026367,
    56.70047998428345,
    50.88200569152832,
    56.72910213470459,
    56.5737247467041,
    56.57781362533569,
    56.56554698944092,
    50.1950740814209,
    49.822986125946045,
    55.70688247680664,
    56.04217052459717,
    56.61052465438843,
    56.98261260986328,
    57.51825571060181,
    56.217992305755615,
    48.706722259521484,
    50.043785572052,
    56.557369232177734,
    57.41194486618042,
    50.21551847457886,
    48.1015682220459,
    49.49996471405029,
    52.13320255279541,
    48.07703495025635,
    49.37729835510254,
    53.27399969100952,
    48.88254404067993,
    44.85090970993042,
    44.43793296813965,
    43.00682544708252,
    41.403985023498535,
    50.56307315826416,
    43.02726984024048,
    47.87259101867676,
    43.05180311203003,
    47.251081466674805,
    41.64113998413086,
    42.998647689819336,
    41.428518295288086,
    41.882383823394775,
    40.94194173812866,
    41.66567325592041,
    39.993321895599365,
    52.64840126037598,
    39.98514413833618,
    40.50034284591675,
    42.315804958343506,
    41.64522886276245,
    41.424429416656494,
    41.66158437728882,
    42.835092544555664,
    56.56963586807251,
    41.84149503707886,
    43.66104602813721,
    44.87953186035156,
    56.966257095336914,
    46.64592742919922,
    46.47010564804077,
    57.27701187133789,
    48.0525016784668,
    59.41140651702881,
    50.86565017700195,
    52.13320255279541,
    56.82723522186279
  ],
  "timestamps": [
    0.01005101203918457,
    0.040326595306396484,
    0.07044792175292969,
    0.10060429573059082,
    0.13074207305908203,
    0.16083240509033203,
    0.19129562377929688,
    0.22151446342468262,
    0.2516012191772461,
    0.28136563301086426,
    0.3115544319152832,
    0.341768741607666,
    0.37221193313598633,
    0.40265917778015137,
    0.43355774879455566,
    0.4644773006439209,
    0.49508213996887207,
    0.5259666442871094,
    0.5564181804656982,
    0.5874607563018799,
    0.6183717250823975,
    0.6493406295776367,
    0.6803073883056641,
    0.7108497619628906,
    0.7418451309204102,
    0.7727255821228027,
    0.8035933971405029,
    0.8342578411102295,
    0.86488938331604,
    0.8955614566802979,
    0.9264376163482666,
    0.9570555686950684,
    0.9879086017608643,
    1.0187859535217285,
    1.0496859550476074,
    1.080540657043457,
    1.1114139556884766,
    1.1418910026550293,
    1.1727404594421387,
    1.203549861907959,
    1.234400749206543,
    1.2652649879455566,
    1.2956435680389404,
    1.3260743618011475,
    1.356774091720581,
    1.3875007629394531,
    1.4181973934173584,
    1.4485399723052979,
    1.4787306785583496,
    1.5088722705841064,
    1.5390093326568604,
    1.569019079208374,
    1.5990939140319824,
    1.6292037963867188,
    1.6598060131072998,
    1.6898314952850342,
    1.7198290824890137,
    1.749770164489746,
    1.7797861099243164,
    1.8098268508911133,
    1.8398754596710205,
    1.8699605464935303,
    1.8999764919281006,
    1.9300007820129395,
    1.9598872661590576,
    1.989917278289795,
    2.020822763442993,
    2.050880193710327,
    2.081727981567383,
    2.1118080615997314,
    2.142900228500366,
    2.173880100250244,
    2.205090045928955,
    2.2359354496002197,
    2.2667007446289062,
    2.2975478172302246,
    2.3278043270111084,
    2.358126640319824,
    2.38896107673645,
    2.4194157123565674,
    2.450277328491211,
    2.4811556339263916,
    2.511662244796753,
    2.5421361923217773,
    2.5730092525482178,
    2.603825092315674,
    2.6343576908111572,
    2.665329694747925,
    2.6958634853363037,
    2.7267322540283203,
    2.7575843334198,
    2.7884721755981445,
    2.8193655014038086,
    2.849851608276367,
    2.880309820175171,
    2.9111623764038086,
    2.941978693008423,
    2.9728167057037354,
    3.0036799907684326,
    3.0345895290374756,
    3.0654265880584717,
    3.09588360786438,
    3.126343250274658,
    3.1571784019470215,
    3.1880557537078857,
    3.2185239791870117,
    3.248875379562378,
    3.2793095111846924,
    3.309915781021118,
    3.340268611907959,
    3.3707127571105957,
    3.4013671875,
    3.4317572116851807,
    3.4619224071502686,
    3.4920461177825928,
    3.522080421447754,
    3.5520448684692383,
    3.582521438598633,
    3.612576484680176,
    3.6429460048675537,
    3.6730802059173584,
    3.703402280807495,
    3.7334110736846924,
    3.763455390930176,
    3.7934253215789795,
    3.823420286178589,
    3.85335636138916,
    3.8833134174346924,
    3.9132022857666016,
    3.943835735321045,
    3.9737203121185303,
    4.003613471984863,
    4.033631801605225,
    4.0635950565338135,
    4.0935564041137695,
    4.123512268066406,
    4.153554439544678,
    4.184380769729614,
    4.214364290237427,
    4.2444562911987305,
    4.274596929550171,
    4.305466413497925,
    4.335729598999023,
    4.365986108779907,
    4.396876335144043,
    4.4272119998931885,
    4.458220481872559,
    4.488722085952759,
    4.519278049468994,
    4.5501720905303955
  ]
}