{
  "gesture_id": 3,
  "gesture_name": "circle",
  "timestamp": "2025-12-24T13:32:27.250678",
  "sample_rate": 50,
  "duration": 3.0,
  "distances": [
    44.89179849624634,
    56.56554698944092,
    43.452513217926025,
    55.6782603263855,
    56.561458110809326,
    56.56963586807251,
    56.06261491775513,
    42.5693154335022,
    55.66599369049072,
    56.07079267501831,
    55.670082569122314,
    52.60342359542847,
    45.022642612457275,
    55.715060234069824,
    56.55328035354614,
    53.77693176269531,
    56.6759467124939,
    50.20325183868408,
    50.29729604721069,
    53.75239849090576,
    48.63312244415283,
    56.52056932449341,
    56.487858295440674,
    49.97018575668335,
    56.50012493133545,
    49.83525276184082,
    49.778008460998535,
    56.66368007659912,
    56.63914680480957,
    56.8231463432312,
    56.82723522186279,
    51.23773813247681,
    51.72431468963623,
    52.23133563995361,
    55.32252788543701,
    53.65426540374756,
    53.93639802932739,
    54.304397106170654,
    51.18458271026611,
    54.08768653869629,
    49.85569715499878,
    52.734267711639404,
    52.54617929458618,
    50.31774044036865,
    50.39951801300049,
    50.03560781478882,
    49.115610122680664,
    50.37498474121094,
    50.08058547973633,
    47.67632484436035,
    45.86904048919678,
    44.04948949813843,
    42.55704879760742,
    43.043625354766846,
    43.019092082977295,
    41.62478446960449,
    42.12771654129028,
    40.70887565612793,
    40.242743492126465,
    49.2955207824707,
    40.950119495391846,
    41.89873933792114,
    41.4203405380249,
    43.243980407714844,
    41.383540630340576,
    40.73749780654907,
    43.432068824768066,
    42.32398271560669,
    56.85994625091553,
    56.68412446975708,
    44.478821754455566,
    43.22762489318848,
    54.463863372802734,
    43.840956687927246,
    58.536386489868164,
    56.65959119796753,
    50.051963329315186,
    46.49055004119873,
    54.63968515396118,
    50.35454034805298,
    56.524658203125,
    56.56963586807251,
    51.0414719581604,
    56.59416913986206,
    56.561458110809326,
    55.68234920501709,
    56.966257095336914,
    51.95329189300537,
    56.57781362533569,
    51.58120393753052,
    56.20572566986084,
    57.125723361968994,
    55.90314865112305,
    50.17462968826294,
    55.38386106491089,
    49.83525276184082,
    45.856773853302,
    55.670082569122314,
    46.433305740356445,
    44.22122240066528,
    43.20718050003052,
    48.277390003204346,
    49.275076389312744,
    47.44734764099121,
    44.05357837677002,
    43.881845474243164,
    39.57216739654541,
    43.22762489318848,
    39.31865692138672,
    38.64399194717407,
    40.03012180328369,
    44.67508792877197,
    39.580345153808594,
    39.80114459991455,
    40.013766288757324,
    37.466394901275635,
    37.70354986190796,
    38.61128091812134,
    46.044862270355225,
    56.81905746459961,
    36.9839072227478,
    56.99487924575806,
    42.107272148132324,
    37.71172761917114,
    39.76025581359863,
    37.486839294433594,
    39.31865692138672,
    55.39203882217407,
    43.22762489318848,
    40.50852060317993,
    41.41216278076172,
    57.82492160797119,
    43.0681586265564,
    56.68003559112549,
    45.62779664993286,
    54.34119701385498,
    55.21212816238403,
    54.84004020690918,
    56.07079267501831,
    50.22778511047363,
    56.68821334838867,
    51.72431468963623,
    50.37907361984253,
    50.51400661468506,
    51.61391496658325,
    56.70865774154663,
    56.75363540649414,
    56.725013256073,
    55.878615379333496,
    56.71274662017822
  ],
  "timestamps": [
    0.010079622268676758,
    0.041039228439331055,
    0.07119107246398926,
    0.10210871696472168,
    0.13297224044799805,
    0.16382527351379395,
    0.19464755058288574,
    0.22472548484802246,
    0.25551700592041016,
    0.28632688522338867,
    0.3171210289001465,
    0.3477444648742676,
    0.37792539596557617,
    0.40873098373413086,
    0.43958187103271484,
    0.4702730178833008,
    0.5011372566223145,
    0.5316524505615234,
    0.5621223449707031,
    0.5927836894989014,
    0.6231567859649658,
    0.6540064811706543,
    0.68485426902771,
    0.7153165340423584,
    0.7461657524108887,
    0.7766208648681641,
    0.8070671558380127,
    0.837921142578125,
    0.8687784671783447,
    0.8997406959533691,
    0.9306786060333252,
    0.9612405300140381,
    0.991830587387085,
    1.0224645137786865,
    1.0533018112182617,
    1.0839669704437256,
    1.1146447658538818,
    1.145350456237793,
    1.1758852005004883,
    1.2065882682800293,
    1.2370612621307373,
    1.2676849365234375,
    1.2982935905456543,
    1.3287749290466309,
    1.3592708110809326,
    1.3897385597229004,
    1.420152187347412,
    1.4506597518920898,
    1.4811360836029053,
    1.511472225189209,
    1.5416994094848633,
    1.5718142986297607,
    1.601846694946289,
    1.631903886795044,
    1.6619579792022705,
    1.6919512748718262,
    1.7219586372375488,
    1.7518815994262695,
    1.7817747592926025,
    1.8121981620788574,
    1.8421308994293213,
    1.8721323013305664,
    1.9022011756896973,
    1.9323363304138184,
    1.962324619293213,
    1.992264986038208,
    2.022352457046509,
    2.0523691177368164,
    2.083253860473633,
    2.1141088008880615,
    2.144254684448242,
    2.174325466156006,
    2.205049991607666,
    2.2351534366607666,
    2.26611328125,
    2.2969810962677,
    2.3274519443511963,
    2.3577094078063965,
    2.388444423675537,
    2.4189164638519287,
    2.4497487545013428,
    2.480576276779175,
    2.5110981464385986,
    2.5419440269470215,
    2.572786569595337,
    2.60359787940979,
    2.634467124938965,
    2.6650397777557373,
    2.6959073543548584,
    2.72647762298584,
    2.7572920322418213,
    2.7881546020507812,
    2.8189566135406494,
    2.849431037902832,
    2.880391836166382,
    2.911057710647583,
    2.9413259029388428,
    2.9721322059631348,
    3.002394914627075,
    3.0325188636779785,
    3.0625762939453125,
    3.0929198265075684,
    3.1233394145965576,
    3.153653621673584,
    3.1837711334228516,
    3.2138991355895996,
    3.2437541484832764,
    3.273818254470825,
    3.3036606311798096,
    3.3334648609161377,
    3.363347291946411,
    3.3934974670410156,
    3.4233906269073486,
    3.4532570838928223,
    3.483147144317627,
    3.5128777027130127,
    3.542626142501831,
    3.5724234580993652,
    3.602656841278076,
    3.633538007736206,
    3.663257598876953,
    3.694135904312134,
    3.724144697189331,
    3.7538869380950928,
    3.783743143081665,
    3.813460350036621,
    3.8433380126953125,
    3.8741366863250732,
    3.904329299926758,
    3.9344701766967773,
    3.964555025100708,
    3.9955034255981445,
    4.025561809539795,
    4.056414365768433,
    4.086615562438965,
    4.117336988449097,
    4.148112773895264,
    4.178846597671509,
    4.209674119949341,
    4.240154266357422,
    4.270993232727051,
    4.301558494567871,
    4.332050561904907,
    4.362544536590576,
    4.39310359954834,
    4.423960447311401,
    4.454801559448242,
    4.485680103302002,
    4.516488313674927,
    4.547311305999756
  ]
}