{
  "gesture_id": 3,
  "gesture_name": "circle",
  "timestamp": "2025-12-23T15:38:51.783266",
  "sample_rate": 50,
  "duration": 3.0,
  "distances": [
    56.50012493133545,
    56.74954652786255,
    56.47150278091431,
    61.94242238998413,
    43.16220283508301,
    42.96184778213501,
    43.75917911529541,
    59.70989465713501,
    60.12696027755737,
    59.562695026397705,
    47.99116849899292,
    50.280940532684326,
    60.57264804840088,
    49.389564990997314,
    50.81249475479126,
    50.2932071685791,
    59.57905054092407,
    58.88394117355347,
    62.53939867019653,
    60.69122552871704,
    63.271307945251465,
    60.711669921875,
    60.315048694610596,
    58.57318639755249,
    56.61461353302002,
    58.57318639755249,
    45.819973945617676,
    56.63505792617798,
    53.57248783111572,
    47.46370315551758,
    46.44148349761963,
    56.79452419281006,
    56.63914680480957,
    45.64824104309082,
    56.966257095336914,
    42.55704879760742,
    42.74104833602905,
    48.62494468688965,
    49.97018575668335,
    43.59153509140015,
    45.19846439361572,
    50.17871856689453,
    42.315804958343506,
    37.91208267211914,
    40.00967741012573,
    42.05411672592163,
    37.6340389251709,
    40.925586223602295,
    56.786346435546875,
    42.516160011291504,
    37.196528911590576,
    43.00682544708252,
    44.180333614349365,
    49.81071949005127,
    47.21019268035889,
    59.19469594955444,
    49.798452854156494,
    49.962007999420166,
    56.52874708175659,
    58.20109844207764,
    58.22563171386719,
    56.79452419281006,
    52.918267250061035,
    54.467952251434326,
    55.10990619659424,
    59.3173623085022,
    56.78225755691528,
    56.532835960388184,
    59.48909521102905,
    52.41124629974365,
    56.79043531417847,
    58.64269733428955,
    58.05389881134033,
    56.79452419281006,
    58.4668755531311,
    57.50190019607544,
    57.38741159439087,
    59.19469594955444,
    49.04201030731201,
    45.84450721740723,
    50.141918659210205,
    56.94172382354736,
    41.61660671234131,
    57.79221057891846,
    44.20895576477051,
    50.12965202331543,
    37.40915060043335,
    38.582658767700195,
    38.79119157791138,
    38.34959268569946,
    38.37003707885742,
    37.40506172180176,
    38.1328821182251,
    38.09199333190918,
    38.558125495910645,
    40.45536518096924,
    42.74104833602905,
    39.95652198791504,
    40.422654151916504,
    42.32398271560669,
    41.334474086761475,
    42.54478216171265,
    42.98229217529297,
    43.59562397003174,
    47.046637535095215,
    47.19792604446411,
    56.79043531417847,
    49.438631534576416,
    48.845744132995605,
    50.30547380447388,
    50.845205783843994,
    56.66368007659912,
    52.59115695953369,
    60.03291606903076,
    56.89674615859985,
    56.786346435546875,
    60.03291606903076,
    58.37283134460449,
    57.34652280807495,
    58.22972059249878,
    58.20518732070923,
    48.637211322784424,
    57.240211963653564,
    49.798452854156494,
    53.40484380722046,
    52.88146734237671,
    60.33140420913696,
    45.38246393203735,
    56.91719055175781,
    56.77816867828369,
    43.21944713592529,
    39.95243310928345,
    40.44309854507446,
    41.354918479919434,
    39.28185701370239,
    42.041850090026855,
    39.061057567596436,
    43.1662917137146,
    39.07332420349121,
    41.57571792602539,
    39.0774130821228,
    39.96469974517822,
    42.99046993255615,
    42.291271686553955,
    43.816423416137695,
    42.52433776855469,
    42.28718280792236,
    42.03367233276367,
    43.22762489318848,
    43.19491386413574
  ],
  "timestamps": [
    0.010769128799438477,
    0.04174613952636719,
    0.07265400886535645,
    0.10386466979980469,
    0.13398122787475586,
    0.16405296325683594,
    0.19417119026184082,
    0.22519373893737793,
    0.2562575340270996,
    0.28734302520751953,
    0.31774187088012695,
    0.34830689430236816,
    0.3794841766357422,
    0.4099137783050537,
    0.4404635429382324,
    0.4709513187408447,
    0.5019574165344238,
    0.5329504013061523,
    0.5641510486602783,
    0.5952396392822266,
    0.6264619827270508,
    0.6575744152069092,
    0.6886379718780518,
    0.7196013927459717,
    0.7504324913024902,
    0.7813904285430908,
    0.8115992546081543,
    0.8424186706542969,
    0.873100757598877,
    0.9034245014190674,
    0.9336602687835693,
    0.9645166397094727,
    0.9954009056091309,
    1.025604009628296,
    1.0564584732055664,
    1.0864825248718262,
    1.1165237426757812,
    1.146909236907959,
    1.1774320602416992,
    1.2075519561767578,
    1.237739086151123,
    1.2682251930236816,
    1.2983412742614746,
    1.3282065391540527,
    1.3581299781799316,
    1.3881850242614746,
    1.4179179668426514,
    1.447887897491455,
    1.4787700176239014,
    1.5088248252868652,
    1.5385663509368896,
    1.5686464309692383,
    1.598803997039795,
    1.6292846202850342,
    1.6596059799194336,
    1.6906287670135498,
    1.721090316772461,
    1.7515547275543213,
    1.7824053764343262,
    1.8133747577667236,
    1.8443384170532227,
    1.8752381801605225,
    1.9059123992919922,
    1.9366576671600342,
    1.967440128326416,
    1.9984726905822754,
    2.0293471813201904,
    2.060196876525879,
    2.091214895248413,
    2.1218321323394775,
    2.1527132987976074,
    2.1837105751037598,
    2.2146880626678467,
    2.245572805404663,
    2.27659010887146,
    2.3076910972595215,
    2.338616371154785,
    2.369614839553833,
    2.4000091552734375,
    2.4302289485931396,
    2.4607110023498535,
    2.491581439971924,
    2.5215790271759033,
    2.5525290966033936,
    2.582655429840088,
    2.6131277084350586,
    2.6428580284118652,
    2.6726582050323486,
    2.7024686336517334,
    2.7322535514831543,
    2.762054204940796,
    2.7917745113372803,
    2.821556568145752,
    2.851346015930176,
    2.88114070892334,
    2.9110429286956787,
    2.941079616546631,
    2.9709575176239014,
    3.0008606910705566,
    3.030878782272339,
    3.0608391761779785,
    3.0908687114715576,
    3.120922327041626,
    3.151033401489258,
    3.181330919265747,
    3.2116293907165527,
    3.2424871921539307,
    3.2729556560516357,
    3.3035922050476074,
    3.334155559539795,
    3.3646998405456543,
    3.3955812454223633,
    3.426217794418335,
    3.4572906494140625,
    3.4883029460906982,
    3.5191903114318848,
    3.550269603729248,
    3.581233501434326,
    3.612128734588623,
    3.6430749893188477,
    3.674018383026123,
    3.7044260501861572,
    3.735325336456299,
    3.7657997608184814,
    3.7964844703674316,
    3.8271453380584717,
    3.8582301139831543,
    3.888446807861328,
    3.9193367958068848,
    3.9502153396606445,
    3.9803221225738525,
    4.010223627090454,
    4.040149211883545,
    4.070125341415405,
    4.099982023239136,
    4.1300013065338135,
    4.1598474979400635,
    4.189935922622681,
    4.219783544540405,
    4.249775648117065,
    4.279676675796509,
    4.309730052947998,
    4.339842796325684,
    4.3699071407318115,
    4.400079727172852,
    4.430163621902466,
    4.4602015018463135,
    4.490221738815308,
    4.520323038101196,
    4.550439357757568
  ]
}