{
  "gesture_id": 3,
  "gesture_name": "circle",
  "timestamp": "2025-12-24T13:35:19.383491",
  "sample_rate": 50,
  "duration": 3.0,
  "distances": [
    58.07434320449829,
    49.798452854156494,
    49.205565452575684,
    49.63080883026123,
    49.957919120788574,
    48.65765571594238,
    49.83525276184082,
    46.617305278778076,
    48.616766929626465,
    56.692302227020264,
    47.410547733306885,
    55.854082107543945,
    50.006985664367676,
    56.52874708175659,
    49.42636489868164,
    49.070632457733154,
    56.31203651428223,
    56.6227912902832,
    49.688053131103516,
    56.80270195007324,
    56.692302227020264,
    51.87969207763672,
    55.968570709228516,
    56.81905746459961,
    55.68643808364868,
    56.79452419281006,
    49.85160827636719,
    55.310261249542236,
    56.173014640808105,
    56.532835960388184,
    56.33656978607178,
    56.761813163757324,
    49.47543144226074,
    50.17462968826294,
    56.54101371765137,
    53.41302156448364,
    54.25124168395996,
    55.469727516174316,
    55.50243854522705,
    59.37051773071289,
    50.301384925842285,
    54.61106300354004,
    56.79452419281006,
    55.126261711120605,
    56.75772428512573,
    50.321829319000244,
    44.78548765182495,
    44.39704418182373,
    45.8077073097229,
    52.051424980163574,
    52.87737846374512,
    56.0258150100708,
    43.19082498550415,
    42.062294483184814,
    42.05002784729004,
    42.086827754974365,
    55.97265958786011,
    42.78602600097656,
    40.92967510223389,
    39.976966381073,
    42.75331497192383,
    45.63188552856445,
    42.05002784729004,
    40.63527584075928,
    49.82707500457764,
    40.88469743728638,
    41.130030155181885,
    37.20061779022217,
    43.448424339294434,
    58.0702543258667,
    43.763267993927,
    56.00128173828125,
    56.94172382354736,
    45.022642612457275,
    46.457839012145996,
    43.567001819610596,
    46.24521732330322,
    48.80485534667969,
    49.888408184051514,
    48.31010103225708,
    56.70865774154663,
    49.8965859413147,
    53.12680006027222,
    54.50066328048706,
    53.625643253326416,
    56.561458110809326,
    56.06261491775513,
    56.02172613143921,
    56.38972520828247,
    56.84767961502075,
    56.876301765441895,
    56.36928081512451,
    56.38972520828247,
    56.36110305786133,
    56.34883642196655,
    56.05443716049194,
    55.21212816238403,
    56.83541297912598,
    56.86403512954712,
    61.68482303619385,
    55.57194948196411,
    53.63790988922119,
    56.55328035354614,
    53.47435474395752,
    55.53106069564819,
    54.16128635406494,
    54.373908042907715,
    55.55150508880615,
    57.38332271575928,
    49.90067481994629,
    51.60982608795166,
    54.52110767364502,
    53.306710720062256,
    46.82992696762085,
    50.72662830352783,
    47.664058208465576,
    44.21713352203369,
    43.02318096160889,
    44.46655511856079,
    49.88431930541992,
    53.670620918273926,
    45.66459655761719,
    53.84644269943237,
    44.429755210876465,
    44.39295530319214,
    43.18673610687256,
    43.62015724182129,
    43.223536014556885,
    50.36271810531616,
    53.466176986694336,
    49.6962308883667,
    46.089839935302734,
    46.114373207092285,
    46.26157283782959,
    54.668307304382324,
    48.6985445022583,
    44.658732414245605,
    47.480058670043945,
    48.682188987731934,
    56.855857372283936,
    49.688053131103516,
    50.37907361984253,
    51.049649715423584,
    49.87614154815674,
    49.90067481994629,
    56.68821334838867,
    52.7874231338501,
    52.141380310058594,
    56.18528127670288,
    55.86634874343872
  ],
  "timestamps": [
    0.010854244232177734,
    0.041399240493774414,
    0.07185626029968262,
    0.10230255126953125,
    0.13285565376281738,
    0.16330313682556152,
    0.19376158714294434,
    0.2240281105041504,
    0.25440049171447754,
    0.28527069091796875,
    0.31559038162231445,
    0.3464012145996094,
    0.3768882751464844,
    0.40773820877075195,
    0.43815016746520996,
    0.4685502052307129,
    0.4993870258331299,
    0.5302238464355469,
    0.560664176940918,
    0.5915284156799316,
    0.6223621368408203,
    0.6529719829559326,
    0.6837911605834961,
    0.7146320343017578,
    0.7454309463500977,
    0.7763755321502686,
    0.8068983554840088,
    0.8376929759979248,
    0.8685221672058105,
    0.8993799686431885,
    0.9301979541778564,
    0.9610824584960938,
    0.9915366172790527,
    1.0220141410827637,
    1.0528662204742432,
    1.0835330486297607,
    1.1142282485961914,
    1.145007610321045,
    1.1758124828338623,
    1.2068002223968506,
    1.2372791767120361,
    1.2680108547210693,
    1.2988550662994385,
    1.3296170234680176,
    1.3604774475097656,
    1.3909389972686768,
    1.421097755432129,
    1.4512348175048828,
    1.481447458267212,
    1.5120446681976318,
    1.5426599979400635,
    1.5734758377075195,
    1.6035428047180176,
    1.6335575580596924,
    1.6635537147521973,
    1.6935515403747559,
    1.7243633270263672,
    1.7544059753417969,
    1.7872755527496338,
    1.8172509670257568,
    1.8473091125488281,
    1.8775043487548828,
    1.9074997901916504,
    1.9374208450317383,
    1.9678781032562256,
    1.9978368282318115,
    2.0278022289276123,
    2.057525157928467,
    2.0876047611236572,
    2.1185407638549805,
    2.1486408710479736,
    2.179455280303955,
    2.210322856903076,
    2.240495204925537,
    2.270749568939209,
    2.3008382320404053,
    2.331083059310913,
    2.361476182937622,
    2.3919286727905273,
    2.422288656234741,
    2.453141689300537,
    2.4836130142211914,
    2.5142757892608643,
    2.545027017593384,
    2.575700283050537,
    2.606543779373169,
    2.6373605728149414,
    2.6681740283966064,
    2.698988914489746,
    2.729848623275757,
    2.7607929706573486,
    2.7918646335601807,
    2.8227500915527344,
    2.8535776138305664,
    2.88442325592041,
    2.915226459503174,
    2.9459969997406006,
    2.976871967315674,
    3.007744550704956,
    3.038869857788086,
    3.0696604251861572,
    3.100336790084839,
    3.131164789199829,
    3.161827325820923,
    3.192600727081299,
    3.223297595977783,
    3.254007339477539,
    3.2848010063171387,
    3.315701961517334,
    3.346181869506836,
    3.376739501953125,
    3.407468318939209,
    3.4381215572357178,
    3.4683985710144043,
    3.4988999366760254,
    3.5292277336120605,
    3.559368848800659,
    3.5894219875335693,
    3.619560480117798,
    3.6500132083892822,
    3.6806893348693848,
    3.710893154144287,
    3.7416188716888428,
    3.7718288898468018,
    3.8020436763763428,
    3.8321452140808105,
    3.8622794151306152,
    3.892360210418701,
    3.9228639602661133,
    3.9535348415374756,
    3.9839813709259033,
    4.014221668243408,
    4.044459819793701,
    4.074726343154907,
    4.105466604232788,
    4.135850191116333,
    4.165999889373779,
    4.196312427520752,
    4.226699113845825,
    4.2575600147247314,
    4.288021564483643,
    4.318506956100464,
    4.349032878875732,
    4.379487037658691,
    4.409945249557495,
    4.440796613693237,
    4.4714195728302,
    4.502023696899414,
    4.532860040664673,
    4.563669204711914
  ]
}