{
  "gesture_id": 3,
  "gesture_name": "circle",
  "timestamp": "2025-12-23T15:33:13.098283",
  "sample_rate": 50,
  "duration": 3.0,
  "distances": [
    51.507604122161865,
    51.528048515319824,
    52.36626863479614,
    52.32129096984863,
    52.31311321258545,
    53.22902202606201,
    53.192222118377686,
    54.398441314697266,
    53.556132316589355,
    52.20271348953247,
    51.33587121963501,
    43.542468547821045,
    40.860164165496826,
    39.9278998374939,
    51.86333656311035,
    49.957919120788574,
    51.00058317184448,
    39.25732374191284,
    37.87119388580322,
    50.10511875152588,
    37.65448331832886,
    36.04755401611328,
    54.647862911224365,
    37.61359453201294,
    37.875282764434814,
    36.94710731506348,
    37.854838371276855,
    33.92133712768555,
    33.896803855895996,
    54.77461814880371,
    36.00257635116577,
    51.68342590332031,
    36.01484298706055,
    36.02302074432373,
    37.899816036224365,
    35.47919988632202,
    33.42658281326294,
    36.68950796127319,
    35.74497699737549,
    36.00666522979736,
    36.24382019042969,
    36.00257635116577,
    49.917030334472656,
    39.51083421707153,
    38.288259506225586,
    39.011991024017334,
    41.34265184402466,
    43.14584732055664,
    42.70424842834473,
    44.36842203140259,
    44.35206651687622,
    46.19206190109253,
    53.06137800216675,
    53.552043437957764,
    53.531599044799805,
    55.126261711120605,
    54.25124168395996,
    51.67115926742554,
    51.14778280258179,
    51.168227195739746,
    53.01640033721924,
    52.99186706542969,
    53.875064849853516,
    54.74599599838257,
    54.58652973175049,
    54.04270887374878,
    52.325379848480225,
    52.67702341079712,
    51.83471441268921,
    50.31365156173706,
    54.19808626174927,
    50.096940994262695,
    55.27346134185791,
    52.554357051849365,
    50.80840587615967,
    40.43492078781128,
    42.26264953613281,
    46.797215938568115,
    38.32505941390991,
    40.18958806991577,
    36.215198040008545,
    48.80485534667969,
    36.93892955780029,
    36.24382019042969,
    53.06137800216675,
    34.19938087463379,
    37.37235069274902,
    50.28502941131592,
    36.22337579727173,
    34.15849208831787,
    33.119916915893555,
    38.29643726348877,
    34.714579582214355,
    33.414316177368164,
    36.27653121948242,
    38.75439167022705,
    38.308703899383545,
    36.25199794769287,
    37.396883964538574,
    36.943018436431885,
    39.469945430755615,
    54.57426309585571,
    52.190446853637695,
    50.98013877868652,
    52.16182470321655,
    44.568777084350586,
    46.817660331726074,
    49.9456524848938,
    53.74422073364258,
    48.17107915878296,
    53.38848829269409,
    49.97018575668335,
    49.78209733963013,
    52.86511182785034,
    53.760576248168945,
    52.91417837142944,
    53.417110443115234,
    53.441643714904785,
    52.210891246795654,
    51.348137855529785,
    50.52218437194824,
    53.0859112739563,
    53.06137800216675,
    53.9323091506958,
    53.077733516693115,
    56.15665912628174,
    52.06778049468994,
    46.44148349761963,
    53.077733516693115,
    44.21713352203369,
    43.587446212768555,
    43.019092082977295,
    52.91417837142944,
    44.19668912887573,
    38.81981372833252,
    50.48947334289551,
    37.18017339706421,
    52.03506946563721,
    49.83525276184082,
    51.50351524353027,
    50.321829319000244,
    37.65857219696045,
    50.38316249847412,
    50.03151893615723,
    36.05982065200806,
    36.32150888442993,
    36.05164289474487,
    37.41323947906494,
    37.4336838722229,
    36.260175704956055
  ],
  "timestamps": [
    0.010460138320922852,
    0.04112696647644043,
    0.0718533992767334,
    0.10257148742675781,
    0.133209228515625,
    0.16386723518371582,
    0.19452261924743652,
    0.22528314590454102,
    0.25594520568847656,
    0.28652310371398926,
    0.31705641746520996,
    0.34714722633361816,
    0.377086877822876,
    0.40696120262145996,
    0.43753647804260254,
    0.46800684928894043,
    0.4985356330871582,
    0.5283794403076172,
    0.5581378936767578,
    0.5886051654815674,
    0.6183674335479736,
    0.6480178833007812,
    0.6787533760070801,
    0.7084927558898926,
    0.7382504940032959,
    0.7679538726806641,
    0.7977139949798584,
    0.8272554874420166,
    0.856778621673584,
    0.8875153064727783,
    0.9171733856201172,
    0.9478516578674316,
    0.9775631427764893,
    1.0072424411773682,
    1.0370173454284668,
    1.0666420459747314,
    1.0961461067199707,
    1.1258316040039062,
    1.1554780006408691,
    1.1851210594177246,
    1.2147800922393799,
    1.2444369792938232,
    1.274911642074585,
    1.3047738075256348,
    1.334573745727539,
    1.3644609451293945,
    1.3944218158721924,
    1.4244859218597412,
    1.4545338153839111,
    1.4846649169921875,
    1.5147974491119385,
    1.5450596809387207,
    1.57570219039917,
    1.6063716411590576,
    1.6370363235473633,
    1.667797565460205,
    1.698505163192749,
    1.7290563583374023,
    1.7595860958099365,
    1.7901124954223633,
    1.820765495300293,
    1.8514642715454102,
    1.8821561336517334,
    1.9128851890563965,
    1.9436438083648682,
    1.9744200706481934,
    2.0050535202026367,
    2.0356826782226562,
    2.0662906169891357,
    2.096776247024536,
    2.127485513687134,
    2.1579525470733643,
    2.188764810562134,
    2.2193586826324463,
    2.2498514652252197,
    2.27974796295166,
    2.3097615242004395,
    2.340038299560547,
    2.3698360919952393,
    2.3997278213500977,
    2.4293878078460693,
    2.4597840309143066,
    2.489483118057251,
    2.519145965576172,
    2.5497865676879883,
    2.5793421268463135,
    2.6090662479400635,
    2.639538288116455,
    2.669196367263794,
    2.6987485885620117,
    2.7282235622406006,
    2.7579996585845947,
    2.7875919342041016,
    2.817103147506714,
    2.846764087677002,
    2.876596212387085,
    2.9064111709594727,
    2.936155080795288,
    2.9659945964813232,
    2.995778799057007,
    3.0257480144500732,
    3.0565247535705566,
    3.087149143218994,
    3.1176986694335938,
    3.148310661315918,
    3.178478717803955,
    3.2087812423706055,
    3.239264488220215,
    3.2699737548828125,
    3.3003742694854736,
    3.3310563564300537,
    3.3615353107452393,
    3.3920013904571533,
    3.4226362705230713,
    3.4533281326293945,
    3.4839649200439453,
    3.5146427154541016,
    3.5453600883483887,
    3.5759830474853516,
    3.6065640449523926,
    3.637101173400879,
    3.667764663696289,
    3.6984241008758545,
    3.729185104370117,
    3.7598328590393066,
    3.7906558513641357,
    3.821274518966675,
    3.8515405654907227,
    3.8821983337402344,
    3.912353277206421,
    3.942495822906494,
    3.9726622104644775,
    4.003323793411255,
    4.033459424972534,
    4.063277006149292,
    4.093768358230591,
    4.123507976531982,
    4.154089450836182,
    4.184540510177612,
    4.2150938510894775,
    4.245591163635254,
    4.275333881378174,
    4.305816888809204,
    4.33627724647522,
    4.365926027297974,
    4.395588159561157,
    4.425404787063599,
    4.455164670944214,
    4.4849042892456055,
    4.514570474624634
  ]
}