{
  "gesture_id": 3,
  "gesture_name": "circle",
  "timestamp": "2025-12-23T15:36:12.934215",
  "sample_rate": 50,
  "duration": 3.0,
  "distances": [
    56.09941482543945,
    57.309722900390625,
    50.121474266052246,
    49.798452854156494,
    56.876301765441895,
    47.36965894699097,
    49.92520809173584,
    50.4935622215271,
    56.7740797996521,
    50.121474266052246,
    49.60627555847168,
    59.02296304702759,
    58.0211877822876,
    58.879852294921875,
    51.67524814605713,
    59.00251865386963,
    61.71753406524658,
    57.29336738586426,
    55.10581731796265,
    54.91364002227783,
    54.25533056259155,
    56.446969509124756,
    51.528048515319824,
    53.36395502090454,
    54.41070795059204,
    56.009459495544434,
    55.10581731796265,
    51.00058317184448,
    55.465638637542725,
    46.020328998565674,
    43.19491386413574,
    44.16806697845459,
    49.618542194366455,
    42.95775890350342,
    41.36309623718262,
    39.95243310928345,
    56.63914680480957,
    39.056968688964844,
    38.807547092437744,
    39.04879093170166,
    38.77483606338501,
    37.64221668243408,
    38.07154893875122,
    39.95243310928345,
    42.97820329666138,
    38.7789249420166,
    41.11367464065552,
    40.177321434020996,
    46.38015031814575,
    42.27491617202759,
    43.963623046875,
    43.54655742645264,
    42.471182346343994,
    50.08058547973633,
    49.94156360626221,
    46.78903818130493,
    57.43647813796997,
    46.99348211288452,
    56.786346435546875,
    49.92111921310425,
    50.65711736679077,
    54.40253019332886,
    54.57426309585571,
    56.75772428512573,
    53.077733516693115,
    58.30332040786743,
    58.59771966934204,
    58.859407901763916,
    59.268295764923096,
    58.32376480102539,
    59.607672691345215,
    56.990790367126465,
    55.95221519470215,
    50.121474266052246,
    50.77160596847534,
    50.29729604721069,
    56.8722128868103,
    56.4755916595459,
    56.57781362533569,
    52.01462507247925,
    52.86511182785034,
    55.10581731796265,
    51.50351524353027,
    43.14584732055664,
    43.12949180603027,
    43.57517957687378,
    42.50798225402832,
    43.16220283508301,
    41.56754016876221,
    43.18673610687256,
    44.568777084350586,
    56.45514726638794,
    39.28185701370239,
    39.245057106018066,
    40.39812088012695,
    40.606653690338135,
    39.011991024017334,
    38.79936933517456,
    39.70710039138794,
    41.11367464065552,
    40.88878631591797,
    43.448424339294434,
    41.16274118423462,
    43.01091432571411,
    42.749226093292236,
    42.77784824371338,
    43.403446674346924,
    43.19082498550415,
    48.44094514846802,
    50.08467435836792,
    50.31365156173706,
    47.24699258804321,
    49.822986125946045,
    49.65125322341919,
    56.90492391586304,
    56.516480445861816,
    57.75541067123413,
    56.168925762176514,
    55.30208349227905,
    53.10635566711426,
    55.29799461364746,
    56.6227912902832,
    57.48145580291748,
    52.06369161605835,
    60.08198261260986,
    56.92945718765259,
    58.376920223236084,
    57.334256172180176,
    56.96216821670532,
    59.05567407608032,
    56.65959119796753,
    56.18528127670288,
    43.611979484558105,
    47.206103801727295,
    42.77784824371338,
    48.6004114151001,
    49.65125322341919,
    43.37482452392578,
    51.3890266418457,
    41.14229679107666,
    41.109585762023926,
    40.700697898864746,
    54.43524122238159,
    41.379451751708984,
    37.68310546875,
    39.5271897315979,
    36.509597301483154,
    45.999884605407715,
    37.63812780380249,
    56.50421380996704
  ],
  "timestamps": [
    0.010746955871582031,
    0.04176664352416992,
    0.0723123550415039,
    0.10283064842224121,
    0.13382506370544434,
    0.16432595252990723,
    0.19484877586364746,
    0.22539663314819336,
    0.2562727928161621,
    0.286761999130249,
    0.3172154426574707,
    0.3482062816619873,
    0.379138708114624,
    0.4101221561431885,
    0.44071030616760254,
    0.471707820892334,
    0.5028424263000488,
    0.5337374210357666,
    0.5645058155059814,
    0.5952577590942383,
    0.6259522438049316,
    0.6568520069122314,
    0.6873981952667236,
    0.7180395126342773,
    0.7487566471099854,
    0.779576301574707,
    0.8103518486022949,
    0.8408961296081543,
    0.8716812133789062,
    0.9019138813018799,
    0.9319818019866943,
    0.9621038436889648,
    0.9925460815429688,
    1.0226187705993652,
    1.0526039600372314,
    1.0824856758117676,
    1.1133465766906738,
    1.1432888507843018,
    1.1731774806976318,
    1.2030208110809326,
    1.2328424453735352,
    1.262592077255249,
    1.2923777103424072,
    1.3222606182098389,
    1.3523330688476562,
    1.3821425437927246,
    1.4120919704437256,
    1.4419870376586914,
    1.472245454788208,
    1.5022592544555664,
    1.532386302947998,
    1.5624804496765137,
    1.5925116539001465,
    1.6229839324951172,
    1.6534714698791504,
    1.683781385421753,
    1.7147042751312256,
    1.7450194358825684,
    1.7759175300598145,
    1.806410789489746,
    1.8369410037994385,
    1.8676981925964355,
    1.8984496593475342,
    1.9293272495269775,
    1.9599945545196533,
    1.9909732341766357,
    2.021979331970215,
    2.0529873371124268,
    2.0840137004852295,
    2.1149752140045166,
    2.1461129188537598,
    2.1770551204681396,
    2.207900047302246,
    2.238415241241455,
    2.268944501876831,
    2.2994418144226074,
    2.3303351402282715,
    2.3611843585968018,
    2.392017364501953,
    2.42258882522583,
    2.453223466873169,
    2.483983039855957,
    2.514533042907715,
    2.5445942878723145,
    2.574660062789917,
    2.6047470569610596,
    2.634777545928955,
    2.6648476123809814,
    2.6948206424713135,
    2.7248833179473877,
    2.755030393600464,
    2.7858633995056152,
    2.8157095909118652,
    2.845564603805542,
    2.8754661083221436,
    2.9053797721862793,
    2.9351980686187744,
    2.9650042057037354,
    2.994868516921997,
    3.024815559387207,
    3.054750442504883,
    3.0848124027252197,
    3.1147708892822266,
    3.1449310779571533,
    3.1750550270080566,
    3.205183744430542,
    3.2353129386901855,
    3.2654011249542236,
    3.295795202255249,
    3.3262953758239746,
    3.3567867279052734,
    3.3870913982391357,
    3.417546510696411,
    3.4479820728302,
    3.478837013244629,
    3.50966215133667,
    3.5405819416046143,
    3.571404218673706,
    3.6021780967712402,
    3.632847309112549,
    3.663623094558716,
    3.694472551345825,
    3.72538423538208,
    3.756014823913574,
    3.787057638168335,
    3.81791090965271,
    3.84885311126709,
    3.8797478675842285,
    3.9106264114379883,
    3.941622257232666,
    3.9724717140197754,
    4.003293752670288,
    4.03338623046875,
    4.063685178756714,
    4.093723297119141,
    4.1241583824157715,
    4.154751300811768,
    4.184867858886719,
    4.215424299240112,
    4.245375156402588,
    4.2753236293792725,
    4.305256128311157,
    4.335980653762817,
    4.365938425064087,
    4.395683288574219,
    4.425534963607788,
    4.4552106857299805,
    4.485436677932739,
    4.515188694000244,
    4.546051263809204
  ]
}