{
  "gesture_id": 3,
  "gesture_name": "circle",
  "timestamp": "2025-12-24T13:27:13.673194",
  "sample_rate": 50,
  "duration": 3.0,
  "distances": [
    60.43771505355835,
    61.243224143981934,
    50.5426287651062,
    50.90653896331787,
    63.2549524307251,
    61.66846752166748,
    63.09548616409302,
    52.938711643218994,
    52.61569023132324,
    60.95700263977051,
    60.93655824661255,
    56.9744348526001,
    56.83541297912598,
    56.8231463432312,
    57.399678230285645,
    57.38332271575928,
    62.09779977798462,
    61.108291149139404,
    62.21637725830078,
    61.2595796585083,
    61.108291149139404,
    60.928380489349365,
    61.243224143981934,
    60.674870014190674,
    60.9610915184021,
    60.380470752716064,
    60.24962663650513,
    59.53407287597656,
    59.82438325881958,
    64.61654901504517,
    59.52180624008179,
    58.98207426071167,
    59.26011800765991,
    59.129273891448975,
    60.221004486083984,
    59.23149585723877,
    57.968032360076904,
    56.99487924575806,
    56.197547912597656,
    55.5269718170166,
    56.55328035354614,
    58.675408363342285,
    50.39951801300049,
    49.88431930541992,
    51.22547149658203,
    50.734806060791016,
    50.03151893615723,
    46.69499397277832,
    56.07079267501831,
    51.90831422805786,
    49.85978603363037,
    47.24699258804321,
    48.29374551773071,
    48.05659055709839,
    47.67223596572876,
    56.65959119796753,
    58.2706093788147,
    58.581364154815674,
    51.60982608795166,
    50.17462968826294,
    54.00590896606445,
    56.94990158081055,
    54.86048460006714,
    54.85639572143555,
    58.23789834976196,
    58.286964893341064,
    56.532835960388184,
    57.70634412765503,
    58.53229761123657,
    57.1216344833374,
    58.421897888183594,
    58.814430236816406,
    58.71220827102661,
    58.25425386428833,
    57.68998861312866,
    58.07843208312988,
    58.1193208694458,
    59.37460660934448,
    57.56732225418091,
    57.51825571060181,
    58.425986766815186,
    57.82492160797119,
    62.09779977798462,
    61.10420227050781,
    57.98029899597168,
    57.16661214828491,
    57.98847675323486,
    56.70456886291504,
    57.71043300628662,
    56.83950185775757,
    56.692302227020264,
    54.15310859680176,
    56.66776895523071,
    50.75116157531738,
    49.49996471405029,
    56.68003559112549,
    57.698166370391846,
    47.480058670043945,
    46.48237228393555,
    45.456063747406006,
    46.294283866882324,
    43.78780126571655,
    42.11544990539551,
    44.04948949813843,
    56.524658203125,
    43.03135871887207,
    41.428518295288086,
    42.589759826660156,
    56.71274662017822,
    42.10318326950073,
    58.7162971496582,
    43.223536014556885,
    45.043087005615234,
    56.716835498809814,
    58.94118547439575,
    47.071170806884766,
    48.08521270751953,
    50.002896785736084,
    50.043785572052,
    58.127498626708984,
    57.00305700302124,
    56.536924839019775,
    57.24838972091675,
    58.401453495025635,
    57.83718824386597,
    56.851768493652344,
    58.11114311218262,
    56.72910213470459,
    57.00305700302124,
    56.99896812438965,
    57.424211502075195,
    57.42830038070679,
    57.83718824386597,
    58.6672306060791,
    57.46101140975952,
    56.851768493652344,
    57.41603374481201,
    57.25247859954834,
    58.262431621551514,
    53.27399969100952,
    57.67772197723389,
    58.086609840393066,
    58.51185321807861,
    56.95807933807373,
    56.831324100494385,
    52.644312381744385,
    55.18759489059448,
    54.66421842575073,
    50.72253942489624,
    47.48414754867554
  ],
  "timestamps": [
    0.010985851287841797,
    0.04221916198730469,
    0.07278132438659668,
    0.10334563255310059,
    0.1345977783203125,
    0.16573381423950195,
    0.1969752311706543,
    0.2276010513305664,
    0.2582223415374756,
    0.28931617736816406,
    0.320451021194458,
    0.3513331413269043,
    0.3822033405303955,
    0.41305112838745117,
    0.4439375400543213,
    0.4748218059539795,
    0.5064430236816406,
    0.5377912521362305,
    0.5689859390258789,
    0.6001899242401123,
    0.6313025951385498,
    0.6624197959899902,
    0.6935677528381348,
    0.7246339321136475,
    0.7557365894317627,
    0.7868087291717529,
    0.8178784847259521,
    0.8489170074462891,
    0.8799769878387451,
    0.9113268852233887,
    0.9423532485961914,
    0.9733462333679199,
    1.0043604373931885,
    1.0353577136993408,
    1.0664091110229492,
    1.0974013805389404,
    1.128321647644043,
    1.1591966152191162,
    1.1900229454040527,
    1.220808982849121,
    1.2516963481903076,
    1.2826595306396484,
    1.3131389617919922,
    1.3435943126678467,
    1.3741321563720703,
    1.404644250869751,
    1.4351317882537842,
    1.465406894683838,
    1.4962263107299805,
    1.5268516540527344,
    1.5573742389678955,
    1.5876827239990234,
    1.6180508136749268,
    1.6484079360961914,
    1.6787419319152832,
    1.7096054553985596,
    1.7405717372894287,
    1.7715375423431396,
    1.8020961284637451,
    1.8325750827789307,
    1.863264799118042,
    1.8941223621368408,
    1.9248528480529785,
    1.9555964469909668,
    1.9865446090698242,
    2.0174968242645264,
    2.0483624935150146,
    2.079275131225586,
    2.1102378368377686,
    2.1411168575286865,
    2.172063112258911,
    2.2030253410339355,
    2.2339820861816406,
    2.264920473098755,
    2.295851469039917,
    2.3267927169799805,
    2.357755661010742,
    2.3887710571289062,
    2.4196813106536865,
    2.4505903720855713,
    2.481539487838745,
    2.512498140335083,
    2.543816089630127,
    2.5749804973602295,
    2.6059138774871826,
    2.636798858642578,
    2.6677725315093994,
    2.6986286640167236,
    2.7295448780059814,
    2.7604100704193115,
    2.7913105487823486,
    2.822014808654785,
    2.8528590202331543,
    2.883369207382202,
    2.913823366165161,
    2.944679021835327,
    2.9755923748016357,
    3.0059120655059814,
    3.036170482635498,
    3.0663888454437256,
    3.096640110015869,
    3.126741886138916,
    3.156743049621582,
    3.186861276626587,
    3.217707872390747,
    3.24776291847229,
    3.277743101119995,
    3.307774066925049,
    3.3386335372924805,
    3.3686609268188477,
    3.399632453918457,
    3.4297008514404297,
    3.4598779678344727,
    3.4907357692718506,
    3.5217647552490234,
    3.5521345138549805,
    3.5825321674346924,
    3.6130034923553467,
    3.6434786319732666,
    3.6744165420532227,
    3.7052927017211914,
    3.7361392974853516,
    3.7670271396636963,
    3.797978639602661,
    3.8289051055908203,
    3.8597850799560547,
    3.890723943710327,
    3.921572685241699,
    3.9524381160736084,
    3.9832992553710938,
    4.014194488525391,
    4.045093297958374,
    4.076014995574951,
    4.107004880905151,
    4.137905836105347,
    4.168767213821411,
    4.1996612548828125,
    4.2305519580841064,
    4.261480331420898,
    4.2921202182769775,
    4.323025226593018,
    4.353961706161499,
    4.384923219680786,
    4.415834426879883,
    4.446699142456055,
    4.477318048477173,
    4.5081212520599365,
    4.5390331745147705,
    4.569572687149048,
    4.599896669387817
  ]
}