{
  "gesture_id": 3,
  "gesture_name": "circle",
  "timestamp": "2025-12-24T13:31:48.500268",
  "sample_rate": 50,
  "duration": 3.0,
  "distances": [
    43.77553462982178,
    44.613754749298096,
    43.17446947097778,
    43.452513217926025,
    44.02904510498047,
    61.48855686187744,
    57.79221057891846,
    59.652650356292725,
    46.613216400146484,
    46.204328536987305,
    56.173014640808105,
    47.226548194885254,
    56.671857833862305,
    53.91186475753784,
    56.786346435546875,
    49.97427463531494,
    60.44180393218994,
    59.0679407119751,
    59.07611846923828,
    58.93300771713257,
    56.65959119796753,
    57.34243392944336,
    54.48430776596069,
    56.786346435546875,
    58.92074108123779,
    58.904385566711426,
    57.35878944396973,
    59.3664288520813,
    57.195234298706055,
    59.36233997344971,
    57.354700565338135,
    58.02527666091919,
    57.50190019607544,
    54.2798638343811,
    56.77816867828369,
    54.104042053222656,
    55.31435012817383,
    57.81674385070801,
    55.13852834701538,
    52.73017883300781,
    54.08768653869629,
    53.42528820037842,
    50.82067251205444,
    49.62671995162964,
    52.893733978271484,
    49.42636489868164,
    47.44734764099121,
    46.02850675582886,
    43.587446212768555,
    51.22138261795044,
    42.07864999771118,
    42.315804958343506,
    47.82761335372925,
    41.34265184402466,
    41.812872886657715,
    39.49856758117676,
    40.222299098968506,
    45.247530937194824,
    43.19082498550415,
    40.426743030548096,
    39.27367925643921,
    42.34033823013306,
    39.056968688964844,
    39.5271897315979,
    36.260175704956055,
    49.822986125946045,
    40.91331958770752,
    39.036524295806885,
    39.75616693496704,
    42.28718280792236,
    39.5271897315979,
    38.38639259338379,
    43.18264722824097,
    43.3666467666626,
    44.58104372024536,
    48.023879528045654,
    56.81905746459961,
    59.35007333755493,
    56.50830268859863,
    50.30956268310547,
    56.66776895523071,
    58.78171920776367,
    56.61870241165161,
    58.785808086395264,
    59.607672691345215,
    52.578890323638916,
    59.89389419555664,
    59.178340435028076,
    49.7943639755249,
    50.47720670700073,
    50.33818483352661,
    51.84289216995239,
    58.64269733428955,
    49.94974136352539,
    59.358251094818115,
    47.80716896057129,
    56.92945718765259,
    56.80270195007324,
    45.44788599014282,
    48.83756637573242,
    50.67347288131714,
    52.04324722290039,
    51.38084888458252,
    49.48769807815552,
    42.998647689819336,
    43.427979946136475,
    49.2464542388916,
    49.99063014984131,
    40.676164627075195,
    53.27808856964111,
    40.90923070907593,
    44.82637643814087,
    38.37003707885742,
    38.86070251464844,
    36.47279739379883,
    37.20879554748535,
    38.13697099685669,
    39.514923095703125,
    40.68025350570679,
    39.51083421707153,
    38.81981372833252,
    39.48630094528198,
    37.396883964538574,
    54.786884784698486,
    49.47543144226074,
    49.78618621826172,
    40.92967510223389,
    38.8279914855957,
    36.987996101379395,
    39.061057567596436,
    56.20981454849243,
    42.98638105392456,
    56.18528127670288,
    39.95243310928345,
    58.356475830078125,
    58.789896965026855,
    42.98638105392456,
    58.07434320449829,
    49.99063014984131,
    56.84767961502075,
    56.851768493652344,
    56.013548374176025,
    50.01925230026245,
    50.03969669342041,
    48.89481067657471,
    50.22369623184204,
    59.22740697860718,
    47.459614276885986,
    49.86387491226196,
    49.88023042678833
  ],
  "timestamps": [
    0.010013580322265625,
    0.04027748107910156,
    0.07039952278137207,
    0.10051631927490234,
    0.13065767288208008,
    0.1618061065673828,
    0.19273114204406738,
    0.22376489639282227,
    0.25403571128845215,
    0.28428220748901367,
    0.3151090145111084,
    0.3454091548919678,
    0.37625980377197266,
    0.4069554805755615,
    0.43781185150146484,
    0.4682767391204834,
    0.49934887886047363,
    0.5303421020507812,
    0.5613539218902588,
    0.5923409461975098,
    0.6232192516326904,
    0.6542179584503174,
    0.6850051879882812,
    0.7159297466278076,
    0.7469539642333984,
    0.7779350280761719,
    0.808833122253418,
    0.8398575782775879,
    0.8707621097564697,
    0.90177321434021,
    0.9326634407043457,
    0.9635946750640869,
    0.9944877624511719,
    1.0251851081848145,
    1.0560238361358643,
    1.0867185592651367,
    1.1174914836883545,
    1.1484110355377197,
    1.179198980331421,
    1.2098326683044434,
    1.2405364513397217,
    1.2712044715881348,
    1.3017709255218506,
    1.3322021961212158,
    1.3628180027008057,
    1.3932392597198486,
    1.4235661029815674,
    1.453798770904541,
    1.4839069843292236,
    1.514441728591919,
    1.5444390773773193,
    1.5744714736938477,
    1.6048076152801514,
    1.6348237991333008,
    1.6649653911590576,
    1.6948699951171875,
    1.724780797958374,
    1.7549684047698975,
    1.7850368022918701,
    1.8149454593658447,
    1.844780445098877,
    1.8747985363006592,
    1.9046175479888916,
    1.934478998184204,
    1.9641385078430176,
    1.9945921897888184,
    2.024524211883545,
    2.0543453693389893,
    2.0842032432556152,
    2.1142122745513916,
    2.1440606117248535,
    2.1738409996032715,
    2.203911066055298,
    2.2339861392974854,
    2.2641303539276123,
    2.2944772243499756,
    2.3253567218780518,
    2.3563644886016846,
    2.387204647064209,
    2.4176876544952393,
    2.4485270977020264,
    2.4794843196868896,
    2.510312557220459,
    2.541275978088379,
    2.572296380996704,
    2.602905750274658,
    2.6339967250823975,
    2.66516375541687,
    2.695650577545166,
    2.726179838180542,
    2.756666898727417,
    2.7872302532196045,
    2.818183422088623,
    2.848639965057373,
    2.8796489238739014,
    2.9099838733673096,
    2.9408674240112305,
    2.971726894378662,
    3.0019195079803467,
    3.0323171615600586,
    3.0628161430358887,
    3.0933990478515625,
    3.1239397525787354,
    3.1543681621551514,
    3.184419870376587,
    3.2145135402679443,
    3.2449331283569336,
    3.275390863418579,
    3.3053128719329834,
    3.335965871810913,
    3.365894317626953,
    3.396055221557617,
    3.425835609436035,
    3.4556658267974854,
    3.4853365421295166,
    3.515049934387207,
    3.544816255569458,
    3.5746655464172363,
    3.6045796871185303,
    3.634474515914917,
    3.664445161819458,
    3.6943562030792236,
    3.7240920066833496,
    3.754836320877075,
    3.785269260406494,
    3.815722703933716,
    3.845649242401123,
    3.8754758834838867,
    3.905184745788574,
    3.935013771057129,
    3.9658336639404297,
    3.995905637741089,
    4.026727676391602,
    4.056603908538818,
    4.087547302246094,
    4.1185173988342285,
    4.1485679149627686,
    4.179516315460205,
    4.20997953414917,
    4.240840911865234,
    4.271703481674194,
    4.302516460418701,
    4.332977771759033,
    4.363441228866577,
    4.393856048583984,
    4.424332618713379,
    4.455331087112427,
    4.48564600944519,
    4.5160980224609375,
    4.546538352966309
  ]
}