{
  "gesture_id": 3,
  "gesture_name": "circle",
  "timestamp": "2025-12-23T15:34:52.349111",
  "sample_rate": 50,
  "duration": 3.0,
  "distances": [
    39.75616693496704,
    43.41980218887329,
    41.82513952255249,
    42.07456111907959,
    42.95775890350342,
    55.989015102386475,
    54.27168607711792,
    57.04394578933716,
    42.97820329666138,
    55.80092668533325,
    54.991328716278076,
    56.307947635650635,
    57.34652280807495,
    47.0548152923584,
    58.91256332397461,
    56.47150278091431,
    48.023879528045654,
    57.21158981323242,
    56.77816867828369,
    46.80130481719971,
    56.78225755691528,
    54.64377403259277,
    56.77816867828369,
    56.6759467124939,
    56.77816867828369,
    54.47613000869751,
    54.81959581375122,
    54.668307304382324,
    55.29799461364746,
    50.166451930999756,
    51.8878698348999,
    49.97836351394653,
    47.04254865646362,
    52.05960273742676,
    51.70795917510986,
    53.576576709747314,
    49.99880790710449,
    48.027968406677246,
    49.05427694320679,
    52.918267250061035,
    50.18280744552612,
    49.6471643447876,
    46.23703956604004,
    45.795440673828125,
    39.30639028549194,
    44.2130446434021,
    36.9839072227478,
    36.27653121948242,
    36.509597301483154,
    36.25199794769287,
    36.04346513748169,
    34.73093509674072,
    32.90729522705078,
    42.78193712234497,
    50.824761390686035,
    33.941781520843506,
    35.77768802642822,
    38.80345821380615,
    35.2420449256897,
    35.785865783691406,
    36.27244234085083,
    36.51777505874634,
    36.97164058685303,
    37.899816036224365,
    38.59901428222656,
    37.899816036224365,
    44.18851137161255,
    41.59207344055176,
    55.80092668533325,
    41.14638566970825,
    41.587984561920166,
    46.65001630783081,
    43.42389106750488,
    45.815885066986084,
    54.11630868911743,
    53.237199783325195,
    50.02334117889404,
    50.33818483352661,
    53.38031053543091,
    55.16306161880493,
    50.2932071685791,
    49.83525276184082,
    55.469727516174316,
    55.490171909332275,
    49.81071949005127,
    53.237199783325195,
    53.785109519958496,
    50.30956268310547,
    51.20093822479248,
    53.42937707901001,
    55.150794982910156,
    51.0414719581604,
    53.76466512680054,
    49.99880790710449,
    50.15418529510498,
    49.03383255004883,
    47.0057487487793,
    52.24360227584839,
    51.687514781951904,
    51.507604122161865,
    45.19846439361572,
    48.273301124572754,
    53.42937707901001,
    51.851069927215576,
    47.21837043762207,
    47.8030800819397,
    39.30639028549194,
    37.70354986190796,
    36.280620098114014,
    36.9348406791687,
    36.52595281600952,
    50.166451930999756,
    34.714579582214355,
    34.24026966094971,
    38.1328821182251,
    34.19938087463379,
    33.41022729873657,
    34.714579582214355,
    36.035287380218506,
    33.67600440979004,
    36.718130111694336,
    33.99084806442261,
    35.00080108642578,
    35.233867168426514,
    35.76951026916504,
    35.79404354095459,
    37.89572715759277,
    37.625861167907715,
    39.5271897315979,
    50.50991773605347,
    40.880608558654785,
    40.91331958770752,
    53.785109519958496,
    43.77962350845337,
    53.76875400543213,
    54.26759719848633,
    53.74830961227417,
    49.62263107299805,
    50.002896785736084,
    52.04324722290039,
    49.798452854156494,
    52.04324722290039,
    51.72022581100464,
    53.06955575942993,
    53.920042514801025,
    53.97319793701172,
    53.944575786590576,
    53.421199321746826,
    55.645549297332764,
    53.72786521911621
  ],
  "timestamps": [
    0.009776592254638672,
    0.039969444274902344,
    0.07003092765808105,
    0.10009622573852539,
    0.1302201747894287,
    0.16115045547485352,
    0.1918778419494629,
    0.2227644920349121,
    0.25284242630004883,
    0.28366827964782715,
    0.31443333625793457,
    0.3452942371368408,
    0.37619447708129883,
    0.40648722648620605,
    0.4374701976776123,
    0.46831846237182617,
    0.4986734390258789,
    0.5295636653900146,
    0.5604410171508789,
    0.5907158851623535,
    0.6215791702270508,
    0.6523141860961914,
    0.6840691566467285,
    0.7151563167572021,
    0.7460706233978271,
    0.7768433094024658,
    0.8075995445251465,
    0.8383510112762451,
    0.8691301345825195,
    0.8995997905731201,
    0.9301631450653076,
    0.9606118202209473,
    0.9908947944641113,
    1.0215003490447998,
    1.0520646572113037,
    1.0827391147613525,
    1.1132380962371826,
    1.1435885429382324,
    1.1739983558654785,
    1.2046356201171875,
    1.235131025314331,
    1.265582799911499,
    1.295827865600586,
    1.3260533809661865,
    1.3558945655822754,
    1.3860268592834473,
    1.4157404899597168,
    1.4454092979431152,
    1.4750866889953613,
    1.5047550201416016,
    1.5344250202178955,
    1.564004898071289,
    1.5934767723083496,
    1.6235315799713135,
    1.6540751457214355,
    1.6836738586425781,
    1.7135899066925049,
    1.7434790134429932,
    1.773104190826416,
    1.802746057510376,
    1.8324940204620361,
    1.862180233001709,
    1.8918890953063965,
    1.9216532707214355,
    1.951432704925537,
    1.9811992645263672,
    2.0113253593444824,
    2.0413033962249756,
    2.072111129760742,
    2.1020610332489014,
    2.132059335708618,
    2.16233491897583,
    2.1924264430999756,
    2.222658395767212,
    2.253366470336914,
    2.2840216159820557,
    2.3144898414611816,
    2.3450002670288086,
    2.3756632804870605,
    2.406426429748535,
    2.436908721923828,
    2.4673540592193604,
    2.498124599456787,
    2.528890371322632,
    2.5593323707580566,
    2.5899903774261475,
    2.6206748485565186,
    2.6511571407318115,
    2.681701898574829,
    2.712465524673462,
    2.743297576904297,
    2.7738447189331055,
    2.8045289516448975,
    2.834991693496704,
    2.8654608726501465,
    2.895872116088867,
    2.926154375076294,
    2.9567666053771973,
    2.9873266220092773,
    3.0178756713867188,
    3.04805588722229,
    3.0784170627593994,
    3.109076738357544,
    3.1396467685699463,
    3.169963836669922,
    3.200299024581909,
    3.230145215988159,
    3.259887456893921,
    3.28955340385437,
    3.3192920684814453,
    3.3490047454833984,
    3.379505157470703,
    3.409100294113159,
    3.438668966293335,
    3.468461275100708,
    3.4980239868164062,
    3.5275373458862305,
    3.557130813598633,
    3.586799144744873,
    3.616333484649658,
    3.6460444927215576,
    3.6755905151367188,
    3.7052268981933594,
    3.7349352836608887,
    3.7646241188049316,
    3.7943174839019775,
    3.82411527633667,
    3.8538949489593506,
    3.883781909942627,
    3.9143099784851074,
    3.944263458251953,
    3.97421932220459,
    4.004945516586304,
    4.035067558288574,
    4.065769910812378,
    4.096503257751465,
    4.127196311950684,
    4.157644748687744,
    4.188109874725342,
    4.218717575073242,
    4.249194860458374,
    4.279802322387695,
    4.310411691665649,
    4.341078996658325,
    4.371792554855347,
    4.402509927749634,
    4.433222055435181,
    4.4639058113098145,
    4.49472451210022,
    4.5254271030426025
  ]
}