{
  "gesture_id": 3,
  "gesture_name": "circle",
  "timestamp": "2025-12-24T13:36:13.322225",
  "sample_rate": 50,
  "duration": 3.0,
  "distances": [
    49.802541732788086,
    50.01925230026245,
    46.498727798461914,
    49.683964252471924,
    49.97427463531494,
    48.22423458099365,
    45.206642150878906,
    42.98229217529297,
    49.050188064575195,
    49.79027509689331,
    48.432767391204834,
    48.61267805099487,
    49.45089817047119,
    59.3173623085022,
    49.230098724365234,
    50.325918197631836,
    60.48269271850586,
    50.869739055633545,
    50.50173997879028,
    58.331942558288574,
    50.31774044036865,
    60.17193794250488,
    50.67347288131714,
    60.061538219451904,
    58.75309705734253,
    58.59363079071045,
    59.07202959060669,
    56.93763494491577,
    51.56484842300415,
    59.787583351135254,
    60.539937019348145,
    57.264745235443115,
    60.10242700576782,
    57.26883411407471,
    52.61160135269165,
    53.47844362258911,
    56.720924377441406,
    52.096402645111084,
    53.13906669616699,
    56.602346897125244,
    56.99896812438965,
    55.05266189575195,
    56.692302227020264,
    56.70047998428345,
    52.74244546890259,
    51.51578187942505,
    49.65534210205078,
    56.806790828704834,
    55.69870471954346,
    55.85817098617554,
    50.87382793426514,
    49.86387491226196,
    50.20325183868408,
    50.207340717315674,
    47.89303541183472,
    50.21551847457886,
    48.31418991088867,
    48.51045608520508,
    49.65125322341919,
    45.86904048919678,
    44.67099905014038,
    46.478283405303955,
    44.19668912887573,
    45.89357376098633,
    43.6651349067688,
    49.85569715499878,
    42.8187370300293,
    44.842731952667236,
    48.65356683731079,
    49.4468092918396,
    43.03135871887207,
    42.086827754974365,
    42.58158206939697,
    43.65286827087402,
    43.268513679504395,
    47.03845977783203,
    42.131805419921875,
    41.428518295288086,
    42.09091663360596,
    40.95829725265503,
    53.65835428237915,
    41.61251783370972,
    43.64877939224243,
    43.85731220245361,
    56.855857372283936,
    49.888408184051514,
    45.25570869445801,
    43.26033592224121,
    50.01925230026245,
    50.370895862579346,
    50.37498474121094,
    57.285189628601074,
    51.2418270111084,
    49.82707500457764,
    50.18280744552612,
    50.166451930999756,
    50.71436166763306,
    57.54278898239136,
    56.73319101333618,
    52.97142267227173,
    56.56963586807251,
    58.40963125228882,
    57.08892345428467,
    58.9657187461853,
    51.7406702041626,
    57.579588890075684,
    61.23095750808716,
    50.211429595947266,
    50.38725137710571,
    47.87667989730835,
    47.430992126464844,
    49.6962308883667,
    57.25247859954834,
    54.872751235961914,
    45.456063747406006,
    46.03259563446045,
    49.688053131103516,
    47.46370315551758,
    45.42744159698486,
    43.02318096160889,
    44.21713352203369,
    44.43384408950806,
    43.66104602813721,
    42.291271686553955,
    44.02495622634888,
    41.41216278076172,
    42.12771654129028,
    44.450199604034424,
    43.44024658203125,
    41.428518295288086,
    42.5693154335022,
    42.09500551223755,
    43.64060163497925,
    48.90298843383789,
    39.98923301696777,
    39.576256275177,
    39.55581188201904,
    50.186896324157715,
    41.199541091918945,
    42.5693154335022,
    56.716835498809814,
    41.16274118423462,
    57.96394348144531,
    56.72910213470459,
    58.78171920776367,
    56.84359073638916,
    42.78602600097656,
    45.03899812698364,
    44.05357837677002,
    36.534130573272705
  ],
  "timestamps": [
    0.010364055633544922,
    0.04095721244812012,
    0.07143163681030273,
    0.10196375846862793,
    0.13251686096191406,
    0.16286683082580566,
    0.19304347038269043,
    0.22312617301940918,
    0.25354862213134766,
    0.28400158882141113,
    0.3143744468688965,
    0.3447611331939697,
    0.37519264221191406,
    0.40619730949401855,
    0.43660616874694824,
    0.467090368270874,
    0.4981546401977539,
    0.5286612510681152,
    0.5591702461242676,
    0.5901241302490234,
    0.6206362247467041,
    0.6517117023468018,
    0.6822159290313721,
    0.7132632732391357,
    0.7442283630371094,
    0.7751772403717041,
    0.8061847686767578,
    0.8372182846069336,
    0.8678100109100342,
    0.8988502025604248,
    0.9299325942993164,
    0.9608500003814697,
    0.991973876953125,
    1.022874116897583,
    1.0535473823547363,
    1.084212303161621,
    1.1150646209716797,
    1.1456503868103027,
    1.1763036251068115,
    1.2071504592895508,
    1.238023281097412,
    1.2687830924987793,
    1.2996361255645752,
    1.3305106163024902,
    1.3611390590667725,
    1.39168119430542,
    1.4221224784851074,
    1.4529731273651123,
    1.483752965927124,
    1.5145378112792969,
    1.5450422763824463,
    1.5754947662353516,
    1.6059753894805908,
    1.6364707946777344,
    1.66680908203125,
    1.6972780227661133,
    1.7276418209075928,
    1.7580134868621826,
    1.7884547710418701,
    1.8187086582183838,
    1.8489367961883545,
    1.8792333602905273,
    1.9093966484069824,
    1.9396262168884277,
    1.9697239398956299,
    2.000176429748535,
    2.030219554901123,
    2.0603997707366943,
    2.090787887573242,
    2.1212222576141357,
    2.1512808799743652,
    2.181284189224243,
    2.211318254470825,
    2.241407632827759,
    2.2714970111846924,
    2.3017871379852295,
    2.331794023513794,
    2.3617541790008545,
    2.3917574882507324,
    2.421689510345459,
    2.452363967895508,
    2.482353448867798,
    2.5124495029449463,
    2.542550563812256,
    2.5734105110168457,
    2.603865385055542,
    2.6340537071228027,
    2.664119243621826,
    2.6946024894714355,
    2.7250869274139404,
    2.755570650100708,
    2.7864558696746826,
    2.8170864582061768,
    2.8476057052612305,
    2.878087282180786,
    2.9085521697998047,
    2.9390671253204346,
    2.9699718952178955,
    3.0008299350738525,
    3.0314600467681885,
    3.0623083114624023,
    3.0932462215423584,
    3.1241257190704346,
    3.155113458633423,
    3.185680866241455,
    3.216602087020874,
    3.2477333545684814,
    3.2782094478607178,
    3.3086986541748047,
    3.3390278816223145,
    3.3693277835845947,
    3.3997528553009033,
    3.430628776550293,
    3.4613726139068604,
    3.4915664196014404,
    3.521812915802002,
    3.5522568225860596,
    3.5825700759887695,
    3.6127724647521973,
    3.642827033996582,
    3.6729516983032227,
    3.7030880451202393,
    3.733180522918701,
    3.763192892074585,
    3.793306589126587,
    3.8233425617218018,
    3.8534233570098877,
    3.883579969406128,
    3.913675308227539,
    3.9436416625976562,
    3.9736714363098145,
    4.003667831420898,
    4.033756256103516,
    4.06415319442749,
    4.094032049179077,
    4.123884916305542,
    4.153752088546753,
    4.184221267700195,
    4.214167594909668,
    4.244194746017456,
    4.275044202804565,
    4.304985284805298,
    4.335911273956299,
    4.366763353347778,
    4.397741794586182,
    4.428600788116455,
    4.458658218383789,
    4.48883581161499,
    4.518962383270264,
    4.54863977432251
  ]
}