{
  "gesture_id": 3,
  "gesture_name": "circle",
  "timestamp": "2025-12-24T13:27:34.628168",
  "sample_rate": 50,
  "duration": 3.0,
  "distances": [
    45.46833038330078,
    43.23580265045166,
    43.19491386413574,
    43.178558349609375,
    62.86650896072388,
    63.14046382904053,
    61.44766807556152,
    43.99224519729614,
    56.93354606628418,
    63.16499710083008,
    62.637531757354736,
    62.159132957458496,
    49.867963790893555,
    60.907936096191406,
    61.357712745666504,
    60.89975833892822,
    60.748469829559326,
    61.61531209945679,
    61.063313484191895,
    56.50830268859863,
    56.81496858596802,
    56.81496858596802,
    56.81905746459961,
    57.534611225128174,
    61.34953498840332,
    61.202335357666016,
    61.08375787734985,
    60.05744934082031,
    61.631667613983154,
    60.609447956085205,
    60.48678159713745,
    59.09656286239624,
    58.47914218902588,
    60.49087047576904,
    58.356475830078125,
    56.79861307144165,
    56.786346435546875,
    56.70047998428345,
    55.4779052734375,
    54.259419441223145,
    54.11221981048584,
    52.055513858795166,
    51.54849290847778,
    52.39080190658569,
    56.36519193649292,
    45.660507678985596,
    50.87382793426514,
    46.21250629425049,
    50.346362590789795,
    42.30762720108032,
    48.88254404067993,
    39.265501499176025,
    38.3823037147522,
    38.13697099685669,
    43.02726984024048,
    38.59083652496338,
    40.70887565612793,
    36.97572946548462,
    42.315804958343506,
    39.776611328125,
    36.77128553390503,
    37.167906761169434,
    39.081501960754395,
    39.78070020675659,
    40.68843126296997,
    42.540693283081055,
    42.68789291381836,
    45.815885066986084,
    43.17446947097778,
    43.59153509140015,
    47.61090278625488,
    59.78349447250366,
    50.29729604721069,
    49.81889724731445,
    57.38332271575928,
    50.1460075378418,
    50.86156129837036,
    50.29729604721069,
    54.962706565856934,
    57.334256172180176,
    55.11808395385742,
    58.50776433944702,
    56.90901279449463,
    56.524658203125,
    58.654963970184326,
    57.81674385070801,
    57.66545534133911,
    57.80447721481323,
    58.24607610702515,
    58.19292068481445,
    57.35878944396973,
    58.904385566711426,
    58.04980993270874,
    57.608211040496826,
    57.75541067123413,
    57.77585506439209,
    56.81905746459961,
    57.67772197723389,
    58.07843208312988,
    57.219767570495605,
    55.48199415206909,
    55.625104904174805,
    54.97497320175171,
    50.47311782836914,
    49.81071949005127,
    56.921279430389404,
    48.25694561004639,
    51.049649715423584,
    48.24467897415161,
    50.849294662475586,
    50.325918197631836,
    52.40715742111206,
    52.893733978271484,
    45.21481990814209,
    45.60326337814331,
    42.745137214660645,
    43.80415678024292,
    41.60434007644653,
    43.019092082977295,
    41.130030155181885,
    42.96184778213501,
    41.1218523979187,
    40.94194173812866,
    39.95243310928345,
    41.60434007644653,
    40.45127630233765,
    40.94194173812866,
    41.84558391571045,
    41.857850551605225,
    42.52842664718628,
    49.802541732788086,
    41.6206955909729,
    44.04948949813843,
    56.651413440704346,
    42.994558811187744,
    60.76482534408569,
    56.810879707336426,
    57.788121700286865,
    44.21713352203369,
    42.7655816078186,
    57.788121700286865,
    45.206642150878906,
    50.01925230026245,
    49.7943639755249,
    49.65125322341919,
    59.64038372039795,
    59.97976064682007,
    47.69676923751831,
    49.847519397735596,
    50.072407722473145
  ],
  "timestamps": [
    0.010111570358276367,
    0.04028439521789551,
    0.07041740417480469,
    0.10060524940490723,
    0.13183832168579102,
    0.16307997703552246,
    0.19422197341918945,
    0.22431516647338867,
    0.2551913261413574,
    0.2864255905151367,
    0.3176259994506836,
    0.34894895553588867,
    0.37942028045654297,
    0.4106104373931885,
    0.44176650047302246,
    0.47287559509277344,
    0.503974437713623,
    0.5351696014404297,
    0.5663402080535889,
    0.5972013473510742,
    0.6280968189239502,
    0.6589813232421875,
    0.6898496150970459,
    0.720771312713623,
    0.7519054412841797,
    0.783027172088623,
    0.8141391277313232,
    0.8451836109161377,
    0.8763220310211182,
    0.907454252243042,
    0.9385421276092529,
    0.9695408344268799,
    1.000499963760376,
    1.0315797328948975,
    1.0625336170196533,
    1.0933985710144043,
    1.1242599487304688,
    1.1551189422607422,
    1.1859071254730225,
    1.216609239578247,
    1.247314214706421,
    1.2779066562652588,
    1.3084619045257568,
    1.3390858173370361,
    1.3699233531951904,
    1.4001317024230957,
    1.4306471347808838,
    1.4608895778656006,
    1.4913742542266846,
    1.5214545726776123,
    1.5519936084747314,
    1.5818672180175781,
    1.6116726398468018,
    1.6414556503295898,
    1.6715161800384521,
    1.7013170719146729,
    1.7312397956848145,
    1.7609429359436035,
    1.7909622192382812,
    1.820845127105713,
    1.850548267364502,
    1.8802821636199951,
    1.9101111888885498,
    1.939979076385498,
    1.9699079990386963,
    1.9999394416809082,
    2.029971122741699,
    2.0601906776428223,
    2.0902671813964844,
    2.120356798171997,
    2.1506810188293457,
    2.1817121505737305,
    2.2121927738189697,
    2.2426416873931885,
    2.2735488414764404,
    2.304018020629883,
    2.3345329761505127,
    2.365015745162964,
    2.395766258239746,
    2.426656723022461,
    2.4574172496795654,
    2.488389730453491,
    2.5192935466766357,
    2.550445556640625,
    2.581512689590454,
    2.612551689147949,
    2.6434948444366455,
    2.674424886703491,
    2.7053802013397217,
    2.736344575881958,
    2.7672650814056396,
    2.7982916831970215,
    2.829251527786255,
    2.8601903915405273,
    2.8911330699920654,
    2.9220635890960693,
    2.952929973602295,
    2.9838430881500244,
    3.0147950649261475,
    3.0456974506378174,
    3.07649827003479,
    3.107313871383667,
    3.1381053924560547,
    3.1686155796051025,
    3.199089527130127,
    3.229973793029785,
    3.2603533267974854,
    3.2908942699432373,
    3.3212904930114746,
    3.3518240451812744,
    3.382328510284424,
    3.4129695892333984,
    3.4436235427856445,
    3.4738268852233887,
    3.504053831100464,
    3.5341992378234863,
    3.564398765563965,
    3.5944135189056396,
    3.624495029449463,
    3.654463529586792,
    3.684539556503296,
    3.714510202407837,
    3.7444911003112793,
    3.7743921279907227,
    3.8043887615203857,
    3.834320306777954,
    3.864283800125122,
    3.894293785095215,
    3.924307107925415,
    3.9543545246124268,
    3.9848270416259766,
    4.014819383621216,
    4.044952869415283,
    4.0758233070373535,
    4.105896949768066,
    4.137008190155029,
    4.16788911819458,
    4.198824882507324,
    4.228967905044556,
    4.259037971496582,
    4.2899768352508545,
    4.320178270339966,
    4.35066294670105,
    4.381141662597656,
    4.411608695983887,
    4.44265079498291,
    4.473721742630005,
    4.504067897796631,
    4.534600496292114,
    4.565178394317627
  ]
}