{
  "gesture_id": 3,
  "gesture_name": "circle",
  "timestamp": "2025-12-23T15:38:00.027005",
  "sample_rate": 50,
  "duration": 3.0,
  "distances": [
    41.16683006286621,
    56.487858295440674,
    38.81572484970093,
    43.02318096160889,
    40.66389799118042,
    43.19491386413574,
    41.79651737213135,
    43.6160683631897,
    49.822986125946045,
    45.62370777130127,
    45.40290832519531,
    57.64501094818115,
    58.64678621292114,
    60.719847679138184,
    46.40059471130371,
    49.20147657394409,
    48.26921224594116,
    58.77354145050049,
    46.21659517288208,
    49.81889724731445,
    57.63274431228638,
    49.94156360626221,
    46.82992696762085,
    56.65550231933594,
    50.2932071685791,
    49.83525276184082,
    50.162363052368164,
    55.65781593322754,
    49.275076389312744,
    50.31774044036865,
    54.63559627532959,
    56.76999092102051,
    52.57071256637573,
    44.41748857498169,
    49.99880790710449,
    44.01677846908569,
    59.5136284828186,
    43.62015724182129,
    44.18442249298096,
    45.19846439361572,
    41.60434007644653,
    42.03367233276367,
    39.30230140686035,
    39.78070020675659,
    39.768433570861816,
    39.948344230651855,
    42.52842664718628,
    43.836867809295654,
    42.28309392929077,
    43.39526891708374,
    44.79775428771973,
    45.202553272247314,
    44.17215585708618,
    47.82761335372925,
    47.022104263305664,
    48.44503402709961,
    49.25054311752319,
    57.812654972076416,
    52.40306854248047,
    52.370357513427734,
    51.86333656311035,
    56.79452419281006,
    54.61515188217163,
    56.651413440704346,
    55.33888339996338,
    56.79452419281006,
    54.63559627532959,
    52.91417837142944,
    56.945812702178955,
    57.23203420639038,
    59.52589511871338,
    45.590996742248535,
    57.743144035339355,
    56.79043531417847,
    47.39828109741211,
    49.79027509689331,
    56.50012493133545,
    49.025654792785645,
    56.491947174072266,
    55.97265958786011,
    44.78957653045654,
    56.15257024765015,
    41.3712739944458,
    43.199002742767334,
    46.6050386428833,
    40.91740846633911,
    47.03437089920044,
    40.20594358444214,
    40.68843126296997,
    43.178558349609375,
    38.36594820022583,
    39.061057567596436,
    39.776611328125,
    56.90492391586304,
    39.944255352020264,
    39.764344692230225,
    39.016079902648926,
    40.70478677749634,
    40.45536518096924,
    42.51207113265991,
    56.7740797996521,
    39.972877502441406,
    44.0126895904541,
    41.81696176528931,
    57.628655433654785,
    43.791890144348145,
    42.77375936508179,
    43.611979484558105,
    56.94990158081055,
    45.018553733825684,
    46.65001630783081,
    46.412861347198486,
    46.866726875305176,
    57.25247859954834,
    48.62085580825806,
    59.44002866744995,
    49.62263107299805,
    51.90013647079468,
    57.20341205596924,
    50.67756175994873,
    56.82723522186279,
    56.68003559112549,
    49.80663061141968,
    56.61870241165161,
    49.822986125946045,
    59.15789604187012,
    49.99063014984131,
    46.6541051864624,
    51.03738307952881,
    46.408772468566895,
    49.83934164047241,
    50.17462968826294,
    47.59863615036011,
    53.26991081237793,
    55.95221519470215,
    45.206642150878906,
    47.9993462562561,
    43.19491386413574,
    42.72878170013428,
    42.53251552581787,
    44.78957653045654,
    44.03722286224365,
    42.75740385055542,
    45.59917449951172,
    42.998647689819336,
    40.21003246307373,
    44.564688205718994,
    43.20718050003052,
    45.39064168930054,
    42.29944944381714
  ],
  "timestamps": [
    0.009919881820678711,
    0.04097890853881836,
    0.07091999053955078,
    0.10101485252380371,
    0.13102507591247559,
    0.16109228134155273,
    0.1911473274230957,
    0.22126507759094238,
    0.25171709060668945,
    0.2819359302520752,
    0.3121311664581299,
    0.3430516719818115,
    0.3740062713623047,
    0.40510010719299316,
    0.4353494644165039,
    0.46576976776123047,
    0.49611735343933105,
    0.52712082862854,
    0.5573976039886475,
    0.5878639221191406,
    0.618750810623169,
    0.6492464542388916,
    0.6795320510864258,
    0.7103910446166992,
    0.7408771514892578,
    0.7713818550109863,
    0.80185866355896,
    0.8326363563537598,
    0.8630578517913818,
    0.89351487159729,
    0.9242398738861084,
    0.9550843238830566,
    0.9856748580932617,
    1.0169110298156738,
    1.0476291179656982,
    1.0777933597564697,
    1.108825445175171,
    1.1389241218566895,
    1.169029951095581,
    1.1992344856262207,
    1.229215383529663,
    1.2592048645019531,
    1.289069652557373,
    1.318948745727539,
    1.3488013744354248,
    1.3786804676055908,
    1.4086859226226807,
    1.4387867450714111,
    1.468780517578125,
    1.498856544494629,
    1.5290002822875977,
    1.5591936111450195,
    1.589343786239624,
    1.6196677684783936,
    1.649956226348877,
    1.6803104877471924,
    1.7107245922088623,
    1.7416253089904785,
    1.772228717803955,
    1.8028275966644287,
    1.8333945274353027,
    1.864271640777588,
    1.8950269222259521,
    1.9258668422698975,
    1.9566400051116943,
    1.9875054359436035,
    2.018261432647705,
    2.0490214824676514,
    2.0799200534820557,
    2.1108109951019287,
    2.1418118476867676,
    2.172022581100464,
    2.202937602996826,
    2.233781337738037,
    2.2640950679779053,
    2.2945492267608643,
    2.325371265411377,
    2.3557698726654053,
    2.386594295501709,
    2.4173827171325684,
    2.4475419521331787,
    2.4783644676208496,
    2.508326292037964,
    2.5383970737457275,
    2.5686511993408203,
    2.598590612411499,
    2.6288630962371826,
    2.658755302429199,
    2.688655376434326,
    2.7187366485595703,
    2.7485034465789795,
    2.778327703475952,
    2.8081748485565186,
    2.839042901992798,
    2.868901491165161,
    2.898768663406372,
    2.9285759925842285,
    2.958496570587158,
    2.988382339477539,
    3.018461227416992,
    3.0494766235351562,
    3.079404354095459,
    3.109529495239258,
    3.1395082473754883,
    3.170428514480591,
    3.2005155086517334,
    3.2305748462677,
    3.260655403137207,
    3.291529655456543,
    3.3217101097106934,
    3.3519585132598877,
    3.382213830947876,
    3.4124767780303955,
    3.443377733230591,
    3.473759889602661,
    3.504755973815918,
    3.535200595855713,
    3.565786361694336,
    3.5966529846191406,
    3.6271607875823975,
    3.657999038696289,
    3.688850164413452,
    3.7193000316619873,
    3.7501718997955322,
    3.780604362487793,
    3.8115994930267334,
    3.842059373855591,
    3.8723068237304688,
    3.9028351306915283,
    3.933077812194824,
    3.9635465145111084,
    3.9940221309661865,
    4.024380207061768,
    4.055178880691528,
    4.086070537567139,
    4.11633038520813,
    4.146700620651245,
    4.176762819290161,
    4.206805467605591,
    4.236820936203003,
    4.267008543014526,
    4.297126770019531,
    4.327171564102173,
    4.357382535934448,
    4.38741660118103,
    4.417312383651733,
    4.447437286376953,
    4.477525472640991,
    4.507709980010986,
    4.537732839584351
  ]
}