{
  "gesture_id": 3,
  "gesture_name": "circle",
  "timestamp": "2025-12-24T13:35:34.590470",
  "sample_rate": 50,
  "duration": 3.0,
  "distances": [
    50.15418529510498,
    50.141918659210205,
    60.33958196640015,
    45.615530014038086,
    60.315048694610596,
    43.39526891708374,
    36.239731311798096,
    49.843430519104004,
    59.059762954711914,
    59.309184551239014,
    60.04518270492554,
    49.438631534576416,
    50.36271810531616,
    57.972121238708496,
    50.86156129837036,
    60.200560092926025,
    56.524658203125,
    51.51578187942505,
    51.3890266418457,
    52.88146734237671,
    58.93300771713257,
    53.237199783325195,
    52.39080190658569,
    58.082520961761475,
    58.949363231658936,
    59.35007333755493,
    57.93532133102417,
    57.52643346786499,
    58.336031436920166,
    56.532835960388184,
    60.45407056808472,
    56.66368007659912,
    56.512391567230225,
    56.68003559112549,
    62.7561092376709,
    56.63914680480957,
    50.52218437194824,
    53.79737615585327,
    51.88378095626831,
    50.17462968826294,
    54.12857532501221,
    49.843430519104004,
    50.19916296005249,
    48.46956729888916,
    49.81071949005127,
    56.786346435546875,
    44.838643074035645,
    43.75917911529541,
    43.21126937866211,
    44.59331035614014,
    42.97820329666138,
    42.09500551223755,
    41.63705110549927,
    41.37536287307739,
    43.39526891708374,
    49.957919120788574,
    40.71705341339111,
    42.34442710876465,
    44.19260025024414,
    49.98654127120972,
    41.45305156707764,
    41.179096698760986,
    39.081501960754395,
    40.471720695495605,
    43.203091621398926,
    56.82723522186279,
    40.88878631591797,
    45.77908515930176,
    40.4758095741272,
    42.03367233276367,
    44.20895576477051,
    42.72878170013428,
    43.80006790161133,
    44.17215585708618,
    43.77553462982178,
    43.199002742767334,
    43.59971284866333,
    46.00397348403931,
    56.810879707336426,
    47.275614738464355,
    46.84628248214722,
    50.28911828994751,
    61.32091283798218,
    58.789896965026855,
    56.52056932449341,
    57.38741159439087,
    53.92413139343262,
    58.38509798049927,
    59.62402820587158,
    56.491947174072266,
    53.417110443115234,
    60.45407056808472,
    50.82067251205444,
    51.70795917510986,
    55.98492622375488,
    50.12556314468384,
    49.27098751068115,
    49.26280975341797,
    50.13374090194702,
    62.33495473861694,
    56.98670148849487,
    49.82707500457764,
    47.18974828720093,
    46.84628248214722,
    45.59917449951172,
    45.22299766540527,
    44.37251091003418,
    44.000422954559326,
    46.204328536987305,
    47.23881483078003,
    50.35045146942139,
    43.587446212768555,
    42.78602600097656,
    41.175007820129395,
    42.54478216171265,
    39.98923301696777,
    42.745137214660645,
    42.27491617202759,
    41.39171838760376,
    40.20185470581055,
    47.42690324783325,
    41.62478446960449,
    40.93785285949707,
    39.51083421707153,
    41.86602830886841,
    42.998647689819336,
    38.852524757385254,
    39.2777681350708,
    49.6471643447876,
    39.056968688964844,
    44.62602138519287,
    39.31865692138672,
    38.333237171173096,
    43.996334075927734,
    56.66368007659912,
    56.524658203125,
    43.840956687927246,
    43.77553462982178,
    45.42335271835327,
    46.42921686172485,
    47.44734764099121,
    57.035768032073975,
    49.822986125946045,
    56.52056932449341,
    51.88378095626831,
    56.516480445861816,
    52.37853527069092,
    57.79221057891846,
    58.217453956604004,
    57.36696720123291
  ],
  "timestamps": [
    0.010403156280517578,
    0.040990352630615234,
    0.07211685180664062,
    0.10236144065856934,
    0.13346552848815918,
    0.16356277465820312,
    0.19323348999023438,
    0.22369146347045898,
    0.2546839714050293,
    0.28569912910461426,
    0.316760778427124,
    0.34717845916748047,
    0.3776671886444092,
    0.40865015983581543,
    0.43917346000671387,
    0.47023749351501465,
    0.5010862350463867,
    0.5316591262817383,
    0.5622971057891846,
    0.5930087566375732,
    0.6240370273590088,
    0.6547117233276367,
    0.6853890419006348,
    0.7163352966308594,
    0.7473454475402832,
    0.778374433517456,
    0.8093211650848389,
    0.8402271270751953,
    0.8711659908294678,
    0.9020023345947266,
    0.9330635070800781,
    0.9639089107513428,
    0.9947555065155029,
    1.025625228881836,
    1.0568528175354004,
    1.0877048969268799,
    1.118196725845337,
    1.1488795280456543,
    1.1794462203979492,
    1.2099087238311768,
    1.240596055984497,
    1.271057367324829,
    1.3015484809875488,
    1.3319289684295654,
    1.362405776977539,
    1.3932688236236572,
    1.4234356880187988,
    1.4535439014434814,
    1.4836108684539795,
    1.5137581825256348,
    1.5439341068267822,
    1.57413911819458,
    1.6041555404663086,
    1.634129524230957,
    1.664210319519043,
    1.6946775913238525,
    1.7246193885803223,
    1.754636526107788,
    1.784801959991455,
    1.8152878284454346,
    1.8452668190002441,
    1.8752186298370361,
    1.9050424098968506,
    1.934952974319458,
    1.9650218486785889,
    1.9959022998809814,
    2.0258352756500244,
    2.056055784225464,
    2.085963487625122,
    2.115962266921997,
    2.1460840702056885,
    2.1761245727539062,
    2.206226348876953,
    2.236349105834961,
    2.266450881958008,
    2.296548366546631,
    2.3266472816467285,
    2.356882333755493,
    2.3877475261688232,
    2.4180715084075928,
    2.448366403579712,
    2.4788525104522705,
    2.509977102279663,
    2.541045665740967,
    2.5720419883728027,
    2.6030054092407227,
    2.633781909942627,
    2.6647565364837646,
    2.6957905292510986,
    2.726656675338745,
    2.75732684135437,
    2.7884232997894287,
    2.8189592361450195,
    2.8495230674743652,
    2.8803253173828125,
    2.910787582397461,
    2.941241979598999,
    2.971663475036621,
    3.0021352767944336,
    3.033315420150757,
    3.0641841888427734,
    3.0946428775787354,
    3.1249639987945557,
    3.155235528945923,
    3.1854310035705566,
    3.2155957221984863,
    3.245724678039551,
    3.2758514881134033,
    3.306119918823242,
    3.3364477157592773,
    3.3669378757476807,
    3.397028923034668,
    3.4271504878997803,
    3.457099676132202,
    3.487128973007202,
    3.517007827758789,
    3.54719877243042,
    3.5773565769195557,
    3.607348680496216,
    3.637244939804077,
    3.6675658226013184,
    3.6975436210632324,
    3.727480411529541,
    3.757331609725952,
    3.7873382568359375,
    3.817410945892334,
    3.8472301959991455,
    3.8770713806152344,
    3.9075233936309814,
    3.937346935272217,
    3.9674975872039795,
    3.9973344802856445,
    4.02711820602417,
    4.057246923446655,
    4.088099718093872,
    4.118939399719238,
    4.149042367935181,
    4.179134130477905,
    4.209314823150635,
    4.239551544189453,
    4.269858360290527,
    4.300760984420776,
    4.331218719482422,
    4.362080812454224,
    4.392650365829468,
    4.42349648475647,
    4.454096555709839,
    4.485012054443359,
    4.515958547592163,
    4.546925067901611
  ]
}