{
  "gesture_id": 3,
  "gesture_name": "circle",
  "timestamp": "2025-12-23T15:34:33.412218",
  "sample_rate": 50,
  "duration": 3.0,
  "distances": [
    57.13390111923218,
    49.92929697036743,
    46.76859378814697,
    46.183884143829346,
    48.60858917236328,
    56.45514726638794,
    58.29923152923584,
    48.03614616394043,
    48.77214431762695,
    50.252318382263184,
    58.43416452407837,
    56.70865774154663,
    50.99649429321289,
    51.507604122161865,
    60.84251403808594,
    58.609986305236816,
    58.32785367965698,
    57.04803466796875,
    56.626880168914795,
    60.57673692703247,
    60.711669921875,
    51.299071311950684,
    62.428998947143555,
    56.47968053817749,
    56.487858295440674,
    58.00483226776123,
    56.74545764923096,
    55.465638637542725,
    52.31720209121704,
    50.13374090194702,
    55.9276819229126,
    55.29390573501587,
    55.46154975891113,
    54.737818241119385,
    55.95630407333374,
    55.96039295196533,
    55.09763956069946,
    53.01640033721924,
    55.26528358459473,
    51.00058317184448,
    45.5582857131958,
    50.2932071685791,
    45.17393112182617,
    49.17694330215454,
    45.56237459182739,
    43.98406744003296,
    45.99579572677612,
    43.54655742645264,
    44.98584270477295,
    43.158113956451416,
    42.47936010360718,
    41.78425073623657,
    51.81018114089966,
    40.89287519454956,
    42.00096130371094,
    39.03243541717529,
    42.25856065750122,
    42.48753786087036,
    39.73572254180908,
    42.83100366592407,
    42.73695945739746,
    42.47936010360718,
    42.724692821502686,
    43.32984685897827,
    49.62263107299805,
    45.79952955245972,
    49.61445331573486,
    44.159889221191406,
    46.18797302246094,
    46.99348211288452,
    56.59416913986206,
    51.806092262268066,
    57.992565631866455,
    49.97427463531494,
    50.82067251205444,
    56.720924377441406,
    54.557907581329346,
    56.45923614501953,
    57.02759027481079,
    56.8722128868103,
    56.73727989196777,
    58.44234228134155,
    56.29976987838745,
    56.86403512954712,
    56.88856840133667,
    52.35400199890137,
    54.21035289764404,
    56.761813163757324,
    57.330167293548584,
    56.74954652786255,
    51.15187168121338,
    50.45676231384277,
    49.74938631057739,
    53.0368447303772,
    50.82067251205444,
    49.9456524848938,
    49.93338584899902,
    56.6227912902832,
    49.61036443710327,
    49.78209733963013,
    56.59416913986206,
    56.72910213470459,
    40.86834192276001,
    41.55527353286743,
    39.24914598464966,
    42.246294021606445,
    43.16220283508301,
    38.05110454559326,
    56.6227912902832,
    40.41038751602173,
    39.48221206665039,
    35.507822036743164,
    36.01893186569214,
    39.71527814865112,
    64.55930471420288,
    36.489152908325195,
    36.24790906906128,
    37.4336838722229,
    39.016079902648926,
    37.59723901748657,
    36.4850640296936,
    41.33038520812988,
    38.533592224121094,
    38.558125495910645,
    50.42405128479004,
    56.48376941680908,
    41.56754016876221,
    56.14439249038696,
    52.86511182785034,
    43.722379207611084,
    44.38068866729736,
    45.930373668670654,
    55.9767484664917,
    46.37606143951416,
    50.2932071685791,
    47.40645885467529,
    48.616766929626465,
    48.81712198257446,
    56.58599138259888,
    51.6384482383728,
    56.59416913986206,
    56.99896812438965,
    56.6227912902832,
    57.011234760284424,
    56.61052465438843,
    55.7763934135437,
    56.61461353302002,
    56.602346897125244,
    56.59825801849365,
    56.29568099975586
  ],
  "timestamps": [
    0.010789155960083008,
    0.04135584831237793,
    0.0716860294342041,
    0.10196185111999512,
    0.1323699951171875,
    0.16322827339172363,
    0.19419574737548828,
    0.22455191612243652,
    0.25498270988464355,
    0.2854750156402588,
    0.3164331912994385,
    0.3472921848297119,
    0.37781405448913574,
    0.4083516597747803,
    0.43942999839782715,
    0.47039341926574707,
    0.5013673305511475,
    0.532243013381958,
    0.5630924701690674,
    0.5941791534423828,
    0.6252708435058594,
    0.6558716297149658,
    0.6871957778930664,
    0.7182371616363525,
    0.7491757869720459,
    0.7801210880279541,
    0.8109683990478516,
    0.8417563438415527,
    0.8723833560943604,
    0.9028398990631104,
    0.9336514472961426,
    0.9644184112548828,
    0.9952435493469238,
    1.0259740352630615,
    1.0567691326141357,
    1.0875697135925293,
    1.118328332901001,
    1.148970603942871,
    1.1797597408294678,
    1.2102837562561035,
    1.2405014038085938,
    1.2709863185882568,
    1.3011741638183594,
    1.3315906524658203,
    1.36179518699646,
    1.3919250965118408,
    1.4221529960632324,
    1.4522373676300049,
    1.4824016094207764,
    1.5124824047088623,
    1.5425102710723877,
    1.5724976062774658,
    1.6030662059783936,
    1.6330077648162842,
    1.6630487442016602,
    1.692955493927002,
    1.7229914665222168,
    1.7530300617218018,
    1.782900333404541,
    1.8129637241363525,
    1.843003273010254,
    1.8730299472808838,
    1.9030678272247314,
    1.9331409931182861,
    1.9635801315307617,
    1.993798017501831,
    2.024251937866211,
    2.0543737411499023,
    2.084608793258667,
    2.114896774291992,
    2.1457431316375732,
    2.1763205528259277,
    2.207249164581299,
    2.237708330154419,
    2.268216133117676,
    2.2990779876708984,
    2.3298258781433105,
    2.3606669902801514,
    2.3915393352508545,
    2.4224026203155518,
    2.453263521194458,
    2.4842023849487305,
    2.515014171600342,
    2.5458717346191406,
    2.576735734939575,
    2.607333183288574,
    2.6380560398101807,
    2.6689538955688477,
    2.699920415878296,
    2.7308197021484375,
    2.761390209197998,
    2.791902542114258,
    2.8223392963409424,
    2.8530046939849854,
    2.883514881134033,
    2.9139556884765625,
    2.944411277770996,
    2.975238800048828,
    3.0056769847869873,
    3.0361239910125732,
    3.066969394683838,
    3.09782338142395,
    3.1277496814727783,
    3.1577041149139404,
    3.187546730041504,
    3.217538356781006,
    3.2476086616516113,
    3.2773797512054443,
    3.308232545852661,
    3.338118076324463,
    3.3679635524749756,
    3.3975627422332764,
    3.427208185195923,
    3.4570541381835938,
    3.488356113433838,
    3.5180418491363525,
    3.5477054119110107,
    3.577435255050659,
    3.6073265075683594,
    3.6370961666107178,
    3.666849136352539,
    3.696913719177246,
    3.7267444133758545,
    3.756556272506714,
    3.7870471477508545,
    3.817906618118286,
    3.847882032394409,
    3.8787031173706055,
    3.9093573093414307,
    3.939462900161743,
    3.969599485397339,
    3.9998230934143066,
    4.030633211135864,
    4.060882568359375,
    4.0913612842559814,
    4.121669054031372,
    4.152050733566284,
    4.182449817657471,
    4.213310956954956,
    4.243869781494141,
    4.274723052978516,
    4.305593490600586,
    4.336439609527588,
    4.367309093475342,
    4.39815354347229,
    4.42896842956543,
    4.459817886352539,
    4.490645408630371,
    4.521497488021851,
    4.552318096160889
  ]
}