{
  "gesture_id": 3,
  "gesture_name": "circle",
  "timestamp": "2025-12-24T13:32:07.155950",
  "sample_rate": 50,
  "duration": 3.0,
  "distances": [
    57.63274431228638,
    49.94974136352539,
    51.8878698348999,
    43.38709115982056,
    50.1950740814209,
    49.7943639755249,
    56.79861307144165,
    56.79861307144165,
    60.05336046218872,
    60.04518270492554,
    56.64323568344116,
    59.5136284828186,
    51.72840356826782,
    54.238975048065186,
    53.29035520553589,
    56.761813163757324,
    56.65550231933594,
    57.47736692428589,
    57.898521423339844,
    57.968032360076904,
    57.808566093444824,
    58.6181640625,
    58.22563171386719,
    56.524658203125,
    56.95399045944214,
    57.79221057891846,
    59.059762954711914,
    56.94990158081055,
    58.63451957702637,
    58.22563171386719,
    55.670082569122314,
    54.786884784698486,
    54.45977449417114,
    53.44982147216797,
    55.84590435028076,
    51.368582248687744,
    51.00058317184448,
    49.82707500457764,
    51.532137393951416,
    47.40645885467529,
    48.0525016784668,
    44.80593204498291,
    53.77284288406372,
    43.403446674346924,
    47.41463661193848,
    43.611979484558105,
    42.29944944381714,
    42.26264953613281,
    41.13820791244507,
    43.21944713592529,
    42.28309392929077,
    44.99402046203613,
    44.18851137161255,
    44.225311279296875,
    45.01446485519409,
    42.28718280792236,
    51.02511644363403,
    50.845205783843994,
    56.66368007659912,
    43.02726984024048,
    44.37659978866577,
    46.024417877197266,
    45.635974407196045,
    55.8254599571228,
    49.97427463531494,
    50.13782978057861,
    55.150794982910156,
    50.006985664367676,
    50.346362590789795,
    52.394890785217285,
    54.61515188217163,
    56.786346435546875,
    57.5223445892334,
    57.3710560798645,
    57.35061168670654,
    55.5269718170166,
    58.54865312576294,
    54.1326642036438,
    59.32962894439697,
    56.50012493133545,
    58.336031436920166,
    57.833099365234375,
    52.75062322616577,
    56.79043531417847,
    55.31843900680542,
    56.038081645965576,
    51.58120393753052,
    48.08112382888794,
    56.21390342712402,
    49.2955207824707,
    48.481833934783936,
    50.526273250579834,
    43.80824565887451,
    43.18673610687256,
    43.57109069824219,
    49.47543144226074,
    44.000422954559326,
    41.60025119781494,
    44.000422954559326,
    41.3712739944458,
    41.199541091918945,
    42.07864999771118,
    41.56754016876221,
    43.55473518371582,
    44.59739923477173,
    40.43083190917969,
    51.56075954437256,
    40.39812088012695,
    42.111361026763916,
    45.39064168930054,
    40.946030616760254,
    49.99880790710449,
    50.49765110015869,
    41.62478446960449,
    36.9839072227478,
    41.154563426971436,
    44.17624473571777,
    56.81905746459961,
    42.98638105392456,
    57.25656747817993,
    44.814109802246094,
    47.41872549057007,
    49.78618621826172,
    57.559144496917725,
    56.68412446975708,
    56.716835498809814,
    49.85978603363037,
    49.67578649520874,
    58.266520500183105,
    56.855857372283936,
    50.72253942489624,
    51.93284749984741,
    55.01995086669922,
    56.57781362533569,
    58.25834274291992,
    50.40360689163208,
    53.09408903121948,
    54.12857532501221,
    53.785109519958496,
    51.76520347595215,
    56.806790828704834,
    51.36449337005615,
    57.13390111923218,
    57.67772197723389,
    58.14385414123535,
    49.28734302520752,
    51.60164833068848,
    56.36110305786133,
    56.83950185775757,
    49.88431930541992
  ],
  "timestamps": [
    0.010807275772094727,
    0.041480064392089844,
    0.07213139533996582,
    0.10230016708374023,
    0.13283538818359375,
    0.16330623626708984,
    0.1941981315612793,
    0.22506213188171387,
    0.256119966506958,
    0.287172794342041,
    0.31801772117614746,
    0.34902191162109375,
    0.37957000732421875,
    0.4102749824523926,
    0.4409337043762207,
    0.47179555892944336,
    0.5026874542236328,
    0.5335888862609863,
    0.5645163059234619,
    0.595449686050415,
    0.6263606548309326,
    0.6573143005371094,
    0.6882390975952148,
    0.719066858291626,
    0.7499382495880127,
    0.7808609008789062,
    0.8118515014648438,
    0.8427348136901855,
    0.8737156391143799,
    0.9046907424926758,
    0.9354896545410156,
    0.9662344455718994,
    0.997016429901123,
    1.0277562141418457,
    1.05859375,
    1.0891547203063965,
    1.1196861267089844,
    1.1501386165618896,
    1.1806764602661133,
    1.2109735012054443,
    1.2413172721862793,
    1.271482229232788,
    1.302166223526001,
    1.3322412967681885,
    1.3625516891479492,
    1.3926386833190918,
    1.4226510524749756,
    1.452676773071289,
    1.4826254844665527,
    1.5126581192016602,
    1.5426697731018066,
    1.5728437900543213,
    1.6029748916625977,
    1.633100986480713,
    1.663273811340332,
    1.6932871341705322,
    1.7238078117370605,
    1.75435209274292,
    1.785207986831665,
    1.8152620792388916,
    1.8453938961029053,
    1.8756141662597656,
    1.9058310985565186,
    1.9366462230682373,
    1.9671108722686768,
    1.997642993927002,
    2.028484582901001,
    2.0589804649353027,
    2.0894837379455566,
    2.1200902462005615,
    2.1508307456970215,
    2.1816906929016113,
    2.2125935554504395,
    2.2434823513031006,
    2.274390459060669,
    2.305175304412842,
    2.3361380100250244,
    2.366840124130249,
    2.3978404998779297,
    2.4286508560180664,
    2.4595842361450195,
    2.4904913902282715,
    2.521117925643921,
    2.551955223083496,
    2.582753896713257,
    2.6135706901550293,
    2.644104242324829,
    2.674454689025879,
    2.705322742462158,
    2.735713005065918,
    2.7660715579986572,
    2.7965636253356934,
    2.8266642093658447,
    2.8567328453063965,
    2.886859655380249,
    2.9172911643981934,
    2.9474031925201416,
    2.9773755073547363,
    3.0076100826263428,
    3.037684917449951,
    3.067676544189453,
    3.097762107849121,
    3.127767562866211,
    3.157881259918213,
    3.1880581378936768,
    3.217984437942505,
    3.2485623359680176,
    3.2784883975982666,
    3.308518886566162,
    3.338735342025757,
    3.3686888217926025,
    3.3991870880126953,
    3.429696559906006,
    3.459688186645508,
    3.4894189834594727,
    3.519368886947632,
    3.5495035648345947,
    3.5803487300872803,
    3.6104297637939453,
    3.6413156986236572,
    3.671459674835205,
    3.7017710208892822,
    3.732201099395752,
    3.763103485107422,
    3.793958902359009,
    3.8248305320739746,
    3.855268955230713,
    3.8857147693634033,
    3.916649341583252,
    3.9475066661834717,
    3.977997064590454,
    4.008651256561279,
    4.039448499679565,
    4.070321559906006,
    4.101301908493042,
    4.131782293319702,
    4.162433624267578,
    4.1931397914886475,
    4.223806619644165,
    4.2544121742248535,
    4.2852623462677,
    4.31577205657959,
    4.346644639968872,
    4.377575635910034,
    4.4084930419921875,
    4.438931226730347,
    4.469486236572266,
    4.500301122665405,
    4.53117561340332,
    4.561626672744751
  ]
}