{
  "gesture_id": 3,
  "gesture_name": "circle",
  "timestamp": "2025-12-24T13:29:50.231892",
  "sample_rate": 50,
  "duration": 3.0,
  "distances": [
    49.9947190284729,
    49.025654792785645,
    49.7943639755249,
    49.847519397735596,
    56.64323568344116,
    45.85268497467041,
    48.26512336730957,
    58.64678621292114,
    49.7943639755249,
    49.81889724731445,
    50.33818483352661,
    50.35862922668457,
    56.78225755691528,
    56.80270195007324,
    56.65550231933594,
    57.17887878417969,
    57.16661214828491,
    56.63505792617798,
    53.580665588378906,
    56.925368309020996,
    61.73388957977295,
    56.68003559112549,
    61.1614465713501,
    55.62101602554321,
    55.15897274017334,
    57.90669918060303,
    57.89443254470825,
    63.28766345977783,
    61.611223220825195,
    60.58082580566406,
    57.05212354660034,
    60.61762571334839,
    64.5961046218872,
    56.970345973968506,
    56.93354606628418,
    56.81496858596802,
    57.21158981323242,
    57.084834575653076,
    59.20696258544922,
    56.7740797996521,
    49.99880790710449,
    50.207340717315674,
    50.17054080963135,
    44.58513259887695,
    43.00273656845093,
    43.77553462982178,
    42.066383361816406,
    37.17608451843262,
    36.72221899032593,
    49.85978603363037,
    36.26426458358765,
    41.61251783370972,
    42.97002553939819,
    37.86710500717163,
    41.861939430236816,
    36.943018436431885,
    38.35777044296265,
    44.814109802246094,
    38.16559314727783,
    36.70177459716797,
    39.98105525970459,
    36.97981834411621,
    37.20061779022217,
    37.899816036224365,
    37.466394901275635,
    37.66674995422363,
    54.80324029922485,
    38.8279914855957,
    38.35777044296265,
    56.94172382354736,
    58.48731994628906,
    58.0211877822876,
    42.9659366607666,
    42.790114879608154,
    44.8100209236145,
    50.33818483352661,
    47.87259101867676,
    47.01801538467407,
    58.52411985397339,
    59.787583351135254,
    57.2729229927063,
    56.851768493652344,
    51.40538215637207,
    55.69870471954346,
    56.855857372283936,
    55.72323799133301,
    59.26011800765991,
    56.831324100494385,
    57.2729229927063,
    57.00305700302124,
    58.64269733428955,
    56.56554698944092,
    58.82260799407959,
    59.82029438018799,
    57.808566093444824,
    56.04625940322876,
    56.86403512954712,
    56.84767961502075,
    56.81496858596802,
    51.573026180267334,
    49.643075466156006,
    56.970345973968506,
    50.71436166763306,
    44.245755672454834,
    44.62602138519287,
    39.784789085388184,
    40.218210220336914,
    42.34033823013306,
    38.12061548233032,
    42.131805419921875,
    49.4958758354187,
    44.28664445877075,
    38.607192039489746,
    37.71172761917114,
    56.720924377441406,
    56.55328035354614,
    36.738574504852295,
    37.24968433380127,
    37.20061779022217,
    36.0393762588501,
    41.86602830886841,
    36.2887978553772,
    56.56963586807251,
    49.85160827636719,
    37.45821714401245,
    50.53853988647461,
    36.97572946548462,
    40.492165088653564,
    60.539937019348145,
    59.673094749450684,
    56.68821334838867,
    41.18318557739258,
    43.02318096160889,
    57.29745626449585,
    44.02495622634888,
    46.478283405303955,
    58.241987228393555,
    49.88023042678833,
    47.05890417098999,
    56.82723522186279,
    50.92289447784424,
    52.24360227584839,
    53.81782054901123,
    56.851768493652344,
    56.84359073638916,
    57.244300842285156,
    56.36110305786133,
    55.49834966659546,
    53.09000015258789,
    53.282177448272705
  ],
  "timestamps": [
    0.01035761833190918,
    0.04086613655090332,
    0.07135391235351562,
    0.10183858871459961,
    0.13271117210388184,
    0.16293907165527344,
    0.19330716133117676,
    0.2242732048034668,
    0.2547280788421631,
    0.28518128395080566,
    0.3156616687774658,
    0.34613513946533203,
    0.37698793411254883,
    0.40782809257507324,
    0.43866515159606934,
    0.46955037117004395,
    0.5004284381866455,
    0.5312788486480713,
    0.5619516372680664,
    0.5928151607513428,
    0.6239583492279053,
    0.654794454574585,
    0.6858932971954346,
    0.7166640758514404,
    0.7474250793457031,
    0.7783522605895996,
    0.8092772960662842,
    0.840512752532959,
    0.8716526031494141,
    0.9027774333953857,
    0.9338247776031494,
    0.9651000499725342,
    0.9964346885681152,
    1.0272927284240723,
    1.0581588745117188,
    1.0890212059020996,
    1.119903326034546,
    1.1508002281188965,
    1.1818020343780518,
    1.2126641273498535,
    1.243129014968872,
    1.2736165523529053,
    1.3040919303894043,
    1.3342416286468506,
    1.36429762840271,
    1.3944034576416016,
    1.4243991374969482,
    1.4541327953338623,
    1.4838204383850098,
    1.5142714977264404,
    1.543928623199463,
    1.5739002227783203,
    1.6039092540740967,
    1.6336643695831299,
    1.6636462211608887,
    1.693345308303833,
    1.7231264114379883,
    1.753326654434204,
    1.783154010772705,
    1.8128464221954346,
    1.8427209854125977,
    1.8724181652069092,
    1.902186632156372,
    1.9321234226226807,
    1.9619088172912598,
    1.9916610717773438,
    2.022399425506592,
    2.0522122383117676,
    2.0819921493530273,
    2.1128547191619873,
    2.1438097953796387,
    2.1747400760650635,
    2.2047905921936035,
    2.2348320484161377,
    2.264988422393799,
    2.2954678535461426,
    2.325802803039551,
    2.356093168258667,
    2.3870737552642822,
    2.4181206226348877,
    2.4490058422088623,
    2.479865789413452,
    2.510399341583252,
    2.541179895401001,
    2.5720255374908447,
    2.6028151512145996,
    2.633817195892334,
    2.6646764278411865,
    2.6955554485321045,
    2.7264246940612793,
    2.7573904991149902,
    2.788236379623413,
    2.8192057609558105,
    2.8502256870269775,
    2.8811287879943848,
    2.9119882583618164,
    2.94293212890625,
    2.9738125801086426,
    3.004701614379883,
    3.0352604389190674,
    3.0657079219818115,
    3.0965793132781982,
    3.127082109451294,
    3.1572232246398926,
    3.1873741149902344,
    3.2172415256500244,
    3.2471518516540527,
    3.277170419692993,
    3.3069422245025635,
    3.336961507797241,
    3.367396831512451,
    3.3975300788879395,
    3.4273290634155273,
    3.457075834274292,
    3.487927198410034,
    3.5187721252441406,
    3.548464059829712,
    3.5781826972961426,
    3.607898712158203,
    3.637545108795166,
    3.6675312519073486,
    3.6971938610076904,
    3.7280352115631104,
    3.758490562438965,
    3.7882182598114014,
    3.8187143802642822,
    3.8484151363372803,
    3.8783233165740967,
    3.909487724304199,
    3.9406838417053223,
    3.971560478210449,
    4.001513242721558,
    4.031593084335327,
    4.0625,
    4.092620611190796,
    4.1228790283203125,
    4.153824329376221,
    4.184273958206177,
    4.214561462402344,
    4.245419502258301,
    4.275933742523193,
    4.3065314292907715,
    4.337232828140259,
    4.368097305297852,
    4.398954153060913,
    4.429841041564941,
    4.460672855377197,
    4.491451263427734,
    4.522099733352661,
    4.552775144577026
  ]
}