{
  "gesture_id": 3,
  "gesture_name": "circle",
  "timestamp": "2025-12-24T13:28:19.036378",
  "sample_rate": 50,
  "duration": 3.0,
  "distances": [
    46.51099443435669,
    45.615530014038086,
    47.823524475097656,
    50.03560781478882,
    56.85994625091553,
    59.82438325881958,
    59.8162055015564,
    59.39913988113403,
    61.07966899871826,
    49.25872087478638,
    60.95700263977051,
    62.23273277282715,
    58.77763032913208,
    60.02882719039917,
    54.099953174591064,
    52.897822856903076,
    52.87737846374512,
    55.82137107849121,
    59.75078344345093,
    59.77122783660889,
    56.626880168914795,
    56.786346435546875,
    56.95807933807373,
    60.061538219451904,
    57.354700565338135,
    60.474514961242676,
    60.061538219451904,
    59.21105146408081,
    60.061538219451904,
    59.472739696502686,
    58.262431621551514,
    59.52180624008179,
    59.82438325881958,
    59.41958427429199,
    59.697628021240234,
    59.28465127944946,
    59.66900587081909,
    60.55220365524292,
    57.99665451049805,
    59.09656286239624,
    57.25247859954834,
    56.97852373123169,
    51.896047592163086,
    54.672396183013916,
    52.235424518585205,
    51.941025257110596,
    50.19098520278931,
    50.685739517211914,
    50.391340255737305,
    49.88023042678833,
    50.01925230026245,
    46.27792835235596,
    45.860862731933594,
    50.01107454299927,
    45.68912982940674,
    45.03082036972046,
    47.504591941833496,
    43.0150032043457,
    42.29944944381714,
    42.540693283081055,
    50.391340255737305,
    43.59562397003174,
    40.48398733139038,
    44.03313398361206,
    50.05605220794678,
    44.83046531677246,
    44.41748857498169,
    59.50545072555542,
    48.297834396362305,
    39.11421298980713,
    44.658732414245605,
    54.65195178985596,
    46.866726875305176,
    59.677183628082275,
    59.68536138534546,
    49.86387491226196,
    59.23967361450195,
    49.85978603363037,
    56.70865774154663,
    51.348137855529785,
    51.25000476837158,
    56.557369232177734,
    52.27222442626953,
    59.378695487976074,
    60.23327112197876,
    59.403228759765625,
    56.561458110809326,
    57.82492160797119,
    59.37051773071289,
    56.70047998428345,
    53.666532039642334,
    57.25247859954834,
    56.68412446975708,
    58.54865312576294,
    58.52820873260498,
    51.393115520477295,
    51.2418270111084,
    50.186896324157715,
    57.41603374481201,
    57.30563402175903,
    59.40731763839722,
    56.70456886291504,
    49.6962308883667,
    48.481833934783936,
    47.067081928253174,
    44.634199142456055,
    44.02904510498047,
    45.64824104309082,
    45.63188552856445,
    42.769670486450195,
    58.38918685913086,
    44.64646577835083,
    37.920260429382324,
    44.05766725540161,
    50.21551847457886,
    40.25092124938965,
    40.56576490402222,
    42.97002553939819,
    40.66798686981201,
    47.83987998962402,
    41.61251783370972,
    39.4781231880188,
    57.07665681838989,
    42.769670486450195,
    43.62424612045288,
    43.403446674346924,
    44.60148811340332,
    56.74954652786255,
    56.671857833862305,
    44.21713352203369,
    45.21890878677368,
    46.80130481719971,
    45.62779664993286,
    56.6227912902832,
    47.022104263305664,
    60.35184860229492,
    48.027968406677246,
    58.93709659576416,
    49.643075466156006,
    59.472739696502686,
    51.552581787109375,
    59.36233997344971,
    59.04340744018555,
    54.124486446380615,
    57.66545534133911,
    56.79043531417847,
    56.61870241165161,
    58.77763032913208,
    58.79807472229004,
    56.692302227020264
  ],
  "timestamps": [
    0.010174274444580078,
    0.0404973030090332,
    0.07091379165649414,
    0.10144662857055664,
    0.13236522674560547,
    0.16349077224731445,
    0.194580078125,
    0.22568106651306152,
    0.25681328773498535,
    0.28722667694091797,
    0.31835436820983887,
    0.34953927993774414,
    0.380523681640625,
    0.41155290603637695,
    0.4422471523284912,
    0.4728217124938965,
    0.5034236907958984,
    0.5342404842376709,
    0.565300464630127,
    0.5963103771209717,
    0.6271781921386719,
    0.6580336093902588,
    0.689049482345581,
    0.720099687576294,
    0.7510383129119873,
    0.7820987701416016,
    0.8131365776062012,
    0.8441319465637207,
    0.8751866817474365,
    0.9062011241912842,
    0.9371683597564697,
    0.9681894779205322,
    0.9992306232452393,
    1.0302653312683105,
    1.061295747756958,
    1.0922985076904297,
    1.1233844757080078,
    1.154646635055542,
    1.185605525970459,
    1.2166073322296143,
    1.2474980354309082,
    1.2783782482147217,
    1.308962106704712,
    1.3397223949432373,
    1.37031888961792,
    1.4008963108062744,
    1.4313733577728271,
    1.4618656635284424,
    1.4923367500305176,
    1.5227773189544678,
    1.5532317161560059,
    1.5834882259368896,
    1.6137065887451172,
    1.6441717147827148,
    1.6743805408477783,
    1.70455002784729,
    1.7348628044128418,
    1.7649171352386475,
    1.7949321269989014,
    1.8249590396881104,
    1.855440616607666,
    1.8855445384979248,
    1.9154493808746338,
    1.9455747604370117,
    1.976043939590454,
    2.006209135055542,
    2.036348581314087,
    2.06736159324646,
    2.097723960876465,
    2.127608060836792,
    2.1579208374023438,
    2.1886744499206543,
    2.2189650535583496,
    2.249992847442627,
    2.2810215950012207,
    2.3114869594573975,
    2.342493772506714,
    2.3729660511016846,
    2.4038186073303223,
    2.4343581199645996,
    2.464890480041504,
    2.495732545852661,
    2.526313543319702,
    2.5573010444641113,
    2.588355541229248,
    2.6193654537200928,
    2.6502113342285156,
    2.681131601333618,
    2.7121400833129883,
    2.7429916858673096,
    2.7736639976501465,
    2.8045458793640137,
    2.8354029655456543,
    2.8663852214813232,
    2.897346019744873,
    2.927887201309204,
    2.9584200382232666,
    2.9888932704925537,
    3.0197932720184326,
    3.0506820678710938,
    3.081707715988159,
    3.1125640869140625,
    3.14310884475708,
    3.173541307449341,
    3.203848123550415,
    3.2340004444122314,
    3.264117479324341,
    3.294344186782837,
    3.3245606422424316,
    3.3546016216278076,
    3.3855490684509277,
    3.415696382522583,
    3.4454522132873535,
    3.475566864013672,
    3.506049156188965,
    3.535942792892456,
    3.5658655166625977,
    3.5959134101867676,
    3.6258339881896973,
    3.65616512298584,
    3.6861345767974854,
    3.7159786224365234,
    3.74685001373291,
    3.776885986328125,
    3.8069868087768555,
    3.837061643600464,
    3.8672077655792236,
    3.898059129714966,
    3.928920269012451,
    3.959043502807617,
    3.9892237186431885,
    4.019512414932251,
    4.049720287322998,
    4.080564022064209,
    4.110860109329224,
    4.142060041427612,
    4.172467470169067,
    4.203495025634766,
    4.233949899673462,
    4.2649712562561035,
    4.2955262660980225,
    4.3265485763549805,
    4.357537746429443,
    4.388235569000244,
    4.419142723083496,
    4.44998836517334,
    4.480819463729858,
    4.51177978515625,
    4.542756795883179,
    4.573606252670288
  ]
}