{
  "gesture_id": 3,
  "gesture_name": "circle",
  "timestamp": "2025-12-23T15:38:33.961085",
  "sample_rate": 50,
  "duration": 3.0,
  "distances": [
    44.953131675720215,
    43.39526891708374,
    58.834874629974365,
    43.75509023666382,
    43.14584732055664,
    56.91719055175781,
    47.386014461517334,
    49.9456524848938,
    57.060301303863525,
    49.92929697036743,
    58.27469825744629,
    58.86349678039551,
    56.73319101333618,
    56.8722128868103,
    53.01231145858765,
    50.67347288131714,
    56.63505792617798,
    51.31133794784546,
    50.66938400268555,
    56.18937015533447,
    50.70209503173828,
    55.78048229217529,
    56.6227912902832,
    50.31774044036865,
    50.28502941131592,
    48.800766468048096,
    48.162901401519775,
    45.366108417510986,
    47.16930389404297,
    44.37659978866577,
    43.14175844192505,
    45.133042335510254,
    43.37482452392578,
    45.999884605407715,
    48.776233196258545,
    40.86834192276001,
    38.77074718475342,
    44.14353370666504,
    38.57448101043701,
    38.104259967803955,
    40.43083190917969,
    39.50265645980835,
    37.167906761169434,
    40.87651968002319,
    37.8343939781189,
    42.50389337539673,
    41.538918018341064,
    45.94672918319702,
    43.37073564529419,
    44.18851137161255,
    46.82992696762085,
    48.412322998046875,
    58.00483226776123,
    49.58992004394531,
    56.487858295440674,
    57.34243392944336,
    56.491947174072266,
    49.79027509689331,
    58.73674154281616,
    50.42814016342163,
    56.43879175186157,
    56.7740797996521,
    56.59416913986206,
    56.602346897125244,
    57.31790065765381,
    51.687514781951904,
    56.61052465438843,
    56.63096904754639,
    56.70865774154663,
    56.64323568344116,
    56.61870241165161,
    43.12949180603027,
    43.55473518371582,
    49.97427463531494,
    54.214441776275635,
    56.29159212112427,
    54.418885707855225,
    40.20185470581055,
    43.53837966918945,
    46.16343975067139,
    47.19383716583252,
    56.14439249038696,
    37.20470666885376,
    39.51083421707153,
    46.76859378814697,
    36.24790906906128,
    36.21110916137695,
    43.13766956329346,
    56.27932548522949,
    38.56630325317383,
    40.85198640823364,
    37.3846173286438,
    37.854838371276855,
    44.36842203140259,
    36.24790906906128,
    39.698922634124756,
    40.20594358444214,
    40.43083190917969,
    40.64754247665405,
    42.69607067108154,
    42.25038290023804,
    43.38709115982056,
    44.842731952667236,
    45.999884605407715,
    44.998109340667725,
    46.42921686172485,
    56.33656978607178,
    47.01392650604248,
    56.009459495544434,
    56.786346435546875,
    56.94172382354736,
    50.30547380447388,
    57.354700565338135,
    49.61445331573486,
    56.945812702178955,
    50.47311782836914,
    56.93354606628418,
    59.05567407608032,
    56.74954652786255,
    47.21428155899048,
    56.54101371765137,
    43.59153509140015,
    55.99719285964966,
    57.7717661857605,
    55.310261249542236,
    56.75772428512573,
    55.829548835754395,
    39.535367488861084,
    39.036524295806885,
    37.88754940032959,
    50.15418529510498,
    38.34550380706787,
    36.52595281600952,
    40.41856527328491,
    36.97572946548462,
    36.05164289474487,
    36.95119619369507,
    49.65534210205078,
    35.76951026916504,
    38.329148292541504,
    39.54354524612427,
    35.01306772232056,
    50.46494007110596,
    36.031198501586914,
    36.97572946548462,
    37.15972900390625,
    36.30106449127197,
    37.421417236328125,
    40.47989845275879,
    39.535367488861084
  ],
  "timestamps": [
    0.010077476501464844,
    0.04029726982116699,
    0.07135510444641113,
    0.10160088539123535,
    0.13173699378967285,
    0.16265296936035156,
    0.19303345680236816,
    0.22351384162902832,
    0.2543981075286865,
    0.2848682403564453,
    0.3158304691314697,
    0.34682750701904297,
    0.37769269943237305,
    0.4085707664489746,
    0.43921446800231934,
    0.46972012519836426,
    0.5005731582641602,
    0.531113862991333,
    0.5616183280944824,
    0.5924417972564697,
    0.622941255569458,
    0.6537344455718994,
    0.6845805644989014,
    0.7150614261627197,
    0.7455441951751709,
    0.7759354114532471,
    0.806302547454834,
    0.836503267288208,
    0.8667967319488525,
    0.896930456161499,
    0.9269928932189941,
    0.9571733474731445,
    0.9872844219207764,
    1.0175161361694336,
    1.0479075908660889,
    1.0778803825378418,
    1.1078848838806152,
    1.1380512714385986,
    1.1678590774536133,
    1.1976349353790283,
    1.2275471687316895,
    1.257399559020996,
    1.2871100902557373,
    1.3170642852783203,
    1.3468303680419922,
    1.376861810684204,
    1.406841516494751,
    1.4370756149291992,
    1.4671545028686523,
    1.4972825050354004,
    1.5275568962097168,
    1.5579249858856201,
    1.5888617038726807,
    1.6193127632141113,
    1.6501543521881104,
    1.6810450553894043,
    1.7118823528289795,
    1.7423338890075684,
    1.7733237743377686,
    1.8038153648376465,
    1.8346669673919678,
    1.865523099899292,
    1.8963756561279297,
    1.9272243976593018,
    1.958113193511963,
    1.988677978515625,
    2.0195255279541016,
    2.0503716468811035,
    2.081291437149048,
    2.1122939586639404,
    2.1431949138641357,
    2.1733062267303467,
    2.203411340713501,
    2.2338833808898926,
    2.2645962238311768,
    2.2954273223876953,
    2.326162099838257,
    2.3560898303985596,
    2.3861825466156006,
    2.4164280891418457,
    2.446734666824341,
    2.47755765914917,
    2.507272958755493,
    2.537122964859009,
    2.5674147605895996,
    2.5970795154571533,
    2.6267447471618652,
    2.656806468963623,
    2.6876349449157715,
    2.7174320220947266,
    2.7473556995391846,
    2.77708101272583,
    2.8068363666534424,
    2.8369784355163574,
    2.866636037826538,
    2.896501302719116,
    2.9263904094696045,
    2.956293821334839,
    2.9862067699432373,
    3.0162436962127686,
    3.0462536811828613,
    3.0763630867004395,
    3.10670804977417,
    3.1369738578796387,
    3.1671557426452637,
    3.197411060333252,
    3.2282497882843018,
    3.258537530899048,
    3.289353609085083,
    3.3202192783355713,
    3.351088762283325,
    3.3815722465515137,
    3.412466526031494,
    3.442905902862549,
    3.473780393600464,
    3.504290819168091,
    3.535159111022949,
    3.5661497116088867,
    3.597008228302002,
    3.6273193359375,
    3.658163547515869,
    3.6882517337799072,
    3.719081401824951,
    3.7499983310699463,
    3.7807669639587402,
    3.8116250038146973,
    3.842417001724243,
    3.8722798824310303,
    3.9021260738372803,
    3.931882381439209,
    3.962355852127075,
    3.9921398162841797,
    4.021836280822754,
    4.051741600036621,
    4.081495761871338,
    4.111298561096191,
    4.141033172607422,
    4.171489000320435,
    4.201125621795654,
    4.230937719345093,
    4.26079249382019,
    4.2903852462768555,
    4.320882320404053,
    4.350533723831177,
    4.38025164604187,
    4.409975290298462,
    4.439642667770386,
    4.469377279281616,
    4.499292373657227,
    4.52915096282959
  ]
}